0.000000,0.000000,0.000000,0.000000
0.000000,0.028513,2.028755,0.000000
0.020881,0.056249,2.030774,2.028755
0.031487,0.016924,2.055179,2.030774
0.021938,0.038547,2.071787,2.055179
0.000000,0.025026,2.073862,2.071787
0.000000,0.038059,2.059099,2.073862
0.000000,0.003279,2.059075,2.059099
0.000000,0.015256,2.059302,2.059075
0.000000,0.037028,2.059867,2.059302
0.000000,0.018995,2.060473,2.059867
0.000000,0.031221,2.060887,2.060473
0.000000,0.031558,2.060451,2.060887
0.028824,0.025413,2.052358,2.060451
0.039905,0.029049,2.050760,2.052358
0.030227,0.011943,2.052652,2.050760
0.037242,0.015960,2.053683,2.052652
0.044024,0.028900,2.054302,2.053683
0.042114,0.029304,2.054130,2.054302
0.052569,0.052284,2.053085,2.054130
0.083433,0.056369,2.051946,2.053085
0.076289,0.039366,2.051880,2.051946
0.074360,0.033262,2.053051,2.051880
0.098556,0.033201,2.055023,2.053051
0.079886,0.059313,2.056621,2.055023
0.078974,0.028116,2.058907,2.056621
0.079893,0.032265,2.060892,2.058907
0.059932,0.025636,2.060691,2.060892
0.063754,0.021101,2.058768,2.060691
0.066380,0.051197,2.054947,2.058768
0.054422,0.009233,2.051162,2.054947
0.054805,0.038169,2.047382,2.051162
0.058953,0.040927,2.043596,2.047382
0.104282,0.032249,2.038392,2.043596
0.144911,0.040788,2.026889,2.038392
0.211142,0.071040,1.999544,2.026889
0.117095,0.118003,1.955521,1.999544
0.054799,0.247924,1.878292,1.955521
0.175494,0.294053,1.749398,1.878292
0.284033,0.368741,1.636886,1.749398
0.364237,0.522437,1.540026,1.636886
0.517676,0.534994,1.449416,1.540026
0.487076,0.595210,1.380295,1.449416
0.549452,0.789338,1.292148,1.380295
0.673914,0.701235,1.152385,1.292148
0.583801,0.820386,1.007565,1.152385
0.417970,0.976825,0.845704,1.007565
0.796438,0.796759,0.668366,0.845704
0.898400,0.832531,0.538110,0.668366
0.948974,0.958267,0.424598,0.538110
1.122619,0.780784,0.317318,0.424598
0.855133,0.793484,0.246026,0.317318
0.795895,0.974565,0.188021,0.246026
0.905590,0.930217,0.139848,0.188021
0.859121,0.964556,0.108979,0.139848
0.840538,0.802851,0.093783,0.108979
0.670138,0.814687,0.088719,0.093783
0.674660,0.935614,0.086594,0.088719
0.844127,0.806314,0.085038,0.086594
0.689330,0.820605,0.084838,0.085038
0.875235,0.968461,0.084216,0.084838
0.824855,0.775030,0.081378,0.084216
0.941410,0.882829,0.080812,0.081378
0.836926,0.975761,0.085197,0.080812
0.932725,0.783197,0.096178,0.085197
0.830521,0.824687,0.104264,0.096178
0.787590,0.964429,0.104719,0.104264
0.986752,0.820186,0.090045,0.104719
0.780940,0.866689,0.070688,0.090045
0.775272,0.968397,0.059632,0.070688
0.966422,0.829191,0.062845,0.059632
0.788722,1.005152,0.064571,0.062845
0.997683,0.971236,0.060362,0.064571
0.986456,0.843019,0.056717,0.060362
0.804856,1.004460,0.056757,0.056717
0.996316,0.800358,0.058294,0.056757
0.797641,0.843232,0.059334,0.058294
0.792929,0.992596,0.059503,0.059334
0.985131,0.810882,0.059337,0.059503
0.785990,0.837862,0.059125,0.059337
0.928633,0.982171,0.058971,0.059125
0.973465,0.788861,0.059106,0.058971
0.778973,0.815274,0.059678,0.059106
0.828582,0.987852,0.060396,0.059678
0.981827,0.827500,0.061789,0.060396
0.784473,0.845868,0.063477,0.061789
0.783627,0.953812,0.065841,0.063477
0.987541,0.814830,0.069960,0.065841
0.797568,0.850165,0.074547,0.069960
0.801307,0.964249,0.078896,0.074547
0.998572,1.008969,0.078848,0.078896
0.982225,0.983223,0.069915,0.078848
0.980668,0.827074,0.062031,0.069915
0.785896,0.968799,0.061577,0.062031
0.983811,0.973764,0.063062,0.061577
0.985132,0.867385,0.062816,0.063062
0.792584,1.023698,0.062086,0.062816
0.981861,0.854970,0.061662,0.062086
0.787624,0.847163,0.061704,0.061662
0.800473,0.990557,0.061350,0.061704
1.011151,0.818513,0.059525,0.061350
0.803530,0.839376,0.057580,0.059525
0.949928,0.965075,0.055831,0.057580
1.006562,0.812755,0.054550,0.055831
0.801254,0.868605,0.054232,0.054550
0.842797,0.975343,0.054766,0.054232
0.991479,0.799189,0.056439,0.054766
0.786679,0.831862,0.058432,0.056439
0.783494,0.975059,0.060528,0.058432
0.977325,0.828912,0.062007,0.060528
0.781487,0.849598,0.062422,0.062007
0.796183,0.934705,0.062526,0.062422
0.996214,0.813325,0.062374,0.062526
0.801199,0.842834,0.062220,0.062374
0.797594,0.987505,0.061845,0.062220
1.005200,0.846805,0.061097,0.061845
0.793640,0.796912,0.060457,0.061097
0.940908,1.012404,0.060093,0.060457
1.010996,0.968603,0.060020,0.060093
1.013569,0.986643,0.059949,0.060020
0.860841,0.805600,0.060251,0.059949
0.959055,0.831408,0.060517,0.060251
0.855466,0.942187,0.060511,0.060517
0.964367,0.860191,0.061268,0.060511
0.866243,0.834476,0.062309,0.061268
0.820409,0.984911,0.063211,0.062309
1.030502,0.813514,0.063908,0.063211
0.820967,0.861416,0.064296,0.063908
0.813572,0.983296,0.064317,0.064296
1.011948,0.845440,0.063757,0.064317
0.807480,0.978501,0.062757,0.063757
1.004410,0.986207,0.061307,0.062757
0.990811,0.819601,0.060510,0.061307
0.792045,0.979269,0.060598,0.060510
0.992318,0.808572,0.061264,0.060598
0.768432,0.827947,0.061706,0.061264
0.751856,0.988556,0.062260,0.061706
0.967169,0.808835,0.063653,0.062260
0.789204,0.853035,0.064388,0.063653
0.946007,0.982608,0.064035,0.064388
0.997536,0.858093,0.062747,0.064035
0.797805,0.992354,0.061839,0.062747
0.995874,1.011871,0.060744,0.061839
0.998480,0.855616,0.059495,0.060744
0.849412,0.982270,0.058238,0.059495
0.948490,0.818884,0.056463,0.058238
0.848738,0.832904,0.055375,0.056463
0.801523,0.991515,0.054820,0.055375
0.996920,0.812744,0.055005,0.054820
0.798473,0.823441,0.055866,0.055005
0.795247,0.989882,0.057381,0.055866
0.987169,0.833009,0.059542,0.057381
0.788006,0.985828,0.039427,0.059542
1.079847,0.980523,0.029668,0.039427
1.167501,0.805396,0.093837,0.029668
0.880133,0.883947,0.118442,0.093837
0.969225,0.694879,0.127810,0.118442
0.691116,0.671626,0.127178,0.127810
0.622981,0.701746,0.121834,0.127178
0.695298,0.555713,0.112088,0.121834
0.509702,0.512325,0.103281,0.112088
0.555336,0.563648,0.094848,0.103281
0.531078,0.409161,0.086313,0.094848
0.397742,0.399651,0.080341,0.086313
0.392395,0.433180,0.075376,0.080341
0.427227,0.330777,0.070939,0.075376
0.321199,0.292088,0.068448,0.070939
0.302037,0.345778,0.067467,0.068448
0.349685,0.255922,0.068647,0.067467
0.264528,0.265003,0.072339,0.068647
0.248036,0.274509,0.075924,0.072339
0.280336,0.264326,0.077734,0.075924
0.203892,0.183444,0.076420,0.077734
0.179921,0.171459,0.072724,0.076420
0.184297,0.137153,0.065439,0.072724
0.129151,0.122924,0.059636,0.065439
0.139591,0.093043,0.052613,0.059636
0.120182,0.102790,0.046876,0.052613
0.081509,0.074929,0.042969,0.046876
0.080303,0.125633,0.040275,0.042969
0.088894,0.083391,0.037949,0.040275
0.064301,0.030123,0.036750,0.037949
0.045460,0.052504,0.035898,0.036750
0.039912,0.038586,0.034854,0.035898
0.023401,0.025760,0.033880,0.034854
0.019631,0.040480,0.032886,0.033880
0.023653,0.026295,0.032209,0.032886
0.000000,0.060765,0.035818,0.032209
0.000000,0.009085,0.035990,0.035818
0.000000,0.035411,0.035498,0.035990
0.000000,0.047104,0.034998,0.035498
0.026803,0.019892,0.034510,0.034998
0.028026,0.020762,0.033909,0.034510
0.031448,0.052264,0.034445,0.033909
0.038132,0.010824,0.037795,0.034445
0.000000,0.000000,0.000000,0.000000
0.000000,0.037569,2.023437,0.000000
0.021714,0.050121,2.016517,2.023437
0.027825,0.053978,2.010565,2.016517
0.037594,0.063847,2.002169,2.010565
0.023213,0.039137,1.992369,2.002169
0.000000,0.017545,1.978234,1.992369
0.000000,0.006649,1.957157,1.978234
0.000000,0.043738,1.953525,1.957157
0.064562,0.004111,1.945662,1.953525
0.061012,0.032062,1.943594,1.945662
0.070701,0.007473,1.944342,1.943594
0.069682,0.001821,1.948095,1.944342
0.051100,0.026510,1.953889,1.948095
0.061317,0.036886,1.957299,1.953889
0.065954,0.016147,1.958088,1.957299
0.077204,0.035683,1.956459,1.958088
0.073308,0.030257,1.956643,1.956459
0.085388,0.043394,1.957181,1.956643
0.065065,0.011605,1.957272,1.957181
0.052504,0.024416,1.956635,1.957272
0.062235,0.066627,1.954679,1.956635
0.052167,0.038203,1.952712,1.954679
0.060544,0.052579,1.950811,1.952712
0.064401,0.014135,1.949481,1.950811
0.104224,0.003641,1.925383,1.949481
0.110533,0.067535,1.883894,1.925383
0.059803,0.161693,1.835984,1.883894
0.058327,0.264139,1.762944,1.835984
0.210231,0.295331,1.648331,1.762944
0.327827,0.400220,1.553576,1.648331
0.416054,0.534545,1.466739,1.553576
0.536665,0.517400,1.374608,1.466739
0.418234,0.619838,1.296472,1.374608
0.430131,0.799421,1.192515,1.296472
0.672228,0.689105,1.035490,1.192515
0.687823,0.785069,0.884904,1.035490
0.536213,0.981718,0.729256,0.884904
1.067838,0.796025,0.568915,0.729256
0.951350,0.823167,0.454773,0.568915
1.095717,0.937535,0.356075,0.454773
1.085426,0.774117,0.262682,0.356075
0.821995,0.801237,0.200662,0.262682
0.818673,0.937504,0.153491,0.200662
0.902291,0.764856,0.117540,0.153491
0.690951,0.793858,0.098843,0.117540
0.677003,0.934066,0.087908,0.098843
0.836023,0.789735,0.083478,0.087908
0.677987,0.807679,0.083687,0.083478
0.685303,0.959055,0.084358,0.083687
0.881314,0.826658,0.081856,0.084358
0.741422,0.819878,0.076113,0.081856
0.779239,0.957864,0.069313,0.076113
1.016448,0.819626,0.062936,0.069313
0.815612,0.845242,0.060875,0.062936
0.957998,0.992344,0.062382,0.060875
1.013546,0.813364,0.066131,0.062382
0.809408,0.986082,0.066186,0.066131
1.002432,0.988565,0.061532,0.066186
0.991162,0.813790,0.059633,0.061532
0.845655,1.000286,0.060524,0.059633
0.943472,0.816336,0.061056,0.060524
0.856454,0.840559,0.060592,0.061056
0.802673,0.966713,0.060018,0.060592
1.000613,0.818679,0.059497,0.060018
0.805076,0.835499,0.060288,0.059497
0.800483,1.003769,0.061397,0.060288
0.990139,0.811078,0.062372,0.061397
0.780687,0.814574,0.063042,0.062372
0.791075,1.005836,0.063675,0.063042
0.989389,0.820103,0.064133,0.063675
0.790432,0.842903,0.064437,0.064133
0.931541,1.005926,0.064693,0.064437
0.826921,0.814105,0.064742,0.064693
0.933248,0.851855,0.064620,0.064742
0.840972,0.948051,0.064176,0.064620
0.941029,0.854810,0.063360,0.064176
0.843202,0.839084,0.062614,0.063360
0.798432,1.029723,0.062092,0.062614
0.993709,0.803408,0.062081,0.062092
0.804340,0.818223,0.062593,0.062081
0.796204,0.998180,0.061164,0.062593
0.973734,0.777544,0.057467,0.061164
0.788559,0.994894,0.057004,0.057467
0.968579,1.010798,0.059158,0.057004
0.967453,0.824160,0.060630,0.059158
0.784042,1.009268,0.061077,0.060630
0.992681,0.798770,0.061539,0.061077
0.800234,0.831178,0.061790,0.061539
0.795279,0.995510,0.061882,0.061790
0.989912,0.811401,0.061961,0.061882
0.790567,0.813681,0.061786,0.061961
0.937502,0.980835,0.061776,0.061786
0.990692,0.791920,0.061684,0.061776
0.792720,0.868092,0.061854,0.061684
0.846099,0.987119,0.062028,0.061854
0.987873,0.820684,0.062167,0.062028
0.794132,0.809256,0.062219,0.062167
0.801308,1.007109,0.062463,0.062219
0.994326,0.814680,0.062822,0.062463
0.796159,0.856343,0.063105,0.062822
0.793321,0.942247,0.063166,0.063105
0.986747,0.973183,0.062768,0.063166
0.997664,0.995170,0.062438,0.062768
0.995175,0.837561,0.062355,0.062438
0.797903,0.840736,0.062114,0.062355
0.798546,1.003108,0.062094,0.062114
0.988934,0.838927,0.062364,0.062094
0.800750,0.814607,0.062877,0.062364
0.973445,0.984150,0.062374,0.062877
0.880243,0.841850,0.061401,0.062374
0.979805,0.814040,0.060236,0.061401
0.861413,0.991896,0.059138,0.060236
0.953142,0.819373,0.058277,0.059138
0.856859,0.839450,0.057782,0.058277
0.815811,0.975820,0.057427,0.057782
1.032306,0.810184,0.057492,0.057427
0.827903,0.852426,0.057948,0.057492
0.821326,0.996829,0.058925,0.057948
1.014636,0.796374,0.060628,0.058925
0.803931,0.818201,0.061881,0.060628
0.798178,0.969480,0.062787,0.061881
0.991142,0.830725,0.063910,0.062787
0.789161,0.814542,0.064990,0.063910
0.930760,0.970297,0.066131,0.064990
0.834023,0.838464,0.067238,0.066131
0.938026,0.840318,0.067545,0.067238
0.795796,0.957616,0.066954,0.067545
0.897111,0.808409,0.066305,0.066954
0.828362,0.866262,0.066299,0.066305
0.791689,0.997473,0.065718,0.066299
1.001454,0.818611,0.063694,0.065718
0.803495,0.848298,0.061895,0.063694
0.804026,0.965853,0.060918,0.061895
1.003931,1.038051,0.060506,0.060918
1.005287,0.967424,0.060345,0.060506
0.998694,0.825342,0.059952,0.060345
0.800682,0.828978,0.059473,0.059952
0.798722,0.987997,0.058991,0.059473
0.999539,0.831921,0.058621,0.058991
0.801780,0.826137,0.058475,0.058621
0.802921,0.984534,0.058798,0.058475
0.997265,0.820164,0.059526,0.058798
0.794677,0.852218,0.058046,0.059526
0.946006,0.986304,0.024283,0.058046
1.096836,0.822718,0.050577,0.024283
0.921923,0.790125,0.098535,0.050577
0.924446,0.847809,0.120273,0.098535
0.943090,0.701231,0.127008,0.120273
0.672690,0.668551,0.124018,0.127008
0.607291,0.717956,0.116741,0.124018
0.674538,0.529917,0.106613,0.116741
0.498152,0.525735,0.098468,0.106613
0.464701,0.540025,0.090841,0.098468
0.532686,0.441488,0.082991,0.090841
0.399043,0.411561,0.077262,0.082991
0.370037,0.418417,0.072552,0.077262
0.429366,0.357085,0.068824,0.072552
0.328287,0.339778,0.067176,0.068824
0.366320,0.333408,0.066706,0.067176
0.352874,0.268859,0.067418,0.066706
0.265947,0.238674,0.070141,0.067418
0.260188,0.253209,0.072652,0.070141
0.270822,0.200226,0.072932,0.072652
0.197656,0.186500,0.071903,0.072932
0.178808,0.182914,0.068326,0.071903
0.186217,0.098732,0.060681,0.068326
0.124875,0.130904,0.053799,0.060681
0.107101,0.157816,0.046062,0.053799
0.117063,0.079714,0.039036,0.046062
0.082828,0.105934,0.034903,0.039036
0.071166,0.078130,0.031605,0.034903
0.074640,0.075010,0.029009,0.031605
0.053164,0.042803,0.027621,0.029009
0.051908,0.056508,0.026336,0.027621
0.044288,0.029506,0.024920,0.026336
0.028242,0.042611,0.023710,0.024920
0.024880,0.014367,0.022506,0.023710
0.026218,0.031823,0.021647,0.022506
0.019180,0.044635,0.021371,0.021647
0.020773,0.011523,0.021333,0.021371
0.000000,0.017663,0.025241,0.021333
0.000000,0.026368,0.023791,0.025241
0.000000,0.018840,0.022991,0.023791
0.000000,0.023704,0.022049,0.022991
0.021395,0.022907,0.021870,0.022049
0.000000,0.054718,0.021987,0.021870
0.019663,0.008733,0.022729,0.021987
0.021922,0.024623,0.023908,0.022729
0.000000,0.000000,0.000000,0.000000
0.000000,0.024897,2.018434,0.000000
0.027878,0.037924,2.007110,2.018434
0.031887,0.052034,2.009494,2.007110
0.019465,0.050681,2.026168,2.009494
0.000000,0.045871,2.043528,2.026168
0.000000,0.023752,2.052246,2.043528
0.020098,0.030478,2.049140,2.052246
0.021410,0.023765,2.044565,2.049140
0.000000,0.024688,2.041871,2.044565
0.000000,0.030333,2.040321,2.041871
0.000000,0.037283,2.038741,2.040321
0.000000,0.024843,2.037224,2.038741
0.000000,0.047072,2.035474,2.037224
0.000000,0.015153,2.032952,2.035474
0.000000,0.022555,2.031202,2.032952
0.000000,0.017581,2.029342,2.031202
0.000000,0.014958,2.027112,2.029342
0.035205,0.067370,2.016670,2.027112
0.072836,0.036242,2.022038,2.016670
0.035808,0.013801,2.024398,2.022038
0.038326,0.053544,2.026605,2.024398
0.056957,0.031586,2.027995,2.026605
0.046736,0.011763,2.027896,2.027995
0.051631,0.039449,2.027275,2.027896
0.063860,0.015782,2.026150,2.027275
0.057918,0.043703,2.025459,2.026150
0.082260,0.055917,2.026088,2.025459
0.082071,0.035891,2.027811,2.026088
0.060380,0.019962,2.029043,2.027811
0.060991,0.043281,2.030499,2.029043
0.059910,0.055536,2.031793,2.030499
0.050172,0.025828,2.031677,2.031793
0.055314,0.037710,2.030470,2.031677
0.048116,0.019038,2.027852,2.030470
0.000000,0.027940,2.025788,2.027852
0.021890,0.029639,2.024619,2.025788
0.170875,0.042106,1.999942,2.024619
0.208277,0.048790,1.961371,1.999942
0.139776,0.153692,1.912519,1.961371
0.034242,0.251195,1.818968,1.912519
0.245085,0.337620,1.697161,1.818968
0.340974,0.458708,1.593599,1.697161
0.477903,0.481734,1.490805,1.593599
0.463058,0.538434,1.416913,1.490805
0.422284,0.716815,1.340017,1.416913
0.539750,0.671629,1.218629,1.340017
0.551467,0.765709,1.087834,1.218629
0.905525,0.924167,0.932619,1.087834
0.573130,0.820584,0.748873,0.932619
0.578093,0.842487,0.611640,0.748873
0.932951,0.918895,0.486529,0.611640
1.119997,0.795195,0.363968,0.486529
0.847109,0.809835,0.282586,0.363968
0.809407,0.943604,0.218118,0.282586
0.940566,0.780848,0.165306,0.218118
0.714638,0.783100,0.134998,0.165306
0.684094,0.914750,0.112003,0.134998
0.834717,0.787497,0.093827,0.112003
0.668682,0.801941,0.085861,0.093827
0.673697,0.969862,0.083611,0.085861
0.839764,0.825991,0.084351,0.083611
0.684337,0.796577,0.083637,0.084351
0.866272,0.943346,0.079293,0.083637
0.985772,0.832835,0.071292,0.079293
0.804365,0.800454,0.066101,0.071292
0.860225,0.982354,0.064234,0.066101
1.000343,0.860456,0.065895,0.064234
0.803840,0.815817,0.068509,0.065895
0.809537,0.991818,0.067488,0.068509
1.012710,0.789720,0.061217,0.067488
0.801379,0.865382,0.058521,0.061217
0.795593,0.987533,0.058715,0.058521
0.990005,0.994479,0.058464,0.058715
0.991635,0.995781,0.057464,0.058464
0.992997,0.808246,0.057588,0.057464
0.795860,0.842165,0.058694,0.057588
0.790160,0.977771,0.060169,0.058694
0.984754,0.855261,0.061332,0.060169
0.787571,0.835534,0.061243,0.061332
0.937935,0.956319,0.060785,0.061243
0.837906,0.820809,0.060579,0.060785
0.937238,0.841382,0.060516,0.060579
0.833653,0.972177,0.060799,0.060516
0.914839,0.800698,0.061195,0.060799
0.814921,0.872871,0.061104,0.061195
0.774612,0.990404,0.061017,0.061104
0.984767,0.807352,0.060797,0.061017
0.786626,0.824842,0.061144,0.060797
0.786671,0.972941,0.061788,0.061144
0.987655,0.814484,0.063036,0.061788
0.795118,1.004035,0.065419,0.063036
1.000143,0.999078,0.068486,0.065419
0.993633,0.833017,0.067396,0.068486
0.801675,0.959950,0.063204,0.067396
0.985704,0.811824,0.061256,0.063204
0.781318,0.858505,0.062459,0.061256
0.781160,0.973958,0.063931,0.062459
0.984639,0.794125,0.064398,0.063931
0.793790,0.839019,0.064153,0.064398
0.959275,1.012166,0.063976,0.064153
1.010678,0.833690,0.063398,0.063976
0.808457,0.824256,0.062447,0.063398
0.854383,0.994532,0.060983,0.062447
1.008368,0.990888,0.059489,0.060983
0.998254,0.944944,0.058170,0.059489
0.953395,0.815722,0.057994,0.058170
0.853228,0.834123,0.058533,0.057994
0.793757,1.003073,0.059602,0.058533
0.999296,0.845922,0.060315,0.059602
0.442006,0.829771,0.060936,0.060315
0.290973,0.978922,0.061450,0.060936
0.778398,0.997895,0.061857,0.061450
0.914135,0.954212,0.061745,0.061857
0.963108,0.994987,0.062227,0.061745
0.990567,0.965984,0.062955,0.062227
0.994377,0.847500,0.063531,0.062955
0.799154,0.816581,0.063570,0.063531
0.801716,1.008578,0.062824,0.063570
0.998194,0.792401,0.061967,0.062824
0.811945,1.011621,0.061264,0.061967
1.015381,0.989692,0.060596,0.061264
1.006843,0.838662,0.060389,0.060596
0.789997,0.974821,0.060559,0.060389
0.975067,0.835508,0.061830,0.060559
0.788048,0.847025,0.062826,0.061830
0.801304,0.954622,0.063139,0.062826
1.024074,0.816872,0.063392,0.063139
0.826981,0.858238,0.063217,0.063392
0.981671,0.981868,0.062490,0.063217
1.027614,0.815699,0.061245,0.062490
0.817220,1.000041,0.060797,0.061245
1.010492,0.977160,0.060853,0.060797
1.002241,0.826827,0.061558,0.060853
0.846990,0.993979,0.062203,0.061558
0.940050,1.038632,0.062783,0.062203
0.990533,1.015006,0.062301,0.062783
0.976444,1.012821,0.060744,0.062301
0.949043,0.971826,0.060610,0.060744
0.970150,0.815445,0.060978,0.060610
0.791454,0.830543,0.060553,0.060978
0.847408,0.978233,0.059936,0.060553
0.996273,0.810543,0.058979,0.059936
0.795528,0.806691,0.058469,0.058979
0.795018,0.953370,0.058480,0.058469
0.989010,0.814641,0.059319,0.058480
0.787191,0.870491,0.060462,0.059319
0.786310,0.959885,0.061649,0.060462
0.983509,0.826042,0.062799,0.061649
0.786848,0.836942,0.063667,0.062799
0.786860,0.992712,0.064242,0.063667
0.990097,0.830756,0.064520,0.064242
0.794286,0.860519,0.063995,0.064520
0.945394,0.986105,0.063387,0.063995
0.997788,0.784564,0.047856,0.063387
0.835305,0.816872,0.003422,0.047856
0.982304,0.972751,0.070253,0.003422
1.138900,0.772310,0.114615,0.070253
0.827339,0.716508,0.128001,0.114615
0.740473,0.837127,0.130140,0.128001
0.800004,0.620646,0.124295,0.130140
0.581864,0.589002,0.116206,0.124295
0.532962,0.664286,0.107215,0.116206
0.606679,0.466604,0.097549,0.107215
0.449289,0.459923,0.090841,0.097549
0.420971,0.525269,0.084935,0.090841
0.483791,0.395057,0.079561,0.084935
0.363109,0.361455,0.076450,0.079561
0.399090,0.392627,0.074304,0.076450
0.386360,0.285693,0.072576,0.074304
0.289332,0.252766,0.071560,0.072576
0.284812,0.269070,0.070772,0.071560
0.301243,0.216532,0.071635,0.070772
0.220478,0.179221,0.070992,0.071635
0.195608,0.225779,0.070110,0.070992
0.206864,0.174688,0.066367,0.070110
0.144551,0.166733,0.061880,0.066367
0.128324,0.156143,0.055527,0.061880
0.148051,0.102929,0.047735,0.055527
0.101392,0.104038,0.042879,0.047735
0.088034,0.117496,0.038208,0.042879
0.095313,0.072368,0.034131,0.038208
0.071245,0.071655,0.031489,0.034131
0.074320,0.071771,0.029302,0.031489
0.069416,0.065069,0.027149,0.029302
0.047349,0.042736,0.025760,0.027149
0.046706,0.032896,0.024653,0.025760
0.044169,0.008540,0.023831,0.024653
0.025390,0.003048,0.023350,0.023831
0.020497,0.020769,0.023055,0.023350
0.000000,0.019448,0.023871,0.023055
0.000000,0.036026,0.023975,0.023871
0.000000,0.022137,0.024995,0.023975
0.000000,0.024960,0.025619,0.024995
0.016600,0.031948,0.024609,0.025619
0.021155,0.019244,0.024170,0.024609
0.000000,0.000000,0.000000,0.000000
0.000000,0.026148,2.023713,0.000000
0.020420,0.036743,2.015915,2.023713
0.022410,0.016811,2.007973,2.015915
0.027740,0.049905,2.004621,2.007973
0.029140,0.061475,2.002437,2.004621
0.000000,0.039527,2.006479,2.002437
0.000000,0.034398,2.014070,2.006479
0.000000,0.005795,2.019583,2.014070
0.000000,0.014759,2.013272,2.019583
0.000000,0.023297,2.011782,2.013272
0.000000,0.023089,2.010406,2.011782
0.000000,0.027077,2.009146,2.010406
0.000000,0.037412,2.007868,2.009146
0.000000,0.036343,2.006196,2.007868
0.057383,0.025226,2.008719,2.006196
0.078816,0.036167,2.007951,2.008719
0.064880,0.010656,2.006836,2.007951
0.061415,0.036587,2.005938,2.006836
0.071941,0.018457,2.005442,2.005938
0.052334,0.025355,2.005992,2.005442
0.055330,0.036656,2.006567,2.005992
0.065438,0.035546,2.007071,2.006567
0.061827,0.057502,2.007451,2.007071
0.078684,0.045222,2.007601,2.007451
0.057996,0.023104,2.006386,2.007601
0.043881,0.046342,2.004832,2.006386
0.059028,0.026607,2.003676,2.004832
0.051165,0.045938,2.001917,2.003676
0.056455,0.012437,1.999272,2.001917
0.184268,0.065084,1.960412,1.999272
0.178848,0.081545,1.913574,1.960412
0.086341,0.152399,1.852340,1.913574
0.073940,0.280095,1.762469,1.852340
0.342582,0.277692,1.638306,1.762469
0.394219,0.447610,1.545716,1.638306
0.437253,0.571282,1.468571,1.545716
0.606409,0.571992,1.389177,1.468571
0.463668,0.678658,1.310319,1.389177
0.467339,0.833100,1.198685,1.310319
0.641825,0.726880,1.033749,1.198685
0.316926,0.782644,0.877795,1.033749
0.519765,0.960464,0.720120,0.877795
0.988375,0.803404,0.556863,0.720120
0.900756,0.816267,0.441498,0.556863
0.952265,0.946101,0.344351,0.441498
1.054658,0.768022,0.255943,0.344351
0.811040,0.807803,0.199304,0.255943
0.751928,0.922072,0.156403,0.199304
0.880970,0.785915,0.122162,0.156403
0.673080,0.808008,0.102704,0.122162
0.660709,0.938092,0.090654,0.102704
0.827045,0.789702,0.084763,0.090654
0.672177,0.850003,0.084209,0.084763
0.687698,0.975648,0.083761,0.084209
0.929537,0.828828,0.080764,0.083761
0.768004,0.805062,0.076586,0.080764
0.948049,0.945633,0.072118,0.076586
1.008945,0.798523,0.071689,0.072118
0.795927,0.825316,0.077721,0.071689
0.832080,0.985210,0.087459,0.077721
0.971214,0.984025,0.095567,0.087459
0.980442,0.952395,0.090898,0.095567
0.953221,0.833450,0.073522,0.090898
0.842385,0.990490,0.061882,0.073522
0.991261,1.001407,0.061740,0.061882
0.957841,0.823136,0.064281,0.061740
0.855787,0.987894,0.063155,0.064281
1.002206,0.819455,0.060824,0.063155
0.807755,0.839440,0.060737,0.060824
0.583981,1.003811,0.061621,0.060737
0.882853,0.821428,0.062070,0.061621
0.768156,0.838996,0.061347,0.062070
0.785841,0.983769,0.059751,0.061347
0.988599,0.840744,0.058204,0.059751
0.794501,0.832784,0.057211,0.058204
0.788812,1.004655,0.056766,0.057211
0.979696,0.807654,0.056939,0.056766
0.779241,0.820684,0.057699,0.056939
0.928872,0.959165,0.059191,0.057699
0.969580,0.852279,0.061506,0.059191
0.777269,0.819874,0.063436,0.061506
0.833742,1.003619,0.065544,0.063436
0.988800,1.005006,0.068697,0.065544
0.984674,0.965785,0.072881,0.068697
0.950963,0.808063,0.073583,0.072881
0.843305,0.848741,0.067881,0.073583
0.771090,0.977458,0.060109,0.067881
0.974660,0.799353,0.057980,0.060109
0.783197,0.828443,0.060009,0.057980
0.783363,0.961779,0.061372,0.060009
0.976868,0.828250,0.061626,0.061372
0.785492,0.872992,0.061906,0.061626
0.793474,0.940052,0.062411,0.061906
0.997391,0.829945,0.063007,0.062411
0.795799,0.816870,0.063336,0.063007
0.941268,0.973484,0.063273,0.063336
0.841027,0.823686,0.062761,0.063273
0.945600,0.845416,0.062034,0.062761
0.843944,0.984164,0.061342,0.062034
0.945110,0.804185,0.060878,0.061342
0.850985,1.013174,0.060829,0.060878
1.009190,0.981471,0.061328,0.060829
0.953890,0.850038,0.061751,0.061328
0.853237,0.987275,0.062075,0.061751
1.007879,1.019184,0.061941,0.062075
1.001182,0.996050,0.061150,0.061941
0.955477,0.830622,0.060290,0.061150
0.859356,0.975666,0.059446,0.060290
1.007610,0.968689,0.058404,0.059446
0.955104,0.814138,0.057715,0.058404
0.843668,0.967066,0.058370,0.057715
0.979925,1.013154,0.060109,0.058370
1.002224,0.994740,0.061797,0.060109
0.959507,0.800917,0.062955,0.061797
0.854298,0.835108,0.063323,0.062955
0.798799,0.993917,0.063312,0.063323
1.005409,0.836888,0.062929,0.063312
0.810010,0.869373,0.062482,0.062929
0.823219,0.930564,0.061630,0.062482
1.046185,0.845430,0.060413,0.061630
0.835236,0.854165,0.059288,0.060413
0.826395,0.959406,0.058381,0.059288
1.020495,0.810363,0.058049,0.058381
0.809274,0.830014,0.058432,0.058049
0.951449,0.967861,0.059511,0.058432
0.845008,0.825727,0.061071,0.059511
0.939391,0.842028,0.062574,0.061071
0.836609,0.951690,0.063763,0.062574
0.936668,0.839254,0.064421,0.063763
0.824689,0.876785,0.064043,0.064421
0.749642,0.954076,0.063460,0.064043
0.970125,0.825064,0.063160,0.063460
0.788123,0.847217,0.063818,0.063160
0.794650,0.976251,0.064166,0.063818
0.997187,0.815244,0.062330,0.064166
0.797106,0.828659,0.060973,0.062330
0.795146,0.989330,0.060850,0.060973
0.993094,0.812087,0.061049,0.060850
0.796600,0.821732,0.060857,0.061049
0.947862,0.983485,0.060443,0.060857
0.851647,0.882026,0.060267,0.060443
0.952058,0.860801,0.060409,0.060267
0.850039,0.968484,0.060503,0.060409
0.949256,0.807677,0.060587,0.060503
0.847769,0.856886,0.060458,0.060587
0.797508,0.985287,0.059943,0.060458
0.996066,0.801780,0.054913,0.059943
0.821608,0.861784,0.017223,0.054913
0.901449,0.977238,0.048086,0.017223
1.170516,0.757468,0.109020,0.048086
0.868162,0.773997,0.128855,0.109020
0.777099,0.816010,0.133408,0.128855
0.838514,0.623626,0.128518,0.133408
0.607221,0.586606,0.120369,0.128518
0.646101,0.642912,0.110638,0.120369
0.522043,0.498764,0.099485,0.110638
0.533729,0.475534,0.091272,0.099485
0.439997,0.528337,0.084239,0.091272
0.460907,0.385310,0.078100,0.084239
0.386563,0.436092,0.074582,0.078100
0.426285,0.414774,0.071423,0.074582
0.379990,0.299212,0.069144,0.071423
0.317640,0.312679,0.068160,0.069144
0.339518,0.236237,0.068323,0.068160
0.252861,0.248683,0.070628,0.068323
0.233456,0.235014,0.071257,0.070628
0.253432,0.196666,0.069769,0.071257
0.180980,0.178205,0.068006,0.069769
0.159842,0.197718,0.063181,0.068006
0.167855,0.130822,0.055045,0.063181
0.121398,0.110882,0.047617,0.055045
0.106225,0.107004,0.041470,0.047617
0.110343,0.120216,0.034694,0.041470
0.078173,0.071376,0.030983,0.034694
0.084626,0.087173,0.027831,0.030983
0.070516,0.031835,0.024905,0.027831
0.057330,0.008192,0.022923,0.024905
0.051180,0.068368,0.021383,0.022923
0.054646,0.046375,0.020219,0.021383
0.037259,0.031488,0.019591,0.020219
0.031627,0.021782,0.019218,0.019591
0.038172,0.034028,0.019145,0.019218
0.000000,0.033390,0.019577,0.019145
0.000000,0.014650,0.019605,0.019577
0.000000,0.017711,0.019514,0.019605
0.000000,0.028135,0.019458,0.019514
0.000000,0.034720,0.019618,0.019458
0.000000,0.024623,0.019311,0.019618
0.023462,0.033127,0.017983,0.019311
0.027463,0.056742,0.017174,0.017983
0.034751,0.034146,0.019127,0.017174
0.034852,0.036774,0.025323,0.019127
0.020456,0.020632,0.029982,0.025323
0.000000,0.000000,0.000000,0.000000
0.000000,0.035662,2.027992,0.000000
0.000000,0.058669,2.017713,2.027992
0.026674,0.046299,1.994160,2.017713
0.035462,0.046505,1.986708,1.994160
0.026325,0.061715,1.987180,1.986708
0.000000,0.023084,1.995034,1.987180
0.000000,0.039053,2.003657,1.995034
0.000000,0.045984,2.002163,2.003657
0.000000,0.037458,2.002042,2.002163
0.000000,0.036135,2.003253,2.002042
0.000000,0.039539,2.004749,2.003253
0.000000,0.011228,2.006914,2.004749
0.000000,0.031359,2.008590,2.006914
0.000000,0.048213,2.009417,2.008590
0.018405,0.008595,2.004880,2.009417
0.040569,0.040692,1.994041,2.004880
0.036287,0.024029,1.989339,1.994041
0.038863,0.017603,1.987352,1.989339
0.051103,0.038186,1.989144,1.987352
0.041023,0.025779,1.992241,1.989144
0.047020,0.045596,1.995823,1.992241
0.043943,0.060334,1.999651,1.995823
0.051948,0.020617,2.000896,1.999651
0.062868,0.054525,2.000667,2.000896
0.088611,0.026194,1.999402,2.000667
0.081933,0.018593,1.997506,1.999402
0.084019,0.057286,1.996147,1.997506
0.101456,0.038755,1.996886,1.996147
0.090569,0.033035,1.999836,1.996886
0.084475,0.049427,2.003257,1.999836
0.093124,0.009145,2.006951,2.003257
0.068719,0.055908,2.007682,2.006951
0.079547,0.064776,2.005712,2.007682
0.076305,0.066227,2.002383,2.005712
0.061420,0.035875,2.000206,2.002383
0.067582,0.049381,1.998470,2.000206
0.062942,0.045046,1.998017,1.998470
0.060344,0.016695,1.999301,1.998017
0.112865,0.036530,1.988671,1.999301
0.149598,0.053759,1.959734,1.988671
0.120446,0.100741,1.912606,1.959734
0.035137,0.240863,1.835126,1.912606
0.174318,0.282836,1.713954,1.835126
0.385700,0.362590,1.606519,1.713954
0.473776,0.492604,1.509292,1.606519
0.500373,0.502689,1.413379,1.509292
0.457188,0.598975,1.338610,1.413379
0.425995,0.779163,1.244034,1.338610
0.657392,0.707416,1.099733,1.244034
0.631019,0.936388,0.956488,1.099733
0.660751,0.946375,0.772413,0.956488
0.983299,0.841013,0.605155,0.772413
0.954911,0.964795,0.479819,0.605155
1.143801,0.792864,0.358821,0.479819
0.855969,0.800045,0.278820,0.358821
0.815390,0.951783,0.212746,0.278820
0.963042,0.819338,0.152702,0.212746
0.725566,0.792969,0.117423,0.152702
0.704671,0.927732,0.095868,0.117423
0.856772,0.817839,0.085512,0.095868
0.686233,0.811175,0.084133,0.085512
0.816301,0.959237,0.084717,0.084133
0.871127,0.788942,0.084180,0.084717
0.687758,0.786959,0.081748,0.084180
0.779761,0.951293,0.078216,0.081748
0.967359,0.798904,0.074937,0.078216
0.792778,0.853042,0.073514,0.074937
0.777378,0.965732,0.074648,0.073514
0.994085,0.837876,0.079522,0.074648
0.802365,0.844520,0.082423,0.079522
0.805068,0.998948,0.079201,0.082423
1.008484,0.810872,0.066609,0.079201
0.794456,0.826126,0.058330,0.066609
0.787122,0.987086,0.057984,0.058330
0.999245,0.819039,0.059977,0.057984
0.801575,0.841007,0.059335,0.059977
0.948990,0.998545,0.057859,0.059335
0.992561,0.831782,0.057533,0.057859
0.789064,0.823213,0.058383,0.057533
0.839005,0.982981,0.059766,0.058383
0.984264,0.789779,0.060720,0.059766
0.791240,0.854373,0.060942,0.060720
0.793934,0.963053,0.061018,0.060942
0.985960,0.795438,0.061293,0.061018
0.790049,0.830439,0.061997,0.061293
0.783495,0.974486,0.062850,0.061997
0.976308,0.816016,0.063787,0.062850
0.781404,0.832904,0.064995,0.063787
0.787887,0.991966,0.065689,0.064995
0.987117,0.869304,0.065737,0.065689
0.792614,0.837721,0.065824,0.065737
0.947395,0.999124,0.066099,0.065824
0.998665,0.829078,0.066859,0.066099
0.808311,0.825088,0.067896,0.066859
0.856412,0.998159,0.066974,0.067896
1.015799,0.819861,0.061461,0.066974
0.804190,0.859417,0.057163,0.061461
0.809371,0.964012,0.056259,0.057163
1.004263,0.822624,0.056684,0.056259
0.795931,0.813871,0.056510,0.056684
0.797668,0.968796,0.055962,0.056510
0.987121,1.006242,0.056280,0.055962
0.980866,0.963260,0.058130,0.056280
0.986407,0.809618,0.060337,0.058130
0.784935,0.993096,0.061997,0.060337
0.976836,0.982305,0.063784,0.061997
0.983904,0.877573,0.064954,0.063784
0.782747,0.981067,0.064962,0.064954
0.988520,0.800248,0.064477,0.064962
0.790279,0.815775,0.063750,0.064477
0.792910,0.971175,0.062477,0.063750
1.005226,0.841225,0.061183,0.062477
0.801742,0.853914,0.060787,0.061183
0.953238,0.971103,0.060656,0.060787
0.990755,0.801923,0.060392,0.060656
0.788357,0.870908,0.060168,0.060392
0.853360,0.994361,0.060145,0.060168
0.993638,0.830906,0.060678,0.060145
0.784753,0.983808,0.061664,0.060678
0.982209,0.960670,0.062451,0.061664
0.966634,0.829750,0.063207,0.062451
0.777149,0.953075,0.063962,0.063207
0.995961,0.823266,0.064328,0.063962
0.798760,0.841659,0.064465,0.064328
0.791678,0.982088,0.064677,0.064465
0.980580,0.800439,0.064886,0.064677
0.785244,0.850514,0.064836,0.064886
0.797818,0.960973,0.064764,0.064836
1.031295,0.833948,0.064769,0.064764
0.832726,0.869233,0.066281,0.064769
0.979741,0.965839,0.066096,0.066281
1.036494,0.993585,0.064367,0.066096
1.031646,0.993878,0.062684,0.064367
0.867460,0.804021,0.061406,0.062684
0.957783,0.840451,0.060833,0.061406
0.847603,1.001868,0.060580,0.060833
0.941827,0.814782,0.060669,0.060580
0.840123,0.980665,0.061130,0.060669
0.984770,0.977560,0.062865,0.061130
0.905834,0.847442,0.064612,0.062865
0.792825,0.973498,0.065238,0.064612
0.913042,1.026805,0.065383,0.065238
0.987173,1.013193,0.064526,0.065383
0.998156,0.816793,0.062312,0.064526
0.800833,0.821952,0.060565,0.062312
0.849821,0.966312,0.059535,0.060565
0.998456,0.803877,0.058903,0.059535
0.795261,0.853934,0.058765,0.058903
0.800366,0.990969,0.059157,0.058765
0.993738,0.833223,0.060103,0.059157
0.792784,0.850195,0.060763,0.060103
0.794513,0.990309,0.061254,0.060763
0.990215,0.808031,0.061570,0.061254
0.793871,0.836050,0.061748,0.061570
0.789925,0.982223,0.061811,0.061748
0.989314,0.823363,0.061963,0.061811
0.792513,0.833193,0.045003,0.061963
0.987002,0.968863,0.009447,0.045003
1.130708,0.791690,0.082721,0.009447
0.902616,0.772391,0.114741,0.082721
0.868062,0.827304,0.127059,0.114741
0.885455,0.656722,0.127772,0.127059
0.636644,0.621043,0.122167,0.127772
0.580450,0.716601,0.113540,0.122167
0.647007,0.507029,0.102236,0.113540
0.476538,0.476222,0.093191,0.102236
0.442023,0.541640,0.085266,0.093191
0.505148,0.415353,0.078237,0.085266
0.380477,0.404777,0.074239,0.078237
0.362652,0.412286,0.071528,0.074239
0.420538,0.333503,0.070019,0.071528
0.320618,0.289670,0.069710,0.070019
0.354280,0.322347,0.069597,0.069710
0.291479,0.271658,0.069914,0.069597
0.296429,0.258430,0.071614,0.069914
0.280653,0.266389,0.072073,0.071614
0.210433,0.176272,0.072062,0.072073
0.206203,0.176094,0.068651,0.072062
0.181642,0.202073,0.062428,0.068651
0.150396,0.101443,0.054356,0.062428
0.109064,0.090625,0.046203,0.054356
0.110075,0.072674,0.041351,0.046203
0.084926,0.119991,0.036756,0.041351
0.084860,0.052071,0.032946,0.036756
0.063456,0.068833,0.030448,0.032946
0.069312,0.026579,0.027825,0.030448
0.050694,0.035459,0.025819,0.027825
0.039627,0.067372,0.024700,0.025819
0.051040,0.037907,0.024094,0.024700
0.032877,0.019815,0.023985,0.024094
0.000000,0.013305,0.025607,0.023985
0.000000,0.011886,0.025964,0.025607
0.019634,0.023852,0.025168,0.025964
0.023394,0.036115,0.024301,0.025168
0.033832,0.032280,0.026367,0.024301
0.027384,0.045353,0.029261,0.026367
0.026259,0.036249,0.031671,0.029261
0.000000,0.000000,0.000000,0.000000
0.000000,0.006577,2.022277,0.000000
0.019208,0.047961,2.005703,2.022277
0.031802,0.034322,1.986044,2.005703
0.036996,0.024657,1.972665,1.986044
0.023250,0.057464,1.968575,1.972665
0.000000,0.022931,1.964787,1.968575
0.000000,0.019595,1.965778,1.964787
0.000000,0.032495,1.965783,1.965778
0.000000,0.019341,1.964769,1.965783
0.000000,0.018458,1.963273,1.964769
0.000000,0.044244,1.960561,1.963273
0.000000,0.005870,1.958112,1.960561
0.023791,0.017238,1.953652,1.958112
0.034329,0.062594,1.963645,1.953652
0.037175,0.036047,1.965665,1.963645
0.039613,0.028642,1.965213,1.965665
0.048098,0.016130,1.963746,1.965213
0.048020,0.027928,1.961484,1.963746
0.050969,0.031925,1.959957,1.961484
0.059960,0.016579,1.959860,1.959957
0.081752,0.019348,1.961603,1.959860
0.070818,0.014007,1.964841,1.961603
0.079213,0.019798,1.966562,1.964841
0.061490,0.032999,1.966845,1.966562
0.072530,0.022099,1.966395,1.966845
0.063222,0.029067,1.965283,1.966395
0.045893,0.036589,1.963433,1.965283
0.048437,0.036101,1.960827,1.963433
0.108573,0.025597,1.945904,1.960827
0.173188,0.041450,1.921944,1.945904
0.141660,0.057760,1.876581,1.921944
0.056010,0.184155,1.819660,1.876581
0.049304,0.291861,1.732925,1.819660
0.293767,0.318945,1.605883,1.732925
0.361625,0.405621,1.500522,1.605883
0.385255,0.592585,1.410779,1.500522
0.588194,0.590048,1.327235,1.410779
0.459380,0.642346,1.251134,1.327235
0.470274,0.879880,1.146359,1.251134
0.713585,0.728288,0.989900,1.146359
0.366793,0.807361,0.839533,0.989900
0.514663,0.939219,0.686690,0.839533
1.080562,0.793945,0.526960,0.686690
0.947309,0.837286,0.412524,0.526960
1.065573,0.965434,0.315900,0.412524
1.028366,0.766218,0.228299,0.315900
0.775561,0.768468,0.174329,0.228299
0.781689,0.923032,0.135982,0.174329
0.872038,0.800198,0.107319,0.135982
0.687411,0.808528,0.092110,0.107319
0.679376,0.943884,0.083608,0.092110
0.851871,0.782854,0.082043,0.083608
0.686952,0.812296,0.083903,0.082043
0.704339,0.947557,0.084869,0.083903
0.941167,1.000635,0.081931,0.084869
0.981131,1.007466,0.075696,0.081931
1.032963,0.820023,0.072280,0.075696
0.830041,0.997699,0.073640,0.072280
1.019414,0.970348,0.084610,0.073640
1.021569,0.841083,0.096494,0.084610
0.811630,0.953638,0.099309,0.096494
0.990237,0.821554,0.088432,0.099309
0.787807,0.852591,0.071211,0.088432
0.792778,0.973273,0.061351,0.071211
0.976230,0.816690,0.063415,0.061351
0.783984,0.848898,0.065337,0.063415
0.938513,0.970159,0.063666,0.065337
0.833075,0.830625,0.060891,0.063666
0.935920,1.024892,0.061139,0.060891
0.985951,0.984934,0.063018,0.061139
0.851335,0.855250,0.063143,0.063018
0.958970,0.962480,0.061214,0.063143
1.009667,0.846636,0.058287,0.061214
0.798282,0.848894,0.055977,0.058287
0.845226,0.977105,0.054475,0.055977
0.977173,0.812807,0.054015,0.054475
0.772393,0.858408,0.054514,0.054015
0.771309,0.989421,0.056081,0.054514
0.970134,0.801788,0.058927,0.056081
0.774094,0.798931,0.061651,0.058927
0.769648,0.978422,0.064711,0.061651
0.966132,0.810383,0.068907,0.064711
0.779390,0.800094,0.073031,0.068907
0.783874,0.959119,0.076942,0.073031
0.988493,0.826436,0.076498,0.076942
0.801523,0.857069,0.070603,0.076498
0.936218,0.956440,0.064382,0.070603
0.975298,0.834430,0.063253,0.064382
0.781136,0.844316,0.064179,0.063253
0.832817,1.002942,0.063765,0.064179
0.992728,0.810626,0.061844,0.063765
0.806718,0.808894,0.060098,0.061844
0.811893,0.982743,0.059245,0.060098
1.009480,0.819997,0.058787,0.059245
0.803496,0.867875,0.058687,0.058787
0.797772,0.961398,0.058629,0.058687
0.994097,0.839302,0.058982,0.058629
0.788833,0.844509,0.059625,0.058982
0.791346,0.977064,0.060648,0.059625
0.989183,0.806454,0.061878,0.060648
0.787749,0.852729,0.062787,0.061878
0.937580,0.981782,0.063241,0.062787
0.991921,0.811992,0.062917,0.063241
0.792694,0.816855,0.062405,0.062917
0.841879,0.990904,0.061885,0.062405
0.997746,0.838763,0.061573,0.061885
0.796441,0.821264,0.061250,0.061573
0.804911,0.993683,0.061026,0.061250
1.015752,0.949826,0.061301,0.061026
1.003596,0.992827,0.061601,0.061301
0.988871,0.824633,0.062133,0.061601
0.789971,0.819922,0.062562,0.062133
0.802420,0.998809,0.062710,0.062562
1.026449,0.823835,0.062500,0.062710
0.812363,0.835752,0.061915,0.062500
0.806172,0.963991,0.061341,0.061915
1.001680,0.813355,0.061079,0.061341
0.816112,0.845553,0.061443,0.061079
0.989135,0.977089,0.062095,0.061443
0.881271,0.809598,0.062512,0.062095
0.988611,1.028309,0.063019,0.062512
1.036327,0.989585,0.063086,0.063019
0.874089,0.829217,0.062836,0.063086
0.968472,0.994685,0.062262,0.062836
1.011994,0.835613,0.061211,0.062262
0.804432,0.832679,0.060412,0.061211
0.850122,0.963079,0.060179,0.060412
0.996186,0.842142,0.060595,0.060179
0.792158,0.840463,0.061343,0.060595
0.795979,1.027484,0.062136,0.061343
0.941314,0.809472,0.062636,0.062136
0.762041,0.839650,0.063029,0.062636
0.779040,0.971785,0.063049,0.063029
0.993072,0.826403,0.062090,0.063049
0.800139,0.835481,0.060464,0.062090
0.800555,1.012233,0.058667,0.060464
0.997165,0.835474,0.057525,0.058667
0.795905,0.810716,0.057693,0.057525
0.941619,0.981483,0.058547,0.057693
0.991382,0.785287,0.059422,0.058547
0.788460,0.813649,0.059951,0.059422
0.836972,0.996465,0.060472,0.059951
0.983920,0.812502,0.061499,0.060472
0.789042,0.819732,0.061930,0.061499
0.794740,1.001389,0.061939,0.061930
0.990429,0.814653,0.061634,0.061939
0.794099,0.829681,0.061636,0.061634
0.793355,1.020547,0.041605,0.061636
1.063357,0.835522,0.025869,0.041605
0.925856,0.828333,0.087731,0.025869
0.919306,0.889244,0.119432,0.087731
1.007443,0.692635,0.130739,0.119432
0.715758,0.676264,0.129577,0.130739
0.756221,0.726253,0.123201,0.129577
0.712175,0.670015,0.112711,0.123201
0.630473,0.595673,0.101718,0.112711
0.486859,0.467491,0.092482,0.101718
0.504945,0.438007,0.086253,0.092482
0.417634,0.476327,0.081211,0.086253
0.438469,0.377833,0.076651,0.081211
0.368961,0.347005,0.074184,0.076651
0.328809,0.378407,0.072982,0.074184
0.377397,0.246617,0.072328,0.072982
0.279806,0.252383,0.072109,0.072328
0.257798,0.279862,0.073396,0.072109
0.291610,0.214330,0.074236,0.073396
0.211337,0.196657,0.073495,0.074236
0.187075,0.196008,0.072082,0.073495
0.189334,0.153141,0.067528,0.072082
0.120752,0.163865,0.060708,0.067528
0.113684,0.114166,0.053417,0.060708
0.087540,0.109696,0.044857,0.053417
0.089573,0.065316,0.039018,0.044857
0.063422,0.100396,0.035334,0.039018
0.071088,0.057776,0.032226,0.035334
0.064362,0.105353,0.030291,0.032226
0.054989,0.020149,0.029005,0.030291
0.055954,0.052423,0.028157,0.029005
0.042056,0.066224,0.027615,0.028157
0.034116,0.039421,0.027276,0.027615
0.037457,0.020580,0.026874,0.027276
0.027259,0.037968,0.026482,0.026874
0.000000,0.036544,0.028002,0.026482
0.017003,0.027747,0.028502,0.028002
0.023824,0.016412,0.027200,0.028502
0.027487,0.023625,0.027232,0.027200
0.026720,0.028741,0.028970,0.027232
0.000000,0.025071,0.026178,0.028970
0.000000,0.000000,0.000000,0.000000
0.000000,0.010175,2.030027,0.000000
0.000000,0.014771,2.026417,2.030027
0.028245,0.058659,2.023551,2.026417
0.030203,0.048782,2.030226,2.023551
0.024556,0.049731,2.037351,2.030226
0.000000,0.046607,2.041343,2.037351
0.000000,0.016372,2.038274,2.041343
0.000000,0.017564,2.038344,2.038274
0.000000,0.015068,2.039014,2.038344
0.000000,0.015504,2.040132,2.039014
0.038939,0.016184,2.032572,2.040132
0.038259,0.038672,2.034103,2.032572
0.044351,0.037580,2.036854,2.034103
0.048945,0.018858,2.037299,2.036854
0.067964,0.035325,2.037285,2.037299
0.063761,0.036046,2.036926,2.037285
0.079579,0.029595,2.036970,2.036926
0.107372,0.044192,2.038252,2.036970
0.090619,0.006373,2.039800,2.038252
0.082952,0.055906,2.041599,2.039800
0.087626,0.012718,2.043108,2.041599
0.057437,0.050551,2.042768,2.043108
0.059569,0.024199,2.041259,2.042768
0.055155,0.020065,2.039280,2.041259
0.046868,0.048152,2.037840,2.039280
0.040969,0.011858,2.036046,2.037840
0.175894,0.021685,2.017577,2.036046
0.163724,0.061805,1.991446,2.017577
0.125273,0.135587,1.943929,1.991446
0.057567,0.183357,1.844154,1.943929
0.072983,0.273824,1.725729,1.844154
0.252621,0.466625,1.605668,1.725729
0.475888,0.448314,1.500107,1.605668
0.410793,0.535332,1.435925,1.500107
0.628935,0.720700,1.376786,1.435925
0.636148,0.662056,1.279799,1.376786
0.567372,0.753007,1.163367,1.279799
0.650982,0.919238,1.015783,1.163367
0.503399,0.992518,0.827331,1.015783
0.705857,0.961816,0.647815,0.827331
1.026872,0.802549,0.495367,0.647815
0.944864,0.807809,0.388620,0.495367
0.852285,0.950229,0.301045,0.388620
1.010647,0.804715,0.222153,0.301045
0.766993,0.810660,0.171502,0.222153
0.718943,0.940711,0.133434,0.171502
0.859462,0.780879,0.106068,0.133434
0.689879,0.925979,0.094160,0.106068
0.851423,0.935621,0.088073,0.094160
0.857026,0.815306,0.086899,0.088073
0.685005,0.968215,0.086510,0.086899
0.880304,0.829785,0.086518,0.086510
0.727161,0.829674,0.085860,0.086518
0.750435,0.960786,0.083538,0.085860
0.955355,0.818199,0.082176,0.083538
0.776097,0.845615,0.085855,0.082176
0.937218,0.952904,0.091759,0.085855
1.007952,0.825820,0.094149,0.091759
0.814185,0.985485,0.087399,0.094149
0.995040,0.970415,0.069395,0.087399
0.986922,0.836844,0.058242,0.069395
0.850823,0.982402,0.060097,0.058242
0.959508,0.812665,0.062333,0.060097
0.847975,0.835450,0.061163,0.062333
0.789155,0.996814,0.059710,0.061163
0.988048,0.811070,0.059715,0.059710
0.800440,0.838076,0.060569,0.059715
0.804018,0.967440,0.061070,0.060569
0.999905,0.810462,0.060710,0.061070
0.805460,1.002288,0.060250,0.060710
0.999461,1.028010,0.059638,0.060250
0.991462,0.851635,0.059205,0.059638
0.782944,0.967678,0.058903,0.059205
0.978284,0.805087,0.059150,0.058903
0.787688,0.839516,0.059826,0.059150
0.779689,0.952222,0.060449,0.059826
0.976221,0.812790,0.061005,0.060449
0.786071,0.845417,0.061814,0.061005
0.936578,0.977861,0.063346,0.061814
0.992091,0.833419,0.066291,0.063346
0.800627,0.819129,0.069301,0.066291
0.846042,0.973922,0.070638,0.069301
0.987203,0.828375,0.067537,0.070638
0.783780,0.847010,0.064261,0.067537
0.797504,1.009411,0.064014,0.064261
0.991163,0.830808,0.065020,0.064014
0.784652,0.825872,0.064402,0.065020
0.788193,0.985429,0.062806,0.064402
0.996493,0.804059,0.061235,0.062806
0.792398,0.819669,0.060408,0.061235
0.790393,0.977934,0.060202,0.060408
0.992618,0.813453,0.060987,0.060202
0.787782,0.862168,0.061584,0.060987
0.937256,0.954379,0.062280,0.061584
0.984579,0.819260,0.063239,0.062280
0.793276,0.841034,0.063966,0.063239
0.845979,0.966707,0.064299,0.063966
0.997172,0.831062,0.063932,0.064299
0.800443,0.846160,0.063414,0.063932
0.807151,0.975377,0.062461,0.063414
1.006880,0.816955,0.061246,0.062461
0.805609,0.860894,0.060511,0.061246
0.797062,0.964627,0.060352,0.060511
0.997055,0.786600,0.060915,0.060352
0.796595,0.858398,0.062027,0.060915
0.792090,0.982452,0.063728,0.062027
0.985692,0.817910,0.065624,0.063728
0.800533,0.842416,0.066595,0.065624
0.949448,0.965043,0.066811,0.066595
1.004076,0.806783,0.066509,0.066811
0.807068,0.851685,0.066291,0.066509
0.854016,0.970680,0.066047,0.066291
1.014056,0.844164,0.065688,0.066047
0.804976,0.852450,0.065085,0.065688
0.793801,0.989808,0.063890,0.065085
0.993937,0.790906,0.062566,0.063890
0.803236,0.864932,0.061633,0.062566
0.821831,0.975524,0.060995,0.061633
1.034670,1.017130,0.060274,0.060995
1.035665,1.014485,0.059585,0.060274
1.024850,0.809270,0.058740,0.059585
0.818422,0.998757,0.058031,0.058740
1.012233,0.972750,0.057597,0.058031
1.005206,0.851368,0.057911,0.057597
0.795613,0.958781,0.059179,0.057911
0.984014,0.827396,0.060905,0.059179
0.789142,0.821123,0.062484,0.060905
0.771585,0.945294,0.064066,0.062484
0.937042,0.824221,0.066016,0.064066
0.769654,0.850050,0.066920,0.066016
0.934171,0.981132,0.067200,0.066920
0.990553,0.807507,0.066386,0.067200
0.797289,1.006937,0.065323,0.066386
0.997863,0.992471,0.064123,0.065323
1.000921,0.852917,0.063235,0.064123
0.852990,0.972188,0.062661,0.063235
0.955273,0.835878,0.062494,0.062661
0.851035,0.829413,0.062567,0.062494
0.796997,0.988085,0.062501,0.062567
0.998437,0.804533,0.062674,0.062501
0.798234,1.026972,0.063287,0.062674
0.995068,0.950170,0.063755,0.063287
0.998434,0.870128,0.063003,0.063755
0.802853,0.983928,0.060799,0.063003
1.034196,0.818604,0.021801,0.060799
0.900952,0.858201,0.041647,0.021801
0.934752,0.965407,0.096190,0.041647
1.103826,0.719021,0.123781,0.096190
0.793213,0.727035,0.130280,0.123781
0.707133,0.760062,0.128634,0.130280
0.772880,0.623049,0.120297,0.128634
0.564727,0.564857,0.111127,0.120297
0.609030,0.610654,0.101853,0.111127
0.578821,0.439703,0.092505,0.101853
0.431588,0.441239,0.085946,0.092505
0.422684,0.508882,0.080452,0.085946
0.458713,0.348744,0.075560,0.080452
0.346383,0.350676,0.072502,0.075560
0.325643,0.373434,0.070373,0.072502
0.373620,0.269832,0.068748,0.070373
0.279888,0.254107,0.067211,0.068748
0.258331,0.284175,0.067217,0.067211
0.292785,0.233966,0.067622,0.067217
0.259507,0.243273,0.066564,0.067622
0.227420,0.157003,0.062677,0.066564
0.158406,0.158861,0.057745,0.062677
0.140740,0.179478,0.050918,0.057745
0.146931,0.108088,0.043699,0.050918
0.106349,0.110073,0.037579,0.043699
0.112149,0.096125,0.031180,0.037579
0.088555,0.116192,0.026903,0.031180
0.084154,0.068608,0.024720,0.026903
0.063488,0.045563,0.023188,0.024720
0.058280,0.029177,0.021629,0.023188
0.046855,0.048980,0.020227,0.021629
0.038421,0.071479,0.018532,0.020227
0.039170,0.029202,0.016711,0.018532
0.027161,0.029277,0.015194,0.016711
0.026669,0.037740,0.013755,0.015194
0.018249,0.012943,0.019166,0.013755
0.025364,0.058526,0.016755,0.019166
0.026962,0.037883,0.014665,0.016755
0.029876,0.019146,0.015670,0.014665
0.028742,0.054167,0.017946,0.015670
0.032600,0.028644,0.019352,0.017946
0.025334,0.041835,0.020519,0.019352
0.026276,0.028224,0.021692,0.020519
0.020171,0.017215,0.021792,0.021692
0.000000,0.000000,0.000000,0.000000
0.023225,0.048481,2.015753,0.000000
0.031873,0.033369,2.005631,2.015753
0.033504,0.036265,2.004385,2.005631
0.025344,0.046172,2.020102,2.004385
0.000000,0.029021,2.050314,2.020102
0.016227,0.012970,2.067495,2.050314
0.000000,0.044573,2.065664,2.067495
0.000000,0.028953,2.064806,2.065664
0.000000,0.020805,2.065098,2.064806
0.000000,0.037450,2.066082,2.065098
0.000000,0.047264,2.066992,2.066082
0.000000,0.013436,2.067999,2.066992
0.000000,0.050443,2.069022,2.067999
0.000000,0.032046,2.069659,2.069022
0.000000,0.017283,2.062961,2.069659
0.037786,0.020846,2.057247,2.062961
0.040385,0.038041,2.051264,2.057247
0.049423,0.028122,2.046982,2.051264
0.084539,0.035633,2.045550,2.046982
0.071898,0.043486,2.045203,2.045550
0.088523,0.059526,2.046991,2.045203
0.089459,0.024569,2.051177,2.046991
0.067874,0.051858,2.055453,2.051177
0.098356,0.046175,2.059403,2.055453
0.090047,0.040672,2.061721,2.059403
0.114868,0.042035,2.063107,2.061721
0.115144,0.015605,2.063141,2.063107
0.086252,0.047275,2.063638,2.063141
0.083146,0.056705,2.066066,2.063638
0.085682,0.027433,2.067385,2.066066
0.061200,0.038196,2.067019,2.067385
0.050362,0.043476,2.065333,2.067019
0.058528,0.024337,2.063066,2.065333
0.045112,0.029721,2.062252,2.063066
0.050742,0.015260,2.062038,2.062252
0.060369,0.007043,2.061714,2.062038
0.035031,0.054093,2.062054,2.061714
0.139487,0.024360,2.047991,2.062054
0.127445,0.033238,2.023912,2.047991
0.106714,0.114950,1.978294,2.023912
0.086008,0.162034,1.888835,1.978294
0.057569,0.273279,1.787984,1.888835
0.237776,0.433205,1.675227,1.787984
0.458358,0.556250,1.554901,1.675227
0.556920,0.645272,1.456550,1.554901
0.577925,0.603109,1.371597,1.456550
0.528761,0.661148,1.284021,1.371597
0.534359,0.888681,1.168213,1.284021
0.828069,0.766607,1.001916,1.168213
0.701449,0.834813,0.848880,1.001916
0.693170,0.958156,0.696624,0.848880
1.143245,0.788751,0.534928,0.696624
0.962798,0.837778,0.420436,0.534928
0.926291,0.979288,0.325882,0.420436
1.064047,0.772218,0.241434,0.325882
0.797808,0.794547,0.187396,0.241434
0.875884,0.935608,0.146389,0.187396
0.739868,0.791052,0.114206,0.146389
0.799360,0.797533,0.097890,0.114206
0.708442,0.941862,0.088661,0.097890
0.797558,0.780995,0.084529,0.088661
0.723766,0.817556,0.084113,0.084529
0.700866,0.963382,0.083584,0.084113
0.922796,0.818185,0.080742,0.083584
0.759465,0.832898,0.076602,0.080742
0.773661,0.967338,0.072297,0.076602
0.987852,0.803037,0.069870,0.072297
0.790616,0.847878,0.070510,0.069870
0.796162,0.967661,0.071365,0.070510
1.016697,0.836271,0.067847,0.071365
0.817961,0.819586,0.061549,0.067847
0.969809,0.961056,0.058068,0.061549
0.871138,0.837843,0.057859,0.058068
0.969751,0.840934,0.057485,0.057859
0.855551,0.976030,0.056336,0.057485
0.948368,0.814964,0.055633,0.056336
0.840044,0.847711,0.056805,0.055633
0.787085,0.992600,0.059006,0.056805
0.976172,0.818836,0.061271,0.059006
0.784060,0.831466,0.062486,0.061271
0.780704,0.997706,0.062947,0.062486
0.979624,0.802741,0.062788,0.062947
0.787400,0.858597,0.062222,0.062788
0.789705,0.981709,0.061903,0.062222
0.992073,0.773418,0.061104,0.061903
0.792600,0.854010,0.060710,0.061104
0.938273,1.006908,0.060739,0.060710
0.837396,0.826348,0.060532,0.060739
0.944454,0.846376,0.059978,0.060532
0.854465,0.975925,0.059323,0.059978
0.960136,0.828203,0.058860,0.059323
0.853812,0.993139,0.059690,0.058860
1.007900,0.982692,0.061726,0.059690
0.958115,0.835266,0.061660,0.061726
0.852923,0.978160,0.059303,0.061660
0.997864,0.828395,0.058413,0.059303
0.796348,0.825328,0.059520,0.058413
0.793575,0.984256,0.060290,0.059520
0.995039,0.782532,0.060498,0.060290
0.788829,0.813544,0.060841,0.060498
0.783177,0.970307,0.061753,0.060841
0.983713,0.852145,0.063179,0.061753
0.787065,0.849146,0.064063,0.063179
0.788565,0.984489,0.064657,0.064063
0.990637,0.804491,0.065177,0.064657
0.793209,0.830646,0.064946,0.065177
0.945880,0.978112,0.064069,0.064946
0.995118,0.797536,0.063466,0.064069
0.793424,0.830764,0.063834,0.063466
0.841209,0.989058,0.064512,0.063834
1.011978,0.981241,0.064590,0.064512
1.002082,0.988895,0.064374,0.064590
0.957425,0.821493,0.064083,0.064374
0.859593,0.871434,0.063959,0.064083
0.803753,0.958858,0.064190,0.063959
1.000536,0.831577,0.064327,0.064190
0.805437,0.828916,0.064691,0.064327
0.806527,0.987067,0.065038,0.064691
1.012381,0.865641,0.063707,0.065038
0.821663,0.876634,0.062083,0.063707
0.809828,0.962059,0.060919,0.062083
1.021901,0.785768,0.059023,0.060919
0.829277,0.849064,0.057672,0.059023
0.979359,0.965100,0.057082,0.057672
0.866026,0.850607,0.057503,0.057082
0.971289,0.845350,0.057477,0.057503
0.859771,0.963124,0.057486,0.057477
0.954915,0.808018,0.058111,0.057486
0.864270,0.818318,0.059026,0.058111
0.822123,0.993770,0.060058,0.059026
1.027828,0.833090,0.061307,0.060058
0.817120,0.860871,0.061821,0.061307
0.810698,0.973032,0.062560,0.061821
1.007073,0.787595,0.062655,0.062560
0.800861,0.863931,0.062484,0.062655
0.797066,0.970035,0.062371,0.062484
0.988169,0.822904,0.062030,0.062371
0.791509,0.803028,0.061553,0.062030
0.942458,1.008066,0.061106,0.061553
0.817521,0.799756,0.060856,0.061106
0.894349,0.866897,0.060872,0.060856
0.821398,0.984973,0.061981,0.060872
0.931138,0.807567,0.063517,0.061981
0.836846,1.023573,0.064522,0.063517
0.986349,0.923340,0.065408,0.064522
0.938545,0.849700,0.065478,0.065408
0.842674,0.970821,0.065332,0.065478
0.992339,0.820865,0.065059,0.065332
0.800373,0.811693,0.064890,0.065059
0.799321,1.010509,0.064822,0.064890
0.995494,0.843797,0.064638,0.064822
0.798951,0.830973,0.063722,0.064638
0.803312,1.010247,0.062357,0.063722
1.010278,0.834812,0.060938,0.062357
0.809596,0.834713,0.059442,0.060938
0.807142,0.954287,0.058295,0.059442
1.005927,0.829997,0.033112,0.058295
0.863214,0.850231,0.024210,0.033112
1.081161,0.960027,0.088185,0.024210
1.113595,0.748501,0.124239,0.088185
0.802105,0.722422,0.133092,0.124239
0.746814,0.751664,0.131706,0.133092
0.767908,0.628994,0.122993,0.131706
0.557832,0.570957,0.112889,0.122993
0.510549,0.603316,0.101890,0.112889
0.576967,0.477375,0.090389,0.101890
0.430009,0.457408,0.082368,0.090389
0.404545,0.488742,0.075919,0.082368
0.472852,0.367022,0.071179,0.075919
0.359675,0.334227,0.069408,0.071179
0.341419,0.410420,0.069129,0.069408
0.399633,0.285733,0.070081,0.069129
0.299395,0.279081,0.071740,0.070081
0.329946,0.301080,0.074122,0.071740
0.314879,0.246308,0.076977,0.074122
0.227683,0.208415,0.077860,0.076977
0.213178,0.193901,0.076521,0.077860
0.214956,0.170473,0.071797,0.076521
0.137954,0.153275,0.064926,0.071797
0.121080,0.170306,0.057585,0.064926
0.131105,0.086196,0.048703,0.057585
0.088235,0.109774,0.042533,0.048703
0.076926,0.106588,0.038510,0.042533
0.090158,0.038909,0.036003,0.038510
0.067115,0.070184,0.034825,0.036003
0.065364,0.081905,0.034075,0.034825
0.070753,0.038603,0.033291,0.034075
0.050588,0.029311,0.032478,0.033291
0.054682,0.039620,0.031513,0.032478
0.039641,0.031902,0.030552,0.031513
0.024326,0.037010,0.029968,0.030552
0.020848,0.042951,0.029582,0.029968
0.000000,0.023714,0.030952,0.029582
0.000000,0.009061,0.030629,0.030952
0.022698,0.005508,0.030227,0.030629
0.021563,0.021463,0.029878,0.030227
0.025450,0.042622,0.030146,0.029878
0.020596,0.041372,0.031186,0.030146
0.024293,0.004647,0.032100,0.031186
0.023998,0.037245,0.032519,0.032100
0.022570,0.045691,0.033764,0.032519
0.000000,0.013338,0.034914,0.033764
0.000000,0.000000,0.000000,0.000000
0.000000,0.037941,2.027567,0.000000
0.000000,0.018181,2.021850,2.027567
0.021767,0.046841,2.011994,2.021850
0.029031,0.044861,2.011322,2.011994
0.024340,0.045815,2.019582,2.011322
0.000000,0.017789,2.019914,2.019582
0.000000,0.016651,2.004793,2.019914
0.000000,0.031040,2.003342,2.004793
0.000000,0.055069,2.002615,2.003342
0.000000,0.040651,2.001927,2.002615
0.020141,0.022144,2.000561,2.001927
0.000000,0.046370,1.998672,2.000561
0.039219,0.009276,1.989343,1.998672
0.045403,0.010904,1.987969,1.989343
0.052348,0.034685,1.989172,1.987969
0.047176,0.032677,1.990203,1.989172
0.028633,0.047362,1.991359,1.990203
0.044853,0.031913,1.992639,1.991359
0.060143,0.034515,1.994432,1.992639
0.051930,0.025575,1.996936,1.994432
0.066595,0.016857,1.998264,1.996936
0.104329,0.031339,1.998468,1.998264
0.104103,0.036208,1.998513,1.998468
0.095617,0.032017,2.000094,1.998513
0.095080,0.022879,2.001421,2.000094
0.082124,0.064981,2.002048,2.001421
0.072909,0.031966,2.000396,2.002048
0.059251,0.040858,1.997586,2.000396
0.057841,0.021507,1.994531,1.997586
0.069890,0.034621,1.992195,1.994531
0.056672,0.031954,1.991243,1.992195
0.052616,0.016952,1.990383,1.991243
0.138194,0.003327,1.973546,1.990383
0.136345,0.057638,1.945160,1.973546
0.168477,0.104602,1.894220,1.945160
0.050812,0.175582,1.831991,1.894220
0.144967,0.298408,1.742145,1.831991
0.326023,0.338005,1.622430,1.742145
0.478453,0.547603,1.528710,1.622430
0.604450,0.625607,1.429715,1.528710
0.525963,0.737782,1.336343,1.429715
0.625174,0.807333,1.212789,1.336343
0.720460,0.721247,1.058127,1.212789
0.651316,0.957561,0.908056,1.058127
0.611687,0.795762,0.731382,0.908056
1.029895,0.816753,0.597744,0.731382
1.036635,0.966760,0.476118,0.597744
1.082396,0.788116,0.357506,0.476118
0.900020,0.829541,0.277616,0.357506
0.803036,0.929303,0.212547,0.277616
0.940179,0.769998,0.157673,0.212547
0.708447,0.784752,0.126238,0.157673
0.682451,0.911802,0.104673,0.126238
0.835571,0.793135,0.091141,0.104673
0.667955,0.793593,0.086616,0.091141
0.677207,0.996102,0.085537,0.086616
0.848235,1.017352,0.084956,0.085537
0.889886,0.959053,0.081937,0.084956
0.970435,0.800182,0.076379,0.081937
0.806694,1.011267,0.071912,0.076379
1.025184,0.983601,0.069016,0.071912
1.013253,0.819247,0.074644,0.069016
0.802606,0.998651,0.083608,0.074644
0.995271,0.826611,0.089947,0.083608
0.795924,0.810243,0.084970,0.089947
0.957637,0.993976,0.070814,0.084970
0.840942,0.843969,0.057583,0.070814
0.950355,0.818103,0.057646,0.057583
0.853852,0.975691,0.059341,0.057646
0.955788,0.802971,0.058049,0.059341
0.853115,1.002227,0.057076,0.058049
0.990052,0.953648,0.058768,0.057076
0.935096,0.835072,0.062154,0.058768
0.834494,0.982770,0.064525,0.062154
0.940252,0.821756,0.066473,0.064525
0.841166,0.858247,0.067607,0.066473
0.794110,0.989405,0.066803,0.067607
0.988790,0.821287,0.064969,0.066803
0.789738,0.864742,0.063784,0.064969
0.789257,0.961150,0.064298,0.063784
0.976141,0.785709,0.064894,0.064298
0.781805,0.836004,0.063828,0.064894
0.786378,1.013035,0.062658,0.063828
0.993897,0.828909,0.061196,0.062658
0.796629,0.849685,0.059536,0.061196
0.947481,0.964170,0.058273,0.059536
0.854488,1.014685,0.058762,0.058273
0.998204,0.969263,0.058566,0.058762
0.978261,0.812227,0.057149,0.058566
0.786629,0.852735,0.056845,0.057149
0.940084,0.967346,0.057500,0.056845
0.982067,0.827431,0.058077,0.057500
0.524068,1.020336,0.059036,0.058077
0.669792,0.990582,0.060198,0.059036
0.876393,0.845163,0.060690,0.060198
0.805446,0.927164,0.060978,0.060690
0.922674,0.822663,0.060921,0.060978
0.830708,1.018924,0.060751,0.060921
0.978973,1.001970,0.060772,0.060751
0.928848,0.827619,0.061347,0.060772
0.839248,0.954517,0.062283,0.061347
0.991889,0.797526,0.063358,0.062283
0.793891,0.852703,0.063806,0.063358
0.796764,0.984509,0.064071,0.063806
0.999708,0.826587,0.064165,0.064071
0.801820,0.845029,0.063957,0.064165
0.803113,0.970398,0.063254,0.063957
0.997642,0.814145,0.061262,0.063254
0.800577,0.843197,0.058895,0.061262
0.804580,0.987511,0.056593,0.058895
1.007312,0.835780,0.055502,0.056593
0.797327,0.998003,0.055735,0.055502
0.996302,0.953166,0.056333,0.055735
0.987060,0.866557,0.057946,0.056333
0.942063,0.979262,0.059631,0.057946
0.826857,0.801299,0.061357,0.059631
0.934201,0.840348,0.062571,0.061357
0.844033,0.990956,0.063128,0.062571
0.939163,0.780535,0.063070,0.063128
0.840090,0.829028,0.062880,0.063070
0.798166,0.962803,0.063055,0.062880
1.017941,0.797206,0.063800,0.063055
0.818981,0.873229,0.064428,0.063800
0.822670,0.979601,0.064687,0.064428
1.026465,0.810231,0.064190,0.064687
0.818659,0.840810,0.063018,0.064190
0.812300,0.998851,0.062087,0.063018
1.010030,0.818126,0.061328,0.062087
0.801209,0.865630,0.061041,0.061328
0.944566,0.988530,0.060548,0.061041
0.844486,0.803434,0.060615,0.060548
0.942799,0.841656,0.060745,0.060615
0.834976,0.946384,0.060603,0.060745
0.891116,0.835535,0.060686,0.060603
0.814239,0.821462,0.061836,0.060686
0.780690,0.983399,0.063516,0.061836
0.986276,0.825457,0.064587,0.063516
0.791517,0.868741,0.064396,0.064587
0.795787,0.991427,0.063488,0.064396
0.998677,0.827280,0.061818,0.063488
0.800932,0.866882,0.060585,0.061818
0.803184,0.966819,0.058823,0.060585
1.002996,0.839778,0.056662,0.058823
0.799495,0.828411,0.055333,0.056662
0.949294,0.985560,0.054732,0.055333
0.846939,0.792283,0.055381,0.054732
0.942306,0.805209,0.056844,0.055381
0.836579,0.948930,0.059017,0.056844
0.930743,0.818138,0.061758,0.059017
0.834549,0.829082,0.061942,0.061758
0.798919,1.009672,0.030096,0.061942
1.108263,0.802376,0.044165,0.030096
0.946793,0.810934,0.094444,0.044165
0.882168,0.880509,0.117283,0.094444
0.956811,0.852898,0.124625,0.117283
0.829785,0.723315,0.121893,0.124625
0.734576,0.597821,0.114470,0.121893
0.539973,0.587428,0.107039,0.114470
0.502737,0.570921,0.099569,0.107039
0.568769,0.561000,0.091505,0.099569
0.518769,0.466928,0.084241,0.091505
0.475359,0.392539,0.078707,0.084241
0.357771,0.361734,0.075090,0.078707
0.339813,0.384421,0.071915,0.075090
0.392340,0.291567,0.069123,0.071915
0.292568,0.259401,0.068352,0.069123
0.327866,0.327234,0.069529,0.068352
0.270466,0.249351,0.073335,0.069529
0.274942,0.193865,0.074662,0.073335
0.217095,0.243010,0.075110,0.074662
0.215064,0.161723,0.072201,0.075110
0.160342,0.154255,0.067461,0.072201
0.157678,0.166498,0.058835,0.067461
0.125951,0.152478,0.049106,0.058835
0.112426,0.088593,0.042226,0.049106
0.098583,0.057984,0.036764,0.042226
0.074025,0.086045,0.033884,0.036764
0.079407,0.070922,0.031698,0.033884
0.068362,0.055288,0.030710,0.031698
0.061257,0.048076,0.030367,0.030710
0.058794,0.028328,0.030303,0.030367
0.039990,0.031125,0.030061,0.030303
0.033217,0.017175,0.029594,0.030061
0.028549,0.015521,0.028903,0.029594
0.000000,0.032601,0.031737,0.028903
0.000000,0.017392,0.030728,0.031737
0.000000,0.024618,0.029990,0.030728
0.019276,0.026324,0.029323,0.029990
0.032747,0.038413,0.028186,0.029323
0.022994,0.037104,0.028348,0.028186
0.024463,0.018881,0.030283,0.028348
0.030778,0.025919,0.032604,0.030283
0.000000,0.000000,0.000000,0.000000
0.000000,0.036787,2.027946,0.000000
0.025156,0.030000,2.025814,2.027946
0.029754,0.048978,2.025550,2.025814
0.033769,0.032332,2.018146,2.025550
0.030621,0.044918,2.020672,2.018146
0.000000,0.018504,2.028882,2.020672
0.000000,0.007696,2.027971,2.028882
0.000000,0.018908,2.021356,2.027971
0.056435,0.030002,2.017648,2.021356
0.051269,0.015745,2.018094,2.017648
0.047408,0.029450,2.018641,2.018094
0.060031,0.036574,2.021178,2.018641
0.066112,0.045296,2.022063,2.021178
0.063501,0.042746,2.022399,2.022063
0.044620,0.035177,2.023245,2.022399
0.043272,0.023201,2.023155,2.023245
0.047302,0.042238,2.021760,2.023155
0.037107,0.036112,2.019810,2.021760
0.042971,0.039822,2.017443,2.019810
0.054025,0.026875,2.014398,2.017443
0.035524,0.038937,2.011998,2.014398
0.063118,0.049322,2.006028,2.011998
0.196732,0.034290,1.985833,2.006028
0.144383,0.072166,1.952326,1.985833
0.090682,0.146912,1.897893,1.952326
0.072712,0.208606,1.797822,1.897893
0.160482,0.290687,1.688688,1.797822
0.394347,0.416882,1.582979,1.688688
0.473367,0.451971,1.491168,1.582979
0.429515,0.547180,1.431754,1.491168
0.494467,0.716853,1.368374,1.431754
0.584546,0.668081,1.259143,1.368374
0.480636,0.739944,1.132174,1.259143
0.572290,0.922193,0.977843,1.132174
0.520596,0.806669,0.786939,0.977843
0.753909,0.833106,0.639985,0.786939
0.959207,0.979712,0.508201,0.639985
1.202692,0.769756,0.380403,0.508201
0.913590,0.825650,0.295146,0.380403
0.863345,0.918773,0.226624,0.295146
0.976170,0.767362,0.169304,0.226624
0.733119,0.762975,0.137207,0.169304
0.820278,0.925244,0.114001,0.137207
0.834989,0.771344,0.097217,0.114001
0.658830,0.817153,0.090824,0.097217
0.707833,0.941691,0.089304,0.090824
0.849524,0.817332,0.089197,0.089304
0.709699,0.820718,0.087393,0.089197
0.740761,0.960216,0.082587,0.087393
0.994526,0.842182,0.074526,0.082587
0.825486,0.848566,0.069191,0.074526
0.821371,1.020933,0.067308,0.069191
1.007378,0.833618,0.072764,0.067308
0.798224,0.826268,0.078951,0.072764
0.793044,0.968428,0.080089,0.078951
0.999433,0.779799,0.069709,0.080089
0.796921,0.825183,0.058019,0.069709
0.945718,0.969849,0.054558,0.058019
0.978406,0.816751,0.057711,0.054558
0.793453,0.841384,0.059458,0.057711
0.847246,0.969251,0.060295,0.059458
0.997201,0.807905,0.062139,0.060295
0.781828,0.842237,0.064247,0.062139
0.788528,1.001779,0.066007,0.064247
0.982328,0.843312,0.065946,0.066007
0.799498,0.814200,0.064697,0.065946
0.794407,1.004411,0.062924,0.064697
1.000824,0.796417,0.061073,0.062924
0.799015,0.800638,0.060246,0.061073
0.790730,0.969169,0.060007,0.060246
0.977921,0.825682,0.060947,0.060007
0.776223,0.849667,0.062423,0.060947
0.916139,1.021663,0.064006,0.062423
0.974060,0.844210,0.065214,0.064006
0.787654,0.828745,0.065745,0.065214
0.844295,0.982298,0.066365,0.065745
0.986096,0.803083,0.067962,0.066365
0.793179,0.859151,0.070904,0.067962
0.793344,0.967197,0.073694,0.070904
0.999236,0.814778,0.070531,0.073694
0.795238,0.828697,0.062684,0.070531
0.788696,1.010833,0.058102,0.062684
0.986755,0.846066,0.059797,0.058102
0.793533,0.823050,0.061345,0.059797
0.790216,0.966634,0.060973,0.061345
0.993081,0.804768,0.059800,0.060973
0.800711,0.870540,0.059794,0.059800
0.935409,0.991780,0.060425,0.059794
0.981793,0.808046,0.061172,0.060425
0.788573,0.857649,0.061501,0.061172
0.839249,0.952448,0.061578,0.061501
0.982876,0.807265,0.061899,0.061578
0.791426,0.828081,0.062454,0.061899
0.795249,1.000039,0.062996,0.062454
0.990722,0.814809,0.062698,0.062996
0.793265,0.850234,0.062284,0.062698
0.796682,0.973354,0.062020,0.062284
0.993774,0.825246,0.061845,0.062020
0.795922,0.828868,0.061411,0.061845
0.800307,0.967249,0.060728,0.061411
1.002996,0.810306,0.060251,0.060728
0.813311,0.840873,0.060204,0.060251
0.953687,0.964671,0.060682,0.060204
0.999876,0.807734,0.061629,0.060682
0.792998,0.825962,0.062126,0.061629
0.840990,0.989375,0.062654,0.062126
0.983239,1.002101,0.063713,0.062654
0.966398,0.976088,0.064749,0.063713
0.928100,0.843743,0.065833,0.064749
0.842213,0.844587,0.066323,0.065833
0.792759,0.983126,0.065826,0.066323
0.992150,0.839482,0.064422,0.065826
0.818865,0.813823,0.063202,0.064422
0.830417,0.977108,0.061594,0.063202
1.048682,0.868288,0.059614,0.061594
0.840528,0.835938,0.058408,0.059614
0.833293,0.965956,0.057688,0.058408
1.026932,0.832877,0.057308,0.057688
0.814697,0.812285,0.057187,0.057308
0.958941,0.962485,0.057091,0.057187
0.850999,0.816760,0.057360,0.057091
0.943587,0.831707,0.058101,0.057360
0.836451,0.981447,0.059650,0.058101
0.930204,0.828294,0.062219,0.059650
0.817834,0.985785,0.064111,0.062219
0.924899,0.988035,0.066225,0.064111
0.904821,0.821941,0.067809,0.066225
0.829556,0.956417,0.068341,0.067809
0.993266,0.830838,0.067810,0.068341
0.803310,0.827432,0.066807,0.067810
0.804138,0.969516,0.065249,0.066807
1.004189,0.851949,0.063286,0.065249
0.801296,0.882619,0.061952,0.063286
0.801803,0.975659,0.061071,0.061952
1.003127,0.815956,0.060767,0.061071
0.798982,0.838041,0.060990,0.060767
0.800010,1.011209,0.061563,0.060990
0.998068,0.813821,0.062037,0.061563
0.801229,0.847346,0.061585,0.062037
0.949229,0.982481,0.060488,0.061585
1.003167,0.830112,0.059522,0.060488
0.802247,0.830978,0.050924,0.059522
0.887036,0.978692,0.006216,0.050924
1.145573,0.804558,0.072272,0.006216
0.929704,0.788987,0.113310,0.072272
0.854204,0.872033,0.129955,0.113310
0.911867,0.682585,0.132761,0.129955
0.648302,0.618519,0.127690,0.132761
0.586168,0.708749,0.118884,0.127690
0.655184,0.649250,0.106656,0.118884
0.591664,0.561488,0.094772,0.106656
0.537094,0.440640,0.084834,0.094772
0.402063,0.436710,0.078099,0.084834
0.380086,0.426981,0.072678,0.078099
0.443735,0.327079,0.068587,0.072678
0.339308,0.349084,0.067121,0.068587
0.375133,0.344662,0.066711,0.067121
0.314065,0.277000,0.066812,0.066711
0.326595,0.284514,0.067752,0.066812
0.269755,0.282531,0.070133,0.067752
0.273659,0.186180,0.071375,0.070133
0.216742,0.176705,0.070829,0.071375
0.185960,0.203965,0.069038,0.070829
0.187672,0.172019,0.062486,0.069038
0.126152,0.140469,0.055536,0.062486
0.112329,0.131431,0.047771,0.055536
0.121496,0.141556,0.039986,0.047771
0.078345,0.074215,0.035666,0.039986
0.072855,0.091454,0.033075,0.035666
0.085452,0.032576,0.030503,0.033075
0.059941,0.023333,0.028341,0.030503
0.037033,0.015687,0.025908,0.028341
0.030148,0.064843,0.022405,0.025908
0.000000,0.006656,0.019383,0.022405
0.000000,0.030954,0.016875,0.019383
0.022005,0.005152,0.015462,0.016875
0.000000,0.042340,0.018543,0.015462
0.000000,0.035364,0.018099,0.018543
0.000000,0.026515,0.017879,0.018099
0.000000,0.032998,0.017306,0.017879
0.024851,0.030069,0.016791,0.017306
0.022798,0.020528,0.017759,0.016791
0.025167,0.056368,0.019678,0.017759
0.033586,0.046441,0.022158,0.019678
0.023364,0.012783,0.024916,0.022158
0.000000,0.000000,0.000000,0.000000
0.000000,0.004565,2.029188,0.000000
0.020413,0.067566,2.026546,2.029188
0.030918,0.031860,2.027015,2.026546
0.023976,0.061058,2.043370,2.027015
0.000000,0.014227,2.065386,2.043370
0.000000,0.027153,2.062541,2.065386
0.000000,0.049817,2.061964,2.062541
0.000000,0.051035,2.062023,2.061964
0.000000,0.043583,2.061970,2.062023
0.000000,0.023747,2.061432,2.061970
0.000000,0.018531,2.061308,2.061432
0.000000,0.044435,2.061323,2.061308
0.000000,0.017837,2.060964,2.061323
0.040266,0.031449,2.048664,2.060964
0.034605,0.017848,2.046638,2.048664
0.034605,0.019868,2.046221,2.046638
0.047164,0.016488,2.046866,2.046221
0.042851,0.017150,2.048953,2.046866
0.048260,0.029806,2.051746,2.048953
0.052470,0.011466,2.053898,2.051746
0.045045,0.019905,2.055412,2.053898
0.034685,0.034029,2.057824,2.055412
0.059763,0.051400,2.059926,2.057824
0.050262,0.025947,2.060930,2.059926
0.066132,0.015582,2.061652,2.060930
0.070404,0.029138,2.061049,2.061652
0.059529,0.035458,2.060182,2.061049
0.061355,0.066990,2.059522,2.060182
0.063330,0.040951,2.059062,2.059522
0.049845,0.009871,2.059078,2.059062
0.043958,0.018086,2.059379,2.059078
0.044139,0.034461,2.059351,2.059379
0.037615,0.027549,2.058794,2.059351
0.039077,0.072248,2.057431,2.058794
0.047324,0.009517,2.055239,2.057431
0.164175,0.016817,2.036269,2.055239
0.234656,0.061915,2.008139,2.036269
0.129805,0.101066,1.963725,2.008139
0.093132,0.184578,1.871426,1.963725
0.121192,0.285582,1.762145,1.871426
0.370985,0.436943,1.643570,1.762145
0.484991,0.458715,1.532457,1.643570
0.536757,0.563247,1.462147,1.532457
0.541021,0.693411,1.395510,1.462147
0.575408,0.648516,1.293931,1.395510
0.610021,0.762169,1.178111,1.293931
0.660208,0.887955,1.033072,1.178111
0.587235,0.827039,0.844998,1.033072
0.495582,0.837325,0.695709,0.844998
0.726264,0.997213,0.559262,0.695709
1.104161,0.800942,0.424194,0.559262
0.864281,0.801681,0.333287,0.424194
0.826817,0.949289,0.258666,0.333287
0.972542,0.762140,0.191357,0.258666
0.728792,0.767185,0.149508,0.191357
0.828302,0.935757,0.119631,0.149508
0.715731,0.811615,0.099612,0.119631
0.794052,0.804658,0.091537,0.099612
0.716172,0.898774,0.087901,0.091537
0.805588,0.813536,0.086620,0.087901
0.734515,0.840087,0.085834,0.086620
0.719346,0.950805,0.083593,0.085834
0.968504,0.817038,0.079778,0.083593
0.794119,0.827564,0.076285,0.079778
0.800473,0.990683,0.076359,0.076285
1.002633,0.826429,0.083408,0.076359
0.791198,0.808065,0.090175,0.083408
0.788974,0.992258,0.091703,0.090175
0.989733,0.840273,0.080981,0.091703
0.785531,0.864485,0.066022,0.080981
0.959240,0.972086,0.057759,0.066022
0.877147,0.824411,0.058099,0.057759
0.979225,0.807422,0.057523,0.058099
0.862167,0.991583,0.055273,0.057523
0.949745,0.795684,0.054717,0.055273
0.836245,0.817490,0.057070,0.054717
0.796051,0.998685,0.060524,0.057070
0.999201,0.805821,0.063300,0.060524
0.803342,0.884606,0.063889,0.063300
0.795757,1.002428,0.063302,0.063889
0.987452,0.825042,0.061953,0.063302
0.792106,0.813015,0.060846,0.061953
0.792665,0.974567,0.060076,0.060846
0.981808,0.787505,0.059639,0.060076
0.783551,0.839672,0.059775,0.059639
0.934047,0.990675,0.060425,0.059775
0.838654,0.795112,0.061256,0.060425
0.941782,0.827361,0.061872,0.061256
0.840127,0.976665,0.062684,0.061872
0.948768,0.835631,0.064081,0.062684
0.854898,0.837996,0.065637,0.064081
0.797836,0.982344,0.065541,0.065637
1.004357,0.822034,0.061972,0.065541
0.801809,0.827830,0.059700,0.061972
0.800238,0.962742,0.059709,0.059700
0.981708,0.829413,0.060745,0.059709
0.797831,0.837150,0.061801,0.060745
0.791836,1.000723,0.062554,0.061801
0.988650,0.792513,0.063247,0.062554
0.792014,0.851368,0.063980,0.063247
0.944692,0.935694,0.064225,0.063980
0.848184,0.837348,0.064634,0.064225
0.938194,0.807981,0.064606,0.064634
0.837450,1.014616,0.064486,0.064606
0.935586,0.818146,0.064353,0.064486
0.848983,0.847436,0.063928,0.064353
0.533094,1.015124,0.063533,0.063928
0.381655,0.821969,0.063183,0.063533
0.247224,0.815331,0.062560,0.063183
0.562611,1.000161,0.061517,0.062560
0.903227,0.832583,0.060385,0.061517
0.770766,0.852797,0.059542,0.060385
0.792218,0.981396,0.059026,0.059542
0.995318,0.825018,0.059125,0.059026
0.808049,0.833659,0.059674,0.059125
0.953961,0.994793,0.060461,0.059674
0.851278,0.834287,0.060838,0.060461
0.944637,0.823360,0.060076,0.060838
0.835245,0.949853,0.059697,0.060076
0.941005,0.790594,0.060412,0.059697
0.853481,0.822884,0.061573,0.060412
0.808642,0.988378,0.063007,0.061573
0.999140,0.809966,0.064363,0.063007
0.792354,0.833334,0.064941,0.064363
0.788442,1.017175,0.065043,0.064941
0.992853,0.827707,0.064454,0.065043
0.815825,0.853855,0.063459,0.064454
0.829537,0.988865,0.062104,0.063459
1.044000,0.773253,0.060423,0.062104
0.835230,0.841023,0.059112,0.060423
0.979812,0.991961,0.058366,0.059112
0.867406,0.832826,0.058601,0.058366
0.955920,0.823438,0.059430,0.058601
0.847430,0.982884,0.060790,0.059430
0.942244,0.800220,0.062862,0.060790
0.836036,1.017153,0.064353,0.062862
0.981360,0.971953,0.065908,0.064353
0.925626,0.865737,0.066675,0.065908
0.791647,0.936484,0.066848,0.066675
0.909948,0.818070,0.067980,0.066848
0.832460,0.878144,0.068403,0.067980
0.793911,0.983499,0.066509,0.068403
1.011477,0.813312,0.062211,0.066509
0.810099,0.859611,0.058535,0.062211
0.810608,1.013550,0.056104,0.058535
1.009915,0.816692,0.054832,0.056104
0.803215,1.021703,0.054704,0.054832
0.995927,0.984944,0.055500,0.054704
0.988218,0.833853,0.056871,0.055500
0.789649,0.974371,0.058240,0.056871
0.981996,0.811744,0.059818,0.058240
0.783659,0.850559,0.061033,0.059818
0.782784,0.988703,0.062125,0.061033
0.977200,0.815309,0.062876,0.062125
0.780903,0.803736,0.055123,0.062876
0.962588,0.970728,0.009884,0.055123
1.118659,0.787496,0.068366,0.009884
0.912643,0.802706,0.109889,0.068366
0.902596,0.838926,0.126784,0.109889
0.913195,0.668571,0.129044,0.126784
0.649572,0.636482,0.123331,0.129044
0.589711,0.712178,0.114153,0.123331
0.653196,0.526920,0.102503,0.114153
0.482535,0.569177,0.093740,0.102503
0.553618,0.554762,0.085488,0.093740
0.511704,0.414203,0.079830,0.085488
0.386897,0.446686,0.076022,0.079830
0.447886,0.378032,0.072492,0.076022
0.335304,0.343344,0.070122,0.072492
0.314553,0.313457,0.068311,0.070122
0.360343,0.274956,0.067078,0.068311
0.271091,0.259223,0.067489,0.067078
0.296066,0.281600,0.069424,0.067489
0.240331,0.240123,0.071061,0.069424
0.234970,0.171042,0.070621,0.071061
0.187048,0.170981,0.067377,0.070621
0.181941,0.176998,0.062167,0.067377
0.144778,0.120683,0.055445,0.062167
0.114364,0.136311,0.046788,0.055445
0.113397,0.095341,0.039953,0.046788
0.082936,0.081649,0.034165,0.039953
0.069709,0.097651,0.030742,0.034165
0.078601,0.050750,0.027991,0.030742
0.053856,0.053493,0.026347,0.027991
0.044705,0.069932,0.024888,0.026347
0.050096,0.012427,0.023268,0.024888
0.029349,0.022067,0.022176,0.023268
0.030164,0.032011,0.021085,0.022176
0.025145,0.029856,0.020242,0.021085
0.021454,0.053384,0.019686,0.020242
0.000000,0.001984,0.021568,0.019686
0.000000,0.019595,0.020679,0.021568
0.000000,0.004957,0.020207,0.020679
0.000000,0.032256,0.019945,0.020207
0.000000,0.028008,0.019852,0.019945
0.020470,0.035958,0.019982,0.019852
0.028014,0.002830,0.020185,0.019982
0.022909,0.025089,0.022653,0.020185
0.027397,0.032009,0.026662,0.022653
0.000000,0.019744,0.026067,0.026662
0.000000,0.027071,0.023971,0.026067
0.019797,0.043441,0.022561,0.023971
0.000000,0.000000,0.000000,0.000000
0.000000,0.021293,2.029255,0.000000
0.000000,0.024737,2.026081,2.029255
0.022801,0.035220,2.021594,2.026081
0.036319,0.038824,2.033632,2.021594
0.024692,0.030734,2.042486,2.033632
0.000000,0.050502,2.045450,2.042486
0.000000,0.040927,2.046233,2.045450
0.000000,0.045525,2.044643,2.046233
0.000000,0.024316,2.044515,2.044643
0.000000,0.016977,2.044909,2.044515
0.000000,0.054772,2.045277,2.044909
0.000000,0.045475,2.046189,2.045277
0.000000,0.029685,2.046939,2.046189
0.000000,0.064271,2.046634,2.046939
0.023608,0.028154,2.038810,2.046634
0.033237,0.020072,2.033552,2.038810
0.040433,0.026034,2.027565,2.033552
0.045702,0.016678,2.024010,2.027565
0.038769,0.054285,2.024016,2.024010
0.044263,0.023862,2.025856,2.024016
0.050477,0.047864,2.029914,2.025856
0.046234,0.031586,2.034295,2.029914
0.058936,0.052359,2.038247,2.034295
0.089641,0.007773,2.040799,2.038247
0.074618,0.042160,2.041013,2.040799
0.074616,0.018530,2.040363,2.041013
0.113301,0.039049,2.039235,2.040363
0.091682,0.033619,2.039641,2.039235
0.087968,0.015534,2.042584,2.039641
0.100907,0.046706,2.047074,2.042584
0.066045,0.048243,2.049042,2.047074
0.071440,0.004087,2.049453,2.049042
0.064472,0.030233,2.047738,2.049453
0.048624,0.038854,2.044868,2.047738
0.050847,0.024565,2.042569,2.044868
0.039784,0.007269,2.041995,2.042569
0.151135,0.014989,2.025178,2.041995
0.150486,0.080472,1.999592,2.025178
0.146173,0.125122,1.943821,1.999592
0.048884,0.159144,1.864999,1.943821
0.084624,0.335836,1.758082,1.864999
0.328177,0.389987,1.624324,1.758082
0.367468,0.452773,1.528730,1.624324
0.478427,0.656700,1.452075,1.528730
0.605496,0.599976,1.373361,1.452075
0.453815,0.658344,1.288438,1.373361
0.545609,0.862620,1.172175,1.288438
0.792532,0.774733,1.001933,1.172175
0.573220,0.817724,0.845175,1.001933
0.584167,0.969565,0.690940,0.845175
1.101530,0.812205,0.531462,0.690940
0.941849,0.813700,0.419618,0.531462
0.890095,0.981213,0.325908,0.419618
1.053435,0.765261,0.241470,0.325908
0.796308,0.842499,0.187176,0.241470
0.745149,0.920342,0.145542,0.187176
0.871925,0.778929,0.113441,0.145542
0.671732,0.779000,0.097733,0.113441
0.788118,0.934188,0.089747,0.097733
0.830129,0.783981,0.087496,0.089747
0.677176,0.828653,0.087995,0.087496
0.739603,0.956548,0.087168,0.087995
0.924752,0.803218,0.082064,0.087168
0.772485,0.828925,0.076320,0.082064
0.775160,0.998630,0.071003,0.076320
1.022107,0.805145,0.069408,0.071003
0.812361,0.817425,0.072226,0.069408
0.804143,0.976449,0.075048,0.072226
1.003330,0.801260,0.072595,0.075048
0.794900,0.838780,0.064432,0.072595
0.788362,1.004955,0.058517,0.064432
0.978977,0.823014,0.060386,0.058517
0.781371,0.852075,0.062910,0.060386
0.948167,0.968359,0.062406,0.062910
1.014380,0.989067,0.060855,0.062406
1.006598,0.981157,0.060647,0.060855
0.849021,0.806850,0.061123,0.060647
0.940558,0.844094,0.061178,0.061123
0.844773,0.990442,0.060894,0.061178
0.946119,0.798766,0.060325,0.060894
0.845828,0.863757,0.059795,0.060325
0.795451,0.983051,0.059285,0.059795
0.993752,0.818320,0.058368,0.059285
0.791811,0.824642,0.057746,0.058368
0.789713,0.988962,0.057799,0.057746
0.988284,0.819117,0.059091,0.057799
0.791251,0.984812,0.060251,0.059091
0.997177,0.968167,0.062111,0.060251
0.978290,0.852281,0.064370,0.062111
0.794602,0.997326,0.066656,0.064370
1.002160,0.812305,0.070448,0.066656
0.806854,0.809855,0.073336,0.070448
0.799062,0.993408,0.073042,0.073336
0.988132,0.835177,0.067047,0.073042
0.786716,0.848141,0.062839,0.067047
0.930936,0.961002,0.063365,0.062839
0.977563,0.837491,0.065240,0.063365
0.788465,0.998698,0.065273,0.065240
0.999009,0.991365,0.063584,0.065273
1.001610,0.847243,0.061849,0.063584
0.851427,0.976158,0.060889,0.061849
0.948684,0.801533,0.059740,0.060889
0.866407,0.850128,0.059114,0.059740
0.806830,0.983038,0.058819,0.059114
1.002315,0.817872,0.058196,0.058819
0.795750,0.814956,0.057823,0.058196
0.802234,0.966069,0.057997,0.057823
0.997779,0.799156,0.059168,0.057997
0.791354,0.823473,0.060969,0.059168
0.785232,1.010702,0.063106,0.060969
0.980064,0.837861,0.064863,0.063106
0.788611,0.859693,0.065579,0.064863
0.945260,0.942905,0.066050,0.065579
0.843502,0.797071,0.066074,0.066050
0.948473,0.840093,0.065980,0.066074
0.848189,1.018418,0.065840,0.065980
0.953385,0.802470,0.064816,0.065840
0.859565,0.815817,0.063727,0.064816
0.804197,0.966871,0.062934,0.063727
0.998478,0.809244,0.062748,0.062934
0.797423,0.841241,0.062773,0.062748
0.792074,0.975563,0.063186,0.062773
0.976316,0.848745,0.063854,0.063186
0.783075,0.857215,0.064163,0.063854
0.790337,1.004297,0.064088,0.064163
0.991797,0.818183,0.063248,0.064088
0.809526,0.860013,0.062256,0.063248
0.984314,0.974656,0.061095,0.062256
0.894321,0.848313,0.059485,0.061095
0.991261,0.838773,0.057932,0.059485
0.879380,0.965941,0.056764,0.057932
0.975817,0.813737,0.056159,0.056764
0.859545,0.816989,0.056031,0.056159
0.801944,1.006961,0.056256,0.056031
0.993520,0.828661,0.056791,0.056256
0.790548,0.830452,0.057645,0.056791
0.786428,0.965463,0.059360,0.057645
0.984155,0.807753,0.061933,0.059360
0.747487,0.843833,0.064066,0.061933
0.747047,0.957190,0.066292,0.064066
0.962553,0.823248,0.068738,0.066292
0.781581,0.843674,0.069675,0.068738
0.938614,0.945563,0.069173,0.069675
0.852622,0.846186,0.067288,0.069173
0.950118,0.842977,0.065668,0.067288
0.851456,0.980242,0.064385,0.065668
0.955894,0.831254,0.062701,0.064385
0.857798,0.840731,0.061439,0.062701
0.807453,0.988613,0.060255,0.061439
1.007244,0.826215,0.059093,0.060255
0.804964,0.834872,0.058454,0.059093
0.802533,0.969254,0.058346,0.058454
0.996771,0.845389,0.058617,0.058346
0.796793,0.995464,0.059212,0.058617
0.994787,0.976447,0.060131,0.059212
1.006275,0.850036,0.029425,0.060131
0.867746,0.961456,0.031937,0.029425
1.173877,0.800500,0.098779,0.031937
0.885326,0.774000,0.122844,0.098779
0.799809,0.820001,0.129678,0.122844
0.859063,0.656626,0.126099,0.129678
0.620678,0.613030,0.118640,0.126099
0.666488,0.641218,0.109516,0.118640
0.633429,0.488124,0.099164,0.109516
0.469800,0.521768,0.091487,0.099164
0.457341,0.494798,0.085190,0.091487
0.497534,0.403267,0.079882,0.085190
0.373864,0.365655,0.076471,0.079882
0.353026,0.425568,0.073592,0.076471
0.405992,0.304025,0.070772,0.073592
0.303568,0.316801,0.068762,0.070772
0.280318,0.286700,0.066916,0.068762
0.317827,0.242182,0.066362,0.066916
0.235863,0.192282,0.066636,0.066362
0.217425,0.241950,0.067059,0.066636
0.242282,0.145074,0.066251,0.067059
0.171101,0.165836,0.062643,0.066251
0.171218,0.197256,0.056248,0.062643
0.151946,0.106664,0.048680,0.056248
0.103818,0.108701,0.040790,0.048680
0.097055,0.095897,0.034220,0.040790
0.097353,0.085641,0.027531,0.034220
0.088951,0.086578,0.023377,0.027531
0.073232,0.066891,0.020164,0.023377
0.059651,0.049635,0.018259,0.020164
0.072292,0.044594,0.016772,0.018259
0.062209,0.022779,0.015847,0.016772
0.048496,0.072804,0.015324,0.015847
0.051817,0.023297,0.014954,0.015324
0.035630,0.037490,0.014896,0.014954
0.000000,0.032450,0.013970,0.014896
0.000000,0.012604,0.012713,0.013970
0.000000,0.012192,0.012407,0.012713
0.000000,0.034380,0.013153,0.012407
0.016598,0.043709,0.013477,0.013153
0.024379,0.028055,0.015048,0.013477
0.000000,0.015989,0.011527,0.015048
0.000000,0.000000,0.000000,0.000000
0.000000,0.008126,2.019919,0.000000
0.026318,0.037229,2.007374,2.019919
0.024088,0.042767,2.008016,2.007374
0.021827,0.052682,2.014173,2.008016
0.000000,0.036508,2.032786,2.014173
0.017203,0.012364,2.054269,2.032786
0.024998,0.013682,2.054647,2.054269
0.018580,0.021209,2.052054,2.054647
0.000000,0.013039,2.048125,2.052054
0.000000,0.036116,2.044088,2.048125
0.000000,0.021011,2.041848,2.044088
0.000000,0.055427,2.039943,2.041848
0.000000,0.009206,2.038169,2.039943
0.000000,0.045355,2.037473,2.038169
0.000000,0.016017,2.037609,2.037473
0.000000,0.023393,2.037242,2.037609
0.000000,0.023041,2.035427,2.037242
0.000000,0.013139,2.032328,2.035427
0.022089,0.041287,2.028111,2.032328
0.030170,0.030779,2.024333,2.028111
0.046816,0.019606,2.031963,2.024333
0.051644,0.011119,2.033265,2.031963
0.061897,0.039803,2.033294,2.033265
0.077915,0.050508,2.032008,2.033294
0.066602,0.031449,2.031106,2.032008
0.069637,0.065480,2.031777,2.031106
0.089249,0.044557,2.033864,2.031777
0.068596,0.066219,2.035959,2.033864
0.076245,0.027209,2.038009,2.035959
0.068281,0.021118,2.039135,2.038009
0.068491,0.014614,2.038854,2.039135
0.057615,0.025887,2.037794,2.038854
0.065635,0.043339,2.035728,2.037794
0.051356,0.033565,2.034405,2.035728
0.057047,0.051243,2.033949,2.034405
0.067600,0.017832,2.033161,2.033949
0.049641,0.031272,2.031414,2.033161
0.104688,0.045667,2.025707,2.031414
0.140021,0.020180,2.012444,2.025707
0.171649,0.053237,1.985705,2.012444
0.197282,0.108230,1.934548,1.985705
0.075734,0.174191,1.865297,1.934548
0.080493,0.294728,1.765618,1.865297
0.305328,0.338095,1.636913,1.765618
0.349779,0.425968,1.546855,1.636913
0.360674,0.615942,1.473726,1.546855
0.592927,0.590222,1.392759,1.473726
0.442273,0.644185,1.308452,1.392759
0.539805,0.832851,1.192687,1.308452
0.583496,0.762887,1.023633,1.192687
0.487489,0.817125,0.865800,1.023633
0.713506,0.976958,0.709970,0.865800
1.194554,0.785901,0.551437,0.709970
0.950534,0.854789,0.438179,0.551437
0.882992,0.913783,0.341537,0.438179
0.982174,0.780316,0.254502,0.341537
0.734320,0.817641,0.201775,0.254502
0.699919,0.913566,0.162206,0.201775
0.845445,0.809388,0.126981,0.162206
0.668780,0.763922,0.104512,0.126981
0.665231,0.929573,0.089919,0.104512
0.837346,0.797879,0.083758,0.089919
0.691213,0.817850,0.083990,0.083758
0.849265,0.986158,0.084520,0.083990
0.953538,0.809702,0.081234,0.084520
0.790741,0.777151,0.075269,0.081234
0.861355,0.966697,0.069459,0.075269
1.016891,0.801107,0.065968,0.069459
0.808551,0.855056,0.070168,0.065968
0.796159,0.994074,0.077957,0.070168
0.996472,0.826203,0.083425,0.077957
0.798862,0.815141,0.079183,0.083425
0.793745,0.965284,0.068183,0.079183
0.979273,0.834061,0.060505,0.068183
0.785548,0.851890,0.061469,0.060505
0.781344,1.003408,0.062296,0.061469
1.010947,0.768339,0.061180,0.062296
0.805449,0.836289,0.059693,0.061180
0.948622,0.959307,0.059377,0.059693
0.994510,0.823129,0.060659,0.059377
0.796028,0.850798,0.061776,0.060659
0.855013,1.013744,0.062475,0.061776
1.011770,0.994252,0.062475,0.062475
1.003208,0.982283,0.062074,0.062475
0.941877,0.840318,0.061615,0.062074
0.836541,0.856906,0.061370,0.061615
0.774510,0.939991,0.060923,0.061370
0.976841,0.803831,0.060326,0.060923
0.780567,0.846696,0.060049,0.060326
0.779503,0.950254,0.060061,0.060049
0.983174,0.812469,0.060861,0.060061
0.784416,0.851160,0.062148,0.060861
0.786389,0.988409,0.064428,0.062148
0.992655,0.829077,0.068340,0.064428
0.798025,0.848823,0.070476,0.068340
0.957501,0.980210,0.068735,0.070476
0.848825,0.794255,0.064342,0.068735
0.925750,0.837754,0.063299,0.064342
0.828958,0.999255,0.063806,0.063299
0.943530,0.825006,0.063737,0.063806
0.844417,1.026736,0.062468,0.063737
1.011277,0.976618,0.060428,0.062468
0.956937,0.848028,0.058738,0.060428
0.859246,1.015303,0.057889,0.058738
1.003017,0.851187,0.057698,0.057889
0.799027,0.796758,0.057732,0.057698
0.796878,0.987218,0.057837,0.057732
0.999612,0.824520,0.058219,0.057837
0.800312,0.836548,0.058884,0.058219
0.798380,0.971078,0.059841,0.058884
0.988183,0.800586,0.060801,0.059841
0.795081,0.853504,0.061101,0.060801
0.801709,0.959972,0.061000,0.061101
0.996407,1.021685,0.060767,0.061000
0.996382,0.960115,0.060805,0.060767
0.992009,0.828785,0.061233,0.060805
0.794195,0.828492,0.061161,0.061233
0.953521,0.986334,0.060797,0.061161
0.850331,0.826932,0.060273,0.060797
0.951254,0.840604,0.059705,0.060273
0.846743,0.983150,0.058964,0.059705
0.944906,0.771814,0.058406,0.058964
0.863399,1.015763,0.058676,0.058406
1.022570,0.998729,0.059571,0.058676
0.974140,0.828661,0.060577,0.059571
0.867459,0.987380,0.061152,0.060577
0.997359,0.993906,0.061333,0.061152
1.010113,0.975440,0.061378,0.061333
0.968157,0.839329,0.061522,0.061378
0.871105,0.841360,0.062097,0.061522
0.821298,0.951930,0.062832,0.062097
1.025852,0.816641,0.062581,0.062832
0.816224,0.832640,0.062348,0.062581
0.808027,0.973468,0.062498,0.062348
1.004113,0.803499,0.063047,0.062498
0.797617,0.846198,0.063633,0.063047
0.794147,0.962914,0.064381,0.063633
0.991279,0.786669,0.064936,0.064381
0.795076,0.842837,0.065079,0.064936
0.943558,0.980178,0.065154,0.065079
0.800919,0.806710,0.065098,0.065154
0.904642,0.843412,0.065883,0.065098
0.830319,0.997209,0.066526,0.065883
0.941664,0.829983,0.066080,0.066526
0.849079,0.847920,0.064720,0.066080
0.806082,1.012420,0.063273,0.064720
1.004584,0.815125,0.061615,0.063273
0.805162,0.836593,0.059979,0.061615
0.805426,1.012929,0.058345,0.059979
1.011360,0.842980,0.057048,0.058345
0.804733,0.819497,0.056682,0.057048
0.798578,0.970876,0.057112,0.056682
0.996264,0.844732,0.058385,0.057112
0.797705,0.878196,0.059747,0.058385
0.938115,1.002875,0.060769,0.059747
0.840151,0.807138,0.061480,0.060769
0.941751,0.804537,0.061207,0.061480
0.852517,0.959850,0.035127,0.061207
1.028027,0.812601,0.035971,0.035127
0.995198,0.968123,0.092215,0.035971
1.090137,0.883803,0.122634,0.092215
0.910282,0.705481,0.129878,0.122634
0.717607,0.730703,0.127136,0.129878
0.744422,0.582063,0.118716,0.127136
0.544243,0.579084,0.109908,0.118716
0.499393,0.626470,0.100714,0.109908
0.568511,0.465787,0.091093,0.100714
0.424561,0.410175,0.084710,0.091093
0.396580,0.488205,0.080050,0.084710
0.463670,0.374739,0.076828,0.080050
0.351123,0.346983,0.075288,0.076828
0.330882,0.375181,0.073983,0.075288
0.375236,0.288907,0.072396,0.073983
0.277611,0.246450,0.070913,0.072396
0.300169,0.272506,0.070918,0.070913
0.283159,0.233586,0.070885,0.070918
0.250387,0.201390,0.068206,0.070885
0.185148,0.183903,0.064904,0.068206
0.167015,0.168375,0.059647,0.064904
0.128570,0.133859,0.053398,0.059647
0.126002,0.127122,0.044918,0.053398
0.098558,0.116963,0.039211,0.044918
0.102460,0.122880,0.033634,0.039211
0.088751,0.079317,0.030415,0.033634
0.078847,0.055252,0.028636,0.030415
0.087658,0.077823,0.027278,0.028636
0.064604,0.051690,0.026431,0.027278
0.059297,0.052859,0.025752,0.026431
0.055513,0.044949,0.025179,0.025752
0.044266,0.016542,0.024415,0.025179
0.038218,0.041078,0.023691,0.024415
0.028809,0.010651,0.023178,0.023691
0.000000,0.023663,0.022653,0.023178
0.000000,0.020610,0.021868,0.022653
0.000000,0.015419,0.021307,0.021868
0.019242,0.015092,0.021699,0.021307
0.018747,0.023740,0.022863,0.021699
0.025957,0.036003,0.023863,0.022863
0.000000,0.000000,0.000000,0.000000
0.000000,0.036494,2.029150,0.000000
0.021452,0.020138,2.025664,2.029150
0.024401,0.037304,2.011193,2.025664
0.026805,0.044041,2.001615,2.011193
0.030852,0.031065,1.997636,2.001615
0.000000,0.020320,1.971755,1.997636
0.000000,0.037568,1.970779,1.971755
0.000000,0.010330,1.969783,1.970779
0.000000,0.009140,1.967826,1.969783
0.035400,0.024035,1.966681,1.967826
0.032464,0.032921,1.966875,1.966681
0.040524,0.010452,1.967064,1.966875
0.054070,0.023164,1.967178,1.967064
0.056128,0.023222,1.967728,1.967178
0.063482,0.026462,1.969194,1.967728
0.073386,0.017066,1.971503,1.969194
0.046644,0.029721,1.967223,1.971503
0.067878,0.028212,1.965715,1.967223
0.090837,0.044064,1.951115,1.965715
0.171706,0.059285,1.918985,1.951115
0.154019,0.100679,1.875031,1.918985
0.085541,0.174097,1.814462,1.875031
0.111852,0.255037,1.713787,1.814462
0.251873,0.324971,1.612227,1.713787
0.442765,0.523510,1.515215,1.612227
0.629216,0.476945,1.419856,1.515215
0.551271,0.587442,1.347656,1.419856
0.547225,0.741067,1.261033,1.347656
0.736259,0.685658,1.124844,1.261033
0.771895,0.771083,0.984217,1.124844
0.596748,0.984237,0.826624,0.984217
0.990005,0.800649,0.651945,0.826624
0.876493,0.843837,0.523529,0.651945
0.955429,0.966942,0.409595,0.523529
1.124918,0.933862,0.300932,0.409595
1.049263,0.901570,0.216991,0.300932
0.973244,0.742222,0.161785,0.216991
0.733818,0.818084,0.132597,0.161785
0.821853,0.944405,0.112276,0.132597
0.706361,0.750532,0.096311,0.112276
0.786161,0.779815,0.088646,0.096311
0.716586,0.929934,0.086769,0.088646
0.816187,0.835727,0.088064,0.086769
0.752401,0.974468,0.087292,0.088064
0.952761,0.960562,0.081452,0.087292
0.943122,0.872395,0.072284,0.081452
0.864385,0.993096,0.065934,0.072284
1.026058,0.815569,0.063287,0.065934
0.813345,0.849495,0.065389,0.063287
0.804161,0.944211,0.069565,0.065389
1.008936,0.815239,0.068820,0.069565
0.803394,0.833247,0.062402,0.068820
0.795768,1.019769,0.057899,0.062402
0.986707,0.816581,0.058609,0.057899
0.786774,0.990909,0.059812,0.058609
0.967012,0.976835,0.060127,0.059812
0.977522,0.848949,0.060722,0.060127
0.781401,0.979383,0.062065,0.060722
0.978435,0.853902,0.063530,0.062065
0.788965,0.843590,0.063529,0.063530
0.942749,0.998227,0.062467,0.063529
0.845670,0.839782,0.060715,0.062467
0.946673,0.824149,0.058941,0.060715
0.848140,0.969868,0.057494,0.058941
0.946776,0.823027,0.056707,0.057494
0.833127,0.833351,0.057350,0.056707
0.779340,0.990714,0.058148,0.057350
0.977931,0.805378,0.059594,0.058148
0.779056,0.823507,0.061158,0.059594
0.784215,0.976926,0.063072,0.061158
0.979673,0.818747,0.065972,0.063072
0.785643,0.836382,0.069150,0.065972
0.786319,0.972979,0.073522,0.069150
0.985181,0.794143,0.078516,0.073522
0.786551,0.835990,0.079322,0.078516
0.931992,1.006142,0.073678,0.079322
0.836900,0.820954,0.064130,0.073678
0.914266,0.811861,0.061626,0.064130
0.823797,0.974415,0.063582,0.061626
0.926347,0.809814,0.065121,0.063582
0.827690,0.858963,0.064110,0.065121
0.778424,0.989158,0.062943,0.064110
0.579695,0.828290,0.062480,0.062943
0.196893,0.816648,0.062439,0.062480
0.082731,0.997889,0.062221,0.062439
0.274014,0.823905,0.061382,0.062221
0.488822,0.836556,0.060990,0.061382
0.658558,0.982517,0.060810,0.060990
0.935924,0.848533,0.060341,0.060810
0.775626,0.814072,0.060177,0.060341
0.933905,0.973010,0.060746,0.060177
0.838638,0.842061,0.061883,0.060746
0.941226,0.814522,0.062798,0.061883
0.846495,0.980254,0.063774,0.062798
0.946391,0.807892,0.064996,0.063774
0.845119,0.833181,0.065143,0.064996
0.800637,1.007961,0.064851,0.065143
0.998705,0.824596,0.064427,0.064851
0.801008,0.792003,0.064176,0.064427
0.810034,0.976682,0.062734,0.064176
0.998452,0.846895,0.061116,0.062734
0.798090,0.847429,0.060907,0.061116
0.802335,0.978468,0.061202,0.060907
1.008388,0.843798,0.061395,0.061202
0.812488,0.838229,0.061104,0.061395
0.967364,0.959321,0.060325,0.061104
0.855001,0.806746,0.059484,0.060325
0.946684,0.859353,0.059186,0.059484
0.832398,0.956915,0.059449,0.059186
0.951392,0.812670,0.060556,0.059449
0.864437,0.978517,0.061887,0.060556
1.017675,0.996466,0.063158,0.061887
0.963313,0.812033,0.064128,0.063158
0.856841,0.986632,0.064371,0.064128
1.001128,0.826127,0.064234,0.064371
0.797395,0.875489,0.064136,0.064234
0.792954,0.980833,0.064314,0.064136
0.986863,0.815773,0.064503,0.064314
0.790713,0.825035,0.064438,0.064503
0.794515,0.995291,0.064549,0.064438
0.952822,0.854384,0.064652,0.064549
0.756008,0.985890,0.064779,0.064652
0.974917,0.986042,0.064718,0.064779
0.979338,0.855698,0.063898,0.064718
0.795180,1.006572,0.062783,0.063898
0.996721,0.827322,0.061321,0.062783
0.799465,0.833123,0.060062,0.061321
0.949836,0.967944,0.058804,0.060062
0.849353,0.826593,0.057906,0.058804
0.952180,0.853449,0.057322,0.057906
0.848050,0.986714,0.057046,0.057322
0.945157,0.826297,0.057353,0.057046
0.841114,0.832462,0.058122,0.057353
0.790532,0.975296,0.059061,0.058122
0.986514,0.814942,0.060174,0.059061
0.788298,0.823794,0.060669,0.060174
0.787881,0.994034,0.060494,0.060669
1.006337,0.824369,0.028463,0.060494
0.872777,0.814358,0.031862,0.028463
0.913926,0.937488,0.091069,0.031862
1.101671,0.731951,0.122487,0.091069
0.788562,0.714364,0.130331,0.122487
0.820939,0.800662,0.129332,0.130331
0.651733,0.542644,0.121571,0.129332
0.657232,0.576358,0.112094,0.121571
0.525708,0.609836,0.101439,0.112094
0.541854,0.489507,0.089962,0.101439
0.442876,0.433656,0.082094,0.089962
0.389992,0.483147,0.075615,0.082094
0.455165,0.384213,0.069860,0.075615
0.343163,0.328208,0.066499,0.069860
0.324914,0.378241,0.064348,0.066499
0.381466,0.304196,0.063289,0.064348
0.286013,0.282482,0.063236,0.063289
0.269491,0.303885,0.064435,0.063236
0.308593,0.183105,0.067380,0.064435
0.225164,0.223201,0.069483,0.067380
0.237840,0.235991,0.069760,0.069483
0.187747,0.157560,0.066790,0.069760
0.178614,0.153971,0.060816,0.066790
0.134998,0.108853,0.054378,0.060816
0.134111,0.099128,0.045958,0.054378
0.094992,0.102148,0.041131,0.045958
0.093411,0.098597,0.034193,0.041131
0.073840,0.068219,0.029840,0.034193
0.061647,0.076381,0.026709,0.029840
0.057860,0.045569,0.023474,0.026709
0.041681,0.067458,0.021154,0.023474
0.033091,0.027526,0.019179,0.021154
0.034748,0.031710,0.017573,0.019179
0.022684,0.031862,0.016651,0.017573
0.021715,0.027124,0.016209,0.016651
0.025178,0.023222,0.016137,0.016209
0.019367,0.037586,0.016163,0.016137
0.000000,0.020620,0.019342,0.016163
0.000000,0.011272,0.018147,0.019342
0.000000,0.025770,0.018243,0.018147
0.017578,0.029910,0.019339,0.018243
0.023254,0.024074,0.020213,0.019339
0.000000,0.000000,0.000000,0.000000
0.000000,0.015449,2.027220,0.000000
0.019322,0.014535,2.013944,2.027220
0.030286,0.054715,1.998555,2.013944
0.035390,0.040691,1.991444,1.998555
0.022968,0.045269,1.996107,1.991444
0.000000,0.038831,1.994878,1.996107
0.000000,0.036357,1.982240,1.994878
0.000000,0.016534,1.982466,1.982240
0.000000,0.023730,1.981764,1.982466
0.000000,0.015441,1.979377,1.981764
0.046312,0.024283,1.973428,1.979377
0.043867,0.038145,1.973805,1.973428
0.080327,0.035901,1.974628,1.973805
0.074556,0.021071,1.975937,1.974628
0.088008,0.016546,1.978582,1.975937
0.157250,0.060980,1.980489,1.978582
0.088618,0.016794,1.981852,1.980489
0.085303,0.033876,1.982706,1.981852
0.060365,0.046941,1.982566,1.982706
0.061325,0.036128,1.981179,1.982566
0.054671,0.017087,1.978168,1.981179
0.045742,0.026481,1.975770,1.978168
0.054691,0.030513,1.974283,1.975770
0.061334,0.021862,1.973678,1.974283
0.158122,0.042896,1.932199,1.973678
0.125249,0.069031,1.891173,1.932199
0.072970,0.184501,1.833585,1.891173
0.100812,0.273427,1.731200,1.833585
0.290867,0.411428,1.604789,1.731200
0.453767,0.410503,1.493000,1.604789
0.399494,0.619568,1.414696,1.493000
0.641501,0.734271,1.329063,1.414696
0.589145,0.672811,1.223745,1.329063
0.493361,0.840207,1.099901,1.223745
0.819945,0.764387,0.926808,1.099901
0.513252,0.821887,0.773273,0.926808
0.704096,0.997226,0.626565,0.773273
1.183971,0.800977,0.477392,0.626565
0.936026,0.867012,0.372585,0.477392
0.873996,0.954055,0.286106,0.372585
1.005724,0.787624,0.209094,0.286106
0.762217,0.794423,0.163038,0.209094
0.855565,0.945980,0.130266,0.163038
0.862084,0.779345,0.105524,0.130266
0.680679,0.808286,0.092679,0.105524
0.710890,0.924499,0.085345,0.092679
0.858486,0.788868,0.082146,0.085345
0.674352,0.819909,0.081842,0.082146
0.699563,0.951632,0.082199,0.081842
0.946453,0.815626,0.081608,0.082199
0.779912,0.815028,0.079018,0.081608
0.800980,1.004892,0.076969,0.079018
0.996643,0.793807,0.080641,0.076969
0.796046,0.845628,0.089329,0.080641
0.786236,0.985748,0.099344,0.089329
0.978541,0.840034,0.103627,0.099344
0.774047,0.840144,0.095235,0.103627
0.920039,0.978131,0.076742,0.095235
0.984058,0.805541,0.060881,0.076742
0.812557,1.006141,0.061378,0.060881
1.011076,0.972164,0.063357,0.061378
0.992809,0.843211,0.059465,0.063357
0.838553,0.983220,0.056373,0.059465
0.936904,0.818839,0.057336,0.056373
0.835482,0.851717,0.060284,0.057336
0.782825,1.005688,0.062955,0.060284
0.981313,0.811416,0.064364,0.062955
0.785527,0.840240,0.064117,0.064364
0.789320,0.979114,0.063161,0.064117
0.983245,0.813733,0.061763,0.063161
0.784039,0.984919,0.060828,0.061763
0.975252,0.976751,0.060675,0.060828
0.972445,0.840541,0.061017,0.060675
0.782826,0.980795,0.061915,0.061017
0.975988,1.002665,0.063801,0.061915
0.981322,1.017715,0.065935,0.063801
0.992796,0.807976,0.068044,0.065935
0.795075,0.982751,0.070269,0.068044
0.997490,0.954070,0.071128,0.070269
0.990903,0.834576,0.065992,0.071128
0.794753,0.962505,0.060166,0.065992
0.978631,0.820045,0.059492,0.060166
0.773958,0.873549,0.061468,0.059492
0.775141,1.011713,0.062537,0.061468
0.982860,0.819299,0.062030,0.062537
0.790811,0.817601,0.061120,0.062030
0.943846,0.954856,0.060345,0.061120
0.991735,0.835439,0.060027,0.060345
0.798589,0.965171,0.060253,0.060027
0.990147,0.979617,0.061061,0.060253
0.992407,0.823618,0.062633,0.061061
0.842722,1.005374,0.064041,0.062633
0.937158,0.825170,0.064470,0.064041
0.840971,0.820407,0.063798,0.064470
0.793807,0.971004,0.062609,0.063798
0.998287,0.824700,0.061231,0.062609
0.802442,0.841399,0.060281,0.061231
0.801997,0.961970,0.059623,0.060281
1.000215,0.814179,0.059365,0.059623
0.801335,0.832079,0.059780,0.059365
0.790987,1.006536,0.060755,0.059780
0.996807,0.842849,0.062025,0.060755
0.797851,0.851197,0.062454,0.062025
0.952803,0.950280,0.062070,0.062454
0.849572,0.852740,0.061340,0.062070
0.941553,0.852803,0.061128,0.061340
0.855310,0.986368,0.060835,0.061128
0.976023,0.853021,0.060422,0.060835
0.869844,0.854510,0.059951,0.060422
0.806600,0.978435,0.059347,0.059951
0.990051,0.789568,0.058916,0.059347
0.799764,0.830803,0.059057,0.058916
0.817818,0.959716,0.059625,0.059057
1.037406,0.839399,0.060521,0.059625
0.827083,0.828556,0.060929,0.060521
0.822417,1.005354,0.060895,0.060929
1.025012,0.789526,0.060718,0.060895
0.817620,0.828935,0.060383,0.060718
0.963290,0.964819,0.059904,0.060383
0.853487,0.795111,0.059638,0.059904
0.942777,1.028227,0.059916,0.059638
0.982739,0.959266,0.060787,0.059916
0.833265,0.874303,0.061480,0.060787
0.940005,0.961278,0.062283,0.061480
0.955113,0.830070,0.062979,0.062283
0.749692,0.804730,0.063673,0.062979
0.816237,0.994359,0.064582,0.063673
0.980948,0.850264,0.065176,0.064582
0.794293,0.847652,0.064905,0.065176
0.798522,0.994966,0.064048,0.064905
0.996308,0.817708,0.062259,0.064048
0.802454,0.841625,0.060155,0.062259
0.801346,0.983234,0.058043,0.060155
1.006180,0.816013,0.056249,0.058043
0.803053,0.880454,0.055600,0.056249
0.796664,0.964262,0.055688,0.055600
0.991459,0.816880,0.056177,0.055688
0.789206,0.831745,0.056706,0.056177
0.937468,0.946727,0.057505,0.056706
0.982811,0.832354,0.058805,0.057505
0.784984,1.006165,0.060346,0.058805
0.972443,0.952642,0.045783,0.060346
1.044758,0.818997,0.018860,0.045783
0.977924,0.964561,0.079808,0.018860
1.043095,0.744868,0.114156,0.079808
0.844115,0.727781,0.123667,0.114156
0.707520,0.780910,0.124354,0.123667
0.772992,0.607674,0.118948,0.124354
0.563972,0.571434,0.111716,0.118948
0.522038,0.624790,0.103086,0.111716
0.590861,0.494348,0.093117,0.103086
0.441253,0.561934,0.085743,0.093117
0.504924,0.466470,0.079085,0.085743
0.468904,0.415919,0.075526,0.079085
0.439541,0.394385,0.074266,0.075526
0.412299,0.316421,0.074524,0.074266
0.308486,0.334395,0.075620,0.074524
0.351598,0.279060,0.076765,0.075620
0.259384,0.248164,0.078305,0.076765
0.238077,0.260405,0.078103,0.078305
0.256095,0.188239,0.075686,0.078103
0.185459,0.187396,0.073975,0.075686
0.189539,0.184470,0.069830,0.073975
0.131075,0.135291,0.062123,0.069830
0.119801,0.134109,0.055427,0.062123
0.093472,0.114980,0.049450,0.055427
0.091939,0.094214,0.044234,0.049450
0.065567,0.089710,0.041823,0.044234
0.065083,0.065342,0.039606,0.041823
0.066555,0.053539,0.037974,0.039606
0.058534,0.042861,0.036923,0.037974
0.056069,0.039937,0.036030,0.036923
0.037082,0.040838,0.035525,0.036030
0.030701,0.053041,0.035051,0.035525
0.030981,0.018492,0.034561,0.035051
0.023897,0.035630,0.034279,0.034561
0.020927,0.015194,0.033991,0.034279
0.016241,0.025317,0.037237,0.033991
0.026399,0.027639,0.036361,0.037237
0.024825,0.035393,0.035844,0.036361
0.032306,0.032133,0.035905,0.035844
0.032912,0.012364,0.036914,0.035905
0.027254,0.029299,0.037338,0.036914
0.028993,0.023806,0.037086,0.037338
0.030228,0.022195,0.037707,0.037086
0.023526,0.024936,0.038515,0.037707
0.021329,0.047074,0.039087,0.038515
0.000000,0.025064,0.039353,0.039087
0.000000,0.000000,0.000000,0.000000
0.000000,0.004582,2.030127,0.000000
0.000000,0.057720,2.025455,2.030127
0.025368,0.046337,2.004187,2.025455
0.031699,0.038654,1.983868,2.004187
0.023172,0.029115,1.982077,1.983868
0.000000,0.022305,1.982529,1.982077
0.000000,0.019493,1.968091,1.982529
0.025661,0.025233,1.955294,1.968091
0.052303,0.018274,1.956720,1.955294
0.053736,0.020772,1.958260,1.956720
0.064879,0.014373,1.960145,1.958260
0.085427,0.026721,1.961757,1.960145
0.063978,0.041301,1.963296,1.961757
0.069964,0.042158,1.965376,1.963296
0.086278,0.047105,1.968328,1.965376
0.066772,0.021884,1.970281,1.968328
0.074369,0.034996,1.971199,1.970281
0.062177,0.035896,1.970605,1.971199
0.062100,0.020324,1.969133,1.970605
0.045215,0.009514,1.967246,1.969133
0.056808,0.010354,1.964161,1.967246
0.076692,0.016166,1.960917,1.964161
0.138252,0.050252,1.918170,1.960917
0.148255,0.093006,1.866461,1.918170
0.077407,0.173341,1.805035,1.866461
0.064467,0.272271,1.718834,1.805035
0.288135,0.371434,1.600344,1.718834
0.322796,0.422132,1.503474,1.600344
0.373508,0.564677,1.416542,1.503474
0.592897,0.576828,1.326373,1.416542
0.479916,0.637934,1.240779,1.326373
0.576349,0.866519,1.126122,1.240779
0.794482,0.774381,0.959014,1.126122
0.450911,0.816801,0.804319,0.959014
0.714767,0.954856,0.654843,0.804319
1.204385,0.815548,0.503933,0.654843
0.956222,1.000816,0.396935,0.503933
1.098626,0.954112,0.291662,0.396935
1.014866,0.798858,0.213821,0.291662
0.768039,0.912341,0.164313,0.213821
0.896163,0.752953,0.125491,0.164313
0.695620,0.790576,0.104891,0.125491
0.682284,0.930613,0.091839,0.104891
0.846743,0.780624,0.085190,0.091839
0.674031,0.809799,0.084625,0.085190
0.683254,0.966143,0.085259,0.084625
0.894334,0.805374,0.083876,0.085259
0.749523,0.828929,0.079631,0.083876
0.943104,0.933233,0.073867,0.079631
0.860970,0.838814,0.069512,0.073867
0.961274,0.855133,0.069504,0.069512
0.851098,0.946952,0.075078,0.069504
0.943822,0.815975,0.083461,0.075078
0.841330,0.829796,0.085465,0.083461
0.793939,0.977405,0.077718,0.085465
0.984864,0.829233,0.062587,0.077718
0.779516,0.855816,0.057606,0.062587
0.779722,0.995860,0.059756,0.057606
0.990897,0.818813,0.061003,0.059756
0.802016,0.842752,0.059683,0.061003
0.802453,0.996136,0.058814,0.059683
0.991471,0.834171,0.059946,0.058814
0.791877,0.871521,0.061442,0.059946
0.933982,0.970530,0.062553,0.061442
0.842201,0.817948,0.061912,0.062553
0.954454,0.984133,0.060760,0.061912
0.999582,0.982811,0.059597,0.060760
0.844329,0.790848,0.059241,0.059597
0.935270,0.965979,0.059584,0.059241
0.976850,0.851439,0.060623,0.059584
0.773031,0.788971,0.061933,0.060623
0.822727,1.000103,0.063476,0.061933
0.979015,0.815635,0.064889,0.063476
0.780705,0.848495,0.065911,0.064889
0.790115,0.980986,0.066979,0.065911
0.982489,0.805313,0.068875,0.066979
0.793160,0.862160,0.070411,0.068875
0.784640,0.995311,0.069985,0.070411
0.972823,0.839680,0.064825,0.069985
0.765638,0.812667,0.060770,0.064825
0.761586,0.991075,0.060519,0.060770
0.969333,0.828834,0.061762,0.060519
0.785841,0.849729,0.062608,0.061762
0.938248,1.007201,0.063604,0.062608
0.844802,0.822686,0.063110,0.063604
0.953784,0.841882,0.062082,0.063110
0.853911,0.991364,0.060767,0.062082
0.947666,0.797434,0.059027,0.060767
0.859435,0.812523,0.057803,0.059027
0.802901,0.999818,0.057324,0.057803
0.992796,0.816721,0.057904,0.057324
0.792728,0.847743,0.059161,0.057904
0.789863,0.963738,0.060586,0.059161
0.978292,0.829170,0.062412,0.060586
0.780766,0.979404,0.063957,0.062412
0.985806,0.982816,0.065417,0.063957
0.988305,0.843104,0.066057,0.065417
0.793698,0.971455,0.065900,0.066057
0.999668,0.805425,0.064595,0.065900
0.807270,0.851086,0.063174,0.064595
0.811332,0.945898,0.061639,0.063174
1.008549,0.836612,0.059400,0.061639
0.808266,0.857919,0.057584,0.059400
0.947500,0.964835,0.056604,0.057584
0.998166,0.834276,0.056774,0.056604
0.800210,0.833191,0.057713,0.056774
0.852104,0.986733,0.059236,0.057713
1.005710,0.780384,0.060974,0.059236
0.799030,0.842155,0.062087,0.060974
0.793972,0.989801,0.062982,0.062087
0.986125,0.804600,0.063271,0.062982
0.803282,0.841063,0.063868,0.063271
0.816858,0.981810,0.064427,0.063868
1.034127,0.814155,0.064632,0.064427
0.823260,0.827102,0.064149,0.064632
0.829507,1.000792,0.063340,0.064149
1.027124,0.821628,0.062614,0.063340
0.814372,0.842387,0.062651,0.062614
0.962136,0.958549,0.062596,0.062651
1.003617,0.823102,0.063104,0.062596
0.796804,0.997845,0.063191,0.063104
0.996847,0.992266,0.063453,0.063191
1.008895,0.853473,0.063462,0.063453
0.814736,0.981914,0.063199,0.063462
0.914931,0.823624,0.062801,0.063199
0.831903,0.852696,0.062663,0.062801
0.772735,0.997548,0.062476,0.062663
0.988167,0.838468,0.061828,0.062476
0.795178,0.874585,0.061056,0.061828
0.800881,0.950536,0.060213,0.061056
1.003046,1.004430,0.059244,0.060213
1.005421,0.984125,0.058538,0.059244
1.002607,0.840448,0.058061,0.058538
0.798697,0.806931,0.057703,0.058061
0.798601,0.974675,0.057509,0.057703
0.993687,0.836755,0.057712,0.057509
0.797015,0.854281,0.058415,0.057712
0.793809,0.998309,0.059494,0.058415
0.990999,0.781059,0.060760,0.059494
0.789024,0.842744,0.060827,0.060760
0.944647,0.988354,0.034334,0.060827
1.085213,0.801125,0.037078,0.034334
0.910729,0.944861,0.093315,0.037078
1.089208,0.888323,0.122581,0.093315
0.951458,0.700039,0.128838,0.122581
0.712647,0.728216,0.125720,0.128838
0.715938,0.596150,0.116824,0.125720
0.576711,0.559697,0.107837,0.116824
0.499350,0.583585,0.099198,0.107837
0.564673,0.475376,0.090479,0.099198
0.417406,0.436677,0.084422,0.090479
0.391654,0.472361,0.079321,0.084422
0.456493,0.345652,0.074771,0.079321
0.342393,0.418372,0.071759,0.074771
0.397138,0.371746,0.068952,0.071759
0.368749,0.289558,0.067102,0.068952
0.275996,0.279278,0.066370,0.067102
0.316542,0.242277,0.068368,0.066370
0.235422,0.235649,0.069114,0.068368
0.212788,0.242510,0.068620,0.069114
0.230100,0.131813,0.067471,0.068620
0.159600,0.169692,0.063278,0.067471
0.167003,0.164081,0.056505,0.063278
0.152310,0.111231,0.047467,0.056505
0.118064,0.085161,0.039042,0.047467
0.086237,0.067641,0.031447,0.039042
0.090621,0.063660,0.026777,0.031447
0.076468,0.069794,0.022627,0.026777
0.081068,0.089017,0.018948,0.022627
0.063494,0.018253,0.017143,0.018948
0.051094,0.061150,0.016164,0.017143
0.056234,0.023272,0.015651,0.016164
0.036369,0.033657,0.015262,0.015651
0.027742,0.034404,0.014719,0.015262
0.023401,0.018153,0.014184,0.014719
0.000000,0.005411,0.020211,0.014184
0.000000,0.030276,0.018533,0.020211
0.000000,0.016545,0.017223,0.018533
0.020786,0.057783,0.015907,0.017223
0.028265,0.016320,0.014357,0.015907
0.028852,0.041451,0.014401,0.014357
0.038848,0.020554,0.019200,0.014401
0.028504,0.040664,0.024480,0.019200
0.020445,0.015864,0.012536,0.024480
0.000000,0.000000,0.000000,0.000000
0.000000,0.052316,2.028438,0.000000
0.000000,0.030056,2.023201,2.028438
0.019188,0.055171,2.015861,2.023201
0.031523,0.051043,2.010895,2.015861
0.027192,0.029961,2.008174,2.010895
0.021732,0.031231,2.017859,2.008174
0.000000,0.031730,2.022418,2.017859
0.000000,0.043768,2.015003,2.022418
0.000000,0.025293,2.008752,2.015003
0.000000,0.031353,2.007466,2.008752
0.043127,0.034507,2.000848,2.007466
0.035121,0.052125,1.997439,2.000848
0.075826,0.025912,2.000998,1.997439
0.073505,0.033775,2.005105,2.000998
0.063693,0.035867,2.007110,2.005105
0.072655,0.047537,2.007521,2.007110
0.078277,0.079676,2.006870,2.007521
0.076341,0.044082,2.005909,2.006870
0.062021,0.018345,2.005768,2.005909
0.052303,0.014690,2.006032,2.005768
0.049621,0.016928,2.006124,2.006032
0.034224,0.033888,2.005673,2.006124
0.041762,0.053577,2.004330,2.005673
0.076143,0.013915,2.001909,2.004330
0.033074,0.019219,2.000400,2.001909
0.127530,0.013697,1.973720,2.000400
0.152841,0.089790,1.942248,1.973720
0.098073,0.120197,1.887449,1.942248
0.063540,0.234044,1.811520,1.887449
0.208501,0.326065,1.703602,1.811520
0.355883,0.342836,1.570108,1.703602
0.360617,0.440046,1.482224,1.570108
0.488810,0.650872,1.412356,1.482224
0.581299,0.621506,1.334902,1.412356
0.471389,0.660712,1.244510,1.334902
0.541118,0.872894,1.120675,1.244510
0.808972,0.791738,0.944141,1.120675
0.488784,0.823308,0.786288,0.944141
0.814546,0.985100,0.637461,0.786288
1.239057,0.812457,0.487292,0.637461
0.943022,0.825165,0.381778,0.487292
0.859999,0.959209,0.294027,0.381778
0.969110,0.782175,0.216174,0.294027
0.749693,0.792344,0.170298,0.216174
0.848225,0.933034,0.136341,0.170298
0.845737,0.769707,0.109018,0.136341
0.664466,0.957491,0.094352,0.109018
0.827454,0.928192,0.084885,0.094352
0.843276,0.803887,0.082937,0.084885
0.735739,0.927289,0.083716,0.082937
0.888732,0.795428,0.083918,0.083716
0.832840,0.838600,0.083056,0.083918
0.797849,0.977161,0.081343,0.083056
1.007144,0.797358,0.081830,0.081343
0.798312,0.812244,0.088922,0.081830
0.789752,0.984529,0.101607,0.088922
0.971416,0.818010,0.114778,0.101607
0.784132,0.839864,0.116759,0.114778
0.796714,0.981796,0.105598,0.116759
0.999290,0.808726,0.079716,0.105598
0.801515,0.860329,0.063533,0.079716
0.965026,0.973223,0.062503,0.063533
0.859744,0.824551,0.065432,0.062503
0.951252,0.808519,0.063215,0.065432
0.846882,0.975946,0.060137,0.063215
0.944015,0.809616,0.060467,0.060137
0.840879,0.845019,0.063169,0.060467
0.790956,0.983554,0.065861,0.063169
0.988260,0.812773,0.066517,0.065861
0.794963,0.851843,0.065887,0.066517
0.792834,0.970537,0.064935,0.065887
0.991571,0.828774,0.064404,0.064935
0.782167,0.818146,0.063968,0.064404
0.782433,1.002167,0.064113,0.063968
0.977825,0.839063,0.064223,0.064113
0.789330,0.966257,0.064239,0.064223
0.990360,0.980079,0.064298,0.064239
0.992253,0.861393,0.063985,0.064298
0.797214,1.002096,0.064620,0.063985
0.993529,0.807808,0.068073,0.064620
0.795597,0.845682,0.071872,0.068073
0.949728,0.965358,0.072788,0.071872
0.994592,0.845111,0.066346,0.072788
0.788591,0.846764,0.060673,0.066346
0.830365,1.002753,0.059780,0.060673
0.973018,0.799897,0.062196,0.059780
0.777901,0.840449,0.063134,0.062196
0.791960,0.985761,0.062912,0.063134
0.993054,0.816286,0.061809,0.062912
0.801719,0.856152,0.061095,0.061809
0.805926,1.006715,0.060776,0.061095
0.997981,0.798794,0.060394,0.060776
0.800403,0.830727,0.059955,0.060394
0.797453,0.977819,0.059672,0.059955
0.992359,0.818723,0.059908,0.059672
0.792196,0.848555,0.059994,0.059908
0.939394,0.969407,0.060263,0.059994
0.987808,0.825507,0.061188,0.060263
0.792234,0.997584,0.062085,0.061188
1.004636,0.989331,0.062718,0.062085
1.003782,0.836009,0.063156,0.062718
0.843566,0.995790,0.063530,0.063156
0.946180,0.783577,0.064084,0.063530
0.850378,0.861448,0.063133,0.064084
0.799441,0.970334,0.061708,0.063133
0.999288,0.835692,0.059989,0.061708
0.806094,0.833189,0.058956,0.059989
0.801036,0.955754,0.058530,0.058956
1.004170,0.827455,0.059045,0.058530
0.795161,0.810930,0.059814,0.059045
0.797760,0.998770,0.060527,0.059814
1.013902,0.848506,0.061196,0.060527
0.805910,0.793163,0.061493,0.061196
0.951594,0.952170,0.061564,0.061493
0.854187,0.838740,0.062145,0.061564
0.966380,0.842329,0.062803,0.062145
0.874535,0.980173,0.063307,0.062803
0.982921,0.802784,0.063924,0.063307
0.879909,0.840693,0.064225,0.063924
0.820939,1.006300,0.064265,0.064225
1.014273,0.796022,0.063606,0.064265
0.808145,0.811198,0.062913,0.063606
0.801524,0.973249,0.062363,0.062913
0.993746,0.836633,0.062646,0.062363
0.793681,0.856606,0.063233,0.062646
0.790702,0.980946,0.063930,0.063233
0.992022,0.857551,0.064363,0.063930
0.753579,0.843025,0.064426,0.064363
0.903578,0.960114,0.064703,0.064426
0.828327,0.825608,0.065366,0.064703
0.938324,0.817165,0.065309,0.065366
0.845586,0.989556,0.064423,0.065309
0.951506,0.846053,0.063269,0.064423
0.851889,0.826461,0.062590,0.063269
0.802829,0.982337,0.062121,0.062590
1.002223,0.860601,0.061767,0.062121
0.802324,0.846926,0.061485,0.061767
0.799910,0.984980,0.061173,0.061485
0.993346,0.824860,0.060810,0.061173
0.799477,0.852872,0.060298,0.060810
0.800080,0.964012,0.059672,0.060298
1.000776,0.826667,0.058926,0.059672
0.792769,0.790656,0.058621,0.058926
0.943084,0.984874,0.058666,0.058621
0.852753,0.803452,0.027577,0.058666
1.018370,0.860233,0.031882,0.027577
0.982522,0.941988,0.088654,0.031882
1.031587,0.735859,0.118402,0.088654
0.829816,0.858333,0.125659,0.118402
0.849588,0.755270,0.123393,0.125659
0.726328,0.592704,0.115435,0.123393
0.589305,0.641571,0.106607,0.115435
0.621585,0.485379,0.095726,0.106607
0.458227,0.496506,0.087872,0.095726
0.424267,0.495126,0.081725,0.087872
0.493210,0.405267,0.076426,0.081725
0.370874,0.350667,0.073286,0.076426
0.352368,0.403078,0.071001,0.073286
0.405536,0.307246,0.069217,0.071001
0.301894,0.290203,0.068049,0.069217
0.281844,0.312008,0.067089,0.068049
0.320800,0.232185,0.068950,0.067089
0.241060,0.221526,0.070356,0.068950
0.256825,0.227629,0.070047,0.070356
0.226128,0.203770,0.068360,0.070047
0.156682,0.181120,0.063861,0.068360
0.132840,0.195121,0.056831,0.063861
0.129450,0.095706,0.048305,0.056831
0.092600,0.081018,0.041631,0.048305
0.086621,0.090473,0.036789,0.041631
0.103192,0.094645,0.031810,0.036789
0.074326,0.086210,0.029436,0.031810
0.069874,0.086126,0.027943,0.029436
0.082022,0.016629,0.027125,0.027943
0.059372,0.047179,0.026584,0.027125
0.050308,0.042462,0.025809,0.026584
0.049656,0.055605,0.024710,0.025809
0.031071,0.048248,0.023921,0.024710
0.029099,0.007406,0.023411,0.023921
0.026802,0.025791,0.023004,0.023411
0.023738,0.007216,0.025844,0.023004
0.031345,0.009624,0.023950,0.025844
0.028670,0.029940,0.024241,0.023950
0.027490,0.023234,0.024803,0.024241
0.031964,0.031126,0.025966,0.024803
0.020914,0.041279,0.027332,0.025966
0.000000,0.027906,0.028019,0.027332
0.000000,0.000000,0.000000,0.000000
0.000000,0.020355,2.030390,0.000000
0.000000,0.024642,2.028593,2.030390
0.028424,0.054942,2.032308,2.028593
0.027919,0.018041,2.033321,2.032308
0.030754,0.036347,2.028488,2.033321
0.000000,0.028703,2.023806,2.028488
0.000000,0.027516,2.014165,2.023806
0.000000,0.005483,2.013671,2.014165
0.000000,0.015780,2.012690,2.013671
0.000000,0.040434,2.011442,2.012690
0.026622,0.027398,2.002544,2.011442
0.039261,0.046363,2.001929,2.002544
0.029327,0.022693,2.002705,2.001929
0.032038,0.024182,2.005446,2.002705
0.043163,0.039865,2.011163,2.005446
0.059948,0.035670,2.011936,2.011163
0.065111,0.023890,2.011269,2.011936
0.069473,0.045925,2.010415,2.011269
0.053204,0.024914,2.009786,2.010415
0.060520,0.038216,2.009997,2.009786
0.079540,0.040410,2.011026,2.009997
0.062819,0.035004,2.011977,2.011026
0.058705,0.043529,2.012320,2.011977
0.065261,0.013931,2.011769,2.012320
0.046533,0.023220,2.010582,2.011769
0.052308,0.021546,2.008690,2.010582
0.172343,0.028623,1.982608,2.008690
0.175958,0.086972,1.942372,1.982608
0.091663,0.084547,1.890278,1.942372
0.045179,0.270498,1.810872,1.890278
0.189442,0.267743,1.690077,1.810872
0.311903,0.404307,1.591402,1.690077
0.398601,0.527510,1.508151,1.591402
0.558853,0.517187,1.426743,1.508151
0.499890,0.618222,1.358415,1.426743
0.457410,0.794305,1.264944,1.358415
0.670850,0.892282,1.118085,1.264944
0.817999,0.939287,0.937519,1.118085
0.628324,0.792509,0.754807,0.937519
0.777732,0.815843,0.614674,0.754807
0.935029,0.957881,0.485531,0.614674
1.136077,0.810989,0.360556,0.485531
0.826578,0.782932,0.278884,0.360556
0.911495,0.925814,0.215834,0.278884
0.913820,0.772594,0.163838,0.215834
0.703282,0.785488,0.132269,0.163838
0.719185,0.929821,0.108142,0.132269
0.830611,0.789351,0.090964,0.108142
0.673158,0.806795,0.084560,0.090964
0.692513,0.942408,0.083067,0.084560
0.907537,0.778995,0.083444,0.083067
0.759222,0.828322,0.082360,0.083444
0.794174,0.981827,0.079966,0.082360
0.998621,0.797632,0.077059,0.079966
0.804767,0.832544,0.076768,0.077059
0.794542,0.971834,0.083411,0.076768
0.984183,1.012552,0.098589,0.083411
0.972989,0.958321,0.111929,0.098589
0.974589,1.001529,0.112410,0.111929
0.984158,0.966307,0.094489,0.112410
0.987376,0.829749,0.068858,0.094489
0.784119,0.985056,0.059803,0.068858
0.986082,0.958613,0.063421,0.059803
0.999146,0.849864,0.063496,0.063421
0.801713,1.007178,0.060352,0.063496
0.989787,0.828607,0.059480,0.060352
0.784810,0.814303,0.062122,0.059480
0.937902,0.979642,0.065202,0.062122
0.832060,0.824134,0.066740,0.065202
0.939166,0.842112,0.066047,0.066740
0.837395,0.965273,0.064350,0.066047
0.933646,0.836266,0.062938,0.064350
0.836452,1.018727,0.061946,0.062938
0.970852,1.010049,0.061251,0.061946
0.925880,0.840959,0.060879,0.061251
0.831533,0.974022,0.060635,0.060879
0.987175,0.819731,0.060808,0.060635
0.784308,0.831827,0.061576,0.060808
0.789469,1.006659,0.063392,0.061576
0.998143,0.847585,0.066908,0.063392
0.803412,0.833321,0.069915,0.066908
0.798756,0.950063,0.070573,0.069915
1.008785,0.820498,0.065611,0.070573
0.800012,0.863150,0.059937,0.065611
0.800839,0.967569,0.058028,0.059937
0.993928,0.802228,0.058854,0.058028
0.784708,0.846154,0.059375,0.058854
0.935676,0.988989,0.059189,0.059375
0.980055,0.788902,0.058902,0.059189
0.782599,0.830864,0.059009,0.058902
0.839242,0.970746,0.059780,0.059009
0.994620,0.852063,0.060778,0.059780
0.793061,0.984357,0.061165,0.060778
0.984432,1.004918,0.061531,0.061165
0.992991,1.006828,0.061808,0.061531
0.984865,0.952659,0.062147,0.061808
0.933341,0.808676,0.062559,0.062147
0.832172,0.965213,0.063003,0.062559
0.991124,1.007658,0.063500,0.063003
0.984735,1.007401,0.063436,0.063500
0.937292,0.830472,0.063027,0.063436
0.843812,0.829190,0.062547,0.063027
0.793521,0.968727,0.062589,0.062547
1.008271,0.820386,0.063204,0.062589
0.804640,0.828229,0.063682,0.063204
0.799632,1.003197,0.063040,0.063682
0.995325,0.801950,0.061741,0.063040
0.785679,0.838094,0.061628,0.061741
0.791235,0.975465,0.062356,0.061628
0.996578,0.854339,0.063097,0.062356
0.793984,0.833482,0.063349,0.063097
0.950585,0.988112,0.063168,0.063349
0.833004,0.840650,0.062636,0.063168
0.950388,0.860783,0.062310,0.062636
0.863507,0.957911,0.061592,0.062310
0.963257,0.836596,0.060479,0.061592
0.872669,0.812602,0.059585,0.060479
0.825495,0.984807,0.059038,0.059585
1.026660,0.829657,0.058792,0.059038
0.814260,0.826203,0.058717,0.058792
0.808955,0.997815,0.058538,0.058717
1.000504,0.789089,0.058154,0.058538
0.794278,0.833190,0.058318,0.058154
0.792325,0.995333,0.059319,0.058318
0.979524,0.778627,0.061318,0.059319
0.780040,0.994973,0.063225,0.061318
0.970090,0.983958,0.065335,0.063225
0.921842,0.844172,0.066918,0.065335
0.756385,0.990127,0.068164,0.066918
0.969640,0.821181,0.068450,0.068164
0.787827,0.842347,0.067476,0.068450
0.944759,0.971185,0.066171,0.067476
0.997943,0.807317,0.064200,0.066171
0.798521,0.848611,0.062500,0.064200
0.850605,1.002581,0.060455,0.062500
1.007470,0.826837,0.057915,0.060455
0.804586,0.831107,0.056484,0.057915
0.802394,1.010628,0.056214,0.056484
0.995342,0.777010,0.056895,0.056214
0.793228,0.840856,0.057778,0.056895
0.790719,0.946407,0.058884,0.057778
0.983400,0.851669,0.060214,0.058884
0.786900,0.818296,0.061506,0.060214
0.782689,1.025898,0.059551,0.061506
1.009213,0.790502,0.014138,0.059551
0.885975,0.832274,0.051533,0.014138
1.101290,0.928040,0.102433,0.051533
1.068748,0.731777,0.126316,0.102433
0.757677,0.672468,0.130673,0.126316
0.703952,0.784597,0.127113,0.130673
0.728420,0.585828,0.117098,0.127113
0.531433,0.565864,0.106794,0.117098
0.488389,0.557526,0.096760,0.106794
0.553642,0.490337,0.086683,0.096760
0.414985,0.411264,0.079880,0.086683
0.391163,0.455315,0.074548,0.079880
0.456672,0.374865,0.070231,0.074548
0.346867,0.341952,0.067708,0.070231
0.327492,0.375143,0.065953,0.067708
0.379423,0.305718,0.064742,0.065953
0.281412,0.273099,0.064076,0.064742
0.308358,0.300566,0.065516,0.064076
0.295433,0.227297,0.067930,0.065516
0.219680,0.187589,0.069371,0.067930
0.208452,0.205177,0.069173,0.069371
0.206387,0.168783,0.066289,0.069173
0.134596,0.149087,0.061121,0.066289
0.106131,0.146559,0.053068,0.061121
0.111141,0.112245,0.044265,0.053068
0.076777,0.086926,0.037321,0.044265
0.066056,0.064504,0.032136,0.037321
0.084818,0.073304,0.027746,0.032136
0.067280,0.060951,0.025002,0.027746
0.076841,0.040669,0.022463,0.025002
0.057649,0.032375,0.020567,0.022463
0.034168,0.029549,0.019323,0.020567
0.029148,0.046149,0.017691,0.019323
0.018979,0.027940,0.016444,0.017691
0.000000,0.015761,0.016905,0.016444
0.016963,0.021922,0.016693,0.016905
0.027153,0.029986,0.015702,0.016693
0.023604,0.018660,0.017987,0.015702
0.025138,0.029215,0.022110,0.017987
0.000000,0.000000,0.000000,0.000000
0.000000,0.004401,2.025860,0.000000
0.023294,0.073898,2.018170,2.025860
0.038670,0.039934,2.009999,2.018170
0.031109,0.051034,2.009388,2.009999
0.023387,0.021362,2.023781,2.009388
0.000000,0.061516,2.042080,2.023781
0.016165,0.022267,2.052006,2.042080
0.000000,0.017458,2.050530,2.052006
0.000000,0.049121,2.050728,2.050530
0.000000,0.031789,2.051311,2.050728
0.000000,0.041907,2.052134,2.051311
0.000000,0.048340,2.052565,2.052134
0.000000,0.016679,2.053087,2.052565
0.000000,0.046333,2.053689,2.053087
0.022247,0.036153,2.046109,2.053689
0.037167,0.018130,2.042658,2.046109
0.042145,0.024575,2.039487,2.042658
0.047149,0.029805,2.037333,2.039487
0.039087,0.027909,2.035994,2.037333
0.039496,0.030042,2.036233,2.035994
0.056349,0.048012,2.038266,2.036233
0.062048,0.040254,2.040818,2.038266
0.086160,0.046581,2.043988,2.040818
0.087179,0.036752,2.046363,2.043988
0.069291,0.043720,2.047793,2.046363
0.103681,0.022424,2.048685,2.047793
0.087892,0.030965,2.049060,2.048685
0.082962,0.023766,2.050005,2.049060
0.095149,0.068941,2.052070,2.050005
0.075324,0.031820,2.052912,2.052070
0.066407,0.041582,2.052533,2.052912
0.044381,0.044616,2.051459,2.052533
0.056212,0.032925,2.049791,2.051459
0.052462,0.041626,2.046870,2.049791
0.060194,0.044702,2.044749,2.046870
0.057121,0.031450,2.043983,2.044749
0.067678,0.017012,2.042846,2.043983
0.167814,0.062208,2.021470,2.042846
0.193767,0.094056,1.982483,2.021470
0.080334,0.128193,1.919253,1.982483
0.018480,0.286439,1.817660,1.919253
0.284115,0.346574,1.676397,1.817660
0.340944,0.508471,1.570863,1.676397
0.497648,0.616510,1.476538,1.570863
0.628871,0.581112,1.403998,1.476538
0.472072,0.772957,1.330173,1.403998
0.648963,0.843118,1.203430,1.330173
0.736409,0.906848,1.032895,1.203430
0.610819,0.794944,0.846747,1.032895
0.823457,0.815707,0.697686,0.846747
0.970559,0.952837,0.559561,0.697686
1.220523,0.812380,0.421961,0.559561
0.902654,0.809571,0.328937,0.421961
1.003680,0.918896,0.253763,0.328937
0.831124,0.809754,0.186589,0.253763
0.855072,0.793469,0.145861,0.186589
0.730821,0.939173,0.117822,0.145861
0.794036,0.736270,0.100403,0.117822
0.709053,0.802562,0.093740,0.100403
0.671893,0.935216,0.090619,0.093740
0.858610,0.829243,0.088688,0.090619
0.694351,0.800220,0.086570,0.088688
0.722423,0.962590,0.083048,0.086570
0.964163,0.805797,0.078915,0.083048
0.796166,0.830964,0.075914,0.078915
0.812349,0.970488,0.075639,0.075914
1.017351,0.794239,0.082424,0.075639
0.800106,0.858145,0.089819,0.082424
0.954360,0.990414,0.093054,0.089819
0.847940,0.843956,0.084975,0.093054
0.951078,0.849803,0.070599,0.084975
0.854469,0.970416,0.060511,0.070599
0.942009,0.824072,0.060286,0.060511
0.839171,0.829959,0.060723,0.060286
0.813013,0.976267,0.058611,0.060723
1.009392,0.806980,0.055170,0.058611
0.796207,0.857260,0.054900,0.055170
0.790445,0.984015,0.056689,0.054900
0.977110,0.825621,0.058920,0.056689
0.783570,0.853030,0.059757,0.058920
0.785072,0.948264,0.059771,0.059757
0.982099,0.832922,0.059702,0.059771
0.788518,0.844422,0.059855,0.059702
0.926342,0.990066,0.059996,0.059855
0.823757,0.811276,0.060086,0.059996
0.927721,0.848606,0.060409,0.060086
0.834997,0.949907,0.061017,0.060409
0.943431,0.827378,0.062053,0.061017
0.837897,0.802029,0.063413,0.062053
0.790582,1.002902,0.065241,0.063413
0.988514,0.830673,0.067833,0.065241
0.791995,0.819764,0.070371,0.067833
0.796287,0.943698,0.071598,0.070371
0.999831,0.827959,0.068646,0.071598
0.793256,0.841875,0.064660,0.068646
0.781375,0.977707,0.063522,0.064660
0.976140,0.810007,0.063690,0.063522
0.786590,0.837453,0.062754,0.063690
0.943860,0.976258,0.061068,0.062754
0.848008,0.831123,0.059857,0.061068
0.956419,0.863106,0.060105,0.059857
0.857481,1.003995,0.060782,0.060105
0.954151,0.823038,0.061282,0.060782
0.843467,0.841817,0.061766,0.061282
0.795633,0.938040,0.062146,0.061766
0.992396,0.811320,0.062212,0.062146
0.797447,0.856231,0.062178,0.062212
0.793921,0.997090,0.062314,0.062178
1.004413,0.816518,0.062963,0.062314
0.798439,0.865406,0.062914,0.062963
0.794761,0.981319,0.062762,0.062914
0.992397,0.793726,0.062159,0.062762
0.797283,0.852926,0.061604,0.062159
0.962000,1.006817,0.062731,0.061604
0.997784,0.807258,0.063020,0.062731
0.797965,0.850058,0.062214,0.063020
0.854400,0.953714,0.061231,0.062214
1.007376,0.825094,0.059920,0.061231
0.816307,0.836758,0.058343,0.059920
0.816658,1.005198,0.057123,0.058343
1.004214,0.831259,0.056430,0.057123
0.813328,0.824365,0.056766,0.056430
0.810266,0.985471,0.057661,0.056766
1.007667,0.824043,0.059199,0.057661
0.800154,0.822630,0.061003,0.059199
0.783002,0.967038,0.062452,0.061003
0.982889,0.823138,0.064383,0.062452
0.791705,0.823135,0.065831,0.064383
0.957725,0.974084,0.066972,0.065831
1.024820,0.805297,0.066700,0.066972
0.820268,0.815737,0.066341,0.066700
0.869472,0.954293,0.065340,0.066341
1.012474,0.866304,0.064141,0.065340
0.808372,0.836090,0.063514,0.064141
0.801489,0.965528,0.063326,0.063514
0.993356,0.823447,0.063320,0.063326
0.794217,0.854916,0.063397,0.063320
0.793465,0.970119,0.063154,0.063397
1.000099,0.829546,0.062314,0.063154
0.760177,0.808791,0.061868,0.062314
0.760354,1.002765,0.062067,0.061868
0.973096,0.813811,0.062692,0.062067
0.784980,0.849294,0.063197,0.062692
0.934947,0.976908,0.063868,0.063197
0.988907,0.820946,0.064439,0.063868
0.792251,0.837187,0.064384,0.064439
0.843768,0.992703,0.063991,0.064384
0.994076,0.810815,0.063394,0.063991
0.796003,0.863542,0.062817,0.063394
0.797558,0.935474,0.061914,0.062817
0.997836,0.828912,0.060849,0.061914
0.797273,0.876017,0.060488,0.060849
0.798162,1.007406,0.060510,0.060488
0.994231,0.813544,0.060642,0.060510
0.797116,0.844803,0.060754,0.060642
0.792835,0.982139,0.060654,0.060754
0.992248,0.816375,0.031817,0.060654
0.859402,0.840977,0.027181,0.031817
1.081502,0.944839,0.087996,0.027181
1.099619,0.743919,0.120650,0.087996
0.793106,0.710244,0.128573,0.120650
0.739166,0.770129,0.127281,0.128573
0.763946,0.613129,0.119520,0.127281
0.558742,0.570187,0.110564,0.119520
0.512155,0.617085,0.101124,0.110564
0.580500,0.448220,0.091476,0.101124
0.431550,0.445232,0.084973,0.091476
0.405180,0.490696,0.079581,0.084973
0.469890,0.380732,0.074800,0.079581
0.355199,0.359300,0.072054,0.074800
0.334419,0.393039,0.070063,0.072054
0.387251,0.316497,0.068470,0.070063
0.289308,0.261347,0.067932,0.068470
0.319281,0.285928,0.068474,0.067932
0.307596,0.216222,0.070913,0.068474
0.223703,0.206175,0.071157,0.070913
0.208455,0.238296,0.070922,0.071157
0.216336,0.203376,0.067340,0.070922
0.183641,0.172189,0.061316,0.067340
0.148899,0.110242,0.054895,0.061316
0.124114,0.116750,0.048145,0.054895
0.126656,0.126803,0.042303,0.048145
0.105091,0.070634,0.037757,0.042303
0.080516,0.103201,0.035611,0.037757
0.085121,0.040521,0.033858,0.035611
0.061515,0.024751,0.032724,0.033858
0.047611,0.047035,0.031419,0.032724
0.047953,0.052157,0.029635,0.031419
0.031091,0.017770,0.028170,0.029635
0.021682,0.023454,0.026980,0.028170
0.000000,0.051541,0.028764,0.026980
0.000000,0.024962,0.029067,0.028764
0.000000,0.007355,0.029478,0.029067
0.000000,0.042234,0.029089,0.029478
0.024654,0.023005,0.027552,0.029089
0.024816,0.030534,0.026829,0.027552
0.035532,0.038377,0.028738,0.026829
0.031619,0.038504,0.031868,0.028738
0.020450,0.007324,0.033604,0.031868
0.000000,0.016213,0.026352,0.033604
0.000000,0.000000,0.000000,0.000000
0.000000,0.041496,2.030490,0.000000
0.024204,0.046306,2.028462,2.030490
0.025283,0.063696,2.015624,2.028462
0.033038,0.036437,2.007626,2.015624
0.023729,0.018375,2.003466,2.007626
0.000000,0.010534,2.003660,2.003466
0.000000,0.020856,1.988096,2.003660
0.000000,0.041463,1.991904,1.988096
0.000000,0.018081,1.992640,1.991904
0.000000,0.049549,1.992518,1.992640
0.000000,0.030333,1.992024,1.992518
0.000000,0.032262,1.988351,1.992024
0.041587,0.023490,1.990178,1.988351
0.000000,0.016671,1.990486,1.990178
0.000000,0.042174,1.989772,1.990486
0.034863,0.032652,1.988442,1.989772
0.064092,0.033924,1.988452,1.988442
0.055585,0.015372,1.988260,1.988452
0.057515,0.043103,1.987169,1.988260
0.077405,0.013087,1.986004,1.987169
0.053234,0.015434,1.986045,1.986004
0.058117,0.043582,1.987630,1.986045
0.057598,0.028129,1.990582,1.987630
0.042695,0.036366,1.992691,1.990582
0.047484,0.036420,1.993506,1.992691
0.040704,0.037209,1.991031,1.993506
0.034890,0.037141,1.988392,1.991031
0.171015,0.034440,1.958926,1.988392
0.158719,0.075840,1.923210,1.958926
0.151007,0.123229,1.864465,1.923210
0.058305,0.228181,1.787851,1.864465
0.175547,0.382204,1.687244,1.787851
0.450898,0.384980,1.566366,1.687244
0.455854,0.469490,1.480761,1.566366
0.599205,0.649298,1.405226,1.480761
0.655547,0.607353,1.314566,1.405226
0.559878,0.703672,1.214090,1.314566
0.756062,0.884136,1.082840,1.214090
0.790304,0.781584,0.903719,1.082840
0.498601,0.825354,0.752018,0.903719
0.511715,0.943600,0.610046,0.752018
1.030604,0.787224,0.465082,0.610046
0.855507,0.810650,0.364483,0.465082
0.851363,0.948266,0.282164,0.364483
1.026929,0.771647,0.208924,0.282164
0.776850,0.820924,0.164814,0.208924
0.721461,0.953202,0.132224,0.164814
0.857086,0.767397,0.105748,0.132224
0.672011,0.777789,0.091853,0.105748
0.795172,0.927468,0.084289,0.091853
0.847919,0.822890,0.082436,0.084289
0.681317,0.806023,0.083484,0.082436
0.752551,0.968197,0.082824,0.083484
0.966649,0.809337,0.077639,0.082824
0.820789,0.818142,0.072495,0.077639
0.829126,1.003999,0.069171,0.072495
1.032061,0.830275,0.072620,0.069171
0.813920,0.865157,0.082185,0.072620
0.794486,0.979796,0.091565,0.082185
0.990702,0.816046,0.092470,0.091565
0.786612,0.814072,0.081175,0.092470
0.783773,0.986347,0.064931,0.081175
0.970086,0.796709,0.057949,0.064931
0.780017,0.846067,0.061005,0.057949
0.944733,0.967601,0.062593,0.061005
0.999151,0.819343,0.061566,0.062593
0.796613,0.851349,0.061165,0.061566
0.849123,0.940146,0.062650,0.061165
0.998162,0.836465,0.064696,0.062650
0.798650,0.852871,0.065733,0.064696
0.805655,0.988303,0.065291,0.065733
1.005128,1.001366,0.063787,0.065291
1.000108,0.959023,0.061668,0.063787
0.989815,0.814390,0.059683,0.061668
0.789038,0.828527,0.058886,0.059683
0.779611,0.970824,0.058933,0.058886
0.968621,0.824442,0.060062,0.058933
0.775424,0.846191,0.060998,0.060062
0.783248,0.977312,0.061768,0.060998
0.978625,0.832186,0.063125,0.061768
0.789346,0.851837,0.065324,0.063125
0.943552,0.992124,0.068625,0.065324
0.842485,0.806086,0.071634,0.068625
0.947730,0.834825,0.069936,0.071634
0.845740,0.989265,0.064964,0.069936
0.937975,0.827344,0.061825,0.064964
0.845525,0.837040,0.062053,0.061825
0.792659,0.966649,0.062396,0.062053
1.003875,0.814882,0.061695,0.062396
0.800266,0.871770,0.060685,0.061695
0.804629,1.007930,0.060058,0.060685
1.005631,0.810167,0.060146,0.060058
0.815209,0.843999,0.059456,0.060146
0.812173,0.969470,0.057865,0.059456
1.016077,0.814525,0.056022,0.057865
0.804873,0.857991,0.054787,0.056022
0.948419,0.967006,0.054315,0.054787
0.845690,0.794293,0.054958,0.054315
0.941885,0.843971,0.056428,0.054958
0.839007,0.994090,0.058528,0.056428
0.936118,0.806324,0.061190,0.058528
0.834251,0.840080,0.063065,0.061190
0.791862,1.022768,0.064379,0.063065
1.000300,0.784363,0.065325,0.064379
0.796265,0.993430,0.065641,0.065325
1.002253,0.997441,0.065453,0.065641
0.998365,0.814405,0.064915,0.065453
0.796362,0.961373,0.063881,0.064915
1.005882,0.795064,0.062513,0.063881
0.803416,0.827177,0.061786,0.062513
0.809819,1.026013,0.061262,0.061786
1.020131,0.836605,0.060807,0.061262
0.821421,0.829205,0.060320,0.060807
0.812808,0.986496,0.059787,0.060320
1.000500,0.797358,0.059570,0.059787
0.788160,0.852667,0.059742,0.059570
0.943700,0.971931,0.059891,0.059742
1.014241,0.824191,0.060002,0.059891
0.822624,0.812128,0.060358,0.060002
0.875729,1.019209,0.060967,0.060358
1.025626,0.765747,0.061373,0.060967
0.816198,0.861842,0.061505,0.061373
0.808242,0.971704,0.061763,0.061505
1.003930,0.860480,0.062523,0.061763
0.799597,0.863885,0.063526,0.062523
0.796725,0.936852,0.063874,0.063526
0.987655,0.814445,0.063967,0.063874
0.793136,0.848579,0.064141,0.063967
0.799573,0.945609,0.064239,0.064141
0.942700,0.824929,0.063975,0.064239
0.759677,0.810946,0.064015,0.063975
0.930689,0.967930,0.064184,0.064015
0.992253,0.827816,0.063533,0.064184
0.798260,0.864712,0.062762,0.063533
0.850642,0.968641,0.061849,0.062762
1.002103,0.865491,0.060835,0.061849
0.801182,0.848415,0.060049,0.060835
0.798660,1.018168,0.059335,0.060049
1.003173,0.809619,0.058492,0.059335
0.801011,0.832775,0.057851,0.058492
0.798411,0.975592,0.057495,0.057851
0.995649,0.813652,0.057813,0.057495
0.796926,0.872181,0.058437,0.057813
0.797154,0.997715,0.059220,0.058437
0.994136,0.787902,0.060047,0.059220
0.793327,0.853413,0.060174,0.060047
0.936578,0.964527,0.033853,0.060174
1.075698,0.844790,0.036823,0.033853
0.918408,0.811257,0.091341,0.036823
0.941660,0.838290,0.117885,0.091341
0.969389,0.697304,0.127516,0.117885
0.690354,0.663406,0.126377,0.127516
0.626297,0.735491,0.120305,0.126377
0.697487,0.559015,0.110142,0.120305
0.511928,0.533374,0.101007,0.110142
0.471204,0.560339,0.092554,0.101007
0.539885,0.427337,0.084767,0.092554
0.407328,0.406292,0.079874,0.084767
0.383465,0.445939,0.076326,0.079874
0.445785,0.347389,0.073531,0.076326
0.336937,0.350481,0.071910,0.073531
0.372652,0.321730,0.070948,0.071910
0.360162,0.287577,0.070520,0.070948
0.265314,0.261393,0.071310,0.070520
0.258984,0.250863,0.073092,0.071310
0.270972,0.182877,0.073359,0.073092
0.192714,0.177037,0.072663,0.073359
0.168294,0.191936,0.068739,0.072663
0.181154,0.105897,0.061491,0.068739
0.126057,0.117003,0.054260,0.061491
0.106922,0.146187,0.045955,0.054260
0.115771,0.064911,0.038725,0.045955
0.085217,0.108954,0.033866,0.038725
0.075233,0.082095,0.031189,0.033866
0.088523,0.042562,0.029073,0.031189
0.065816,0.031326,0.027627,0.029073
0.072090,0.058748,0.026437,0.027627
0.071860,0.036219,0.025359,0.026437
0.049147,0.065147,0.024808,0.025359
0.043773,0.033915,0.024462,0.024808
0.039182,0.042397,0.024156,0.024462
0.000000,0.028466,0.023252,0.024156
0.000000,0.026889,0.024876,0.023252
0.018192,0.010699,0.023842,0.024876
0.022432,0.035670,0.023910,0.023842
0.000000,0.000000,0.000000,0.000000
0.000000,0.039011,2.028329,0.000000
0.000000,0.020763,2.015162,2.028329
0.026837,0.042307,1.987212,2.015162
0.032773,0.046944,1.984714,1.987212
0.023940,0.025026,1.986705,1.984714
0.000000,0.037424,1.988183,1.986705
0.000000,0.033152,1.986681,1.988183
0.000000,0.000557,1.983022,1.986681
0.000000,0.034214,1.980480,1.983022
0.000000,0.021940,1.978394,1.980480
0.000000,0.033734,1.975953,1.978394
0.030838,0.021464,1.963070,1.975953
0.033360,0.020012,1.961329,1.963070
0.046766,0.034361,1.963989,1.961329
0.038668,0.042170,1.966920,1.963989
0.056464,0.025582,1.968893,1.966920
0.045337,0.037560,1.970308,1.968893
0.053379,0.007524,1.971704,1.970308
0.075998,0.014762,1.973436,1.971704
0.068226,0.014656,1.974645,1.973436
0.077307,0.053077,1.975617,1.974645
0.108721,0.036917,1.976054,1.975617
0.090710,0.028054,1.977001,1.976054
0.069546,0.025617,1.978852,1.977001
0.115159,0.039895,1.980021,1.978852
0.050739,0.018769,1.980031,1.980021
0.042030,0.034480,1.977896,1.980031
0.039541,0.075854,1.973414,1.977896
0.042736,0.033319,1.970030,1.973414
0.050832,0.038136,1.967897,1.970030
0.065156,0.010890,1.966842,1.967897
0.056590,0.020073,1.966305,1.966842
0.166891,0.047522,1.927060,1.966305
0.165353,0.101572,1.888851,1.927060
0.110456,0.157167,1.815538,1.888851
0.081388,0.251338,1.720350,1.815538
0.221954,0.412993,1.611114,1.720350
0.442119,0.410034,1.497309,1.611114
0.381456,0.484098,1.419216,1.497309
0.565949,0.679991,1.347946,1.419216
0.614340,0.653818,1.250271,1.347946
0.472011,0.703701,1.138413,1.250271
0.620331,0.889729,0.998987,1.138413
0.469132,0.797713,0.817724,0.998987
0.620481,0.819299,0.671413,0.817724
0.869396,0.959615,0.537678,0.671413
1.183295,0.796803,0.403633,0.537678
0.903751,0.804964,0.311907,0.403633
0.840405,0.939309,0.237472,0.311907
0.972307,0.766176,0.174210,0.237472
0.737585,0.788233,0.138537,0.174210
0.708520,0.949272,0.114167,0.138537
0.853970,0.807112,0.095410,0.114167
0.680216,0.793584,0.086202,0.095410
0.810589,0.922600,0.082568,0.086202
0.813348,0.809235,0.083003,0.082568
0.684037,0.828670,0.083929,0.083003
0.779908,0.966453,0.081387,0.083929
0.979505,0.801039,0.075348,0.081387
0.807812,0.856434,0.071128,0.075348
0.813913,0.960158,0.070164,0.071128
1.003375,0.817603,0.077823,0.070164
0.793926,0.832489,0.087784,0.077823
0.800511,0.979217,0.094474,0.087784
1.009379,0.854432,0.090227,0.094474
0.795015,0.794750,0.076117,0.090227
0.789332,0.992292,0.062491,0.076117
1.005967,0.793964,0.060797,0.062491
0.819664,0.852765,0.063093,0.060797
0.975250,0.982356,0.062761,0.063093
1.023874,0.826480,0.061025,0.062761
0.805624,0.859497,0.060911,0.061025
0.852380,0.994586,0.061939,0.060911
0.985030,0.833082,0.062934,0.061939
0.798298,0.825239,0.062868,0.062934
0.799950,1.005347,0.061941,0.062868
0.992047,0.791824,0.060181,0.061941
0.789181,0.858512,0.058798,0.060181
0.787646,0.988932,0.058097,0.058798
0.966451,0.786432,0.058283,0.058097
0.775950,0.855999,0.059135,0.058283
0.775364,0.992961,0.060285,0.059135
0.982015,0.804973,0.061545,0.060285
0.781241,0.834270,0.062199,0.061545
0.928364,0.993994,0.063288,0.062199
0.984047,0.792555,0.064470,0.063288
0.791494,0.867410,0.066068,0.064470
0.844034,0.967217,0.067379,0.066068
0.981174,0.800360,0.065474,0.067379
0.796357,0.838321,0.062238,0.065474
0.790760,1.009574,0.060867,0.062238
0.978557,0.809965,0.061072,0.060867
0.780878,0.860931,0.061305,0.061072
0.791615,0.969818,0.060292,0.061305
0.996429,0.806009,0.058896,0.060292
0.798311,0.829928,0.058276,0.058896
0.796761,1.014901,0.058429,0.058276
0.999389,0.808874,0.059013,0.058429
0.794326,0.822550,0.059107,0.059013
0.921695,0.964229,0.059290,0.059107
0.980302,0.841853,0.060319,0.059290
0.792526,0.823317,0.061294,0.060319
0.843718,0.993830,0.061761,0.061294
0.992703,0.803153,0.061689,0.061761
0.790594,0.848256,0.061635,0.061689
0.792946,0.991331,0.061785,0.061635
0.988997,0.807926,0.062091,0.061785
0.798559,0.852989,0.062358,0.062091
0.801887,0.961354,0.062545,0.062358
0.998723,0.791142,0.062881,0.062545
0.802306,0.811484,0.063373,0.062881
0.802297,0.995837,0.064343,0.063373
1.008853,0.990620,0.065463,0.064343
1.007295,0.989324,0.064969,0.065463
0.997906,0.823697,0.063913,0.064969
0.796777,0.829464,0.063290,0.063913
0.955948,0.995713,0.062343,0.063290
0.870193,0.815233,0.060465,0.062343
0.974320,0.833172,0.058854,0.060465
0.862272,0.975321,0.057790,0.058854
0.950170,0.854295,0.058206,0.057790
0.840032,0.842960,0.058815,0.058206
0.805207,0.954173,0.059798,0.058815
1.024180,0.822785,0.060993,0.059798
0.822358,0.867228,0.061797,0.060993
0.819950,0.957596,0.062324,0.061797
1.018603,0.825648,0.063147,0.062324
0.805388,0.975522,0.063895,0.063147
0.999062,1.000676,0.064754,0.063895
0.993683,0.816320,0.065135,0.064754
0.792987,0.966207,0.065224,0.065135
0.989112,0.814790,0.065591,0.065224
0.789909,0.986421,0.065883,0.065591
0.980655,1.008601,0.066658,0.065883
0.935758,0.828990,0.067207,0.066658
0.770702,0.994085,0.067816,0.067207
0.986537,1.010770,0.067614,0.067816
1.004505,0.978219,0.066369,0.067614
1.008383,0.836337,0.064411,0.066369
0.808500,0.874011,0.062393,0.064411
0.808602,0.957293,0.059882,0.062393
1.017658,0.855074,0.057047,0.059882
0.813780,0.844920,0.055070,0.057047
0.965386,0.991521,0.053715,0.055070
1.009119,0.829987,0.053123,0.053715
0.802142,0.847730,0.053611,0.053123
0.846937,0.958244,0.054950,0.053611
0.994759,0.794886,0.057051,0.054950
0.792907,0.822586,0.058761,0.057051
0.791452,0.997426,0.060084,0.058761
0.993600,0.810510,0.045034,0.060084
0.854020,0.858343,0.006757,0.045034
0.920647,0.948066,0.072196,0.006757
1.142473,0.945141,0.115024,0.072196
1.007871,0.829885,0.128380,0.115024
0.869819,0.655712,0.127418,0.128380
0.627235,0.604816,0.121274,0.127418
0.576988,0.661945,0.112620,0.121274
0.642034,0.517581,0.101577,0.112620
0.472804,0.483454,0.092703,0.101577
0.509039,0.486469,0.084424,0.092703
0.422380,0.423516,0.076570,0.084424
0.444081,0.382350,0.071775,0.076570
0.372519,0.446465,0.068547,0.071775
0.388543,0.298998,0.066618,0.068547
0.326130,0.314844,0.065979,0.066618
0.289563,0.334142,0.065983,0.065979
0.332555,0.261167,0.067657,0.065983
0.248699,0.208051,0.070693,0.067657
0.229657,0.272983,0.072706,0.070693
0.252886,0.187142,0.074245,0.072706
0.181531,0.191873,0.071779,0.074245
0.180025,0.172480,0.065777,0.071779
0.141079,0.142445,0.058217,0.065777
0.089798,0.083168,0.049465,0.058217
0.092892,0.060441,0.039904,0.049465
0.068480,0.084204,0.033923,0.039904
0.079695,0.074497,0.028450,0.033923
0.067076,0.061911,0.024759,0.028450
0.063524,0.055639,0.022593,0.024759
0.053145,0.035071,0.021417,0.022593
0.038190,0.009933,0.020866,0.021417
0.043051,0.016777,0.020293,0.020866
0.032631,0.046145,0.019763,0.020293
0.027629,0.036967,0.019431,0.019763
0.000000,0.013302,0.021827,0.019431
0.000000,0.033572,0.021142,0.021827
0.021751,0.011635,0.020943,0.021142
0.023104,0.031057,0.021240,0.020943
0.027396,0.028878,0.022037,0.021240
0.022184,0.040746,0.023631,0.022037
0.025625,0.019877,0.025111,0.023631
0.022948,0.009436,0.026005,0.025111
0.020279,0.030784,0.027584,0.026005
0.022664,0.018925,0.029086,0.027584
0.017800,0.027741,0.025998,0.029086
0.000000,0.000000,0.000000,0.000000
0.000000,0.019315,2.029589,0.000000
0.024876,0.030492,2.003492,2.029589
0.025796,0.047996,1.993526,2.003492
0.025354,0.048630,1.996556,1.993526
0.000000,0.020817,2.004691,1.996556
0.018388,0.018355,2.016454,2.004691
0.000000,0.024675,2.014642,2.016454
0.000000,0.020897,2.012623,2.014642
0.000000,0.008261,2.010125,2.012623
0.000000,0.042284,2.007105,2.010125
0.000000,0.008769,2.005018,2.007105
0.000000,0.038766,2.003247,2.005018
0.000000,0.049135,2.001442,2.003247
0.000000,0.019673,1.999727,2.001442
0.000000,0.024974,1.997805,1.999727
0.000000,0.019264,1.991053,1.997805
0.000000,0.019589,1.988933,1.991053
0.000000,0.027712,1.987825,1.988933
0.000000,0.025075,1.988647,1.987825
0.023641,0.011917,1.992064,1.988647
0.029635,0.054972,1.995722,1.992064
0.086960,0.033056,1.996642,1.995722
0.092331,0.036099,1.996451,1.996642
0.126934,0.034623,1.996583,1.996451
0.120476,0.039508,1.998034,1.996583
0.133039,0.039437,2.000199,1.998034
0.108660,0.033666,2.001980,2.000199
0.112080,0.030809,2.003586,2.001980
0.086321,0.033490,2.004782,2.003586
0.064493,0.043329,2.004936,2.004782
0.058148,0.034951,2.003741,2.004936
0.038430,0.012376,2.001445,2.003741
0.043850,0.053314,1.997915,2.001445
0.047511,0.024648,1.994494,1.997915
0.037065,0.021028,1.993308,1.994494
0.150029,0.023918,1.958650,1.993308
0.137963,0.100985,1.909577,1.958650
0.073855,0.159443,1.851300,1.909577
0.090654,0.267577,1.767723,1.851300
0.254410,0.330300,1.647177,1.767723
0.330905,0.417136,1.550323,1.647177
0.363685,0.568504,1.465111,1.550323
0.631224,0.544628,1.377301,1.465111
0.470540,0.623371,1.295385,1.377301
0.457616,0.845547,1.184852,1.295385
0.708081,0.778765,1.022548,1.184852
0.494255,0.791866,0.868859,1.022548
0.445997,0.967400,0.714366,0.868859
0.873277,0.794540,0.555620,0.714366
0.866322,0.978470,0.441195,0.555620
1.064065,0.940584,0.327880,0.441195
1.024744,0.814708,0.242982,0.327880
0.781086,0.919266,0.188417,0.242982
0.941458,0.791809,0.142379,0.188417
0.726318,0.817446,0.114652,0.142379
0.834842,0.909018,0.094817,0.114652
0.860339,0.799338,0.082812,0.094817
0.684223,0.827844,0.080760,0.082812
0.740810,0.971513,0.081634,0.080760
0.894589,0.799080,0.081288,0.081634
0.759284,0.789165,0.078405,0.081288
0.792013,0.963147,0.074423,0.078405
1.014078,0.839560,0.070060,0.074423
0.809059,0.832246,0.069450,0.070060
0.800227,0.973119,0.075135,0.069450
0.985958,0.830908,0.084802,0.075135
0.783690,0.845292,0.088347,0.084802
0.788684,0.967790,0.082717,0.088347
0.970987,0.808398,0.067355,0.082717
0.759771,0.841724,0.059844,0.067355
0.920853,0.971367,0.060625,0.059844
0.987472,0.852881,0.062449,0.060625
0.800834,0.867775,0.061348,0.062449
0.847449,0.972015,0.059753,0.061348
0.994685,0.802135,0.059710,0.059753
0.804428,0.819055,0.061048,0.059710
0.802427,1.011373,0.062192,0.061048
0.994766,0.840603,0.062258,0.062192
0.787320,0.841193,0.061932,0.062258
0.789400,0.992040,0.061587,0.061932
0.986706,0.774985,0.061323,0.061587
0.788239,0.840590,0.061063,0.061323
0.788695,1.000557,0.061010,0.061063
0.985856,0.823670,0.061075,0.061010
0.790901,0.848691,0.061405,0.061075
0.932800,0.976195,0.061966,0.061405
0.987195,0.820753,0.062691,0.061966
0.794670,0.819134,0.063615,0.062691
0.841017,0.954263,0.064538,0.063615
0.989835,0.830561,0.066354,0.064538
0.794238,0.857796,0.067735,0.066354
0.784554,1.000401,0.065949,0.067735
0.986593,0.847872,0.061093,0.065949
0.782786,0.800935,0.059934,0.061093
0.783205,0.967964,0.060919,0.059934
0.977411,0.814021,0.061620,0.060919
0.791171,0.819122,0.061578,0.061620
0.794247,0.970754,0.061682,0.061578
0.991605,0.829260,0.062259,0.061682
0.792517,0.855508,0.062665,0.062259
0.941103,0.974336,0.062140,0.062665
0.990472,0.817544,0.060847,0.062140
0.794321,0.838359,0.059647,0.060847
0.849508,0.998178,0.059007,0.059647
0.994288,1.004846,0.058939,0.059007
0.999180,0.963939,0.059483,0.058939
0.940959,0.798287,0.060264,0.059483
0.836779,0.871488,0.061145,0.060264
0.786185,1.007716,0.062344,0.061145
0.986938,0.827469,0.063209,0.062344
0.802840,0.807859,0.063402,0.063209
0.806920,0.996034,0.062696,0.063402
1.003984,0.806195,0.061247,0.062696
0.808353,0.832025,0.060287,0.061247
0.810034,0.964819,0.059550,0.060287
1.011733,0.821608,0.058438,0.059550
0.797463,0.838690,0.057845,0.058438
0.933694,0.984367,0.058648,0.057845
0.831486,0.820189,0.060379,0.058648
0.945344,0.835768,0.061451,0.060379
0.862041,0.956756,0.062330,0.061451
0.956739,0.835015,0.062565,0.062330
0.848366,0.822461,0.062831,0.062565
0.795518,0.982216,0.063440,0.062831
1.007387,0.810802,0.064231,0.063440
0.826139,0.813672,0.064646,0.064231
0.832619,0.996699,0.064483,0.064646
1.032781,0.780027,0.064282,0.064483
0.825551,0.842168,0.064022,0.064282
0.818506,0.960149,0.063556,0.064022
1.014827,0.849531,0.062566,0.063556
0.806979,0.868974,0.061639,0.062566
0.953472,0.961439,0.061155,0.061639
0.846559,0.789827,0.061147,0.061155
0.944684,0.833804,0.061649,0.061147
0.844158,0.985211,0.062690,0.061649
0.935462,0.837731,0.063954,0.062690
0.791960,1.033914,0.064578,0.063954
0.955338,0.979034,0.065335,0.064578
0.930695,0.987788,0.065484,0.065335
0.997511,0.987742,0.064741,0.065484
1.000961,1.005088,0.063617,0.064741
1.001561,1.004194,0.062310,0.063617
0.856843,0.823816,0.060843,0.062310
0.956753,1.005460,0.059902,0.060843
1.006620,0.834554,0.059285,0.059902
0.805092,0.844282,0.059089,0.059285
0.850162,0.973785,0.059219,0.059089
0.995931,0.827536,0.059866,0.059219
0.796289,0.841743,0.060366,0.059866
0.799579,0.968132,0.060730,0.060366
0.999638,0.849662,0.060582,0.060730
0.800594,0.839151,0.059740,0.060582
0.799283,0.984854,0.037480,0.059740
1.086331,0.829047,0.031309,0.037480
0.922774,0.806114,0.090413,0.031309
0.915329,0.937300,0.120546,0.090413
1.000854,0.674411,0.131780,0.120546
0.713252,0.662583,0.130789,0.131780
0.751155,0.715749,0.124404,0.130789
0.708725,0.543908,0.113382,0.124404
0.519125,0.530280,0.103178,0.113382
0.495910,0.555544,0.093276,0.103178
0.527772,0.454596,0.083467,0.093276
0.397382,0.414743,0.076777,0.083467
0.373556,0.458050,0.071637,0.076777
0.439951,0.332815,0.067821,0.071637
0.336371,0.294147,0.066546,0.067821
0.320199,0.370249,0.066940,0.066546
0.371169,0.260669,0.069422,0.066940
0.278147,0.264676,0.073146,0.069422
0.259560,0.241171,0.077422,0.073146
0.294002,0.240709,0.079703,0.077422
0.209396,0.191602,0.078517,0.079703
0.214312,0.213724,0.075095,0.078517
0.184847,0.142724,0.067528,0.075095
0.125976,0.150065,0.060732,0.067528
0.123981,0.138412,0.053766,0.060732
0.121593,0.079463,0.048827,0.053766
0.087871,0.047938,0.044633,0.048827
0.072057,0.100659,0.042120,0.044633
0.080438,0.077108,0.039986,0.042120
0.053135,0.058061,0.038337,0.039986
0.044358,0.051872,0.036811,0.038337
0.044726,0.038156,0.035131,0.036811
0.030807,0.032980,0.034101,0.035131
0.023319,0.027590,0.033200,0.034101
0.000000,0.021247,0.034696,0.033200
0.000000,0.037194,0.034595,0.034696
0.000000,0.026004,0.034374,0.034595
0.025155,0.034035,0.033446,0.034374
0.028970,0.015484,0.033045,0.033446
0.028658,0.026431,0.034584,0.033045
0.036558,0.028675,0.037634,0.034584
0.000000,0.000000,0.000000,0.000000
0.000000,0.023486,2.028384,0.000000
0.000000,0.054259,2.026633,2.028384
0.029976,0.023877,2.032675,2.026633
0.031309,0.062004,2.049423,2.032675
0.000000,0.036125,2.056706,2.049423
0.000000,0.031122,2.055078,2.056706
0.000000,0.033513,2.054514,2.055078
0.017213,0.011208,2.049514,2.054514
0.000000,0.019843,2.046660,2.049514
0.000000,0.033457,2.044703,2.046660
0.000000,0.025398,2.043626,2.044703
0.000000,0.024612,2.043155,2.043626
0.000000,0.030857,2.043322,2.043155
0.000000,0.022995,2.043913,2.043322
0.000000,0.034366,2.044743,2.043913
0.000000,0.019661,2.045076,2.044743
0.025526,0.027805,2.033881,2.045076
0.029369,0.021137,2.031263,2.033881
0.039268,0.011360,2.028764,2.031263
0.035863,0.019710,2.029100,2.028764
0.038682,0.023986,2.036804,2.029100
0.028357,0.020173,2.040911,2.036804
0.062269,0.034136,2.042247,2.040911
0.053942,0.029470,2.040159,2.042247
0.077706,0.067174,2.036434,2.040159
0.095907,0.044456,2.032571,2.036434
0.080534,0.036602,2.031918,2.032571
0.090880,0.026504,2.033702,2.031918
0.106124,0.052204,2.038297,2.033702
0.082877,0.038525,2.041479,2.038297
0.071972,0.056128,2.043355,2.041479
0.072127,0.007242,2.042681,2.043355
0.066368,0.036539,2.040604,2.042681
0.064982,0.023760,2.037270,2.040604
0.087969,0.016431,2.033835,2.037270
0.054729,0.043197,2.033082,2.033835
0.044130,0.037352,2.034062,2.033082
0.152510,0.025158,2.022198,2.034062
0.165657,0.040206,1.999386,2.022198
0.105052,0.120171,1.945330,1.999386
0.000000,0.218580,1.864398,1.945330
0.152977,0.313456,1.750436,1.864398
0.416948,0.354255,1.610382,1.750436
0.341128,0.468860,1.516279,1.610382
0.414230,0.653209,1.443138,1.516279
0.654676,0.628176,1.365850,1.443138
0.478612,0.672321,1.279049,1.365850
0.548345,0.857093,1.159498,1.279049
0.791941,0.923312,0.989017,1.159498
0.593587,0.958141,0.800929,0.989017
0.644496,0.803961,0.627847,0.800929
0.825275,0.835907,0.499155,0.627847
0.903041,0.973967,0.387931,0.499155
1.114734,0.782654,0.285413,0.387931
0.860987,0.830931,0.218836,0.285413
0.959654,0.933825,0.166216,0.218836
0.795606,0.781429,0.123368,0.166216
0.840195,0.798340,0.101850,0.123368
0.724255,0.929885,0.090546,0.101850
0.806248,0.786582,0.086444,0.090546
0.718264,0.821058,0.085765,0.086444
0.683556,0.960068,0.085108,0.085765
0.875840,0.802528,0.082473,0.085108
0.731186,0.856162,0.078425,0.082473
0.753681,0.956802,0.073582,0.078425
0.977717,0.824711,0.068694,0.073582
0.791011,1.001003,0.068798,0.068694
0.998466,0.976142,0.073799,0.068798
0.985456,0.833715,0.076376,0.073799
0.799877,0.951178,0.071587,0.076376
0.990422,0.997396,0.062243,0.071587
0.984233,0.966021,0.060559,0.062243
1.005724,0.824578,0.062604,0.060559
0.808145,0.849222,0.062308,0.062604
0.808236,0.985919,0.061229,0.062308
1.015760,0.818806,0.061211,0.061229
0.803099,0.844654,0.061826,0.061211
0.944024,0.958930,0.062155,0.061826
0.837144,0.849463,0.061795,0.062155
0.938673,0.838353,0.061014,0.061795
0.855266,1.016444,0.059810,0.061014
0.956091,0.999026,0.057976,0.059810
1.003219,0.987376,0.056485,0.057976
0.998288,0.809821,0.056105,0.056485
0.788693,0.817110,0.056694,0.056105
0.834923,0.964522,0.058195,0.056694
0.928398,0.815237,0.060582,0.058195
0.834319,0.844024,0.064450,0.060582
0.782512,0.990648,0.067105,0.064450
0.990091,0.796707,0.067913,0.067105
0.798554,0.863023,0.068004,0.067913
0.806313,1.014103,0.068007,0.068004
1.011533,0.805056,0.065876,0.068007
0.801559,0.815539,0.061392,0.065876
0.954096,0.986346,0.057438,0.061392
0.855029,0.801437,0.056766,0.057438
0.952847,0.859789,0.056958,0.056766
0.838433,0.958598,0.057364,0.056958
0.938275,0.816324,0.058357,0.057364
0.836825,1.020593,0.060033,0.058357
0.981158,0.974353,0.062520,0.060033
0.933836,0.839521,0.064395,0.062520
0.832663,0.966243,0.064731,0.064395
0.981178,0.821834,0.064475,0.064731
0.793355,0.832883,0.064347,0.064475
0.789414,0.969210,0.064215,0.064347
0.987832,0.786634,0.064102,0.064215
0.794844,0.824910,0.064243,0.064102
0.797814,0.990187,0.064081,0.064243
0.999433,0.821563,0.064105,0.064081
0.797872,0.840630,0.064317,0.064105
0.797357,1.011500,0.064351,0.064317
1.001707,0.825249,0.063859,0.064351
0.793495,0.872511,0.063175,0.063859
0.941522,0.990022,0.062393,0.063175
1.005348,0.814567,0.061478,0.062393
0.804239,0.809362,0.061055,0.061478
0.857507,0.964407,0.060080,0.061055
1.008464,1.032634,0.059248,0.060080
0.989743,0.955250,0.059629,0.059248
0.950062,0.825069,0.060665,0.059629
0.859082,0.848441,0.061502,0.060665
0.802320,0.961703,0.062085,0.061502
0.993816,0.819861,0.062317,0.062085
0.791837,0.846856,0.062262,0.062317
0.798656,0.979013,0.062113,0.062262
1.016177,0.825509,0.061976,0.062113
0.819667,0.803585,0.061875,0.061976
0.822995,0.954608,0.061862,0.061875
1.022755,0.829318,0.062409,0.061862
0.813404,0.877317,0.063173,0.062409
0.957271,0.961243,0.064347,0.063173
0.847552,0.841808,0.065003,0.064347
0.942899,0.843737,0.065457,0.065003
0.841024,0.970169,0.065547,0.065457
0.940924,0.800949,0.064918,0.065547
0.845642,1.014464,0.063685,0.064918
0.999317,0.951797,0.062216,0.063685
0.904056,0.854865,0.061355,0.062216
0.808417,0.997853,0.061814,0.061355
0.973931,0.843238,0.063340,0.061814
0.786224,0.836583,0.064012,0.063340
0.792552,0.977740,0.063925,0.064012
0.997063,0.810435,0.063481,0.063925
0.795527,0.812098,0.062835,0.063481
0.799294,1.039059,0.061886,0.062835
0.999949,0.993149,0.060616,0.061886
1.003593,0.943938,0.059161,0.060616
0.996602,0.828502,0.058183,0.059161
0.796334,0.821403,0.058163,0.058183
0.793038,0.992548,0.058964,0.058163
0.990547,0.848956,0.060411,0.058964
0.789519,0.844643,0.061552,0.060411
0.940485,0.986681,0.062608,0.061552
0.843380,0.842273,0.060482,0.062608
0.948583,0.799065,0.025794,0.060482
0.938917,0.975408,0.038376,0.025794
1.098971,0.787593,0.097757,0.038376
0.917285,0.766812,0.119097,0.097757
0.776369,0.850717,0.126392,0.119097
0.843346,0.641440,0.124607,0.126392
0.610437,0.609167,0.118690,0.124607
0.559584,0.646553,0.110557,0.118690
0.629325,0.486977,0.100581,0.110557
0.464876,0.498994,0.092716,0.100581
0.435409,0.493868,0.085794,0.092716
0.498894,0.456685,0.079697,0.085794
0.460093,0.423729,0.075537,0.079697
0.426143,0.349512,0.072859,0.075537
0.322153,0.298218,0.071468,0.072859
0.302144,0.381092,0.070784,0.071468
0.342567,0.251513,0.071157,0.070784
0.254050,0.251775,0.073742,0.071157
0.276761,0.235300,0.074999,0.073742
0.255659,0.184726,0.073893,0.074999
0.178456,0.199620,0.072292,0.073893
0.162958,0.169016,0.067468,0.072292
0.160766,0.115649,0.059413,0.067468
0.104267,0.117459,0.052527,0.059413
0.096733,0.117934,0.046220,0.052527
0.112761,0.099596,0.040765,0.046220
0.079484,0.095770,0.037909,0.040765
0.071995,0.069753,0.036589,0.037909
0.079652,0.047174,0.035514,0.036589
0.055317,0.030545,0.034362,0.035514
0.047137,0.067742,0.032938,0.034362
0.046705,0.045395,0.031194,0.032938
0.031247,0.043800,0.030023,0.031194
0.037431,0.030111,0.029153,0.030023
0.035199,0.005491,0.028675,0.029153
0.026220,0.010601,0.028530,0.028675
0.024185,0.049327,0.030043,0.028530
0.020297,0.035000,0.029868,0.030043
0.025437,0.024547,0.030665,0.029868
0.023056,0.027803,0.032942,0.030665
0.017090,0.041625,0.032979,0.032942
0.000000,0.000000,0.000000,0.000000
0.000000,0.033454,2.027483,0.000000
0.021619,0.051333,2.019857,2.027483
0.033571,0.014745,2.001642,2.019857
0.024600,0.036911,1.995919,2.001642
0.000000,0.044025,1.989676,1.995919
0.000000,0.013580,1.989601,1.989676
0.000000,0.025438,1.989334,1.989601
0.000000,0.034336,1.987880,1.989334
0.000000,0.023521,1.985739,1.987880
0.028470,0.021622,1.974928,1.985739
0.030503,0.039670,1.974300,1.974928
0.044531,0.034404,1.983680,1.974300
0.041177,0.066325,1.985545,1.983680
0.038621,0.007071,1.986403,1.985545
0.046718,0.034048,1.985705,1.986403
0.064428,0.040817,1.984083,1.985705
0.063720,0.013277,1.982486,1.984083
0.066460,0.044656,1.982453,1.982486
0.056578,0.019127,1.983349,1.982453
0.071267,0.042134,1.984993,1.983349
0.055028,0.029376,1.986248,1.984993
0.034673,0.016436,1.984365,1.986248
0.173394,0.024907,1.956200,1.984365
0.150926,0.082561,1.923254,1.956200
0.156718,0.157623,1.866794,1.923254
0.033879,0.269825,1.773348,1.866794
0.217539,0.280618,1.653984,1.773348
0.258044,0.416627,1.557817,1.653984
0.342069,0.576523,1.472471,1.557817
0.570602,0.558296,1.382402,1.472471
0.463916,0.653613,1.301646,1.382402
0.580526,0.815221,1.194016,1.301646
0.668447,0.742518,1.036811,1.194016
0.826810,0.803226,0.887202,1.036811
0.798430,0.998071,0.734307,0.887202
1.178782,0.958256,0.575067,0.734307
1.244220,0.925860,0.434914,0.575067
1.132392,0.797411,0.322052,0.434914
0.835545,0.821548,0.247819,0.322052
0.803559,0.918664,0.190914,0.247819
0.886796,0.745842,0.146242,0.190914
0.683745,0.778456,0.120234,0.146242
0.676770,0.962929,0.101252,0.120234
0.845557,0.766970,0.088651,0.101252
0.676191,0.821671,0.084383,0.088651
0.685524,0.960110,0.084057,0.084383
0.874575,0.787673,0.084027,0.084057
0.731883,0.818983,0.081323,0.084027
0.785638,0.962814,0.076779,0.081323
1.011613,0.817346,0.072230,0.076779
0.814723,0.848264,0.071756,0.072230
0.951733,0.958680,0.077320,0.071756
0.992813,0.810191,0.087917,0.077320
0.788495,0.838670,0.093367,0.087917
0.837696,0.948531,0.089567,0.093367
0.987977,0.817709,0.073584,0.089567
0.789096,0.884102,0.062368,0.073584
0.785885,0.975737,0.061732,0.062368
0.979527,0.819709,0.063159,0.061732
0.792998,0.848464,0.061029,0.063159
0.795871,0.989531,0.057961,0.061029
0.987790,0.804582,0.057784,0.057961
0.787420,0.842391,0.060392,0.057784
0.780231,0.981860,0.063273,0.060392
0.977457,0.837870,0.065090,0.063273
0.793826,0.842641,0.065016,0.065090
0.942903,0.991004,0.063877,0.065016
1.008701,0.841333,0.062743,0.063877
0.797715,0.847957,0.061738,0.062743
0.835117,0.982920,0.060327,0.061738
0.976591,0.804952,0.059109,0.060327
0.779972,0.834691,0.058993,0.059109
0.784167,0.999114,0.059752,0.058993
0.983978,0.819693,0.061386,0.059752
0.790597,0.854590,0.063070,0.061386
0.786494,0.967783,0.065128,0.063070
0.989071,0.797794,0.069355,0.065128
0.788118,0.829673,0.072844,0.069355
0.794431,0.978991,0.072582,0.072844
1.001019,0.824952,0.064889,0.072582
0.790237,0.845886,0.058777,0.064889
0.906344,0.976797,0.058473,0.058777
0.964056,0.834249,0.061158,0.058473
0.774337,0.815092,0.061997,0.061158
0.831009,0.990069,0.061897,0.061997
0.996162,0.814764,0.062097,0.061897
0.794245,0.846614,0.062989,0.062097
0.794952,0.941633,0.063918,0.062989
0.983047,0.842152,0.064418,0.063918
0.793879,0.835437,0.064302,0.064418
0.790671,0.984137,0.063746,0.064302
0.991240,0.811643,0.062982,0.063746
0.792282,0.844730,0.062080,0.062982
0.795707,0.983984,0.060988,0.062080
0.993990,0.815452,0.059623,0.060988
0.800480,0.845199,0.058853,0.059623
0.951217,1.003371,0.058530,0.058853
1.000926,0.784264,0.058554,0.058530
0.796015,0.835522,0.058566,0.058554
0.835822,0.978418,0.058869,0.058566
0.984552,0.797059,0.059849,0.058869
0.786215,0.841318,0.061071,0.059849
0.796861,0.990435,0.062532,0.061071
0.996843,0.819982,0.063770,0.062532
0.787797,0.823289,0.064593,0.063770
0.788795,0.978196,0.065486,0.064593
0.986051,0.816935,0.066150,0.065486
0.812437,0.826209,0.066237,0.066150
0.821132,0.978174,0.065899,0.066237
1.025722,0.820858,0.064872,0.065899
0.812309,0.861575,0.063440,0.064872
0.962266,0.990379,0.061722,0.063440
1.019908,0.820346,0.059495,0.061722
0.828766,0.858119,0.057697,0.059495
0.886613,0.970877,0.056589,0.057697
1.038587,0.821764,0.056670,0.056589
0.819069,0.862720,0.057488,0.056670
0.810010,0.991572,0.058320,0.057488
1.000816,0.811081,0.058963,0.058320
0.797922,0.822517,0.059219,0.058963
0.794304,1.002681,0.059803,0.059219
0.982615,0.989560,0.060693,0.059803
0.981521,0.980322,0.061287,0.060693
0.980288,0.814996,0.061434,0.061287
0.746337,0.839698,0.061574,0.061434
0.753859,0.970550,0.062435,0.061574
0.969143,0.812182,0.063569,0.062435
0.788506,0.856397,0.063946,0.063569
0.936899,0.994578,0.063569,0.063946
0.840301,0.801636,0.062955,0.063569
0.938026,0.831367,0.062156,0.062955
0.843186,0.972357,0.061023,0.062156
0.942667,0.825337,0.059811,0.061023
0.845444,0.818028,0.059306,0.059811
0.797111,0.997680,0.059176,0.059306
0.990518,0.835430,0.059683,0.059176
0.790903,0.845579,0.060575,0.059683
0.789480,0.973607,0.061288,0.060575
0.990388,0.801309,0.061259,0.061288
0.795935,1.001987,0.060604,0.061259
0.992014,0.956759,0.059555,0.060604
1.010037,0.852515,0.024218,0.059555
0.863970,0.976201,0.039252,0.024218
1.166596,0.796787,0.104048,0.039252
0.872650,0.761582,0.125900,0.104048
0.782873,0.786726,0.131641,0.125900
0.841951,0.634889,0.127634,0.131641
0.609521,0.595488,0.119670,0.127634
0.655201,0.655932,0.109527,0.119670
0.615646,0.543919,0.097585,0.109527
0.458191,0.438808,0.088949,0.097585
0.448952,0.510371,0.082179,0.088949
0.488517,0.378921,0.076571,0.082179
0.369871,0.360860,0.073562,0.076571
0.351276,0.421712,0.071721,0.073562
0.407001,0.312296,0.070000,0.071721
0.302991,0.324752,0.068546,0.070000
0.281257,0.329051,0.067311,0.068546
0.320880,0.219268,0.068431,0.067311
0.239186,0.230613,0.069808,0.068431
0.220348,0.222087,0.070778,0.069808
0.241049,0.190642,0.070580,0.070778
0.181570,0.141205,0.067726,0.070580
0.191756,0.169660,0.062519,0.067726
0.170159,0.101732,0.056195,0.062519
0.116388,0.121898,0.049513,0.056195
0.108914,0.123696,0.043869,0.049513
0.115011,0.075604,0.038359,0.043869
0.074145,0.055044,0.035511,0.038359
0.059503,0.052091,0.033167,0.035511
0.055611,0.043244,0.030783,0.033167
0.034024,0.055215,0.029164,0.030783
0.030968,0.027912,0.027862,0.029164
0.030526,0.011734,0.026759,0.027862
0.023046,0.050812,0.026090,0.026759
0.021000,0.017239,0.025747,0.026090
0.024527,0.022330,0.025607,0.025747
0.000000,0.009509,0.028636,0.025607
0.000000,0.042997,0.028265,0.028636
0.000000,0.042577,0.027431,0.028265
0.027336,0.051380,0.026609,0.027431
0.035603,0.041982,0.026075,0.026609
0.030060,0.037499,0.027599,0.026075
0.029802,0.018351,0.030990,0.027599
0.032620,0.042116,0.033921,0.030990
0.000000,0.000000,0.000000,0.000000
0.000000,0.028458,2.029601,0.000000
0.000000,0.017537,2.026201,2.029601
0.020380,0.020135,2.016112,2.026201
0.030177,0.033155,2.003088,2.016112
0.033385,0.020505,1.996354,2.003088
0.017420,0.039439,2.001307,1.996354
0.022655,0.030535,2.031469,2.001307
0.000000,0.008189,2.030104,2.031469
0.000000,0.033559,2.028592,2.030104
0.000000,0.019880,2.027054,2.028592
0.000000,0.055030,2.025938,2.027054
0.000000,0.051349,2.024644,2.025938
0.020767,0.037358,2.022891,2.024644
0.000000,0.035197,2.021101,2.022891
0.040308,0.021272,2.009261,2.021101
0.040018,0.029858,2.013155,2.009261
0.050741,0.044500,2.016459,2.013155
0.041302,0.029312,2.017745,2.016459
0.039212,0.036917,2.018316,2.017745
0.040736,0.023913,2.018042,2.018316
0.035605,0.024237,2.017933,2.018042
0.042997,0.044464,2.018263,2.017933
0.047185,0.023378,2.019652,2.018263
0.064007,0.027694,2.021323,2.019652
0.059548,0.042156,2.022699,2.021323
0.078465,0.036077,2.023937,2.022699
0.070846,0.013263,2.024901,2.023937
0.061259,0.035807,2.025551,2.024901
0.079583,0.037182,2.024507,2.025551
0.056983,0.042735,2.022129,2.024507
0.056405,0.028737,2.020163,2.022129
0.081431,0.003581,2.016350,2.020163
0.240089,0.037487,1.977748,2.016350
0.148601,0.127699,1.937511,1.977748
0.104154,0.184741,1.872447,1.937511
0.125449,0.202207,1.759341,1.872447
0.226960,0.287046,1.652495,1.759341
0.426439,0.528703,1.555247,1.652495
0.430795,0.507152,1.466943,1.555247
0.439728,0.566090,1.403049,1.466943
0.468821,0.771117,1.325298,1.403049
0.647221,0.729670,1.195975,1.325298
0.556635,0.745112,1.059839,1.195975
0.541128,0.936179,0.902673,1.059839
0.597835,0.808322,0.719325,0.902673
0.825411,0.820720,0.580585,0.719325
0.961055,0.985610,0.456662,0.580585
1.143479,0.816710,0.338744,0.456662
0.854730,0.808498,0.262677,0.338744
0.808848,0.922255,0.204262,0.262677
0.941423,0.765194,0.156252,0.204262
0.709078,0.784902,0.127584,0.156252
0.808745,0.963149,0.105749,0.127584
0.834967,0.768391,0.089518,0.105749
0.663042,0.834147,0.083653,0.089518
0.717092,0.932214,0.083055,0.083653
0.872355,0.795058,0.083556,0.083055
0.735946,0.821520,0.081057,0.083556
0.779852,0.984751,0.075311,0.081057
1.009557,0.807430,0.068827,0.075311
0.820148,0.825995,0.066718,0.068827
0.810873,0.981484,0.071267,0.066718
0.984320,1.012835,0.081801,0.071267
0.988481,0.964956,0.088994,0.081801
0.996476,0.835413,0.083029,0.088994
0.785789,1.003964,0.069818,0.083029
0.982078,0.958573,0.060571,0.069818
0.976411,0.820162,0.062452,0.060571
0.785581,0.992130,0.063381,0.062452
0.998046,0.834133,0.061996,0.063381
0.792816,0.860602,0.060622,0.061996
0.791255,0.985816,0.061198,0.060622
0.985003,0.798992,0.063158,0.061198
0.787826,0.853155,0.063788,0.063158
0.948877,0.957123,0.062936,0.063788
1.003112,0.810736,0.061467,0.062936
0.803768,0.857180,0.060397,0.061467
0.843532,1.006933,0.059719,0.060397
0.979122,0.791441,0.059732,0.059719
0.773706,0.849652,0.060110,0.059732
0.771145,0.976152,0.061046,0.060110
0.969489,0.834592,0.062154,0.061046
0.777014,0.841906,0.062677,0.062154
0.793939,0.971662,0.063088,0.062677
0.987888,0.793595,0.063927,0.063088
0.790367,0.827091,0.065097,0.063927
0.795278,0.977621,0.066700,0.065097
0.993740,0.826322,0.066807,0.066700
0.799805,0.842648,0.063699,0.066807
0.945810,1.019141,0.061574,0.063699
0.991109,0.825756,0.062176,0.061574
0.782905,0.845525,0.062368,0.062176
0.839608,0.976133,0.061471,0.062368
0.998704,0.828653,0.059630,0.061471
0.799171,0.842093,0.058552,0.059630
0.795270,0.968969,0.058264,0.058552
0.999006,0.815080,0.058580,0.058264
0.792586,0.828192,0.059103,0.058580
0.789455,0.983079,0.059895,0.059103
0.993204,0.827000,0.061241,0.059895
0.790549,0.876042,0.062359,0.061241
0.786543,0.966488,0.062982,0.062359
0.993382,0.788504,0.062750,0.062982
0.795071,0.813917,0.061840,0.062750
0.953310,0.975174,0.060922,0.061840
0.999299,0.830440,0.060521,0.060922
0.796883,0.845052,0.060624,0.060521
0.848898,1.005363,0.060671,0.060624
0.993252,0.819134,0.060603,0.060671
0.790962,0.843101,0.060704,0.060603
0.795976,1.000270,0.061138,0.060704
1.001517,0.840270,0.061870,0.061138
0.797328,0.796421,0.062252,0.061870
0.790304,1.001191,0.061958,0.062252
0.984028,0.806611,0.061212,0.061958
0.799244,0.841980,0.060691,0.061212
0.817052,0.966709,0.060208,0.060691
1.023798,0.807451,0.059459,0.060208
0.822100,0.833859,0.059567,0.059459
0.967507,0.965148,0.059874,0.059567
1.014514,1.010515,0.060379,0.059874
1.015105,0.981817,0.061121,0.060379
0.869784,0.789640,0.061647,0.061121
0.976480,0.875300,0.061789,0.061647
0.873378,0.942414,0.061622,0.061789
0.974907,0.815461,0.060947,0.061622
0.863258,0.855583,0.060371,0.060947
0.806004,0.986429,0.060286,0.060371
1.000445,0.817382,0.061138,0.060286
0.792993,0.854974,0.062130,0.061138
0.789454,0.969293,0.062798,0.062130
0.983481,0.845954,0.063147,0.062798
0.790782,0.975415,0.063135,0.063147
0.964030,0.971477,0.062692,0.063135
0.942760,0.814109,0.062383,0.062692
0.772907,0.978414,0.062864,0.062383
0.983358,0.811767,0.063801,0.062864
0.793477,0.823115,0.064570,0.063801
0.795112,0.995010,0.065249,0.064570
0.993594,0.845712,0.065493,0.065249
0.794927,0.851482,0.065322,0.065493
0.946083,0.969664,0.064717,0.065322
1.006317,0.845096,0.063167,0.064717
0.807064,0.848761,0.061358,0.063167
0.857607,1.013155,0.059396,0.061358
1.008743,0.815840,0.057551,0.059396
0.807179,0.827243,0.056413,0.057551
0.803820,0.987155,0.055779,0.056413
1.002049,0.793503,0.055752,0.055779
0.801309,0.839575,0.056499,0.055752
0.794908,0.982935,0.045589,0.056499
1.059186,0.815037,0.012957,0.045589
0.898456,0.815789,0.076624,0.012957
0.924541,0.899921,0.114466,0.076624
1.031546,0.716923,0.129527,0.114466
0.730280,0.706015,0.130169,0.129527
0.763430,0.728027,0.124933,0.130169
0.713587,0.564991,0.114980,0.124933
0.522106,0.635235,0.105715,0.114980
0.586792,0.580538,0.094745,0.105715
0.532920,0.441601,0.085379,0.094745
0.420678,0.475673,0.079031,0.085379
0.440378,0.367295,0.073478,0.079031
0.367682,0.355214,0.070082,0.073478
0.326497,0.386070,0.067568,0.070082
0.378052,0.264360,0.065779,0.067568
0.280048,0.290467,0.065344,0.065779
0.262662,0.283575,0.067110,0.065344
0.308265,0.201859,0.070684,0.067110
0.226198,0.210756,0.071780,0.070684
0.205920,0.238400,0.071181,0.071780
0.225302,0.190099,0.068356,0.071181
0.157617,0.143510,0.063099,0.068356
0.149923,0.129712,0.057141,0.063099
0.108945,0.103373,0.048782,0.057141
0.099401,0.108830,0.042753,0.048782
0.070872,0.127197,0.037817,0.042753
0.074829,0.060143,0.033354,0.037817
0.074935,0.052537,0.030184,0.033354
0.069805,0.035936,0.028380,0.030184
0.046379,0.020890,0.027184,0.028380
0.032548,0.044791,0.026032,0.027184
0.030040,0.042698,0.024501,0.026032
0.019143,0.030774,0.023433,0.024501
0.017686,0.063090,0.022856,0.023433
0.000000,0.023948,0.022616,0.022856
0.000000,0.016568,0.022657,0.022616
0.000000,0.025202,0.025817,0.022657
0.000000,0.034810,0.024827,0.025817
0.000000,0.045941,0.024789,0.024827
0.000000,0.013910,0.024846,0.024789
0.017213,0.029546,0.024454,0.024846
0.026189,0.028497,0.024072,0.024454
0.023281,0.025857,0.025036,0.024072
0.024628,0.017740,0.026938,0.025036
0.000000,0.000000,0.000000,0.000000
0.000000,0.016305,2.029232,0.000000
0.022888,0.019983,2.027413,2.029232
0.023322,0.044964,2.034580,2.027413
0.030371,0.055628,2.043199,2.034580
0.023825,0.045310,2.049982,2.043199
0.000000,0.029998,2.053296,2.049982
0.016755,0.045173,2.055506,2.053296
0.000000,0.046256,2.053657,2.055506
0.000000,0.016764,2.053819,2.053657
0.000000,0.030423,2.054490,2.053819
0.000000,0.024269,2.055290,2.054490
0.000000,0.022071,2.056101,2.055290
0.000000,0.035491,2.056580,2.056101
0.000000,0.024779,2.056337,2.056580
0.022878,0.045237,2.047676,2.056337
0.032637,0.039281,2.044604,2.047676
0.028881,0.006457,2.042122,2.044604
0.041544,0.050542,2.040737,2.042122
0.055721,0.027929,2.041154,2.040737
0.055128,0.029777,2.042440,2.041154
0.064063,0.025758,2.044755,2.042440
0.080090,0.024395,2.047613,2.044755
0.093450,0.050868,2.049645,2.047613
0.126181,0.043939,2.050609,2.049645
0.130820,0.033133,2.050074,2.050609
0.103316,0.060571,2.050096,2.050074
0.099807,0.038044,2.051573,2.050096
0.101691,0.027500,2.053862,2.051573
0.069776,0.052330,2.055557,2.053862
0.057472,0.046133,2.055844,2.055557
0.065593,0.047467,2.054022,2.055844
0.037146,0.017630,2.051392,2.054022
0.027761,0.029012,2.048735,2.051392
0.063929,0.027569,2.046130,2.048735
0.048968,0.011636,2.045100,2.046130
0.163157,0.046021,2.021591,2.045100
0.159283,0.100117,1.989216,2.021591
0.104102,0.169630,1.915172,1.989216
0.023386,0.243996,1.813911,1.915172
0.229002,0.387185,1.696050,1.813911
0.435828,0.415254,1.579101,1.696050
0.371722,0.518428,1.504586,1.579101
0.438983,0.671644,1.436093,1.504586
0.543435,0.629204,1.340412,1.436093
0.454252,0.717004,1.229954,1.340412
0.563932,0.900904,1.091779,1.229954
0.897293,0.798004,0.912228,1.091779
0.590437,0.839331,0.762426,0.912228
0.831597,0.946483,0.621375,0.762426
1.202180,0.789740,0.476694,0.621375
0.927976,0.823020,0.375909,0.476694
1.014552,0.936089,0.292312,0.375909
0.983389,0.768335,0.216179,0.292312
0.743365,0.799767,0.167128,0.216179
0.752614,0.918660,0.129998,0.167128
0.846944,0.791707,0.102393,0.129998
0.668424,0.821867,0.090815,0.102393
0.669683,0.913735,0.086436,0.090815
0.849446,0.797183,0.085422,0.086436
0.696047,0.832971,0.084507,0.085422
0.721616,0.936190,0.081955,0.084507
0.936545,0.803094,0.077717,0.081955
0.783739,0.838474,0.074279,0.077717
0.805759,0.988815,0.072205,0.074279
1.003556,0.796517,0.076104,0.072205
0.796831,0.863631,0.082573,0.076104
0.936164,0.972243,0.086742,0.082573
0.973129,0.804096,0.081525,0.086742
0.791254,0.825919,0.069480,0.081525
0.831222,0.979328,0.060340,0.069480
0.978085,0.805505,0.060765,0.060340
0.780409,0.826063,0.063113,0.060765
0.783348,0.987195,0.063066,0.063113
0.996351,0.833121,0.061843,0.063066
0.800244,0.878181,0.061431,0.061843
0.798863,0.984282,0.061877,0.061431
0.995838,0.982998,0.062300,0.061877
0.995011,0.986862,0.061430,0.062300
1.009877,0.824284,0.059866,0.061430
0.800253,0.825836,0.058577,0.059866
0.800945,0.959027,0.057767,0.058577
0.988020,0.806053,0.057702,0.057767
0.783195,0.835801,0.058358,0.057702
0.925476,0.962751,0.059234,0.058358
0.825115,0.824062,0.060495,0.059234
0.928898,0.823593,0.062131,0.060495
0.835436,1.000578,0.064330,0.062131
0.933812,0.811711,0.066817,0.064330
0.839822,0.827636,0.069083,0.066817
0.802361,0.950164,0.072272,0.069083
1.006281,0.816712,0.075577,0.072272
0.805204,0.857025,0.074062,0.075577
0.787918,0.987965,0.067446,0.074062
0.950457,0.829332,0.061496,0.067446
0.770750,0.864130,0.061271,0.061496
0.776048,0.959315,0.062053,0.061271
0.981895,0.813152,0.061411,0.062053
0.792872,0.833840,0.060322,0.061411
0.948722,0.987047,0.060086,0.060322
0.855384,0.849603,0.060980,0.060086
0.959534,0.836418,0.062115,0.060980
0.844645,0.940887,0.062952,0.062115
0.940149,0.832699,0.063965,0.062952
0.840425,0.986034,0.064545,0.063965
0.988258,0.986483,0.064396,0.064545
0.950375,0.834838,0.064479,0.064396
0.849667,0.997846,0.064267,0.064479
1.004355,0.827999,0.064066,0.064267
0.801577,0.870482,0.063856,0.064066
0.802819,0.964915,0.063467,0.063856
1.009216,0.853555,0.062799,0.063467
0.810161,0.828171,0.061864,0.062799
0.803454,1.016427,0.060592,0.061864
1.011120,0.809268,0.059294,0.060592
0.818060,0.837010,0.058482,0.059294
0.814838,0.961690,0.057772,0.058482
1.000759,0.858076,0.057389,0.057772
0.793428,0.827048,0.057732,0.057389
0.952621,0.965901,0.058563,0.057732
1.003268,0.835783,0.059545,0.058563
0.797405,0.834259,0.060036,0.059545
0.857683,0.946151,0.060411,0.060036
1.021941,0.827243,0.060707,0.060411
0.806975,0.839407,0.061461,0.060707
0.800904,0.966533,0.062105,0.061461
1.002700,0.809237,0.063090,0.062105
0.815033,0.847032,0.063801,0.063090
0.824800,0.952261,0.064159,0.063801
1.029093,0.839082,0.063912,0.064159
0.820969,0.834406,0.063427,0.063912
0.814129,0.975774,0.062835,0.063427
1.006016,0.798723,0.062642,0.062835
0.801395,0.864540,0.062495,0.062642
0.944137,0.973425,0.062755,0.062495
0.988158,0.816997,0.063503,0.062755
0.790052,0.843563,0.064122,0.063503
0.844109,0.983447,0.064969,0.064122
0.943635,0.850858,0.065598,0.064969
0.764506,0.837220,0.066205,0.065598
0.782940,0.970344,0.066314,0.066205
0.993412,0.810386,0.065334,0.066314
0.800245,0.848572,0.063840,0.065334
0.805915,0.993070,0.062377,0.063840
1.007608,0.803644,0.060896,0.062377
0.802877,0.834189,0.060127,0.060896
0.800224,0.987896,0.059924,0.060127
0.998040,0.838128,0.060026,0.059924
0.800095,0.846825,0.060147,0.060026
0.950333,0.971930,0.060041,0.060147
0.996383,0.825769,0.059912,0.060041
0.799351,0.839621,0.059919,0.059912
0.851233,1.001291,0.059808,0.059919
1.001796,0.845602,0.059219,0.059808
0.798741,0.834800,0.058468,0.059219
0.805936,0.949787,0.031581,0.058468
1.109650,0.799779,0.040389,0.031581
0.941186,0.834906,0.095457,0.040389
0.887096,0.880915,0.121613,0.095457
0.976402,0.668052,0.129786,0.121613
0.697723,0.653820,0.127075,0.129786
0.625767,0.726741,0.119625,0.127075
0.694205,0.575581,0.108462,0.119625
0.508517,0.520868,0.098867,0.108462
0.555297,0.523375,0.089804,0.098867
0.531847,0.455722,0.081323,0.089804
0.401319,0.400015,0.076237,0.081323
0.399626,0.443860,0.072843,0.076237
0.440403,0.342451,0.070683,0.072843
0.333752,0.288234,0.069621,0.070683
0.309975,0.381363,0.068599,0.069621
0.351205,0.275487,0.067050,0.068599
0.258728,0.194323,0.066418,0.067050
0.239582,0.306070,0.067103,0.066418
0.274736,0.208775,0.068505,0.067103
0.197114,0.200930,0.068430,0.068505
0.179868,0.208085,0.066197,0.068430
0.186523,0.162801,0.059615,0.066197
0.117633,0.115520,0.053991,0.059615
0.121035,0.117848,0.048100,0.053991
0.112709,0.062819,0.040487,0.048100
0.081708,0.082132,0.036032,0.040487
0.083034,0.094600,0.032446,0.036032
0.088349,0.046916,0.028915,0.032446
0.062074,0.064303,0.026685,0.028915
0.049822,0.050397,0.024978,0.026685
0.051167,0.068767,0.023446,0.024978
0.037112,0.021635,0.022481,0.023446
0.037074,0.036567,0.021503,0.022481
0.031486,0.014052,0.020824,0.021503
0.000000,0.012913,0.024390,0.020824
0.000000,0.025899,0.023981,0.024390
0.000000,0.049831,0.023362,0.023981
0.000000,0.028087,0.022868,0.023362
0.022777,0.036497,0.021977,0.022868
0.030604,0.069115,0.021123,0.021977
0.035372,0.021471,0.023758,0.021123
0.031076,0.022940,0.027922,0.023758
0.000000,0.000000,0.000000,0.000000
0.000000,0.018059,2.028064,0.000000
0.000000,0.047540,2.023594,2.028064
0.021905,0.051857,2.015725,2.023594
0.028547,0.054611,2.016284,2.015725
0.028404,0.019248,2.011222,2.016284
0.000000,0.038603,2.009661,2.011222
0.000000,0.061071,2.025338,2.009661
0.000000,0.031926,2.024830,2.025338
0.000000,0.010674,2.024170,2.024830
0.000000,0.026828,2.023223,2.024170
0.000000,0.031346,2.021496,2.023223
0.000000,0.035645,2.019065,2.021496
0.000000,0.013882,2.017562,2.019065
0.024521,0.022620,2.006689,2.017562
0.029277,0.032563,2.008262,2.006689
0.047560,0.013963,2.012771,2.008262
0.033375,0.040705,2.014456,2.012771
0.049886,0.010442,2.015315,2.014456
0.039153,0.015606,2.016716,2.015315
0.077487,0.036176,2.019524,2.016716
0.083834,0.012800,2.020359,2.019524
0.081174,0.045288,2.020874,2.020359
0.104306,0.031763,2.019310,2.020874
0.084923,0.012491,2.018245,2.019310
0.067414,0.031639,2.018569,2.018245
0.067336,0.051049,2.019075,2.018569
0.053023,0.015916,2.018451,2.019075
0.037795,0.058671,2.017096,2.018451
0.051976,0.026808,2.016355,2.017096
0.041115,0.035176,2.015882,2.016355
0.052327,0.018211,2.014949,2.015882
0.115489,0.043086,1.998065,2.014949
0.189282,0.036231,1.964815,1.998065
0.177867,0.102006,1.907563,1.964815
0.069844,0.237062,1.831766,1.907563
0.132399,0.287750,1.713017,1.831766
0.253194,0.337954,1.612906,1.713017
0.383868,0.504292,1.530332,1.612906
0.409135,0.521010,1.445418,1.530332
0.550201,0.626112,1.373159,1.445418
0.485900,0.770580,1.279851,1.373159
0.592835,0.726713,1.134342,1.279851
0.632217,0.796343,0.992779,1.134342
0.480020,0.947480,0.834634,0.992779
0.663182,0.787020,0.662453,0.834634
0.837723,0.802976,0.532639,0.662453
0.919568,0.969620,0.415463,0.532639
1.103154,0.805046,0.305277,0.415463
0.840756,0.831833,0.235219,0.305277
0.793352,0.913868,0.182970,0.235219
0.905058,0.751041,0.141955,0.182970
0.685863,0.809263,0.118448,0.141955
0.665207,0.922075,0.101853,0.118448
0.821951,0.761880,0.090008,0.101853
0.654071,0.812333,0.085949,0.090008
0.783539,0.955238,0.085891,0.085949
0.833754,0.787585,0.086583,0.085891
0.725455,0.838540,0.084503,0.086583
0.827608,0.960347,0.079548,0.084503
1.014177,0.837520,0.074265,0.079548
0.824679,0.814766,0.072283,0.074265
0.818775,0.962502,0.075558,0.072283
1.014652,0.835432,0.084384,0.075558
0.789854,1.004553,0.089128,0.084384
0.999784,0.958694,0.082908,0.089128
0.991383,0.839666,0.067285,0.082908
0.781556,0.959585,0.060370,0.067285
0.990393,0.811200,0.062633,0.060370
0.802612,0.856210,0.063487,0.062633
0.801907,0.964458,0.061655,0.063487
0.997228,1.025149,0.060525,0.061655
0.988326,0.980853,0.062548,0.060525
0.988802,0.795698,0.064796,0.062548
0.797184,0.838675,0.065982,0.064796
0.795092,0.978300,0.065684,0.065982
1.000497,0.856532,0.064413,0.065684
0.799689,0.807753,0.062930,0.064413
0.942931,0.980926,0.061664,0.062930
0.990835,1.020032,0.060701,0.061664
0.976434,1.020438,0.059982,0.060701
0.831537,0.814350,0.059722,0.059982
0.937733,0.839971,0.060049,0.059722
0.834299,0.984843,0.060652,0.060049
0.935608,0.816077,0.061612,0.060652
0.839879,0.828509,0.062957,0.061612
0.800450,0.998852,0.065808,0.062957
1.005512,0.831222,0.070813,0.065808
0.807669,0.825095,0.072241,0.070813
0.801076,0.995730,0.067368,0.072241
0.992797,0.812770,0.059281,0.067368
0.776206,0.860074,0.058277,0.059281
0.779970,0.939543,0.060669,0.058277
0.976539,0.821905,0.062093,0.060669
0.783866,0.845569,0.061760,0.062093
0.936516,0.955102,0.061220,0.061760
0.847788,0.845393,0.061354,0.061220
0.945285,0.827854,0.061871,0.061354
0.845639,0.980143,0.061854,0.061871
0.937789,0.810405,0.061449,0.061854
0.838404,0.832655,0.061427,0.061449
0.789016,0.947650,0.061876,0.061427
0.989669,0.834806,0.062796,0.061876
0.787699,0.816055,0.063725,0.062796
0.781991,0.960557,0.064456,0.063725
0.988630,0.797316,0.065053,0.064456
0.790920,0.814489,0.065391,0.065053
0.798535,1.018869,0.065682,0.065391
0.712519,0.816233,0.065844,0.065682
0.401354,0.817618,0.065632,0.065844
0.308552,0.967072,0.065388,0.065632
0.584379,0.838186,0.065225,0.065388
0.846331,1.010402,0.064915,0.065225
0.967947,0.994966,0.064276,0.064915
0.842065,0.867594,0.063566,0.064276
0.943636,0.949062,0.062686,0.063566
0.994380,0.826476,0.061316,0.062686
0.787614,0.848051,0.060248,0.061316
0.836749,1.006984,0.059626,0.060248
1.001244,0.805660,0.059388,0.059626
0.799117,0.823520,0.060910,0.059388
0.797629,1.007122,0.062287,0.060910
1.008859,0.831398,0.062374,0.062287
0.821067,0.840592,0.061779,0.062374
0.828380,0.935388,0.060871,0.061779
1.037703,0.836516,0.059784,0.060871
0.828605,0.857115,0.059295,0.059784
0.968204,0.959796,0.059190,0.059295
0.856326,0.845139,0.059667,0.059190
0.946491,0.817381,0.060548,0.059667
0.841947,0.967138,0.061444,0.060548
0.938547,0.809182,0.062404,0.061444
0.834494,0.836825,0.063239,0.062404
0.791550,1.018894,0.064253,0.063239
0.941164,0.835701,0.065598,0.064253
0.754688,0.861332,0.066813,0.065598
0.772336,0.941745,0.067548,0.066813
0.986957,0.810853,0.067236,0.067548
0.796906,0.982755,0.066016,0.067236
1.004003,0.994294,0.063852,0.066016
1.006132,0.866483,0.061525,0.063852
0.807595,0.998937,0.059813,0.061525
1.008219,0.851012,0.058121,0.059813
0.806504,0.856807,0.056756,0.058121
0.803250,0.992552,0.055741,0.056756
0.996520,0.820230,0.055168,0.055741
0.794300,0.837366,0.055285,0.055168
0.941702,0.971043,0.055821,0.055285
0.988081,0.801442,0.056745,0.055821
0.788025,0.807669,0.057663,0.056745
0.837421,0.997252,0.058573,0.057663
0.995691,0.801279,0.028116,0.058573
0.871162,0.818343,0.031467,0.028116
0.920996,0.964717,0.091248,0.031467
1.093992,0.734669,0.121682,0.091248
0.782975,0.726002,0.128081,0.121682
0.691801,0.792859,0.125906,0.128081
0.758398,0.580129,0.117712,0.125906
0.558570,0.519009,0.108961,0.117712
0.508884,0.598576,0.099435,0.108961
0.576989,0.471581,0.089049,0.099435
0.426863,0.427762,0.081674,0.089049
0.471731,0.486475,0.075616,0.081674
0.457823,0.393051,0.070511,0.075616
0.347339,0.351647,0.067497,0.070511
0.346140,0.378102,0.065563,0.067497
0.378851,0.282467,0.064406,0.065563
0.286029,0.260286,0.064080,0.064406
0.267044,0.277096,0.064577,0.064080
0.306378,0.198622,0.066485,0.064577
0.222575,0.198483,0.066529,0.066485
0.197875,0.231044,0.066262,0.066529
0.218536,0.165404,0.062028,0.066262
0.155889,0.193468,0.057669,0.062028
0.130538,0.145126,0.051570,0.057669
0.119878,0.108060,0.043194,0.051570
0.084731,0.092047,0.039189,0.043194
0.085215,0.107870,0.033476,0.039189
0.074782,0.067231,0.027835,0.033476
0.060398,0.030075,0.023538,0.027835
0.063696,0.060071,0.019509,0.023538
0.064720,0.046654,0.016037,0.019509
0.045353,0.013215,0.014141,0.016037
0.042714,0.058495,0.012967,0.014141
0.037004,0.035825,0.012084,0.012967
0.023278,0.013678,0.011580,0.012084
0.019244,0.039459,0.011273,0.011580
0.000000,0.018916,0.013665,0.011273
0.000000,0.011660,0.013257,0.013665
0.000000,0.009330,0.012811,0.013257
0.000000,0.030034,0.012314,0.012811
0.000000,0.016333,0.011557,0.012314
0.000000,0.059635,0.010511,0.011557
0.028313,0.032414,0.010092,0.010511
0.024488,0.036871,0.013064,0.010092
0.029984,0.032416,0.018902,0.013064
0.000000,0.000000,0.000000,0.000000
0.000000,0.009186,2.026356,0.000000
0.017419,0.052603,2.018709,2.026356
0.031989,0.049306,2.002767,2.018709
0.031779,0.054194,1.989001,2.002767
0.026598,0.052040,1.993241,1.989001
0.000000,0.038740,2.013199,1.993241
0.000000,0.052331,2.022933,2.013199
0.016403,0.006134,2.030276,2.022933
0.000000,0.026411,2.029725,2.030276
0.000000,0.032397,2.028545,2.029725
0.000000,0.038237,2.026705,2.028545
0.000000,0.028662,2.024569,2.026705
0.016161,0.071524,2.022671,2.024569
0.017721,0.029928,2.020775,2.022671
0.000000,0.025900,2.018397,2.020775
0.038721,0.022327,2.011854,2.018397
0.033895,0.023344,2.008924,2.011854
0.037978,0.031634,2.005574,2.008924
0.047107,0.047411,2.004003,2.005574
0.049059,0.014901,2.004528,2.004003
0.060739,0.059152,2.006528,2.004528
0.042476,0.050920,2.011125,2.006528
0.045591,0.031982,2.015528,2.011125
0.030893,0.032365,2.018886,2.015528
0.017488,0.028156,2.020969,2.018886
0.032391,0.030901,2.020647,2.020969
0.053407,0.032798,2.018891,2.020647
0.084775,0.041926,2.017259,2.018891
0.094032,0.040518,2.016971,2.017259
0.125283,0.048962,2.018774,2.016971
0.102902,0.046045,2.021707,2.018774
0.081789,0.019567,2.023511,2.021707
0.082511,0.007848,2.024173,2.023511
0.049499,0.056097,2.023020,2.024173
0.064261,0.009792,2.020434,2.023020
0.067427,0.062047,2.016695,2.020434
0.050123,0.053730,2.013943,2.016695
0.039802,0.017387,2.011879,2.013943
0.112602,0.034798,1.996133,2.011879
0.131813,0.062556,1.971204,1.996133
0.119398,0.114369,1.922311,1.971204
0.044499,0.182038,1.854772,1.922311
0.131558,0.274979,1.758553,1.854772
0.370422,0.345289,1.634603,1.758553
0.389218,0.462558,1.542868,1.634603
0.467717,0.624560,1.461955,1.542868
0.535108,0.587817,1.373628,1.461955
0.464743,0.666615,1.285586,1.373628
0.447205,0.806359,1.168275,1.285586
0.739114,0.758476,0.999789,1.168275
0.436005,0.809115,0.843277,0.999789
0.560539,0.962814,0.689460,0.843277
1.099232,0.782933,0.532204,0.689460
0.942674,0.826484,0.421377,0.532204
0.910940,0.936209,0.328167,0.421377
1.081230,0.774217,0.243135,0.328167
0.812979,0.789478,0.191086,0.243135
0.897722,0.941477,0.152656,0.191086
0.882664,0.939070,0.120101,0.152656
0.852173,0.928561,0.097017,0.120101
0.714667,0.804778,0.084806,0.097017
0.798361,0.801941,0.081987,0.084806
0.717099,0.961993,0.082794,0.081987
0.835461,0.829934,0.082241,0.082794
0.805370,0.864599,0.077859,0.082241
0.800033,0.979363,0.071515,0.077859
1.016813,0.844367,0.066232,0.071515
0.818503,0.825796,0.066245,0.066232
0.802863,0.967975,0.073078,0.066245
0.989825,0.824060,0.083988,0.073078
0.792627,0.820657,0.088059,0.083988
0.792496,0.947511,0.081804,0.088059
1.005659,0.849528,0.065376,0.081804
0.797105,0.811161,0.057860,0.065376
0.941960,1.001384,0.059345,0.057860
0.849084,0.770047,0.061033,0.059345
0.942990,0.854232,0.059941,0.061033
0.842741,1.005124,0.059589,0.059941
0.935390,0.806446,0.061923,0.059589
0.834349,0.981329,0.064781,0.061923
0.999149,0.977502,0.066635,0.064781
0.954779,0.859315,0.066550,0.066635
0.859681,0.971635,0.064875,0.066550
1.010232,0.831370,0.062752,0.064875
0.803029,0.825969,0.060918,0.062752
0.800185,0.992942,0.059010,0.060918
0.990683,0.814222,0.057384,0.059010
0.793312,0.869722,0.057061,0.057384
0.791827,0.973788,0.057804,0.057061
0.985784,0.811963,0.059700,0.057804
0.787560,0.990575,0.062033,0.059700
0.985809,0.988058,0.065650,0.062033
0.997363,0.814222,0.070544,0.065650
0.794778,0.988955,0.075392,0.070544
0.982119,0.978308,0.076039,0.075392
0.975629,0.957844,0.067715,0.076039
0.984148,0.825204,0.060234,0.067715
0.776597,1.013041,0.060227,0.060234
0.974380,0.982827,0.061819,0.060227
0.982570,0.847617,0.061689,0.061819
0.784376,0.987853,0.060882,0.061689
0.988171,0.812790,0.060501,0.060882
0.796961,0.826015,0.060811,0.060501
0.797738,0.968231,0.061036,0.060811
0.992202,0.826812,0.061561,0.061036
0.796053,0.821752,0.061645,0.061561
0.942380,1.028565,0.061561,0.061645
0.983006,0.834267,0.060898,0.061561
0.792066,0.852952,0.060367,0.060898
0.839011,0.948333,0.059762,0.060367
0.998463,0.814856,0.059227,0.059762
0.793286,0.846909,0.059114,0.059227
0.795290,0.985665,0.058820,0.059114
0.997951,0.824488,0.058851,0.058820
0.796921,0.832666,0.059123,0.058851
0.796332,0.985362,0.059526,0.059123
0.993847,0.791513,0.059877,0.059526
0.791713,0.829287,0.060018,0.059877
0.786547,0.974638,0.060503,0.060018
1.003030,0.837784,0.061670,0.060503
0.800174,0.806243,0.062070,0.061670
0.940934,0.979953,0.062136,0.062070
1.002420,0.813274,0.062335,0.062136
0.796920,0.858288,0.062519,0.062335
0.838226,0.969672,0.062985,0.062519
0.986634,0.852447,0.063681,0.062985
0.778561,0.817426,0.064272,0.063681
0.792636,1.012801,0.064246,0.064272
1.008331,0.805128,0.063902,0.064246
0.825109,0.855351,0.063065,0.063902
0.831486,1.001015,0.061885,0.063065
1.037503,0.807845,0.060068,0.061885
0.826696,0.831864,0.058372,0.060068
0.817590,0.970635,0.056957,0.058372
1.010838,0.851973,0.056445,0.056957
0.801938,0.825796,0.056495,0.056445
0.942097,0.962475,0.057314,0.056495
0.984227,0.849517,0.058732,0.057314
0.783822,0.833772,0.059862,0.058732
0.833766,0.995995,0.060617,0.059862
0.931783,1.024844,0.061136,0.060617
0.953099,0.966156,0.061967,0.061136
0.926427,0.814335,0.062378,0.061967
0.832818,0.801078,0.062283,0.062378
0.791332,0.992544,0.061979,0.062283
0.985590,0.817728,0.061378,0.061979
0.790726,0.843124,0.060563,0.061378
0.796549,0.966790,0.060019,0.060563
0.995374,0.802769,0.059880,0.060019
0.795317,1.000765,0.060030,0.059880
0.986520,0.984227,0.059977,0.060030
0.991208,0.839061,0.059989,0.059977
0.791374,0.992147,0.060258,0.059989
0.993215,0.810658,0.060757,0.060258
0.790906,0.864627,0.061056,0.060757
0.791235,0.961637,0.061611,0.061056
0.986746,0.838687,0.050770,0.061611
0.820442,0.796125,0.004062,0.050770
1.057705,0.979897,0.063878,0.004062
1.142237,0.949816,0.112933,0.063878
1.027582,0.861720,0.129742,0.112933
0.772179,0.664852,0.130659,0.129742
0.765877,0.634087,0.125882,0.130659
0.618213,0.694333,0.118115,0.125882
0.621239,0.635084,0.108129,0.118115
0.591993,0.555577,0.098638,0.108129
0.534889,0.407439,0.090352,0.098638
0.398370,0.397944,0.084076,0.090352
0.388158,0.432243,0.078773,0.084076
0.423426,0.356661,0.073931,0.078773
0.317429,0.307414,0.070659,0.073931
0.297982,0.342353,0.067976,0.070659
0.338049,0.261487,0.065499,0.067976
0.250549,0.215661,0.065209,0.065499
0.233529,0.277299,0.065221,0.065209
0.259061,0.144393,0.064071,0.065221
0.186384,0.206455,0.062684,0.064071
0.165425,0.199838,0.059496,0.062684
0.183950,0.155045,0.053209,0.059496
0.132128,0.152651,0.047774,0.053209
0.139593,0.115163,0.041645,0.047774
0.124893,0.105417,0.036207,0.041645
0.087196,0.093263,0.032820,0.036207
0.082811,0.107107,0.029959,0.032820
0.091431,0.041092,0.027166,0.029959
0.071076,0.041619,0.025376,0.027166
0.069516,0.046454,0.023683,0.025376
0.063393,0.038356,0.022017,0.023683
0.037757,0.029539,0.020856,0.022017
0.030736,0.051692,0.019593,0.020856
0.000000,0.040903,0.017999,0.019593
0.000000,0.039044,0.016988,0.017999
0.000000,0.026167,0.016409,0.016988
0.020984,0.016419,0.015845,0.016409
0.024337,0.034779,0.015884,0.015845
0.026461,0.029076,0.017149,0.015884
0.033790,0.043141,0.021400,0.017149
0.000000,0.000000,0.000000,0.000000
0.000000,0.023989,2.025247,0.000000
0.020004,0.037688,2.018651,2.025247
0.024807,0.045644,2.018791,2.018651
0.033044,0.018878,2.030164,2.018791
0.019744,0.026996,2.033506,2.030164
0.000000,0.032667,2.035680,2.033506
0.000000,0.005640,2.040963,2.035680
0.000000,0.014599,2.044916,2.040963
0.000000,0.028161,2.042505,2.044916
0.000000,0.033143,2.039995,2.042505
0.000000,0.023884,2.038576,2.039995
0.000000,0.054017,2.037677,2.038576
0.000000,0.029467,2.037162,2.037677
0.000000,0.046148,2.036955,2.037162
0.000000,0.024948,2.036677,2.036955
0.000000,0.059423,2.036354,2.036677
0.033289,0.025956,2.025995,2.036354
0.041580,0.005905,2.023713,2.025995
0.068919,0.037380,2.023591,2.023713
0.056868,0.007445,2.025376,2.023591
0.051933,0.038253,2.027302,2.025376
0.077364,0.042123,2.028771,2.027302
0.070090,0.023305,2.029070,2.028771
0.087159,0.029853,2.029545,2.029070
0.103089,0.041424,2.030435,2.029545
0.090534,0.028485,2.031408,2.030435
0.104701,0.041767,2.032887,2.031408
0.112352,0.056826,2.035133,2.032887
0.078286,0.044181,2.037164,2.035133
0.070153,0.009656,2.037547,2.037164
0.078453,0.037861,2.036746,2.037547
0.053348,0.045286,2.035493,2.036746
0.054346,0.058216,2.033824,2.035493
0.047148,0.044909,2.032711,2.033824
0.031653,0.048269,2.033093,2.032711
0.040674,0.022064,2.033530,2.033093
0.047814,0.035570,2.032581,2.033530
0.171354,0.046217,2.011524,2.032581
0.182268,0.043114,1.978200,2.011524
0.110298,0.181847,1.923606,1.978200
0.038260,0.232547,1.813020,1.923606
0.197737,0.289672,1.695853,1.813020
0.341360,0.466721,1.583906,1.695853
0.446596,0.491590,1.485581,1.583906
0.551912,0.572225,1.422081,1.485581
0.537885,0.714149,1.356288,1.422081
0.592173,0.691529,1.245777,1.356288
0.536346,0.713492,1.119255,1.245777
0.551341,0.933038,0.966597,1.119255
0.713545,0.952945,0.779624,0.966597
0.920746,0.997353,0.606322,0.779624
1.162124,0.784689,0.461935,0.606322
0.910784,0.817910,0.363439,0.461935
0.843894,0.963215,0.282309,0.363439
0.999923,0.789998,0.207487,0.282309
0.750337,0.769148,0.159716,0.207487
0.712168,0.957196,0.125118,0.159716
0.854926,0.735571,0.101040,0.125118
0.668452,0.833019,0.092252,0.101040
0.792497,0.965813,0.089075,0.092252
0.845399,0.808530,0.087657,0.089075
0.684532,0.803836,0.086243,0.087657
0.754374,0.965034,0.083155,0.086243
0.962117,1.003287,0.078664,0.083155
1.004075,0.983021,0.073724,0.078664
0.974597,0.830999,0.072524,0.073724
0.857846,0.859485,0.077778,0.072524
0.800080,0.961142,0.085966,0.077778
1.014999,0.838383,0.091578,0.085966
0.814449,0.829968,0.086178,0.091578
0.815729,0.970992,0.071198,0.086178
1.019602,1.003662,0.056001,0.071198
1.002021,1.018285,0.055687,0.056001
0.995667,0.836929,0.058017,0.055687
0.804434,0.831071,0.057303,0.058017
0.798607,0.973065,0.055992,0.057303
0.997639,0.812931,0.056394,0.055992
0.793178,0.844938,0.057839,0.056394
0.788170,0.974269,0.059249,0.057839
0.989164,0.823144,0.059854,0.059249
0.789896,0.840167,0.060062,0.059854
0.933917,0.967691,0.060296,0.060062
0.971392,0.807563,0.060750,0.060296
0.771218,0.822158,0.061120,0.060750
0.815245,0.991293,0.061515,0.061120
0.972280,0.811225,0.061858,0.061515
0.778604,0.838442,0.061983,0.061858
0.782023,0.973734,0.062034,0.061983
0.985322,0.832008,0.062578,0.062034
0.791483,0.808311,0.063964,0.062578
0.795881,0.980412,0.067060,0.063964
0.996757,0.832645,0.073175,0.067060
0.788667,0.832200,0.077508,0.073175
0.780774,1.001381,0.076384,0.077508
0.964608,0.788019,0.067509,0.076384
0.770609,0.854670,0.062366,0.067509
0.908456,0.954049,0.062856,0.062366
0.966178,0.832320,0.064983,0.062856
0.779538,0.836906,0.065183,0.064983
0.836715,0.974189,0.064292,0.065183
0.982024,0.798545,0.063315,0.064292
0.785551,0.834874,0.063360,0.063315
0.788669,1.011120,0.063930,0.063360
0.993356,0.793597,0.064111,0.063930
0.793334,0.844423,0.063706,0.064111
0.791887,0.995029,0.062886,0.063706
0.997824,0.812668,0.061445,0.062886
0.798580,0.817242,0.060482,0.061445
0.796792,0.990011,0.059588,0.060482
0.991901,0.831027,0.059547,0.059588
0.794788,0.841883,0.060144,0.059547
0.943961,0.977826,0.060824,0.060144
0.995151,0.814006,0.061354,0.060824
0.803244,0.837089,0.061316,0.061354
0.849590,0.986500,0.061287,0.061316
1.000932,0.832222,0.061577,0.061287
0.801290,0.834384,0.062018,0.061577
0.801100,0.989739,0.062389,0.062018
0.990986,0.816743,0.062408,0.062389
0.788957,0.837296,0.062252,0.062408
0.790880,0.973452,0.061429,0.062252
1.011760,0.804466,0.060559,0.061429
0.808511,0.825477,0.060374,0.060559
0.809885,0.969183,0.060123,0.060374
0.991265,0.795910,0.059907,0.060123
0.794980,0.844113,0.060429,0.059907
0.954733,1.015581,0.060959,0.060429
1.015033,0.807951,0.061925,0.060959
0.816657,0.868186,0.062762,0.061925
0.870157,0.964700,0.063112,0.062762
1.024859,0.814768,0.063284,0.063112
0.812728,0.833180,0.063576,0.063284
0.805907,1.001636,0.064105,0.063576
0.998657,0.817341,0.064956,0.064105
0.795806,0.830007,0.064781,0.064956
0.793502,0.955654,0.064124,0.064781
0.992026,0.822907,0.063440,0.064124
0.792403,0.824995,0.062878,0.063440
0.796066,0.964327,0.062193,0.062878
0.943419,0.798424,0.061909,0.062193
0.761068,0.846268,0.062542,0.061909
0.924386,0.978565,0.063618,0.062542
0.984449,0.804540,0.064800,0.063618
0.790998,0.850056,0.065007,0.064800
0.835372,0.986160,0.065227,0.065007
0.981858,0.816694,0.065740,0.065227
0.791432,0.858832,0.065609,0.065740
0.793546,1.003697,0.064815,0.065609
0.999108,0.833514,0.063878,0.064815
0.796897,0.818286,0.062967,0.063878
0.799652,1.035791,0.062060,0.062967
1.006296,0.828701,0.061400,0.062060
0.803059,0.993479,0.060927,0.061400
1.004951,1.015087,0.059907,0.060927
1.000605,0.806244,0.058758,0.059907
0.801159,0.972104,0.055316,0.058758
1.034166,0.802144,0.010593,0.055316
0.877962,0.808832,0.054727,0.010593
1.092749,0.944617,0.104317,0.054727
0.915484,0.748091,0.126559,0.104317
0.893800,0.729482,0.129557,0.126559
0.702921,0.758511,0.124950,0.129557
0.704972,0.585201,0.115103,0.124950
0.569819,0.554005,0.106233,0.115103
0.493996,0.581890,0.097832,0.106233
0.563688,0.477739,0.089423,0.097832
0.419096,0.457603,0.083557,0.089423
0.391046,0.469200,0.078502,0.083557
0.454518,0.357492,0.073986,0.078502
0.340481,0.344998,0.071272,0.073986
0.321316,0.349350,0.068986,0.071272
0.372980,0.280928,0.066562,0.068986
0.280353,0.263635,0.064815,0.066562
0.304151,0.286989,0.065469,0.064815
0.250451,0.229121,0.066653,0.065469
0.252837,0.188409,0.067472,0.066653
0.197722,0.242685,0.067387,0.067472
0.189271,0.141730,0.063507,0.067387
0.141875,0.146567,0.058081,0.063507
0.111129,0.133796,0.052566,0.058081
0.118039,0.085610,0.044003,0.052566
0.082081,0.106931,0.036738,0.044003
0.073323,0.095758,0.030969,0.036738
0.064887,0.041703,0.025341,0.030969
0.037570,0.040645,0.021060,0.025341
0.033084,0.057268,0.017412,0.021060
0.039458,0.049202,0.014392,0.017412
0.027045,0.050396,0.012872,0.014392
0.030173,0.039184,0.011692,0.012872
0.022732,0.016661,0.010812,0.011692
0.026721,0.047293,0.010460,0.010812
0.028769,0.023658,0.010127,0.010460
0.000000,0.044156,0.015501,0.010127
0.000000,0.013108,0.014356,0.015501
0.000000,0.030422,0.013258,0.014356
0.000000,0.041892,0.012617,0.013258
0.025080,0.024681,0.010356,0.012617
0.026935,0.030623,0.010905,0.010356
0.026019,0.029742,0.014734,0.010905
0.000000,0.000000,0.000000,0.000000
0.000000,0.025858,2.031227,0.000000
0.000000,0.028150,2.025219,2.031227
0.020024,0.038232,2.018926,2.025219
0.027406,0.027925,2.020583,2.018926
0.032366,0.053075,2.031996,2.020583
0.016605,0.023739,2.038762,2.031996
0.000000,0.033566,2.039465,2.038762
0.000000,0.012698,2.037301,2.039465
0.000000,0.033815,2.035645,2.037301
0.000000,0.034765,2.036849,2.035645
0.000000,0.030482,2.038415,2.036849
0.000000,0.023627,2.038431,2.038415
0.000000,0.053963,2.037548,2.038431
0.000000,0.015413,2.036079,2.037548
0.000000,0.021787,2.034858,2.036079
0.033724,0.022688,2.023359,2.034858
0.027370,0.037849,2.023766,2.023359
0.036031,0.029046,2.027545,2.023766
0.029433,0.013762,2.030191,2.027545
0.031089,0.013983,2.031406,2.030191
0.044146,0.035330,2.031729,2.031406
0.041743,0.022418,2.031258,2.031729
0.060002,0.046056,2.030891,2.031258
0.064415,0.019028,2.031643,2.030891
0.077846,0.016925,2.033103,2.031643
0.068449,0.029564,2.034858,2.033103
0.072092,0.020452,2.037596,2.034858
0.062880,0.003127,2.038846,2.037596
0.050489,0.038723,2.038937,2.038846
0.057107,0.019768,2.037550,2.038937
0.040750,0.033043,2.033023,2.037550
0.029814,0.008145,2.031996,2.033023
0.155832,0.101548,1.995376,2.031996
0.160944,0.075470,1.949672,1.995376
0.071534,0.145579,1.884743,1.949672
0.070877,0.250779,1.783709,1.884743
0.290457,0.326113,1.646075,1.783709
0.418579,0.407909,1.550045,1.646075
0.400964,0.591726,1.478084,1.550045
0.595859,0.583742,1.409712,1.478084
0.449952,0.658041,1.339175,1.409712
0.478037,0.822220,1.233145,1.339175
0.774515,0.758778,1.069033,1.233145
0.531899,0.823520,0.909429,1.069033
0.465902,0.947500,0.746598,0.909429
0.995361,0.823626,0.577338,0.746598
0.934848,0.794161,0.457667,0.577338
1.043787,0.959226,0.358149,0.457667
0.880841,0.782404,0.268634,0.358149
0.926831,0.805245,0.211231,0.268634
0.786554,0.929208,0.166867,0.211231
0.834958,0.769072,0.128444,0.166867
0.717673,0.967193,0.104430,0.128444
0.841778,0.912971,0.086008,0.104430
0.792591,0.835326,0.078610,0.086008
0.714669,0.967594,0.078301,0.078610
0.898720,0.804259,0.079833,0.078301
0.772246,0.795565,0.079073,0.079833
0.792796,0.968490,0.076299,0.079073
1.033900,0.828886,0.073288,0.076299
0.817681,0.869241,0.076046,0.073288
0.802704,0.974758,0.086458,0.076046
0.979205,0.821715,0.102909,0.086458
0.787196,0.831631,0.112196,0.102909
0.798876,0.973353,0.110222,0.112196
1.006665,0.794939,0.091175,0.110222
0.798185,0.826399,0.069740,0.091175
0.967227,0.993711,0.060140,0.069740
1.005804,0.819092,0.062858,0.060140
0.796903,0.840167,0.063505,0.062858
0.840373,1.000354,0.060935,0.063505
0.981687,0.807347,0.059218,0.060935
0.782301,0.851133,0.060589,0.059218
0.792341,0.978592,0.063205,0.060589
0.990745,0.831503,0.064722,0.063205
0.785930,0.843430,0.064286,0.064722
0.789988,0.968105,0.062633,0.064286
0.973588,0.807323,0.060758,0.062633
0.782768,0.816063,0.060170,0.060758
0.783290,0.973741,0.060133,0.060170
0.979073,0.831485,0.060420,0.060133
0.781915,0.853665,0.060747,0.060420
0.932058,0.997703,0.061348,0.060747
0.982460,0.820045,0.061876,0.061348
0.790989,0.835849,0.062141,0.061876
0.847047,0.986195,0.062432,0.062141
0.994347,0.843248,0.063778,0.062432
0.797168,0.836927,0.064237,0.063778
0.792393,0.983139,0.062014,0.064237
0.990345,0.823038,0.058104,0.062014
0.789685,0.843469,0.057434,0.058104
0.785327,0.962262,0.057885,0.057434
0.977923,0.817687,0.058228,0.057885
0.782197,1.016222,0.058400,0.058228
0.985086,0.970367,0.058744,0.058400
0.986378,0.860185,0.059060,0.058744
0.680932,0.983596,0.059048,0.059060
0.535976,0.799668,0.059130,0.059048
0.635045,0.874216,0.059084,0.059130
0.868906,0.957760,0.058915,0.059084
0.814536,0.803354,0.058792,0.058915
0.938846,0.989472,0.058862,0.058792
0.982302,0.988362,0.059167,0.058862
0.833358,0.854010,0.059661,0.059167
0.940675,0.952549,0.059948,0.059661
0.985828,0.818800,0.059980,0.059948
0.790212,0.822100,0.059906,0.059980
0.846001,0.980378,0.060027,0.059906
0.995356,0.830797,0.060447,0.060027
0.795303,0.833560,0.060890,0.060447
0.805265,0.982000,0.061555,0.060890
1.005999,0.814696,0.063432,0.061555
0.811394,0.855809,0.063680,0.063432
0.804925,0.959610,0.062184,0.063680
0.994852,0.829350,0.061486,0.062184
0.792262,0.815394,0.062077,0.061486
0.804545,0.986041,0.062676,0.062077
1.019350,0.826238,0.062761,0.062676
0.810719,0.828786,0.062420,0.062761
0.943925,0.935407,0.062142,0.062420
0.999528,0.808373,0.062370,0.062142
0.804214,0.863020,0.062887,0.062370
0.874790,0.988600,0.062888,0.062887
1.040811,0.799748,0.062551,0.062888
0.833164,0.856809,0.061671,0.062551
0.827479,1.000884,0.060481,0.061671
1.025116,0.823400,0.059357,0.060481
0.813109,0.854761,0.059064,0.059357
0.804530,0.979645,0.059391,0.059064
0.999928,0.803522,0.060416,0.059391
0.792232,0.854247,0.061309,0.060416
0.792141,1.018960,0.061999,0.061309
0.987977,0.798885,0.062328,0.061999
0.782955,0.833279,0.062144,0.062328
0.894372,0.990060,0.062054,0.062144
0.966264,1.026914,0.062395,0.062054
0.989352,0.959097,0.062533,0.062395
0.849336,0.804359,0.060868,0.062533
0.954365,0.837614,0.059285,0.060868
0.854741,0.954051,0.058611,0.059285
0.944946,0.838642,0.058529,0.058611
0.845853,1.041544,0.059107,0.058529
0.992756,0.964364,0.059690,0.059107
0.942448,0.839692,0.060170,0.059690
0.842417,0.995166,0.060422,0.060170
0.992777,1.004527,0.060435,0.060422
0.992888,1.010817,0.059714,0.060435
0.951871,0.797998,0.058484,0.059714
0.857371,0.963953,0.057262,0.058484
1.001193,1.017059,0.052674,0.057262
0.977426,0.860255,0.005252,0.052674
0.961652,0.939969,0.062028,0.005252
1.152917,0.956457,0.116285,0.062028
1.027041,0.857635,0.134997,0.116285
0.850023,0.650890,0.135447,0.134997
0.672143,0.725379,0.128574,0.135447
0.698699,0.667406,0.115688,0.128574
0.598493,0.535302,0.102118,0.115688
0.486052,0.555886,0.091719,0.102118
0.525812,0.434381,0.081910,0.091719
0.394991,0.389107,0.075710,0.081910
0.373774,0.440008,0.070906,0.075710
0.436227,0.349020,0.067110,0.070906
0.330382,0.318853,0.065337,0.067110
0.310958,0.359232,0.064481,0.065337
0.359970,0.317515,0.064254,0.064481
0.268561,0.238588,0.065611,0.064254
0.252771,0.240162,0.067815,0.065611
0.285496,0.198237,0.070755,0.067815
0.207323,0.201223,0.071599,0.070755
0.216297,0.195092,0.069046,0.071599
0.193237,0.173846,0.064038,0.069046
0.122463,0.145870,0.057032,0.064038
0.103082,0.129321,0.048430,0.057032
0.103684,0.062253,0.040882,0.048430
0.072449,0.062299,0.034465,0.040882
0.066156,0.088200,0.029068,0.034465
0.071802,0.082689,0.023481,0.029068
0.052661,0.069433,0.019719,0.023481
0.051303,0.044798,0.017001,0.019719
0.048184,0.023738,0.015033,0.017001
0.032827,0.023546,0.014125,0.015033
0.026173,0.037719,0.013288,0.014125
0.032307,0.028257,0.012471,0.013288
0.023715,0.008745,0.011698,0.012471
0.000000,0.036731,0.011667,0.011698
0.000000,0.026857,0.010398,0.011667
0.000000,0.049320,0.009625,0.010398
0.024969,0.024572,0.009572,0.009625
0.027908,0.053978,0.010955,0.009572
0.028317,0.020022,0.014869,0.010955
0.017904,0.040331,0.015605,0.014869
0.000000,0.000000,0.000000,0.000000
0.000000,0.044467,2.034396,0.000000
0.017249,0.021064,2.016211,2.034396
0.030025,0.020386,1.980286,2.016211
0.027427,0.032373,1.977670,1.980286
0.000000,0.026260,1.993841,1.977670
0.000000,0.022569,1.989406,1.993841
0.000000,0.033083,1.989152,1.989406
0.000000,0.033547,1.989778,1.989152
0.023222,0.019711,1.990679,1.989778
0.033107,0.020943,1.990961,1.990679
0.024583,0.051890,1.990315,1.990961
0.027358,0.020019,1.978511,1.990315
0.026143,0.026007,1.975006,1.978511
0.033630,0.019554,1.973562,1.975006
0.024323,0.022773,1.979560,1.973562
0.028108,0.054363,1.983878,1.979560
0.051232,0.055113,1.985581,1.983878
0.045458,0.025377,1.985780,1.985581
0.059112,0.024467,1.985782,1.985780
0.106716,0.024351,1.986470,1.985782
0.095882,0.018334,1.987768,1.986470
0.094084,0.042177,1.988817,1.987768
0.113717,0.044081,1.989961,1.988817
0.089439,0.025961,1.991575,1.989961
0.083377,0.056944,1.993128,1.991575
0.096112,0.021412,1.993666,1.993128
0.062245,0.051607,1.992826,1.993666
0.045315,0.019910,1.990566,1.992826
0.042780,0.012365,1.986526,1.990566
0.030701,0.022511,1.983103,1.986526
0.032506,0.065955,1.980474,1.983103
0.038253,0.021922,1.978731,1.980474
0.041130,0.017817,1.978441,1.978731
0.120291,0.004311,1.975369,1.978441
0.149202,0.035200,1.951189,1.975369
0.182846,0.088683,1.909388,1.951189
0.129769,0.211275,1.846108,1.909388
0.048809,0.219064,1.743465,1.846108
0.145566,0.318541,1.648677,1.743465
0.286664,0.482984,1.558589,1.648677
0.516995,0.488298,1.469125,1.558589
0.531280,0.545016,1.401111,1.469125
0.451470,0.750802,1.320035,1.401111
0.510063,0.671231,1.189062,1.320035
0.493494,0.762566,1.052641,1.189062
0.742843,0.920318,0.896389,1.052641
0.715996,0.829059,0.712304,0.896389
1.137273,0.827630,0.576983,0.712304
1.071019,0.956515,0.457664,0.576983
1.109595,0.801969,0.343269,0.457664
0.904973,0.784512,0.267026,0.343269
0.802116,0.887361,0.204719,0.267026
0.940676,0.770661,0.152168,0.204719
0.713337,0.791343,0.122522,0.152168
0.684584,0.947553,0.102786,0.122522
0.836410,0.800436,0.090582,0.102786
0.673857,0.962832,0.085705,0.090582
0.850595,0.962128,0.083643,0.085705
0.855663,0.799500,0.082462,0.083643
0.728838,0.978621,0.080000,0.082462
0.969313,0.982360,0.076573,0.080000
1.009618,0.971460,0.073835,0.076573
1.008937,0.812307,0.076900,0.073835
0.794138,0.811798,0.085999,0.076900
0.789492,0.993704,0.097143,0.085999
0.985703,0.825449,0.103826,0.097143
0.801688,0.794837,0.097589,0.103826
0.942380,0.973877,0.080678,0.097589
0.823099,0.832370,0.062957,0.080678
0.924909,0.847780,0.062141,0.062957
0.836460,0.986212,0.065355,0.062141
0.942516,0.835661,0.064916,0.065355
0.840544,0.796483,0.062295,0.064916
0.786779,1.014149,0.061676,0.062295
0.973344,0.828435,0.063362,0.061676
0.786924,0.814772,0.064559,0.063362
0.790657,0.960342,0.064532,0.064559
1.008249,0.822844,0.063196,0.064532
0.802800,0.990983,0.061610,0.063196
0.992092,1.003074,0.060108,0.061610
0.986826,0.842178,0.059550,0.060108
0.783505,1.007940,0.059738,0.059550
0.978446,0.840601,0.060353,0.059738
0.774255,0.820001,0.060813,0.060353
0.777117,0.991200,0.061234,0.060813
0.983729,0.798181,0.061594,0.061234
0.786464,0.862688,0.061765,0.061594
0.938673,0.994992,0.061943,0.061765
0.996859,0.834919,0.062522,0.061943
0.795648,0.883065,0.062038,0.062522
0.847317,0.974253,0.059779,0.062038
1.002035,0.801961,0.057895,0.059779
0.799469,0.857064,0.057895,0.057895
0.790860,0.938674,0.058272,0.057895
0.990419,0.834935,0.059170,0.058272
0.790441,0.834476,0.059958,0.059170
0.789319,0.943295,0.060526,0.059958
0.989816,0.810577,0.060383,0.060526
0.792797,0.872582,0.060206,0.060383
0.789231,0.979048,0.060348,0.060206
0.985790,0.817365,0.060571,0.060348
0.792159,0.832179,0.060837,0.060571
0.940659,0.959310,0.061117,0.060837
0.986874,0.826731,0.061453,0.061117
0.787872,0.978369,0.061555,0.061453
0.977017,0.972621,0.061542,0.061555
0.980942,0.849586,0.061770,0.061542
0.834134,0.984237,0.061910,0.061770
0.943341,0.839330,0.061714,0.061910
0.840963,0.808117,0.061173,0.061714
0.789031,0.985526,0.060642,0.061173
0.996210,0.826198,0.060389,0.060642
0.800246,0.982477,0.060663,0.060389
0.994996,0.977168,0.061081,0.060663
0.991177,0.840675,0.061162,0.061081
0.789048,0.952625,0.061364,0.061162
0.979864,0.830972,0.062100,0.061364
0.796573,0.841273,0.062984,0.062100
0.791324,0.924918,0.063708,0.062984
0.992273,0.831037,0.064122,0.063708
0.796440,0.825360,0.064533,0.064122
0.794844,0.979079,0.065005,0.064533
1.011738,0.838519,0.065775,0.065005
0.816981,0.836829,0.065959,0.065775
0.973098,0.976154,0.065465,0.065959
1.031991,1.012848,0.064522,0.065465
1.030999,0.983655,0.063478,0.064522
0.874553,0.835493,0.062325,0.063478
0.969331,0.865527,0.061215,0.062325
0.858584,0.963034,0.060063,0.061215
0.953039,0.797203,0.059028,0.060063
0.842319,0.839875,0.058516,0.059028
0.790478,0.941665,0.058846,0.058516
0.985400,0.825752,0.060260,0.058846
0.786764,0.848675,0.062104,0.060260
0.744816,0.967601,0.063859,0.062104
0.937926,0.838936,0.065750,0.063859
0.769902,0.836662,0.066786,0.065750
0.785116,0.962739,0.067151,0.066786
0.991680,0.827268,0.066339,0.067151
0.796884,0.848137,0.065746,0.066339
0.942141,0.991592,0.065444,0.065746
0.842793,0.843726,0.064802,0.065444
0.944597,0.877010,0.063622,0.064802
0.851612,0.993498,0.061908,0.063622
0.956693,0.814488,0.059920,0.061908
0.858615,0.864105,0.058491,0.059920
0.808247,0.989413,0.057397,0.058491
1.000810,0.800127,0.056883,0.057397
0.796607,0.832727,0.056951,0.056883
0.793111,0.944323,0.057774,0.056951
0.987538,0.813763,0.059157,0.057774
0.791814,0.828496,0.038576,0.059157
0.834868,0.989265,0.017253,0.038576
1.141354,0.827547,0.088423,0.017253
0.903110,0.751926,0.117339,0.088423
0.952620,0.844496,0.127712,0.117339
0.753311,0.663377,0.127236,0.127712
0.749726,0.624911,0.121506,0.127236
0.608180,0.671130,0.113083,0.121506
0.616781,0.526521,0.102298,0.113083
0.499386,0.480225,0.093954,0.102298
0.433260,0.529761,0.086724,0.093954
0.499630,0.391697,0.079884,0.086724
0.376768,0.413141,0.075371,0.079884
0.355304,0.395225,0.071876,0.075371
0.414285,0.310876,0.069297,0.071876
0.309966,0.313548,0.068067,0.069297
0.290466,0.292918,0.067472,0.068067
0.330940,0.257574,0.068770,0.067472
0.247717,0.250959,0.070428,0.068770
0.269324,0.246385,0.072091,0.070428
0.215988,0.173437,0.072065,0.072091
0.203929,0.168188,0.068364,0.072065
0.153649,0.174534,0.063667,0.068364
0.155541,0.118556,0.055481,0.063667
0.120013,0.145953,0.047964,0.055481
0.123365,0.088470,0.041698,0.047964
0.103089,0.093466,0.036672,0.041698
0.081136,0.062639,0.033489,0.036672
0.082020,0.046385,0.030656,0.033489
0.058063,0.014031,0.028889,0.030656
0.045109,0.050422,0.027231,0.028889
0.046451,0.061956,0.025314,0.027231
0.025258,0.054962,0.023878,0.025314
0.000000,0.024901,0.024717,0.023878
0.000000,0.038106,0.023158,0.024717
0.000000,0.009677,0.023015,0.023158
0.000000,0.000000,0.000000,0.000000
0.000000,0.012980,2.025196,0.000000
0.000000,0.025418,1.996414,2.025196
0.028244,0.036814,1.945663,1.996414
0.028126,0.066675,1.933906,1.945663
0.028822,0.044467,1.946727,1.933906
0.000000,0.041425,1.965028,1.946727
0.000000,0.025717,1.970836,1.965028
0.000000,0.009743,1.974065,1.970836
0.000000,0.037737,1.971146,1.974065
0.000000,0.050371,1.969766,1.971146
0.000000,0.052143,1.970036,1.969766
0.000000,0.021175,1.971574,1.970036
0.000000,0.042685,1.973232,1.971574
0.000000,0.015098,1.975317,1.973232
0.000000,0.020375,1.976983,1.975317
0.000000,0.025745,1.975047,1.976983
0.019680,0.036446,1.969964,1.975047
0.032427,0.040437,1.961994,1.969964
0.043755,0.025899,1.955958,1.961994
0.036519,0.038052,1.954248,1.955958
0.045131,0.026097,1.956115,1.954248
0.034731,0.016594,1.959646,1.956115
0.039543,0.011741,1.964413,1.959646
0.038086,0.034666,1.970690,1.964413
0.047962,0.029323,1.973941,1.970690
0.064801,0.013789,1.974079,1.973941
0.045692,0.027625,1.971820,1.974079
0.063216,0.062194,1.969568,1.971820
0.089132,0.028780,1.968202,1.969568
0.078067,0.032900,1.969358,1.968202
0.086189,0.056840,1.972065,1.969358
0.102592,0.034373,1.975595,1.972065
0.068364,0.041320,1.977784,1.975595
0.055001,0.010316,1.978383,1.977784
0.060557,0.012905,1.976881,1.978383
0.044426,0.054912,1.974372,1.976881
0.038708,0.034854,1.971012,1.974372
0.040397,0.024908,1.968581,1.971012
0.040277,0.006987,1.968505,1.968581
0.041894,0.015981,1.969728,1.968505
0.133695,0.019876,1.956467,1.969728
0.178247,0.046346,1.925884,1.956467
0.149849,0.117740,1.879983,1.925884
0.065148,0.240885,1.805338,1.879983
0.165199,0.255680,1.685154,1.805338
0.300322,0.367579,1.575900,1.685154
0.392523,0.549765,1.476570,1.575900
0.539055,0.528818,1.383882,1.476570
0.484443,0.612465,1.314850,1.383882
0.478642,0.746845,1.225670,1.314850
0.639842,0.696565,1.084666,1.225670
0.598732,0.780456,0.939680,1.084666
0.463038,0.941707,0.780991,0.939680
0.963300,0.838849,0.609092,0.780991
0.966937,0.840971,0.483830,0.609092
1.147299,0.945716,0.376616,0.483830
1.124801,0.818241,0.277452,0.376616
0.842321,0.790544,0.212993,0.277452
0.831207,0.953076,0.161290,0.212993
0.917874,0.920140,0.118397,0.161290
0.879084,0.918624,0.093643,0.118397
0.814100,0.762855,0.084804,0.093643
0.716015,0.798000,0.084618,0.084804
0.677455,0.957851,0.086199,0.084618
0.862184,0.769088,0.086701,0.086199
0.705882,0.820665,0.084396,0.086701
0.729708,0.975749,0.079764,0.084396
0.973855,0.814925,0.073199,0.079764
0.799074,0.866264,0.068852,0.073199
0.798412,0.957552,0.067515,0.068852
1.001240,0.819365,0.070496,0.067515
0.801528,0.826504,0.074275,0.070496
0.963455,0.983709,0.072990,0.074275
0.864377,0.846290,0.063328,0.072990
0.961524,0.803632,0.057439,0.063328
0.850036,1.024347,0.057253,0.057439
0.940265,0.811232,0.058296,0.057253
0.837493,0.856514,0.058158,0.058296
0.800412,0.996151,0.058267,0.058158
0.998991,0.842553,0.059264,0.058267
0.799501,0.822960,0.060197,0.059264
0.801305,0.980928,0.060705,0.060197
0.996376,0.821611,0.060559,0.060705
0.787216,0.842740,0.060364,0.060559
0.795523,0.988640,0.060308,0.060364
0.995503,0.798904,0.059657,0.060308
0.797364,0.843701,0.059116,0.059657
0.939191,0.986161,0.058901,0.059116
0.833292,0.823717,0.059135,0.058901
0.928161,0.836503,0.059472,0.059135
0.835694,0.954456,0.060016,0.059472
0.941774,0.818806,0.060662,0.060016
0.841288,0.838514,0.061166,0.060662
0.796554,0.979065,0.061713,0.061166
0.999297,0.804409,0.062457,0.061713
0.796105,0.827371,0.063376,0.062457
0.810136,0.984263,0.063099,0.063376
1.009716,0.831278,0.061507,0.063099
0.807155,0.838902,0.061112,0.061507
0.791069,0.978547,0.061424,0.061112
0.976385,0.824882,0.062195,0.061424
0.782356,0.845473,0.062710,0.062195
0.932321,0.953599,0.063659,0.062710
0.831171,0.840156,0.064130,0.063659
0.933829,0.826350,0.064164,0.064130
0.847940,0.967269,0.063679,0.064164
0.950463,0.855928,0.062651,0.063679
0.849158,0.839653,0.061597,0.062651
0.799849,0.953251,0.060201,0.061597
1.005418,0.835102,0.058756,0.060201
0.798031,0.860602,0.058151,0.058756
0.797999,0.968405,0.058228,0.058151
0.984321,0.812630,0.059166,0.058228
0.786693,0.835443,0.060467,0.059166
0.789509,0.948561,0.062308,0.060467
0.767919,0.824142,0.063983,0.062308
0.269491,0.853235,0.065132,0.063983
0.392051,0.967191,0.065661,0.065132
0.636963,0.827573,0.065522,0.065661
0.855469,0.848890,0.064856,0.065522
0.820427,0.975587,0.064481,0.064856
0.938414,0.831256,0.063753,0.064481
0.840379,0.837251,0.062792,0.063753
0.789621,0.974342,0.062420,0.062792
0.998574,0.837425,0.062221,0.062420
0.806726,0.833493,0.061407,0.062221
0.820847,0.976273,0.060740,0.061407
1.016314,0.819278,0.060001,0.060740
0.799387,0.814817,0.059706,0.060001
0.796235,0.963447,0.059961,0.059706
1.007099,0.837257,0.061101,0.059961
0.812436,0.827214,0.061984,0.061101
0.977560,0.981490,0.062821,0.061984
0.872201,0.821918,0.063458,0.062821
0.973211,0.833903,0.063845,0.063458
0.864985,0.977585,0.064039,0.063845
0.956829,0.840616,0.064608,0.064039
0.847320,0.849346,0.064692,0.064608
0.792927,0.962099,0.064922,0.064692
0.988069,0.815052,0.065019,0.064922
0.791793,1.004082,0.064872,0.065019
0.993853,0.972475,0.064436,0.064872
0.969970,0.833681,0.063763,0.064436
0.756030,0.990156,0.062964,0.063763
0.971990,0.819022,0.062594,0.062964
0.789259,0.834960,0.062238,0.062594
0.798642,0.982448,0.062060,0.062238
0.999482,0.840833,0.061920,0.062060
0.799754,0.853740,0.061604,0.061920
0.796319,0.996316,0.061295,0.061604
0.995068,0.827449,0.061315,0.061295
0.795203,0.848781,0.061577,0.061315
0.942693,0.986920,0.061716,0.061577
0.989365,0.819843,0.061667,0.061716
0.793588,0.845796,0.061542,0.061667
0.850818,0.983171,0.060991,0.061542
0.998578,0.824564,0.059825,0.060991
0.800350,0.886865,0.058961,0.059825
0.800713,0.954904,0.058526,0.058961
0.996335,0.790874,0.045692,0.058526
0.847830,0.824115,0.003754,0.045692
0.916567,0.962533,0.068928,0.003754
1.146500,0.753192,0.112982,0.068928
0.827091,0.738388,0.126116,0.112982
0.740363,0.824017,0.127732,0.126116
0.809276,0.615460,0.121498,0.127732
0.584275,0.612199,0.113030,0.121498
0.631958,0.597624,0.103579,0.113030
0.600969,0.516058,0.093318,0.103579
0.447848,0.487639,0.086178,0.093318
0.441704,0.461719,0.080571,0.086178
0.484172,0.379141,0.075715,0.080571
0.362368,0.389529,0.072592,0.075715
0.341098,0.377441,0.070181,0.072592
0.388751,0.279095,0.068043,0.070181
0.290449,0.327235,0.066928,0.068043
0.272654,0.273303,0.066600,0.066928
0.312981,0.253400,0.068632,0.066600
0.282217,0.253026,0.070842,0.068632
0.244824,0.185798,0.070747,0.070842
0.174216,0.189592,0.066839,0.070747
0.149968,0.181224,0.061035,0.066839
0.151646,0.106792,0.053396,0.061035
0.106638,0.089819,0.045430,0.053396
0.114626,0.165503,0.038426,0.045430
0.089887,0.079118,0.032075,0.038426
0.089249,0.052236,0.029018,0.032075
0.064416,0.073891,0.026899,0.029018
0.068113,0.097663,0.025120,0.026899
0.064818,0.043620,0.023930,0.025120
0.050840,0.019147,0.022854,0.023930
0.028995,0.042525,0.021959,0.022854
0.025058,0.037856,0.020822,0.021959
0.023721,0.040687,0.019862,0.020822
0.016786,0.016762,0.019280,0.019862
0.016525,0.029082,0.018625,0.019280
0.000000,0.020442,0.020503,0.018625
0.020738,0.039586,0.019782,0.020503
0.020811,0.003989,0.019483,0.019782
0.022747,0.014025,0.021309,0.019483
0.017977,0.024279,0.022877,0.021309
0.000000,0.022113,0.019525,0.022877
0.000000,0.019311,0.019519,0.019525
0.000000,0.000000,0.000000,0.000000
0.000000,0.021187,2.029057,0.000000
0.021925,0.056433,2.022111,2.029057
0.033234,0.047813,2.011697,2.022111
0.024904,0.027269,2.008616,2.011697
0.016664,0.043215,2.007536,2.008616
0.000000,0.050653,1.989145,2.007536
0.000000,0.008184,1.990989,1.989145
0.000000,0.017500,1.992531,1.990989
0.000000,0.037050,1.993343,1.992531
0.000000,0.025985,1.992779,1.993343
0.000000,0.032477,1.991663,1.992779
0.049379,0.023767,1.986646,1.991663
0.065294,0.024773,1.988163,1.986646
0.065914,0.040086,1.989757,1.988163
0.080420,0.022661,1.990777,1.989757
0.079731,0.035224,1.990530,1.990777
0.070891,0.038587,1.989450,1.990530
0.081025,0.032880,1.988581,1.989450
0.075619,0.013933,1.988727,1.988581
0.073995,0.016289,1.989724,1.988727
0.089230,0.035230,1.990803,1.989724
0.067103,0.015199,1.991325,1.990803
0.062495,0.053826,1.991849,1.991325
0.067091,0.022147,1.992171,1.991849
0.048267,0.029267,1.991567,1.992171
0.115960,0.024770,1.973239,1.991567
0.161645,0.051760,1.942606,1.973239
0.140881,0.095459,1.903263,1.942606
0.063719,0.228042,1.831061,1.903263
0.152801,0.275770,1.716325,1.831061
0.313109,0.413796,1.607003,1.716325
0.485480,0.456761,1.492159,1.607003
0.518574,0.533090,1.412394,1.492159
0.481660,0.721682,1.337658,1.412394
0.577184,0.670249,1.231267,1.337658
0.559526,0.750247,1.115137,1.231267
0.706385,0.904252,0.973298,1.115137
0.644802,0.810844,0.792954,0.973298
0.571646,0.847193,0.650649,0.792954
0.864899,0.989603,0.518659,0.650649
1.143798,0.802697,0.386685,0.518659
0.875845,0.800414,0.297489,0.386685
0.981150,0.936589,0.225987,0.297489
0.814464,0.763234,0.166891,0.225987
0.860336,0.809123,0.134446,0.166891
0.742105,0.923959,0.111269,0.134446
0.802957,0.778420,0.093328,0.111269
0.712687,0.801618,0.084673,0.093328
0.675355,0.948161,0.081223,0.084673
0.842468,0.798138,0.081691,0.081223
0.704836,0.830009,0.081938,0.081691
0.760149,0.952557,0.079004,0.081938
0.988458,0.817722,0.073743,0.079004
0.800408,0.987399,0.070820,0.073743
0.997449,0.971223,0.073515,0.070820
0.996667,0.826569,0.083942,0.073515
0.782811,0.993749,0.092378,0.083942
0.984725,0.809002,0.092541,0.092378
0.793860,0.800870,0.081417,0.092541
0.791201,0.993706,0.066945,0.081417
1.019792,0.820447,0.061381,0.066945
0.807835,0.858374,0.062835,0.061381
0.961919,0.968403,0.062982,0.062835
1.004150,0.839994,0.061660,0.062982
0.802761,0.843846,0.060933,0.061660
0.843555,1.003927,0.062087,0.060933
0.985511,0.806962,0.063474,0.062087
0.787130,0.838805,0.063804,0.063474
0.792484,0.966030,0.063011,0.063804
0.986004,0.821720,0.061491,0.063011
0.806376,0.832489,0.060774,0.061491
0.788062,1.026078,0.060096,0.060774
0.977440,0.791698,0.059782,0.060096
0.783430,0.830081,0.059887,0.059782
0.778338,0.979496,0.060488,0.059887
0.978952,0.834630,0.061241,0.060488
0.791837,0.858235,0.061433,0.061241
0.936075,0.963616,0.061354,0.061433
0.988506,0.838557,0.061793,0.061354
0.795793,0.823929,0.063782,0.061793
0.852254,0.976738,0.067684,0.063782
1.013095,0.824362,0.070042,0.067684
0.805286,0.837699,0.066542,0.070042
0.797287,0.972895,0.061081,0.066542
0.972534,0.791108,0.059740,0.061081
0.774577,0.843946,0.061053,0.059740
0.787379,0.970300,0.062133,0.061053
0.985284,0.793732,0.062723,0.062133
0.791777,0.855625,0.063478,0.062723
0.793065,0.981237,0.064345,0.063478
0.991035,0.790928,0.064593,0.064345
0.795190,0.834187,0.064976,0.064593
0.940043,0.989434,0.065193,0.064976
0.990450,0.838204,0.065175,0.065193
0.795917,0.824690,0.064643,0.065175
0.848969,0.992041,0.064002,0.064643
0.997920,0.823451,0.063256,0.064002
0.796454,0.836648,0.062774,0.063256
0.799264,0.981518,0.062534,0.062774
1.002120,0.833166,0.062540,0.062534
0.810413,0.835765,0.062569,0.062540
0.809120,0.978271,0.062271,0.062569
1.008048,0.839410,0.061139,0.062271
0.804902,0.818287,0.060444,0.061139
0.802825,1.005125,0.059909,0.060444
1.012226,0.786156,0.059452,0.059909
0.818325,0.876226,0.059081,0.059452
0.954714,0.986883,0.058759,0.059081
1.003854,0.790243,0.059073,0.058759
0.814013,0.886074,0.059710,0.059073
0.866706,0.967628,0.060321,0.059710
1.010421,0.820167,0.060561,0.060321
0.802249,0.842978,0.060642,0.060561
0.796294,0.949092,0.060847,0.060642
0.996126,0.852013,0.061280,0.060847
0.810776,0.804283,0.061652,0.061280
0.812052,1.002250,0.061955,0.061652
1.029076,0.818525,0.062189,0.061955
0.826626,0.833914,0.061614,0.062189
0.820853,0.995206,0.060701,0.061614
1.018903,0.806328,0.059765,0.060701
0.808254,0.836759,0.059859,0.059765
0.952768,0.972403,0.060870,0.059859
0.990092,0.820085,0.062359,0.060870
0.788026,0.867400,0.063529,0.062359
0.836912,0.940844,0.064538,0.063529
0.984992,0.819877,0.064987,0.064538
0.777586,0.824208,0.064799,0.064987
0.750758,0.960126,0.064514,0.064799
0.965113,0.807935,0.065169,0.064514
0.785039,0.851482,0.065731,0.065169
0.795516,0.982516,0.065634,0.065731
1.003879,1.017934,0.064510,0.065634
1.005695,0.993972,0.062920,0.064510
1.001233,0.836443,0.061223,0.062920
0.802058,0.986142,0.059954,0.061223
1.004974,1.009352,0.058904,0.059954
1.001668,0.862814,0.058530,0.058904
0.799132,0.970868,0.058533,0.058530
0.996824,0.828712,0.059081,0.058533
0.796362,0.822126,0.059718,0.059081
0.794047,0.979220,0.060549,0.059718
0.989861,0.808335,0.062072,0.060549
0.793116,0.832663,0.063171,0.062072
0.941845,0.968955,0.042741,0.063171
1.066964,0.812140,0.024905,0.042741
0.913633,1.004724,0.085515,0.024905
1.108553,0.871922,0.120450,0.085515
0.970038,0.740729,0.130388,0.120450
0.728827,0.781742,0.129274,0.130388
0.727418,0.587577,0.121914,0.129274
0.585267,0.566073,0.113482,0.121914
0.503849,0.597475,0.104232,0.113482
0.571968,0.437827,0.094181,0.104232
0.421437,0.400819,0.086801,0.094181
0.394548,0.470032,0.080437,0.086801
0.457264,0.389074,0.074819,0.080437
0.345434,0.419079,0.071534,0.074819
0.395974,0.373603,0.069178,0.071534
0.365891,0.274347,0.068718,0.069178
0.274264,0.267286,0.069524,0.068718
0.315508,0.314135,0.071812,0.069524
0.286172,0.265480,0.073240,0.071812
0.252638,0.220818,0.072232,0.073240
0.214681,0.199289,0.068961,0.072232
0.180278,0.139150,0.062554,0.068961
0.124661,0.128145,0.057208,0.062554
0.108633,0.105261,0.052351,0.057208
0.119684,0.107210,0.046575,0.052351
0.087498,0.071290,0.041915,0.046575
0.080329,0.086517,0.039393,0.041915
0.083028,0.060545,0.037662,0.039393
0.060965,0.034878,0.036488,0.037662
0.061077,0.068046,0.035461,0.036488
0.053852,0.046032,0.034209,0.035461
0.035201,0.038529,0.033206,0.034209
0.025292,0.020090,0.032290,0.033206
0.000000,0.022873,0.031626,0.032290
0.000000,0.052770,0.031001,0.031626
0.000000,0.018837,0.033689,0.031001
0.000000,0.010970,0.033147,0.033689
0.000000,0.009255,0.032489,0.033147
0.020731,0.029151,0.031747,0.032489
0.000000,0.000000,0.000000,0.000000
0.000000,0.016108,2.021014,0.000000
0.020061,0.057539,2.007854,2.021014
0.024539,0.018113,1.988091,2.007854
0.030246,0.023416,1.970345,1.988091
0.017049,0.020455,1.971360,1.970345
0.000000,0.025977,1.961631,1.971360
0.000000,0.009154,1.964054,1.961631
0.000000,0.035205,1.962863,1.964054
0.043791,0.006231,1.959957,1.962863
0.061357,0.017646,1.962122,1.959957
0.061816,0.059966,1.962146,1.962122
0.074181,0.036224,1.961995,1.962146
0.074830,0.027486,1.962097,1.961995
0.085092,0.017435,1.961807,1.962097
0.066928,0.025410,1.961597,1.961807
0.119570,0.029714,1.934924,1.961597
0.141862,0.063252,1.893826,1.934924
0.086053,0.139355,1.842187,1.893826
0.034532,0.204323,1.756750,1.842187
0.125137,0.310975,1.661640,1.756750
0.358522,0.435456,1.562563,1.661640
0.468804,0.456700,1.461806,1.562563
0.434593,0.549829,1.389066,1.461806
0.403002,0.674492,1.311651,1.389066
0.538831,0.698069,1.186676,1.311651
0.570687,0.753943,1.054228,1.186676
0.709399,0.926265,0.902770,1.054228
0.690309,0.827109,0.724778,0.902770
0.783425,0.778367,0.593219,0.724778
0.921358,0.972116,0.474577,0.593219
1.167770,0.801359,0.356977,0.474577
0.872367,0.793854,0.276474,0.356977
0.972744,0.950842,0.211025,0.276474
0.948382,0.776348,0.156093,0.211025
0.711477,0.804896,0.125388,0.156093
0.723453,0.931198,0.104899,0.125388
0.843080,0.934855,0.090903,0.104899
0.840344,0.954069,0.085130,0.090903
0.806527,0.788582,0.084181,0.085130
0.743489,0.792821,0.083911,0.084181
0.725500,1.013241,0.081533,0.083911
0.954916,0.812399,0.075888,0.081533
0.788014,0.848697,0.071273,0.075888
0.804124,0.975620,0.068262,0.071273
1.007744,0.842142,0.072747,0.068262
0.800925,0.848938,0.082392,0.072747
0.781108,0.950273,0.091790,0.082392
0.983930,0.838633,0.092232,0.091790
0.791631,0.828620,0.079910,0.092232
0.944546,0.974315,0.063432,0.079910
0.844510,0.813879,0.057571,0.063432
0.948119,0.854673,0.060935,0.057571
0.850193,0.960602,0.062025,0.060935
0.958789,0.778350,0.060113,0.062025
0.848210,0.824079,0.059232,0.060113
0.792602,0.990707,0.060367,0.059232
0.985438,0.858149,0.062619,0.060367
0.781719,0.818923,0.063479,0.062619
0.790015,0.995761,0.062842,0.063479
0.986212,0.835291,0.061562,0.062842
0.786134,0.862602,0.060407,0.061562
0.783987,0.965615,0.059424,0.060407
0.971811,0.976085,0.058813,0.059424
0.961768,0.966924,0.059243,0.058813
0.944993,0.812341,0.060358,0.059243
0.766969,0.825652,0.061941,0.060358
0.773149,0.975202,0.063942,0.061941
0.969456,0.812318,0.066301,0.063942
0.785392,0.821436,0.068332,0.066301
0.942407,0.993687,0.070366,0.068332
1.003459,0.826690,0.070969,0.070366
0.788575,0.843685,0.068153,0.070969
0.851028,0.959786,0.063672,0.068153
1.002495,0.844981,0.061912,0.063672
0.800318,0.862912,0.062274,0.061912
0.799665,1.004320,0.062175,0.062274
0.999393,0.833211,0.061168,0.062175
0.799795,0.814193,0.060043,0.061168
0.802188,0.953198,0.059225,0.060043
1.003806,0.830211,0.058628,0.059225
0.799667,0.842588,0.058025,0.058628
0.802208,0.973434,0.057452,0.058025
0.994633,0.827609,0.057300,0.057452
0.793846,0.849601,0.057541,0.057300
0.942944,0.963008,0.057790,0.057541
0.991542,0.855342,0.058011,0.057790
0.796186,0.841708,0.058235,0.058011
0.844884,0.963465,0.058725,0.058235
0.995327,0.832770,0.059570,0.058725
0.791051,0.855016,0.060305,0.059570
0.792360,0.941535,0.060964,0.060305
0.985584,0.793641,0.061381,0.060964
0.782403,0.827222,0.061875,0.061381
0.791534,1.001801,0.062540,0.061875
0.990108,0.816450,0.063460,0.062540
0.802710,0.855762,0.063816,0.063460
0.813055,1.008030,0.063400,0.063816
1.021326,0.829328,0.062407,0.063400
0.813000,0.836123,0.061379,0.062407
0.963030,0.971816,0.059912,0.061379
1.006692,0.811815,0.058775,0.059912
0.804841,0.828325,0.058599,0.058775
0.846496,0.970433,0.058925,0.058599
0.981627,0.815562,0.059836,0.058925
0.784351,0.810747,0.061138,0.059836
0.789609,1.000552,0.062536,0.061138
1.013016,0.792190,0.063176,0.062536
0.817148,0.846139,0.063357,0.063176
0.815541,0.993206,0.063608,0.063357
1.018431,0.773329,0.063930,0.063608
0.807431,0.862671,0.063933,0.063930
0.802465,0.969744,0.064168,0.063933
0.998779,0.839020,0.064613,0.064168
0.795732,0.851652,0.064862,0.064613
0.938746,0.963039,0.065010,0.064862
0.988415,0.807226,0.063972,0.065010
0.796573,0.848457,0.062822,0.063972
0.808001,0.982059,0.061696,0.062822
0.952166,0.816133,0.061496,0.061696
0.779499,0.814976,0.062137,0.061496
0.788129,0.992984,0.062970,0.062137
0.990642,0.827710,0.063499,0.062970
0.793161,0.828041,0.063094,0.063499
0.795361,1.004098,0.062323,0.063094
0.999781,0.832595,0.061257,0.062323
0.795555,0.854633,0.060507,0.061257
0.799885,0.996284,0.059907,0.060507
1.001216,0.803816,0.059507,0.059907
0.799480,0.824924,0.059714,0.059507
0.943083,0.999604,0.060322,0.059714
0.993423,0.841582,0.061296,0.060322
0.796209,0.823698,0.061866,0.061296
0.846447,0.976110,0.061777,0.061866
0.998844,0.853750,0.061086,0.061777
0.802641,0.844062,0.041336,0.061086
0.859116,0.974013,0.014647,0.041336
1.166057,0.789212,0.087948,0.014647
0.925237,0.916396,0.118764,0.087948
1.003826,0.862344,0.131117,0.118764
0.861444,0.686230,0.129244,0.131117
0.621334,0.684800,0.122078,0.129244
0.694025,0.562173,0.111098,0.122078
0.506593,0.507391,0.101558,0.111098
0.468823,0.570865,0.092486,0.101558
0.534625,0.411720,0.083567,0.092486
0.400575,0.408400,0.077829,0.083567
0.442655,0.466647,0.073648,0.077829
0.373816,0.370140,0.070340,0.073648
0.389912,0.325387,0.068710,0.070340
0.328906,0.348669,0.068196,0.068710
0.343165,0.260164,0.068456,0.068196
0.282644,0.252241,0.070318,0.068456
0.247126,0.247676,0.072232,0.070318
0.276405,0.185318,0.073403,0.072232
0.196534,0.182848,0.071977,0.073403
0.169579,0.172990,0.067001,0.071977
0.173500,0.179115,0.058319,0.067001
0.110966,0.104516,0.051137,0.058319
0.103433,0.131707,0.042816,0.051137
0.113130,0.105071,0.035076,0.042816
0.083697,0.103740,0.031301,0.035076
0.094888,0.053989,0.028841,0.031301
0.076269,0.063696,0.026535,0.028841
0.067523,0.034988,0.024962,0.026535
0.044956,0.041336,0.023425,0.024962
0.039613,0.025674,0.021461,0.023425
0.023963,0.033540,0.019803,0.021461
0.020463,0.061849,0.018196,0.019803
0.022636,0.041539,0.016978,0.018196
0.000000,0.024802,0.019578,0.016978
0.000000,0.023114,0.019210,0.019578
0.019845,0.031266,0.017999,0.019210
0.027371,0.053861,0.016580,0.017999
0.035039,0.034089,0.019636,0.016580
0.028367,0.020504,0.023934,0.019636
0.000000,0.000000,0.000000,0.000000
0.000000,0.015450,2.029275,0.000000
0.000000,0.025944,2.027448,2.029275
0.027652,0.040077,2.015681,2.027448
0.030023,0.048619,2.009090,2.015681
0.027672,0.027188,2.017581,2.009090
0.000000,0.027114,2.030786,2.017581
0.000000,0.007330,2.040271,2.030786
0.000000,0.017968,2.043874,2.040271
0.000000,0.022864,2.042523,2.043874
0.000000,0.024739,2.041871,2.042523
0.000000,0.048823,2.041495,2.041871
0.000000,0.044559,2.041513,2.041495
0.000000,0.041200,2.041849,2.041513
0.000000,0.018809,2.042938,2.041849
0.000000,0.039587,2.043686,2.042938
0.045007,0.017327,2.028664,2.043686
0.033555,0.032913,2.027421,2.028664
0.043992,0.035519,2.027939,2.027421
0.044809,0.023988,2.030015,2.027939
0.036537,0.029638,2.031881,2.030015
0.050417,0.022461,2.033245,2.031881
0.073357,0.019719,2.034415,2.033245
0.067332,0.037731,2.034214,2.034415
0.070702,0.034449,2.034003,2.034214
0.082680,0.018193,2.035224,2.034003
0.072669,0.039782,2.036609,2.035224
0.087377,0.059400,2.038006,2.036609
0.095760,0.034130,2.040591,2.038006
0.072156,0.024215,2.043178,2.040591
0.068597,0.043198,2.044393,2.043178
0.068103,0.024997,2.042720,2.044393
0.054958,0.024755,2.040481,2.042720
0.057660,0.033383,2.038303,2.040481
0.064696,0.020274,2.036573,2.038303
0.046090,0.061515,2.036849,2.036573
0.064783,0.036630,2.037959,2.036849
0.175878,0.012953,2.013535,2.037959
0.218871,0.076059,1.969608,2.013535
0.133553,0.134849,1.904733,1.969608
0.022424,0.285911,1.805891,1.904733
0.247113,0.326911,1.671123,1.805891
0.368567,0.409190,1.570066,1.671123
0.438316,0.586049,1.487419,1.570066
0.611551,0.583182,1.405152,1.487419
0.475371,0.617669,1.333137,1.405152
0.536441,0.824536,1.233920,1.333137
0.753266,0.764885,1.081685,1.233920
0.673183,0.783295,0.932695,1.081685
0.517121,0.982512,0.773976,0.932695
1.100053,0.808226,0.602127,0.773976
0.988457,0.853473,0.476375,0.602127
0.940189,0.950940,0.368597,0.476375
1.089889,0.799446,0.271069,0.368597
0.830720,0.796379,0.208409,0.271069
0.908615,0.952966,0.159289,0.208409
0.892017,0.795529,0.121292,0.159289
0.689430,0.782147,0.102409,0.121292
0.715119,0.919637,0.091695,0.102409
0.835975,0.789133,0.086351,0.091695
0.674166,0.825491,0.085646,0.086351
0.679666,0.944932,0.086036,0.085646
0.865219,0.783650,0.084292,0.086036
0.725184,0.821713,0.080470,0.084292
0.767262,1.010660,0.075755,0.080470
0.984554,0.802894,0.070989,0.075755
0.799935,0.839892,0.070088,0.070989
0.806390,1.000370,0.072246,0.070088
1.012508,0.828101,0.073715,0.072246
0.815503,0.857804,0.068726,0.073715
0.955794,0.993715,0.059767,0.068726
0.991099,0.839276,0.055454,0.059767
0.808442,0.842558,0.057011,0.055454
0.852086,0.955341,0.057425,0.057011
0.996269,0.826920,0.056072,0.057425
0.794402,0.846504,0.055235,0.056072
0.792768,0.955486,0.055650,0.055235
0.988963,0.817876,0.057217,0.055650
0.790480,0.853566,0.058219,0.057217
0.801298,0.982726,0.058525,0.058219
1.006108,0.798849,0.058146,0.058525
0.800128,0.831361,0.057605,0.058146
0.786786,0.922246,0.057398,0.057605
0.968979,0.841086,0.058016,0.057398
0.772852,0.815493,0.059657,0.058016
0.907343,0.982958,0.061839,0.059657
0.957152,0.805582,0.064583,0.061839
0.775177,0.841572,0.066776,0.064583
0.826228,0.982806,0.068569,0.066776
0.983196,0.804009,0.069124,0.068569
0.791186,0.839585,0.068421,0.069124
0.803579,0.965677,0.067954,0.068421
1.008574,0.826729,0.067690,0.067954
0.803873,0.849170,0.065984,0.067690
0.811584,0.971208,0.062112,0.065984
1.012541,0.809203,0.059273,0.062112
0.802840,0.848784,0.058596,0.059273
0.797543,0.985465,0.058337,0.058596
1.003595,0.837523,0.057983,0.058337
0.795725,0.834342,0.057802,0.057983
0.934404,0.961425,0.058441,0.057802
0.981589,0.814416,0.060191,0.058441
0.423380,0.860843,0.061949,0.060191
0.180853,1.007520,0.062877,0.061949
0.315008,0.792883,0.062959,0.062877
0.562369,0.853802,0.062410,0.062959
0.692844,0.989439,0.061613,0.062410
0.944435,0.802970,0.060913,0.061613
0.776399,0.822747,0.060560,0.060913
0.784610,0.968974,0.060376,0.060560
0.982635,0.834811,0.060283,0.060376
0.790371,0.821631,0.060176,0.060283
0.797858,0.986001,0.060269,0.060176
0.996861,0.803693,0.060551,0.060269
0.790516,0.829255,0.060978,0.060551
0.943750,0.985956,0.061881,0.060978
0.995338,0.823618,0.063165,0.061881
0.793675,0.843555,0.063027,0.063165
0.843011,0.971037,0.062561,0.063027
0.985547,0.997963,0.062274,0.062561
0.990035,1.002794,0.062584,0.062274
0.954456,0.804316,0.062978,0.062584
0.859486,0.813361,0.062781,0.062978
0.812602,0.996965,0.062908,0.062781
1.010370,0.812732,0.063035,0.062908
0.797270,0.852715,0.063015,0.063035
0.786895,0.943300,0.063129,0.063015
0.991954,0.829458,0.063739,0.063129
0.813775,0.824976,0.064291,0.063739
0.821627,0.990376,0.064641,0.064291
1.030456,0.827997,0.064748,0.064641
0.822302,0.829913,0.064532,0.064748
0.968999,0.955266,0.064195,0.064532
0.864530,0.831785,0.064174,0.064195
0.959562,0.852845,0.064321,0.064174
0.852698,0.978009,0.064557,0.064321
0.946354,0.973942,0.064767,0.064557
0.994536,1.000507,0.064663,0.064767
0.997170,0.840704,0.064603,0.064663
0.756392,0.845981,0.063883,0.064603
0.817712,0.973846,0.063441,0.063883
0.988472,0.813344,0.063134,0.063441
0.799688,0.858272,0.062729,0.063134
0.803902,1.014717,0.061941,0.062729
1.007523,0.820594,0.060575,0.061941
0.807552,0.841206,0.059438,0.060575
0.807862,0.981975,0.058620,0.059438
1.004548,0.831637,0.058258,0.058620
0.806468,0.836256,0.058058,0.058258
0.803293,1.009840,0.057939,0.058058
0.998534,0.811822,0.057848,0.057939
0.797402,0.815003,0.057884,0.057848
0.944931,0.987646,0.058290,0.057884
0.992629,0.829103,0.059045,0.058290
0.793211,0.862187,0.059840,0.059045
0.839908,1.009404,0.060195,0.059840
1.010072,0.795389,0.026437,0.060195
0.872182,0.817682,0.035075,0.026437
0.933713,0.934899,0.089830,0.035075
1.088296,0.748237,0.117394,0.089830
0.780387,0.690434,0.123921,0.117394
0.694359,0.782755,0.122891,0.123921
0.770017,0.603528,0.116264,0.122891
0.567380,0.545603,0.108634,0.116264
0.519574,0.587686,0.100516,0.108634
0.587662,0.476991,0.091668,0.100516
0.434431,0.468916,0.085435,0.091668
0.477621,0.456628,0.080299,0.085435
0.463384,0.389645,0.075333,0.080299
0.348159,0.358246,0.071715,0.075333
0.343612,0.385448,0.068904,0.071715
0.372338,0.275846,0.066639,0.068904
0.278637,0.245526,0.064907,0.066639
0.258486,0.306189,0.063489,0.064907
0.297583,0.188012,0.063919,0.063489
0.218743,0.199729,0.063262,0.063919
0.193514,0.227085,0.062727,0.063262
0.207479,0.169256,0.058524,0.062727
0.145875,0.151434,0.054041,0.058524
0.131549,0.164769,0.047337,0.054041
0.136034,0.105962,0.038699,0.047337
0.092767,0.110877,0.034866,0.038699
0.103931,0.096010,0.030345,0.034866
0.088328,0.067634,0.025943,0.030345
0.061698,0.071617,0.022735,0.025943
0.060910,0.063214,0.020004,0.022735
0.063838,0.040273,0.017973,0.020004
0.040353,0.039041,0.016757,0.017973
0.031163,0.064011,0.015064,0.016757
0.025513,0.024786,0.012850,0.015064
0.017279,0.041324,0.011461,0.012850
0.000000,0.024558,0.009817,0.011461
0.000000,0.020861,0.007671,0.009817
0.000000,0.022231,0.006000,0.007671
0.025277,0.028095,0.006116,0.006000
0.021182,0.037996,0.006830,0.006116
0.020972,0.029006,0.009196,0.006830
0.022538,0.004871,0.012703,0.009196
0.000000,0.030615,0.014218,0.012703
0.000000,0.000000,0.000000,0.000000
0.000000,0.043062,2.027189,0.000000
0.000000,0.030310,2.020922,2.027189
0.022250,0.029752,2.003818,2.020922
0.037879,0.059260,1.988322,2.003818
0.026632,0.053873,1.988216,1.988322
0.000000,0.035922,2.003921,1.988216
0.000000,0.029793,2.018914,2.003921
0.021572,0.022142,2.026981,2.018914
0.024386,0.022014,2.026561,2.026981
0.021424,0.023793,2.023937,2.026561
0.000000,0.019681,2.020975,2.023937
0.000000,0.043603,2.019742,2.020975
0.000000,0.041792,2.018597,2.019742
0.000000,0.037265,2.017079,2.018597
0.000000,0.032950,2.015771,2.017079
0.000000,0.033331,2.014786,2.015771
0.000000,0.018330,2.013832,2.014786
0.000000,0.029789,2.012576,2.013832
0.000000,0.019071,2.010335,2.012576
0.000000,0.009331,2.006325,2.010335
0.024467,0.025138,1.999374,2.006325
0.033543,0.035993,1.997040,1.999374
0.043010,0.017417,1.998940,1.997040
0.051096,0.036871,2.001387,1.998940
0.040049,0.037188,2.002867,2.001387
0.027959,0.031185,2.004101,2.002867
0.049128,0.019592,2.006730,2.004101
0.054258,0.046848,2.008976,2.006730
0.081054,0.045075,2.010253,2.008976
0.089352,0.036288,2.010576,2.010253
0.076849,0.037619,2.011289,2.010576
0.084472,0.045281,2.012977,2.011289
0.081443,0.041927,2.014961,2.012977
0.075087,0.029369,2.016715,2.014961
0.089472,0.026723,2.016898,2.016715
0.062255,0.008945,2.015736,2.016898
0.060193,0.023045,2.013494,2.015736
0.066500,0.030483,2.010974,2.013494
0.053462,0.029798,2.009587,2.010974
0.058520,0.032260,2.007866,2.009587
0.047466,0.032548,2.006876,2.007866
0.038958,0.050875,2.006040,2.006876
0.115333,0.038751,1.986202,2.006040
0.160299,0.069254,1.957627,1.986202
0.143156,0.120572,1.906969,1.957627
0.059771,0.171835,1.837994,1.906969
0.095885,0.342291,1.738812,1.837994
0.352550,0.355845,1.614033,1.738812
0.365225,0.442670,1.522439,1.614033
0.450127,0.627439,1.443819,1.522439
0.572874,0.595608,1.357172,1.443819
0.462888,0.663549,1.263088,1.357172
0.522417,0.846018,1.138497,1.263088
0.679018,0.932613,0.966960,1.138497
0.560269,0.952443,0.778779,0.966960
0.932225,0.791427,0.610394,0.778779
0.918233,0.810009,0.486748,0.610394
0.906451,0.951424,0.379761,0.486748
1.042381,0.799081,0.280901,0.379761
0.793965,0.854642,0.217504,0.280901
0.764488,0.908954,0.169153,0.217504
0.910083,0.786153,0.130192,0.169153
0.701258,0.805910,0.108185,0.130192
0.819126,0.963563,0.094035,0.108185
0.715279,0.808167,0.086278,0.094035
0.822153,0.809024,0.084755,0.086278
0.743660,0.921004,0.084708,0.084755
0.865717,0.801017,0.083213,0.084708
0.816473,0.837141,0.080990,0.083213
0.787404,0.971709,0.077762,0.080990
0.998153,0.803003,0.075369,0.077762
0.787400,0.823845,0.078895,0.075369
0.781549,0.966139,0.087788,0.078895
0.987563,0.791451,0.097076,0.087788
0.795236,0.836083,0.097749,0.097076
0.804576,0.993815,0.087448,0.097749
1.006240,0.820360,0.068120,0.087448
0.798697,0.835361,0.060472,0.068120
0.951323,0.959055,0.062465,0.060472
0.852953,0.824925,0.063596,0.062465
0.954837,0.981107,0.061693,0.063596
0.995858,1.017642,0.059783,0.061693
0.839259,0.818386,0.061122,0.059783
0.934231,0.974968,0.062866,0.061122
0.984023,0.825942,0.064082,0.062866
0.795392,0.828332,0.064306,0.064082
0.839029,0.971484,0.064106,0.064306
0.989284,0.819328,0.063675,0.064106
0.782688,0.828797,0.063350,0.063675
0.779675,1.012762,0.063271,0.063350
0.970592,0.823155,0.062983,0.063271
0.781542,0.848701,0.062766,0.062983
0.780422,0.962533,0.062315,0.062766
0.982159,0.829479,0.061494,0.062315
0.792072,0.818743,0.061028,0.061494
0.790759,0.976989,0.060770,0.061028
0.989172,0.798371,0.062434,0.060770
0.796421,0.826848,0.064559,0.062434
0.946583,0.950046,0.064714,0.064559
1.000432,0.855583,0.062149,0.064714
0.793918,0.864565,0.061621,0.062149
0.841329,0.993711,0.062532,0.061621
0.986965,0.778937,0.063235,0.062532
0.788079,0.855714,0.063074,0.063235
0.794834,1.006995,0.062687,0.063074
1.001759,0.807480,0.062214,0.062687
0.794769,0.869814,0.062009,0.062214
0.797150,0.983669,0.061460,0.062009
1.004837,0.838700,0.061163,0.061460
0.806047,0.846469,0.060724,0.061163
0.798152,1.022049,0.060207,0.060724
0.999271,0.804787,0.060061,0.060207
0.792894,0.831859,0.060080,0.060061
0.948892,0.984420,0.059970,0.060080
1.000618,0.812094,0.059918,0.059970
0.801352,0.846722,0.059458,0.059918
0.851713,1.003732,0.058807,0.059458
1.004466,0.813785,0.057933,0.058807
0.801127,0.839553,0.057661,0.057933
0.798612,0.996990,0.057940,0.057661
0.998911,0.843469,0.058780,0.057940
0.806034,0.837291,0.059792,0.058780
0.799449,0.948424,0.060639,0.059792
1.004497,0.808243,0.060187,0.060639
0.805083,0.833225,0.059442,0.060187
0.797704,0.974950,0.059370,0.059442
1.004902,0.804348,0.059839,0.059370
0.801462,0.835746,0.060575,0.059839
0.953537,1.001569,0.061914,0.060575
0.993702,0.805779,0.063777,0.061914
0.794112,0.836209,0.064673,0.063777
0.839325,0.999935,0.064971,0.064673
1.001385,0.826718,0.064876,0.064971
0.812999,0.834790,0.064472,0.064876
0.828169,0.960236,0.063558,0.064472
1.035165,0.842253,0.062261,0.063558
0.829310,0.816509,0.061140,0.062261
0.817632,0.983640,0.060250,0.061140
1.008393,0.827735,0.059898,0.060250
0.801308,0.836846,0.059990,0.059898
0.796517,0.953642,0.060529,0.059990
0.986435,0.819971,0.061275,0.060529
0.789543,0.822499,0.061630,0.061275
0.937763,0.980362,0.061894,0.061630
0.952738,1.006875,0.062594,0.061894
0.942823,0.971989,0.064029,0.062594
0.820163,0.808989,0.065245,0.064029
0.931878,0.863393,0.065466,0.065245
0.843114,0.978483,0.065173,0.065466
0.950515,0.834876,0.064299,0.065173
0.850867,0.836444,0.063256,0.064299
0.803150,0.997968,0.062030,0.063256
1.002344,0.819405,0.060825,0.062030
0.803958,0.835542,0.059782,0.060825
0.802031,0.986589,0.059080,0.059782
0.998035,0.823286,0.058766,0.059080
0.798034,0.996944,0.058742,0.058766
0.994433,0.987544,0.058538,0.058742
0.996391,0.837163,0.058370,0.058538
0.796610,0.971804,0.058416,0.058370
0.994379,0.805718,0.057733,0.058416
0.794300,0.826835,0.028348,0.057733
0.867426,0.975919,0.033215,0.028348
1.177767,0.796362,0.096136,0.033215
0.885341,0.756167,0.119001,0.096136
0.927923,0.865153,0.126700,0.119001
0.849870,0.645016,0.125040,0.126700
0.616429,0.631630,0.118481,0.125040
0.592027,0.623243,0.109453,0.118481
0.624909,0.482132,0.098879,0.109453
0.462687,0.523851,0.091078,0.098879
0.431706,0.510669,0.084677,0.091078
0.497149,0.431959,0.079083,0.084677
0.374359,0.358457,0.075962,0.079083
0.351710,0.372478,0.073978,0.075962
0.406533,0.377047,0.071822,0.073978
0.372002,0.357324,0.068994,0.071822
0.337329,0.280562,0.066063,0.068994
0.249146,0.268644,0.066196,0.066063
0.284385,0.239844,0.066470,0.066196
0.248327,0.188178,0.065412,0.066470
0.171246,0.231853,0.064678,0.065412
0.181380,0.142203,0.059966,0.064678
0.126822,0.108400,0.053742,0.059966
0.103328,0.122105,0.046906,0.053742
0.105765,0.086040,0.039852,0.046906
0.073344,0.105352,0.033976,0.039852
0.074974,0.066991,0.029776,0.033976
0.079318,0.076889,0.025357,0.029776
0.052141,0.082434,0.022407,0.025357
0.044101,0.015240,0.020163,0.022407
0.048891,0.042158,0.018223,0.020163
0.042085,0.068004,0.017178,0.018223
0.041338,0.025557,0.016349,0.017178
0.042409,0.037066,0.015460,0.016349
0.028123,0.032829,0.014955,0.015460
0.000000,0.027187,0.016735,0.014955
0.000000,0.027536,0.016714,0.016735
0.000000,0.025872,0.016615,0.016714
0.021303,0.008541,0.015282,0.016615
0.025599,0.037907,0.014629,0.015282
0.034150,0.022969,0.018892,0.014629
0.026267,0.044090,0.023144,0.018892
0.000000,0.000000,0.000000,0.000000
0.000000,0.041471,2.025546,0.000000
0.019022,0.029449,2.035971,2.025546
0.032254,0.030317,2.051183,2.035971
0.024630,0.042003,2.061301,2.051183
0.000000,0.029193,2.077080,2.061301
0.000000,0.020580,2.094189,2.077080
0.000000,0.055405,2.102566,2.094189
0.000000,0.042555,2.101531,2.102566
0.000000,0.033918,2.101579,2.101531
0.000000,0.050615,2.102139,2.101579
0.000000,0.013061,2.102979,2.102139
0.000000,0.041237,2.103841,2.102979
0.000000,0.012915,2.104642,2.103841
0.000000,0.012723,2.104775,2.104642
0.000000,0.035874,2.103505,2.104775
0.023216,0.025578,2.095150,2.103505
0.039784,0.030007,2.090334,2.095150
0.034268,0.017788,2.089185,2.090334
0.034654,0.051216,2.088447,2.089185
0.044020,0.051705,2.088589,2.088447
0.046575,0.035519,2.089200,2.088589
0.068415,0.038766,2.089932,2.089200
0.069199,0.014306,2.090860,2.089932
0.041089,0.029316,2.091956,2.090860
0.053469,0.059585,2.093322,2.091956
0.079543,0.047039,2.093803,2.093322
0.089251,0.017659,2.093207,2.093803
0.094419,0.058800,2.092943,2.093207
0.129019,0.031266,2.093466,2.092943
0.106086,0.047437,2.094309,2.093466
0.093191,0.080007,2.095858,2.094309
0.104984,0.035314,2.097868,2.095858
0.085133,0.039849,2.097556,2.097868
0.075758,0.057594,2.096536,2.097556
0.079304,0.039900,2.095769,2.096536
0.052207,0.034499,2.095912,2.095769
0.060468,0.042057,2.096287,2.095912
0.049783,0.023770,2.096421,2.096287
0.037640,0.026907,2.093308,2.096421
0.122772,0.045395,2.083970,2.093308
0.190566,0.046642,2.062143,2.083970
0.143547,0.137289,2.016927,2.062143
0.034522,0.183121,1.931829,2.016927
0.121089,0.236495,1.827805,1.931829
0.269175,0.406416,1.710058,1.827805
0.416564,0.400897,1.592220,1.710058
0.386335,0.548291,1.516251,1.592220
0.414316,0.675652,1.448799,1.516251
0.512051,0.634858,1.354777,1.448799
0.436181,0.691229,1.244445,1.354777
0.548335,0.893834,1.103035,1.244445
0.958106,0.786486,0.916269,1.103035
0.785375,0.860494,0.761783,0.916269
1.112532,1.007906,0.618427,0.761783
1.068275,0.784278,0.474714,0.618427
1.092885,0.818428,0.376008,0.474714
0.892413,0.962524,0.295128,0.376008
0.945691,0.786915,0.220491,0.295128
0.796662,0.946631,0.171168,0.220491
0.861704,0.912543,0.127336,0.171168
0.786878,0.803913,0.101751,0.127336
0.689438,0.967215,0.091078,0.101751
0.819668,0.809311,0.086913,0.091078
0.663080,0.808468,0.086502,0.086913
0.678982,0.922960,0.085650,0.086502
0.904370,0.963892,0.082295,0.085650
0.957809,0.957897,0.078022,0.082295
0.985491,0.836483,0.073975,0.078022
0.793207,0.815655,0.073029,0.073975
0.800272,0.967030,0.075433,0.073029
1.003398,0.843787,0.078485,0.075433
0.799634,0.842954,0.075473,0.078485
0.798609,0.980825,0.066428,0.075473
0.990972,1.017062,0.059498,0.066428
0.981515,0.940561,0.060218,0.059498
0.987853,0.803567,0.060341,0.060218
0.807387,0.847637,0.058926,0.060341
0.801535,0.957400,0.057956,0.058926
0.996796,0.829236,0.058540,0.057956
0.792935,0.836351,0.059978,0.058540
0.935913,0.974454,0.061172,0.059978
0.975536,0.818918,0.061467,0.061172
0.783255,0.865808,0.061451,0.061467
0.835367,0.980443,0.061685,0.061451
0.999486,0.812189,0.061839,0.061685
0.798388,0.864234,0.061569,0.061839
0.792207,0.967255,0.061254,0.061569
0.983779,0.816788,0.061107,0.061254
0.797179,0.830606,0.061321,0.061107
0.794075,0.988991,0.061694,0.061321
0.998001,0.819384,0.062471,0.061694
0.793243,1.023143,0.063952,0.062471
1.006366,0.992742,0.066960,0.063952
0.994084,0.803359,0.071799,0.066960
0.794229,0.991486,0.076617,0.071799
0.988202,0.836545,0.077373,0.076617
0.788068,0.858114,0.070662,0.077373
0.923595,0.999162,0.062483,0.070662
0.821778,0.809913,0.060689,0.062483
0.931201,0.819178,0.062411,0.060689
0.835304,0.982235,0.062656,0.062411
0.941580,0.798111,0.061136,0.062656
0.839193,0.860992,0.060433,0.061136
0.791208,0.977096,0.060504,0.060433
0.988725,0.805939,0.060839,0.060504
0.790588,0.827805,0.060743,0.060839
0.792426,0.989579,0.060455,0.060743
0.990640,0.828527,0.060757,0.060455
0.788353,0.826885,0.061407,0.060757
0.793490,0.985295,0.062371,0.061407
0.989091,0.796897,0.063500,0.062371
0.789883,0.839475,0.064044,0.063500
0.941336,0.916751,0.064186,0.064044
0.837819,0.845158,0.064303,0.064186
0.948372,0.844434,0.064744,0.064303
0.847332,0.967304,0.065224,0.064744
0.939024,0.821005,0.065609,0.065224
0.845956,0.847274,0.066103,0.065609
0.800430,0.976811,0.067289,0.066103
0.996165,0.818805,0.067927,0.067289
0.803536,0.843028,0.066474,0.067927
0.797263,0.988251,0.064153,0.066474
0.985437,0.800638,0.063679,0.064153
0.782749,0.848946,0.064603,0.063679
0.780901,0.975948,0.065312,0.064603
1.004365,0.847154,0.065370,0.065312
0.820287,0.840095,0.064905,0.065370
0.969609,0.970597,0.064056,0.064905
0.862748,0.852031,0.062919,0.064056
0.967282,0.863895,0.061886,0.062919
0.884618,0.978257,0.060828,0.061886
0.989779,0.826568,0.059228,0.060828
0.887539,0.862910,0.058213,0.059228
0.828722,0.971844,0.057048,0.058213
1.018459,0.808468,0.056321,0.057048
0.803087,0.862120,0.056950,0.056321
0.796425,0.963003,0.058532,0.056950
0.984225,0.833925,0.060652,0.058532
0.785093,0.847515,0.062706,0.060652
0.782708,0.965871,0.064244,0.062706
0.987470,0.804546,0.064911,0.064244
0.763097,0.849034,0.064816,0.064911
0.894132,0.964573,0.064973,0.064816
0.824973,0.828278,0.065410,0.064973
0.935624,0.841888,0.065248,0.065410
0.843003,0.987252,0.064184,0.065248
0.943227,0.825465,0.062685,0.064184
0.845033,0.825593,0.061551,0.062685
0.800689,0.961732,0.060228,0.061551
0.998887,0.861712,0.058765,0.060228
0.797134,0.823022,0.057697,0.058765
0.797842,0.976081,0.057164,0.057697
0.992909,0.830808,0.057507,0.057164
0.790339,0.850007,0.058768,0.057507
0.788649,0.972820,0.060487,0.058768
0.981918,0.999303,0.062154,0.060487
0.983573,0.981737,0.063160,0.062154
0.986419,0.815557,0.063467,0.063160
0.798622,0.995081,0.039323,0.063467
1.098244,0.958843,0.031724,0.039323
1.181383,0.792331,0.096633,0.031724
0.884836,0.883073,0.120725,0.096633
0.965873,0.695417,0.129075,0.120725
0.690219,0.658300,0.127333,0.129075
0.732653,0.704321,0.120931,0.127333
0.591588,0.552481,0.110453,0.120931
0.596088,0.512108,0.101087,0.110453
0.485394,0.545124,0.092296,0.101087
0.500944,0.490367,0.083977,0.092296
0.491842,0.465836,0.077890,0.083977
0.452932,0.361414,0.074196,0.077890
0.341390,0.332959,0.072323,0.074196
0.338097,0.386422,0.071044,0.072323
0.363667,0.255050,0.069997,0.071044
0.270605,0.262549,0.069512,0.069997
0.250176,0.261275,0.070046,0.069512
0.282268,0.226710,0.070371,0.070046
0.204814,0.202078,0.069880,0.070371
0.185533,0.208990,0.067827,0.069880
0.206944,0.165662,0.063752,0.067827
0.144468,0.156140,0.059319,0.063752
0.131134,0.159493,0.053495,0.059319
0.133885,0.072800,0.049015,0.053495
0.090866,0.094977,0.044160,0.049015
0.084569,0.092731,0.040789,0.044160
0.071827,0.082627,0.037295,0.040789
0.052673,0.047094,0.034624,0.037295
0.057184,0.067220,0.032472,0.034624
0.055324,0.018247,0.030540,0.032472
0.042234,0.044253,0.029406,0.030540
0.030972,0.013680,0.028816,0.029406
0.026599,0.060251,0.028510,0.028816
0.000000,0.040583,0.031209,0.028510
0.000000,0.015114,0.030845,0.031209
0.016497,0.048811,0.030360,0.030845
0.024863,0.026861,0.029200,0.030360
0.034408,0.046829,0.028669,0.029200
0.029470,0.028048,0.030157,0.028669
0.029378,0.037264,0.032690,0.030157
0.027250,0.008602,0.034859,0.032690
0.000000,0.000000,0.000000,0.000000
0.000000,0.014145,2.029455,0.000000
0.000000,0.028493,2.026462,2.029455
0.023569,0.046485,2.023221,2.026462
0.026693,0.040040,2.033370,2.023221
0.029357,0.030722,2.042515,2.033370
0.017198,0.051626,2.049711,2.042515
0.000000,0.041164,2.052958,2.049711
0.000000,0.042273,2.047848,2.052958
0.000000,0.022922,2.045984,2.047848
0.000000,0.057136,2.046026,2.045984
0.000000,0.042230,2.047294,2.046026
0.000000,0.000983,2.048149,2.047294
0.000000,0.018767,2.048331,2.048149
0.000000,0.029806,2.047745,2.048331
0.031751,0.018494,2.037850,2.047745
0.065386,0.032166,2.038109,2.037850
0.062121,0.011456,2.037313,2.038109
0.068078,0.017834,2.036467,2.037313
0.093983,0.023726,2.036375,2.036467
0.075897,0.035582,2.037513,2.036375
0.087621,0.041434,2.039967,2.037513
0.086322,0.018036,2.043466,2.039967
0.076830,0.015241,2.046058,2.043466
0.075701,0.044872,2.048097,2.046058
0.085620,0.034986,2.049466,2.048097
0.071198,0.034895,2.050543,2.049466
0.086466,0.043815,2.052069,2.050543
0.073343,0.020832,2.050753,2.052069
0.052509,0.039890,2.047334,2.050753
0.053553,0.042239,2.044372,2.047334
0.059431,0.037479,2.042103,2.044372
0.047454,0.068241,2.041474,2.042103
0.228440,0.025528,2.015694,2.041474
0.171650,0.065540,1.979506,2.015694
0.138084,0.184468,1.919186,1.979506
0.035973,0.197739,1.805524,1.919186
0.165275,0.342079,1.687374,1.805524
0.349087,0.471110,1.578466,1.687374
0.418957,0.462958,1.483524,1.578466
0.440682,0.557508,1.421510,1.483524
0.511016,0.762764,1.355598,1.421510
0.675791,0.655408,1.242137,1.355598
0.610770,0.784443,1.113381,1.242137
0.680259,0.961794,0.958508,1.113381
0.517057,0.798411,0.772244,0.958508
0.657755,0.827358,0.628462,0.772244
0.880702,0.968383,0.498562,0.628462
1.097648,0.807487,0.374156,0.498562
0.848409,0.839253,0.292818,0.374156
0.822527,0.943604,0.226511,0.292818
0.950948,0.770861,0.166465,0.226511
0.706875,0.799996,0.131007,0.166465
0.805890,0.924737,0.107824,0.131007
0.821042,0.768232,0.094549,0.107824
0.658786,0.800619,0.090534,0.094549
0.711188,0.957756,0.089490,0.090534
0.866872,0.796111,0.088603,0.089490
0.717412,0.802365,0.086340,0.088603
0.753861,0.940876,0.083373,0.086340
0.985149,0.839437,0.079711,0.083373
0.804934,0.807287,0.079247,0.079711
0.796948,0.989163,0.084301,0.079247
0.982049,0.780846,0.095723,0.084301
0.775802,0.836382,0.103850,0.095723
0.780565,0.983058,0.104105,0.103850
0.986467,0.834274,0.089335,0.104105
0.792108,0.848274,0.069335,0.089335
0.935758,0.975136,0.057628,0.069335
1.015512,0.826359,0.061305,0.057628
0.815914,0.853972,0.063910,0.061305
0.861601,1.002769,0.061858,0.063910
1.013143,0.820351,0.058361,0.061858
0.803451,0.843686,0.057888,0.058361
0.795207,0.982245,0.059419,0.057888
0.983410,0.825782,0.060841,0.059419
0.792704,0.822020,0.060825,0.060841
0.792343,0.990761,0.060033,0.060825
0.990948,0.820568,0.059283,0.060033
0.791953,0.825718,0.058976,0.059283
0.786566,0.970538,0.058767,0.058976
0.978102,0.818165,0.058880,0.058767
0.780053,0.856418,0.059492,0.058880
0.929074,0.961533,0.060893,0.059492
0.993417,0.822065,0.062888,0.060893
0.793039,0.831565,0.064432,0.062888
0.837666,0.999971,0.065806,0.064432
0.996730,0.813919,0.068034,0.065806
0.797812,0.836588,0.070774,0.068034
0.797161,1.010900,0.071618,0.070774
0.989714,0.789575,0.066853,0.071618
0.790516,0.827134,0.062355,0.066853
0.791150,0.985143,0.060732,0.062355
0.988729,1.017375,0.060821,0.060732
0.992146,0.988421,0.060527,0.060821
0.998932,0.807377,0.059805,0.060527
0.809203,0.823868,0.059169,0.059805
0.798934,0.997933,0.058826,0.059169
0.997194,0.807513,0.058666,0.058826
0.794448,0.832574,0.059222,0.058666
0.939086,0.955746,0.060191,0.059222
0.838234,0.830407,0.061621,0.060191
0.929699,0.853484,0.062762,0.061621
0.839419,1.015030,0.063759,0.062762
0.938967,0.791852,0.064248,0.063759
0.843225,0.991154,0.064128,0.064248
0.999104,0.977384,0.063829,0.064128
0.947048,0.841873,0.063118,0.063829
0.851303,0.968177,0.062566,0.063118
0.995348,0.811689,0.061852,0.062566
0.791864,0.832215,0.061478,0.061852
0.801253,0.983282,0.061807,0.061478
1.011085,0.825379,0.062339,0.061807
0.808856,0.804161,0.062999,0.062339
0.805025,0.972690,0.062925,0.062999
0.999294,0.813554,0.063068,0.062925
0.797188,0.889788,0.063402,0.063068
0.798637,0.998948,0.063729,0.063402
1.021690,0.796300,0.063934,0.063729
0.822585,0.852132,0.063428,0.063934
0.966924,0.987322,0.062185,0.063428
1.007662,0.800518,0.060445,0.062185
0.809973,0.856592,0.059634,0.060445
0.870879,0.986383,0.059567,0.059634
1.033875,0.807613,0.059922,0.059567
0.829831,0.808493,0.060256,0.059922
0.828843,0.964363,0.060695,0.060256
1.023652,0.819800,0.061552,0.060695
0.808966,0.854412,0.062613,0.061552
0.801655,0.989039,0.063907,0.062613
0.997142,0.799152,0.065054,0.063907
0.796384,0.825679,0.065789,0.065054
0.795143,1.009799,0.066432,0.065789
0.991163,0.814181,0.066381,0.066432
0.795784,0.851975,0.065662,0.066381
0.907965,1.013439,0.064607,0.065662
0.957696,0.838561,0.064122,0.064607
0.784630,0.833212,0.064192,0.064122
0.848742,0.988233,0.064030,0.064192
1.005267,0.824355,0.062496,0.064030
0.803981,0.853453,0.060860,0.062496
0.803755,0.972169,0.059984,0.060860
1.003001,0.826508,0.059858,0.059984
0.797593,0.846255,0.059800,0.059858
0.800210,0.956818,0.059521,0.059800
1.005456,0.815220,0.059675,0.059521
0.799418,0.836341,0.060044,0.059675
0.800470,0.964969,0.060698,0.060044
0.995835,0.824970,0.061440,0.060698
0.798588,0.877543,0.062191,0.061440
0.946669,0.951303,0.062418,0.062191
0.997538,0.839967,0.062128,0.062418
0.797058,0.838410,0.038819,0.062128
0.919689,0.974910,0.019708,0.038819
1.179122,0.812245,0.090106,0.019708
0.900939,0.778255,0.118582,0.090106
0.809611,0.822351,0.129521,0.118582
0.884731,0.654335,0.129323,0.129521
0.637258,0.652605,0.123293,0.129323
0.580835,0.660877,0.114429,0.123293
0.649730,0.633317,0.103303,0.114429
0.576994,0.543612,0.092766,0.103303
0.525727,0.446663,0.084516,0.092766
0.395866,0.398602,0.079340,0.084516
0.373383,0.447283,0.075428,0.079340
0.434428,0.332918,0.072132,0.075428
0.326851,0.313524,0.069958,0.072132
0.361879,0.315180,0.067936,0.069958
0.297834,0.300543,0.065848,0.067936
0.305075,0.237324,0.066099,0.065848
0.251945,0.218076,0.067233,0.066099
0.254804,0.218676,0.067584,0.067233
0.231358,0.224803,0.065950,0.067584
0.193037,0.188182,0.060412,0.065950
0.132983,0.152469,0.054177,0.060412
0.123168,0.155078,0.048130,0.054177
0.127820,0.120095,0.041685,0.048130
0.092571,0.050227,0.037039,0.041685
0.075448,0.066832,0.032553,0.037039
0.082265,0.059213,0.028635,0.032553
0.058353,0.046942,0.025999,0.028635
0.051880,0.065504,0.023892,0.025999
0.053774,0.047971,0.022005,0.023892
0.037256,0.032143,0.020752,0.022005
0.031049,0.050965,0.019822,0.020752
0.028417,0.024833,0.018712,0.019822
0.019997,0.055443,0.017882,0.018712
0.019280,0.008257,0.017046,0.017882
0.020896,0.015268,0.016606,0.017046
0.000000,0.013256,0.019884,0.016606
0.000000,0.028200,0.018809,0.019884
0.000000,0.023054,0.018416,0.018809
0.022951,0.019323,0.018448,0.018416
0.026825,0.033969,0.018155,0.018448
0.037447,0.011021,0.019640,0.018155
0.026345,0.009148,0.017266,0.019640
0.000000,0.000000,0.000000,0.000000
0.000000,0.044662,2.026455,0.000000
0.019893,0.023363,2.002496,2.026455
0.024935,0.035815,1.979342,2.002496
0.034718,0.040078,1.964051,1.979342
0.020172,0.042127,1.957170,1.964051
0.000000,0.011037,1.959787,1.957170
0.022741,0.043917,1.959597,1.959787
0.000000,0.021982,1.957137,1.959597
0.000000,0.037947,1.956423,1.957137
0.000000,0.022812,1.956798,1.956423
0.000000,0.042160,1.957575,1.956798
0.000000,0.056494,1.958617,1.957575
0.000000,0.038742,1.960002,1.958617
0.000000,0.039089,1.960602,1.960002
0.043052,0.032199,1.946340,1.960602
0.062315,0.043369,1.949610,1.946340
0.051659,0.023359,1.952087,1.949610
0.062704,0.028894,1.953475,1.952087
0.084857,0.022678,1.954557,1.953475
0.068483,0.034428,1.955773,1.954557
0.069486,0.016523,1.957670,1.955773
0.090806,0.012394,1.959592,1.957670
0.076778,0.020360,1.960529,1.959592
0.091961,0.020145,1.961113,1.960529
0.088112,0.028680,1.961262,1.961113
0.093748,0.039300,1.961236,1.961262
0.061078,0.035226,1.959602,1.961236
0.068898,0.042809,1.957785,1.959602
0.051108,0.018366,1.956784,1.957785
0.058344,0.058395,1.956056,1.956784
0.061667,0.028431,1.955477,1.956056
0.129564,0.020768,1.944883,1.955477
0.148217,0.022719,1.925417,1.944883
0.121407,0.114473,1.888094,1.925417
0.117237,0.134160,1.813525,1.888094
0.070108,0.248734,1.720334,1.813525
0.211435,0.390846,1.610716,1.720334
0.448252,0.413371,1.492117,1.610716
0.453658,0.481734,1.410084,1.492117
0.583577,0.651183,1.337923,1.410084
0.554395,0.624857,1.245179,1.337923
0.485343,0.733054,1.138611,1.245179
0.661912,0.903582,1.002431,1.138611
0.548513,0.792984,0.821524,1.002431
0.596157,0.793272,0.674311,0.821524
0.908596,0.970981,0.538903,0.674311
1.228225,0.821064,0.404819,0.538903
0.926500,0.785495,0.313509,0.404819
0.871992,0.928049,0.237899,0.313509
0.957506,0.779550,0.170480,0.237899
0.721139,0.782923,0.131888,0.170480
0.691090,0.949023,0.107209,0.131888
0.844211,0.812778,0.093312,0.107209
0.673607,0.809140,0.089350,0.093312
0.808675,0.923018,0.088149,0.089350
0.862282,0.781562,0.087153,0.088149
0.696379,0.793894,0.084551,0.087153
0.763312,1.002604,0.079608,0.084551
0.959858,0.811386,0.072280,0.079608
0.795241,0.838982,0.067311,0.072280
0.804750,0.977248,0.064459,0.067311
1.018349,0.809031,0.068441,0.064459
0.802604,0.859397,0.076344,0.068441
0.788703,0.995153,0.083274,0.076344
0.992433,0.811002,0.081218,0.083274
0.789867,0.816281,0.070827,0.081218
0.781468,0.962377,0.062097,0.070827
0.987947,0.811282,0.061828,0.062097
0.800768,0.831777,0.062925,0.061828
0.954259,1.017698,0.061767,0.062925
1.003276,0.795193,0.059568,0.061767
0.800086,0.837558,0.058850,0.059568
0.849703,1.017724,0.059401,0.058850
0.993655,0.822136,0.060435,0.059401
0.791190,0.833119,0.060784,0.060435
0.794419,0.968847,0.060727,0.060784
0.999036,0.794192,0.060100,0.060727
0.792163,0.811254,0.059587,0.060100
0.787461,0.976694,0.059470,0.059587
0.973116,0.835179,0.059763,0.059470
0.771942,0.839154,0.060407,0.059763
0.776073,0.982513,0.061607,0.060407
0.985689,0.818208,0.063346,0.061607
0.788975,0.845063,0.064897,0.063346
0.932283,0.989241,0.066636,0.064897
0.986494,0.814253,0.068243,0.066636
0.796593,0.823719,0.069652,0.068243
0.868507,0.995843,0.071199,0.069652
1.028017,0.821717,0.069181,0.071199
0.819321,0.867884,0.063607,0.069181
0.803822,0.964571,0.059655,0.063607
0.990286,0.816610,0.059484,0.059655
0.793673,0.851225,0.059954,0.059484
0.801332,0.989260,0.059523,0.059954
1.005646,0.819596,0.058540,0.059523
0.797199,0.851074,0.058398,0.058540
0.789861,0.981894,0.058708,0.058398
0.995162,0.797510,0.059858,0.058708
0.754635,0.841788,0.060630,0.059858
0.924080,0.957345,0.061241,0.060630
0.980749,0.811989,0.061976,0.061241
0.789925,0.854841,0.062812,0.061976
0.845087,0.964788,0.063579,0.062812
0.984189,0.828757,0.063990,0.063579
0.783200,0.814888,0.064317,0.063990
0.785458,0.974100,0.064968,0.064317
0.987614,0.842240,0.065862,0.064968
0.799054,0.826422,0.066082,0.065862
0.803369,0.977749,0.065832,0.066082
0.997330,0.851503,0.065605,0.065832
0.799400,0.829091,0.065328,0.065605
0.808432,0.988674,0.064955,0.065328
1.008330,0.796088,0.063715,0.064955
0.807934,0.852621,0.061683,0.063715
0.952673,0.999111,0.059614,0.061683
0.998169,0.803119,0.059053,0.059614
0.808286,0.868578,0.059421,0.059053
0.859269,0.965511,0.059972,0.059421
1.007345,0.826972,0.060466,0.059972
0.816535,0.845371,0.060880,0.060466
0.807974,0.976385,0.061289,0.060880
1.009134,0.809402,0.061748,0.061289
0.818436,0.991602,0.062047,0.061748
1.030294,0.961251,0.062004,0.062047
1.037460,0.838701,0.061934,0.062004
0.825503,0.995236,0.061987,0.061934
1.018938,0.824714,0.062409,0.061987
0.811780,0.861921,0.062980,0.062409
0.806221,0.956915,0.063331,0.062980
0.996359,0.773404,0.063214,0.063331
0.793615,0.834338,0.063034,0.063214
0.939484,0.971403,0.062923,0.063034
0.839935,0.838693,0.062838,0.062923
0.950982,0.860015,0.062971,0.062838
0.803716,0.999092,0.063033,0.062971
0.899410,0.805642,0.063855,0.063033
0.829431,0.839227,0.064820,0.063855
0.786561,0.980784,0.065423,0.064820
0.989704,0.821738,0.065529,0.065423
0.796225,0.851419,0.065048,0.065529
0.799094,1.007373,0.064075,0.065048
0.998752,1.006380,0.062409,0.064075
1.008456,0.983713,0.060485,0.062409
1.009052,0.842954,0.059069,0.060485
0.801855,0.825693,0.058048,0.059069
0.799464,0.994244,0.057149,0.058048
1.000160,1.017907,0.056843,0.057149
0.997818,0.961907,0.057171,0.056843
0.993105,0.801555,0.057898,0.057171
0.794235,0.987045,0.059142,0.057898
0.987653,0.968583,0.052638,0.059142
1.048885,0.834074,0.002270,0.052638
0.900719,0.950683,0.066425,0.002270
1.148342,0.945519,0.109238,0.066425
1.024938,0.842715,0.123656,0.109238
0.883118,0.654978,0.124718,0.123656
0.636344,0.616544,0.120232,0.124718
0.582047,0.688082,0.112869,0.120232
0.654798,0.505236,0.103195,0.112869
0.478998,0.513680,0.095709,0.103195
0.528935,0.528476,0.089246,0.095709
0.437930,0.402219,0.083184,0.089246
0.453396,0.370068,0.079270,0.083184
0.376380,0.411992,0.076100,0.079270
0.392306,0.318067,0.073250,0.076100
0.323709,0.311166,0.070974,0.073250
0.278376,0.322510,0.068715,0.070974
0.313670,0.213625,0.067303,0.068715
0.233556,0.217530,0.066952,0.067303
0.213052,0.221175,0.066682,0.066952
0.229806,0.198439,0.064461,0.066682
0.163444,0.156996,0.059535,0.064461
0.140781,0.204954,0.053589,0.059535
0.148010,0.125694,0.046875,0.053589
0.110082,0.090973,0.040290,0.046875
0.118052,0.125303,0.034914,0.040290
0.092638,0.062074,0.030569,0.034914
0.089011,0.049362,0.027429,0.030569
0.063608,0.090500,0.024179,0.027429
0.063582,0.076143,0.020947,0.024179
0.057108,0.047464,0.018936,0.020947
0.049715,0.014034,0.017496,0.018936
0.048773,0.005979,0.016414,0.017496
0.029802,0.045263,0.015695,0.016414
0.025068,0.042401,0.015081,0.015695
0.000000,0.038324,0.013435,0.015081
0.000000,0.029915,0.014492,0.013435
0.021802,0.033089,0.013968,0.014492
0.024809,0.013998,0.019677,0.013968
0.000000,0.024852,0.021278,0.019677
0.000000,0.000000,0.000000,0.000000
0.000000,0.018749,2.028845,0.000000
0.000000,0.023194,2.026762,2.028845
0.023943,0.060351,2.030024,2.026762
0.027492,0.039597,2.028850,2.030024
0.030682,0.061991,2.020668,2.028850
0.020899,0.039592,2.010401,2.020668
0.000000,0.024420,1.972471,2.010401
0.000000,0.046212,1.974879,1.972471
0.000000,0.030981,1.975730,1.974879
0.000000,0.037447,1.974475,1.975730
0.000000,0.030436,1.968063,1.974475
0.000000,0.039004,1.966557,1.968063
0.000000,0.031850,1.966411,1.966557
0.000000,0.014312,1.965077,1.966411
0.035436,0.059310,1.956033,1.965077
0.035800,0.016950,1.955476,1.956033
0.040447,0.011293,1.958142,1.955476
0.039783,0.032956,1.962518,1.958142
0.043943,0.027189,1.967190,1.962518
0.076005,0.030063,1.970908,1.967190
0.058931,0.020334,1.971766,1.970908
0.068537,0.044816,1.971535,1.971766
0.077003,0.035258,1.972136,1.971535
0.062694,0.029824,1.972893,1.972136
0.068090,0.010117,1.973315,1.972893
0.053658,0.048202,1.973333,1.973315
0.054047,0.049330,1.972939,1.973333
0.039283,0.018915,1.972058,1.972939
0.034352,0.038677,1.970673,1.972058
0.036336,0.028280,1.969326,1.970673
0.122214,0.022324,1.950701,1.969326
0.172196,0.062714,1.921672,1.950701
0.140000,0.104457,1.869512,1.921672
0.086723,0.161450,1.806721,1.869512
0.100205,0.335090,1.718802,1.806721
0.357207,0.338394,1.598049,1.718802
0.429323,0.452277,1.502060,1.598049
0.496565,0.652426,1.417184,1.502060
0.732191,0.696773,1.326503,1.417184
0.762821,0.785964,1.212777,1.326503
0.911946,0.739720,1.064336,1.212777
0.836513,0.755323,0.917774,1.064336
0.819845,0.947351,0.760149,0.917774
1.114476,0.836666,0.592479,0.760149
0.994129,0.833288,0.471330,0.592479
0.951050,0.936526,0.367717,0.471330
1.101004,0.795985,0.272376,0.367717
0.826578,0.782036,0.211637,0.272376
0.917116,0.919392,0.166140,0.211637
0.875411,0.766726,0.130090,0.166140
0.682488,0.791061,0.110172,0.130090
0.716536,0.937817,0.096464,0.110172
0.844568,0.803375,0.087551,0.096464
0.676971,0.838136,0.085254,0.087551
0.679382,0.945065,0.084748,0.085254
0.878068,0.811083,0.081854,0.084748
0.764393,0.849357,0.075942,0.081854
0.800311,0.994857,0.068675,0.075942
1.034719,0.807590,0.062657,0.068675
0.831329,0.882130,0.062996,0.062657
0.809895,0.962943,0.070353,0.062996
1.000260,0.815347,0.081904,0.070353
0.798940,0.821395,0.086149,0.081904
0.939286,0.953361,0.079354,0.086149
0.986406,0.818588,0.063125,0.079354
0.784836,0.873567,0.056726,0.063125
0.861453,0.974075,0.058560,0.056726
1.009737,0.833068,0.059739,0.058560
0.806774,0.841765,0.058343,0.059739
0.795777,0.985122,0.057041,0.058343
0.989799,0.783661,0.058081,0.057041
0.788976,0.857225,0.060320,0.058081
0.784437,0.954810,0.062463,0.060320
0.979028,0.819296,0.063444,0.062463
0.787377,0.835795,0.063332,0.063444
0.789377,0.977053,0.062997,0.063332
0.979727,0.995636,0.062697,0.062997
0.976444,0.994910,0.062988,0.062697
0.978105,0.813336,0.063022,0.062988
0.785108,0.844261,0.063026,0.063022
0.937562,0.968374,0.063042,0.063026
0.844688,0.819755,0.063065,0.063042
0.945725,0.835414,0.063368,0.063065
0.842799,1.004742,0.064526,0.063368
0.943138,0.802779,0.068284,0.064526
0.855060,0.852252,0.073365,0.068284
0.811869,0.977607,0.076753,0.073365
1.010564,0.820918,0.072610,0.076753
0.795958,0.826252,0.064352,0.072610
0.782094,0.994831,0.059908,0.064352
0.980185,0.818177,0.061441,0.059908
0.790457,0.859466,0.062319,0.061441
0.785187,0.982430,0.061196,0.062319
0.997638,0.809934,0.059729,0.061196
0.795139,0.833024,0.059874,0.059729
0.954126,0.961711,0.060908,0.059874
0.848091,0.824901,0.061913,0.060908
0.943439,0.989569,0.062237,0.061913
0.990949,0.972765,0.062717,0.062237
0.837924,0.813894,0.063300,0.062717
0.939197,0.961636,0.063579,0.063300
0.990298,0.980000,0.063688,0.063579
0.991971,1.000405,0.063222,0.063688
0.851672,0.824280,0.063259,0.063222
0.948855,0.997738,0.063345,0.063259
0.998574,0.972161,0.063522,0.063345
0.863461,0.847972,0.063418,0.063522
0.954719,0.988682,0.062839,0.063418
1.009391,0.837993,0.061643,0.062839
0.805659,0.860550,0.060817,0.061643
0.852617,0.971876,0.060295,0.060817
1.009306,0.842649,0.060656,0.060295
0.793938,0.812888,0.060972,0.060656
0.795398,0.988322,0.061542,0.060972
1.002884,0.798140,0.062386,0.061542
0.809882,0.842642,0.062667,0.062386
0.808488,0.952810,0.062736,0.062667
1.000716,0.804815,0.062436,0.062736
0.795351,0.880454,0.062296,0.062436
0.797860,0.999148,0.061947,0.062296
1.010594,0.810277,0.061294,0.061947
0.825631,0.824433,0.060188,0.061294
0.989487,0.998249,0.058945,0.060188
1.037134,0.813653,0.058306,0.058945
0.825372,0.842190,0.058388,0.058306
0.863422,0.974219,0.059151,0.058388
1.002714,0.821090,0.060853,0.059151
0.794882,0.832359,0.062311,0.060853
0.791200,1.007710,0.063381,0.062311
0.985138,0.829120,0.063959,0.063381
0.788621,0.859984,0.064090,0.063959
0.800030,0.999316,0.063983,0.064090
0.942145,0.804362,0.063319,0.063983
0.768271,0.820643,0.063252,0.063319
0.783242,0.951673,0.063134,0.063252
0.994518,0.845550,0.062650,0.063134
0.798323,0.864277,0.062245,0.062650
0.953121,0.993409,0.061614,0.062245
1.000130,0.796700,0.060600,0.061614
0.803153,0.837084,0.059995,0.060600
0.853230,0.988674,0.059618,0.059995
1.007366,0.816587,0.059321,0.059618
0.804458,0.865776,0.059269,0.059321
0.799649,1.010243,0.059291,0.059269
1.000093,0.817851,0.059371,0.059291
0.801920,1.004291,0.059346,0.059371
1.001216,0.951689,0.059486,0.059346
0.997004,0.835200,0.059416,0.059486
0.796943,0.962249,0.054580,0.059416
1.041674,0.819614,0.005137,0.054580
0.890401,0.857073,0.061583,0.005137
0.936043,0.907554,0.107546,0.061583
1.059434,0.746664,0.127984,0.107546
0.751656,0.689235,0.131044,0.127984
0.788393,0.726903,0.127106,0.131044
0.634258,0.575189,0.117612,0.127106
0.645118,0.634639,0.108091,0.117612
0.605123,0.632348,0.096639,0.108091
0.469564,0.435407,0.086890,0.096639
0.488603,0.479459,0.080333,0.086890
0.477547,0.422013,0.074981,0.080333
0.439513,0.417963,0.071408,0.074981
0.348916,0.326315,0.068742,0.071408
0.363913,0.326113,0.066959,0.068742
0.300967,0.316387,0.065536,0.066959
0.310833,0.216452,0.066244,0.065536
0.259475,0.225692,0.067313,0.066244
0.224585,0.220591,0.067136,0.067313
0.242311,0.200722,0.066023,0.067136
0.170543,0.197972,0.063245,0.066023
0.142178,0.174401,0.057073,0.063245
0.152176,0.170731,0.050769,0.057073
0.118341,0.105513,0.043920,0.050769
0.107402,0.073740,0.037607,0.043920
0.085416,0.107931,0.033961,0.037607
0.078670,0.044904,0.030961,0.033961
0.083447,0.065573,0.027612,0.030961
0.055275,0.057909,0.024535,0.027612
0.046900,0.055882,0.021517,0.024535
0.050171,0.035703,0.018759,0.021517
0.032042,0.035543,0.017389,0.018759
0.032314,0.052818,0.016482,0.017389
0.029837,0.016557,0.015902,0.016482
0.000000,0.016693,0.019973,0.015902
0.000000,0.006539,0.016090,0.019973
0.000000,0.022388,0.015580,0.016090
0.000000,0.019077,0.015432,0.015580
0.019998,0.040140,0.015028,0.015432
0.030424,0.037909,0.014312,0.015028
0.023439,0.046162,0.016572,0.014312
0.027888,0.029487,0.020867,0.016572
0.028746,0.018090,0.024586,0.020867
0.023760,0.011361,0.015130,0.024586
0.000000,0.000000,0.000000,0.000000
0.000000,0.004746,2.027718,0.000000
0.000000,0.039291,2.020483,2.027718
0.029133,0.039982,2.014215,2.020483
0.028475,0.030732,2.017893,2.014215
0.024685,0.052722,2.018395,2.017893
0.000000,0.037986,2.017329,2.018395
0.000000,0.019210,2.016959,2.017329
0.000000,0.013878,2.013029,2.016959
0.000000,0.021597,2.011095,2.013029
0.000000,0.031712,2.009158,2.011095
0.000000,0.008321,2.006974,2.009158
0.000000,0.027491,2.005245,2.006974
0.000000,0.035213,2.003476,2.005245
0.000000,0.031648,2.001766,2.003476
0.000000,0.026039,1.993786,2.001766
0.000000,0.035295,1.995221,1.993786
0.044318,0.008655,2.000143,1.995221
0.042509,0.022759,2.002565,2.000143
0.023074,0.043174,2.003031,2.002565
0.000000,0.013770,2.002666,2.003031
0.041187,0.037943,2.001601,2.002666
0.060812,0.032584,2.000203,2.001601
0.086309,0.036918,1.999452,2.000203
0.073139,0.035768,2.000085,1.999452
0.086049,0.069351,2.001947,2.000085
0.085500,0.031384,2.004521,2.001947
0.068430,0.044109,2.005264,2.004521
0.065906,0.060050,2.004153,2.005264
0.065764,0.039489,2.002177,2.004153
0.062971,0.032850,1.999970,2.002177
0.093198,0.009594,1.996113,1.999970
0.065534,0.017758,1.992708,1.996113
0.177757,0.036887,1.975334,1.992708
0.172897,0.043544,1.950665,1.975334
0.143828,0.109680,1.912604,1.950665
0.103723,0.151306,1.839738,1.912604
0.075856,0.276692,1.746205,1.839738
0.218090,0.397306,1.634390,1.746205
0.456364,0.434012,1.516908,1.634390
0.389748,0.527515,1.437713,1.516908
0.462985,0.696384,1.366671,1.437713
0.409835,0.623195,1.268279,1.366671
0.561986,0.753202,1.156709,1.268279
0.686014,0.900403,1.017522,1.156709
0.631581,0.792449,0.836141,1.017522
0.714560,0.827303,0.688464,0.836141
0.937009,0.957562,0.551763,0.688464
1.195141,0.797666,0.414479,0.551763
0.888638,0.840236,0.321517,0.414479
0.826531,0.928909,0.247159,0.321517
0.960288,0.818193,0.182646,0.247159
0.722310,0.749075,0.145340,0.182646
0.694368,0.944408,0.119117,0.145340
0.842249,0.761371,0.098441,0.119117
0.665995,0.796576,0.088127,0.098441
0.799009,0.951035,0.083738,0.088127
0.701795,0.839866,0.083688,0.083738
0.807998,0.808480,0.083541,0.083688
0.786720,0.931371,0.080341,0.083541
0.927970,0.791238,0.074746,0.080341
0.848561,0.863839,0.071333,0.074746
0.798985,0.979401,0.071074,0.071333
0.993322,0.805985,0.078072,0.071074
0.799781,0.827858,0.087148,0.078072
0.794357,0.992194,0.093072,0.087148
1.004090,0.834474,0.087798,0.093072
0.793303,0.816931,0.073308,0.087798
0.797264,0.969691,0.060715,0.073308
0.998315,0.819511,0.058779,0.060715
0.799611,1.000818,0.060298,0.058779
1.006759,0.996042,0.059182,0.060298
0.998010,0.861913,0.058067,0.059182
0.794429,0.981067,0.059184,0.058067
0.984921,0.812743,0.061537,0.059184
0.781955,0.826005,0.062749,0.061537
0.928179,0.975757,0.062714,0.062749
0.979890,0.802873,0.061490,0.062714
0.787148,0.861436,0.060618,0.061490
0.835895,0.991713,0.059816,0.060618
0.981882,0.788031,0.059499,0.059816
0.780734,0.833557,0.059863,0.059499
0.775110,0.965789,0.060646,0.059863
0.971026,0.824846,0.062065,0.060646
0.775158,0.839505,0.062901,0.062065
0.776983,0.965734,0.063866,0.062901
0.976366,0.810162,0.065895,0.063866
0.787339,0.862253,0.068901,0.065895
0.788504,0.965246,0.074160,0.068901
0.986535,0.826837,0.079562,0.074160
0.798460,0.851762,0.078495,0.079562
0.951800,0.994831,0.070201,0.078495
0.981131,0.824999,0.060934,0.070201
0.778793,0.810532,0.060250,0.060934
0.821187,0.991017,0.062456,0.060250
0.980614,0.829898,0.063054,0.062456
0.786616,0.859049,0.062305,0.063054
0.787260,0.987756,0.061465,0.062305
0.982277,0.817781,0.060687,0.061465
0.787369,0.809663,0.059793,0.060687
0.813312,0.976974,0.059307,0.059793
0.996331,0.818738,0.059287,0.059307
0.794031,0.831117,0.059620,0.059287
0.788368,0.991752,0.060580,0.059620
0.988052,0.812725,0.061880,0.060580
0.788123,0.827088,0.062632,0.061880
0.941064,0.967066,0.062873,0.062632
0.995487,0.844330,0.063008,0.062873
0.798438,0.857794,0.063525,0.063008
0.845625,0.951757,0.064407,0.063525
0.990787,0.813769,0.065303,0.064407
0.790714,0.857988,0.065902,0.065303
0.800976,0.966789,0.066034,0.065902
1.010230,0.804777,0.065554,0.066034
0.808146,0.867333,0.064853,0.065554
0.809867,0.987108,0.063302,0.064853
1.008861,0.814570,0.062090,0.063302
0.808281,0.833005,0.061189,0.062090
0.809294,0.981512,0.060362,0.061189
1.021810,0.810407,0.059488,0.060362
0.804322,0.835917,0.059267,0.059488
0.935038,0.984650,0.059986,0.059267
0.985397,0.838541,0.060812,0.059986
0.807816,0.820485,0.061403,0.060812
0.874092,0.990202,0.061829,0.061403
1.032879,0.821632,0.061923,0.061829
0.823541,0.859514,0.061520,0.061923
0.823843,0.978265,0.060877,0.061520
1.020403,0.817347,0.060468,0.060877
0.809187,0.824994,0.060416,0.060468
0.805513,0.985830,0.060836,0.060416
0.995937,0.836679,0.062092,0.060836
0.792553,0.833358,0.063513,0.062092
0.789074,0.957811,0.064705,0.063513
0.983689,0.816680,0.065442,0.064705
0.790611,0.876241,0.065608,0.065442
0.895572,0.969419,0.065128,0.065608
0.956370,0.815830,0.064734,0.065128
0.784749,0.823803,0.064478,0.064734
0.849878,1.016593,0.064372,0.064478
1.001552,1.009976,0.063768,0.064372
0.999951,0.972631,0.062874,0.063768
0.946972,0.817303,0.062050,0.062874
0.848486,0.859225,0.060897,0.062050
0.802880,1.011408,0.059330,0.060897
1.004058,0.821276,0.057272,0.059330
0.801271,0.857801,0.056173,0.057272
0.799850,1.005452,0.055880,0.056173
0.999906,0.827680,0.055678,0.055880
0.802982,0.850179,0.055435,0.055678
0.797081,0.994994,0.055323,0.055435
0.992081,0.830927,0.055299,0.055323
0.791499,0.817593,0.052910,0.055299
0.956564,0.938558,0.017973,0.052910
0.943098,0.970652,0.056221,0.017973
1.137694,0.919809,0.110225,0.056221
1.032274,0.732661,0.127228,0.110225
0.737330,0.689885,0.128222,0.127228
0.770821,0.731008,0.123111,0.128222
0.720773,0.554043,0.113484,0.123111
0.530203,0.549904,0.104526,0.113484
0.508630,0.562538,0.095781,0.104526
0.539915,0.429429,0.086676,0.095781
0.403388,0.448107,0.080010,0.086676
0.381424,0.421496,0.074390,0.080010
0.441456,0.373782,0.069441,0.074390
0.330541,0.341577,0.066447,0.069441
0.312838,0.350213,0.064380,0.066447
0.365267,0.291894,0.062710,0.064380
0.273688,0.262516,0.062120,0.062710
0.256172,0.269606,0.064092,0.062120
0.295443,0.189982,0.065695,0.064092
0.215101,0.193515,0.066128,0.065695
0.224139,0.198603,0.066254,0.066128
0.202697,0.181609,0.060846,0.066254
0.136353,0.142717,0.055394,0.060846
0.131563,0.152706,0.049118,0.055394
0.139668,0.101914,0.042986,0.049118
0.095845,0.108346,0.037748,0.042986
0.082579,0.086523,0.033599,0.037748
0.098384,0.063157,0.029640,0.033599
0.071770,0.045831,0.027268,0.029640
0.061640,0.056437,0.025144,0.027268
0.065369,0.044019,0.022487,0.025144
0.043733,0.018167,0.020452,0.022487
0.043823,0.051993,0.018283,0.020452
0.040395,0.021898,0.016768,0.018283
0.000000,0.037983,0.017586,0.016768
0.000000,0.036831,0.017524,0.017586
0.000000,0.044285,0.017494,0.017524
0.029867,0.013781,0.016316,0.017494
0.033878,0.014278,0.014943,0.016316
0.029751,0.058552,0.018428,0.014943
0.032315,0.027553,0.024152,0.018428
0.000000,0.000000,0.000000,0.000000
0.000000,0.021568,2.026943,0.000000
0.018147,0.030017,2.028451,2.026943
0.032060,0.026883,2.030602,2.028451
0.031523,0.051125,2.025728,2.030602
0.020078,0.039920,2.010771,2.025728
0.000000,0.038250,2.003347,2.010771
0.000000,0.014590,2.002841,2.003347
0.000000,0.056800,2.002115,2.002841
0.000000,0.026468,2.000941,2.002115
0.000000,0.039960,1.996056,2.000941
0.000000,0.010417,1.994914,1.996056
0.042606,0.014435,1.993898,1.994914
0.049785,0.025444,1.994373,1.993898
0.065159,0.070578,1.995585,1.994373
0.096994,0.036618,1.996902,1.995585
0.084640,0.025391,1.997981,1.996902
0.091726,0.031253,1.999060,1.997981
0.107934,0.030221,2.000460,1.999060
0.080170,0.025342,2.002285,2.000460
0.070125,0.012082,2.003611,2.002285
0.078703,0.038449,2.003806,2.003611
0.049636,0.013723,2.002514,2.003806
0.043667,0.044015,2.000043,2.002514
0.049815,0.012741,1.996445,2.000043
0.044277,0.038118,1.994243,1.996445
0.138999,0.032106,1.955785,1.994243
0.184419,0.104198,1.919521,1.955785
0.130752,0.154619,1.850936,1.919521
0.042762,0.222528,1.758009,1.850936
0.167555,0.377049,1.643516,1.758009
0.410549,0.408061,1.521260,1.643516
0.387249,0.506900,1.440759,1.521260
0.459045,0.710021,1.369113,1.440759
0.594992,0.617266,1.280492,1.369113
0.487262,0.680403,1.178998,1.280492
0.597632,0.895841,1.047871,1.178998
0.841422,0.779850,0.868148,1.047871
0.458728,0.855160,0.716363,0.868148
0.896304,0.965485,0.575067,0.716363
1.150293,0.797258,0.432046,0.575067
0.882551,0.784152,0.334403,0.432046
0.852904,0.963834,0.256262,0.334403
0.958710,0.767167,0.191466,0.256262
0.716921,0.790350,0.153951,0.191466
0.691170,0.935047,0.126275,0.153951
0.832728,0.818909,0.103383,0.126275
0.655323,0.806610,0.090843,0.103383
0.667372,0.958789,0.084153,0.090843
0.844171,0.775669,0.082471,0.084153
0.674688,0.837908,0.082321,0.082471
0.723151,0.957348,0.081106,0.082321
0.947706,0.812598,0.077767,0.081106
0.779611,0.846708,0.074273,0.077767
0.944636,0.953584,0.072443,0.074273
0.996110,0.818772,0.077211,0.072443
0.792953,0.802805,0.084912,0.077211
0.825617,0.983929,0.090268,0.084912
0.975151,0.842614,0.086258,0.090268
0.784937,0.841296,0.073969,0.086258
0.784983,0.965930,0.063330,0.073969
0.982863,0.797779,0.062094,0.063330
0.784977,0.830844,0.063814,0.062094
0.791373,0.969814,0.062759,0.063814
0.999158,0.806269,0.060278,0.062759
0.793673,0.824725,0.059460,0.060278
0.788462,0.996918,0.060397,0.059460
0.984015,0.838167,0.061835,0.060397
0.799998,0.842214,0.062024,0.061835
0.948573,1.010800,0.061127,0.062024
1.004184,0.850725,0.059555,0.061127
0.794897,0.824374,0.058140,0.059555
0.839651,0.994927,0.056744,0.058140
0.973155,0.825822,0.056195,0.056744
0.776123,0.888593,0.056785,0.056195
0.781124,0.948673,0.057969,0.056785
0.972387,0.811744,0.059435,0.057969
0.779320,0.802865,0.060250,0.059435
0.789033,0.967653,0.061158,0.060250
0.980217,0.843621,0.062710,0.061158
0.776856,0.845998,0.064701,0.062710
0.781285,0.956812,0.066477,0.064701
0.978953,0.829197,0.064964,0.066477
0.789837,0.829893,0.061527,0.064964
0.937400,0.969872,0.060033,0.061527
0.978436,0.808557,0.060270,0.060033
0.745777,0.842575,0.060797,0.060270
0.808851,0.961739,0.061386,0.060797
0.977118,0.808647,0.062238,0.061386
0.790420,0.853425,0.063221,0.062238
0.792424,0.991772,0.064139,0.063221
0.984246,0.794566,0.064681,0.064139
0.790444,0.857483,0.064575,0.064681
0.791380,0.975943,0.064017,0.064575
0.991118,0.849635,0.063038,0.064017
0.793828,0.845814,0.062460,0.063038
0.801073,0.952590,0.062100,0.062460
1.001234,0.784589,0.061864,0.062100
0.797485,0.799572,0.061890,0.061864
0.944807,0.963115,0.061928,0.061890
0.993094,0.845447,0.062010,0.061928
0.799619,0.854403,0.062029,0.062010
0.845752,0.955342,0.062202,0.062029
0.990347,0.821474,0.062530,0.062202
0.798095,0.869690,0.062658,0.062530
0.806375,0.998171,0.062829,0.062658
0.998558,0.815502,0.062580,0.062829
0.801994,0.830918,0.061983,0.062580
0.800695,1.005714,0.061658,0.061983
0.987889,0.837063,0.061466,0.061658
0.803831,0.838510,0.061559,0.061466
0.804602,0.939188,0.061505,0.061559
0.993952,0.839718,0.061618,0.061505
0.795466,0.870355,0.062025,0.061618
0.948975,0.976365,0.062322,0.062025
1.015734,0.830208,0.061864,0.062322
0.818316,1.043168,0.060814,0.061864
1.030062,0.978080,0.058928,0.060814
1.038875,0.823530,0.056947,0.058928
0.877596,0.964870,0.055750,0.056947
0.973143,0.827316,0.055282,0.055750
0.857118,0.810034,0.055998,0.055282
0.795674,0.968083,0.057846,0.055998
0.978925,0.791930,0.060981,0.057846
0.776649,0.840804,0.063518,0.060981
0.776328,0.957465,0.065437,0.063518
0.970026,0.836699,0.066908,0.065437
0.784418,0.859469,0.067730,0.066908
0.760402,0.965497,0.068422,0.067730
0.937666,0.828859,0.069095,0.068422
0.774508,0.825436,0.069005,0.069095
0.937603,0.996716,0.067768,0.069005
0.850371,0.810229,0.065340,0.067768
0.956030,0.826922,0.063090,0.065340
0.854873,1.009485,0.061221,0.063090
0.957034,0.812065,0.059217,0.061221
0.854993,0.861935,0.057654,0.059217
0.800507,0.993163,0.056411,0.057654
0.994887,0.809619,0.055958,0.056411
0.789709,0.859963,0.056498,0.055958
0.790329,0.979569,0.057450,0.056498
0.988576,0.807249,0.058439,0.057450
0.789228,0.827319,0.059253,0.058439
0.790375,0.970459,0.060521,0.059253
0.988538,0.796373,0.061952,0.060521
0.791249,0.821673,0.039991,0.061952
0.993857,0.959406,0.018316,0.039991
0.986010,0.808123,0.085665,0.018316
1.056651,0.785788,0.112875,0.085665
0.847821,0.856075,0.123404,0.112875
0.832690,0.835816,0.123501,0.123404
0.775535,0.690245,0.116577,0.123501
0.700350,0.549069,0.106931,0.116577
0.512672,0.632826,0.098634,0.106931
0.583051,0.563614,0.089871,0.098634
0.535160,0.433784,0.083068,0.089871
0.422632,0.475533,0.078807,0.083068
0.441094,0.354435,0.075982,0.078807
0.372362,0.382440,0.075243,0.075982
0.407330,0.355021,0.075128,0.075243
0.360255,0.352475,0.074702,0.075128
0.339237,0.298280,0.073926,0.074702
0.304371,0.233272,0.074569,0.073926
0.234806,0.292458,0.074045,0.074569
0.232873,0.173966,0.072564,0.074045
0.180963,0.151077,0.070533,0.072564
0.139318,0.169219,0.065655,0.070533
0.145564,0.123374,0.058350,0.065655
0.096126,0.103447,0.051173,0.058350
0.082339,0.099319,0.045573,0.051173
0.091689,0.092316,0.040160,0.045573
0.065766,0.095961,0.036346,0.040160
0.057626,0.041914,0.033515,0.036346
0.037238,0.079698,0.031867,0.033515
0.033475,0.048403,0.030680,0.031867
0.038907,0.042121,0.029837,0.030680
0.030675,0.040636,0.029431,0.029837
0.024676,0.034606,0.029120,0.029431
0.026749,0.016332,0.028983,0.029120
0.021455,0.029153,0.028893,0.028983
0.023021,0.022101,0.028535,0.028893
0.000000,0.045408,0.030667,0.028535
0.000000,0.018244,0.030276,0.030667
0.000000,0.013963,0.030152,0.030276
0.025908,0.046802,0.029855,0.030152
0.022953,0.033817,0.029853,0.029855
0.029560,0.022584,0.031087,0.029853
0.000000,0.000000,0.000000,0.000000
0.000000,0.053949,2.028143,0.000000
0.000000,0.009486,2.028444,2.028143
0.028784,0.047780,2.036478,2.028444
0.028503,0.037187,2.043663,2.036478
0.029786,0.038642,2.045276,2.043663
0.000000,0.038202,2.044004,2.045276
0.000000,0.013590,2.043376,2.044004
0.000000,0.042367,2.043930,2.043376
0.000000,0.036774,2.045112,2.043930
0.031075,0.046150,2.034092,2.045112
0.024017,0.028579,2.034798,2.034092
0.029856,0.046518,2.036440,2.034798
0.052914,0.008221,2.038081,2.036440
0.049739,0.031518,2.037761,2.038081
0.075887,0.019289,2.036220,2.037761
0.077772,0.004137,2.034785,2.036220
0.067995,0.033589,2.034878,2.034785
0.069625,0.061674,2.036354,2.034878
0.081802,0.042228,2.039362,2.036354
0.066989,0.041472,2.041995,2.039362
0.072207,0.013281,2.044192,2.041995
0.079474,0.023435,2.045938,2.044192
0.055915,0.052931,2.046625,2.045938
0.052138,0.061060,2.046139,2.046625
0.055088,0.012198,2.043808,2.046139
0.044895,0.013777,2.041525,2.043808
0.040019,0.019817,2.039542,2.041525
0.055546,0.019080,2.038087,2.039542
0.050459,0.051968,2.037904,2.038087
0.053287,0.039637,2.039184,2.037904
0.091257,0.016599,2.036089,2.039184
0.122635,0.016145,2.022264,2.036089
0.153772,0.085558,1.992791,2.022264
0.120863,0.126237,1.927098,1.992791
0.034884,0.227846,1.835971,1.927098
0.153418,0.366311,1.720548,1.835971
0.432807,0.362686,1.596187,1.720548
0.413699,0.465218,1.519184,1.596187
0.462332,0.624745,1.458761,1.519184
0.553572,0.591701,1.386715,1.458761
0.460310,0.697065,1.297054,1.386715
0.516556,0.873883,1.171096,1.297054
0.808227,0.785295,0.988557,1.171096
0.493088,0.792590,0.824185,0.988557
0.742086,0.938119,0.667599,0.824185
1.134807,0.831536,0.510916,0.667599
0.924003,0.840760,0.404352,0.510916
0.912259,0.928503,0.317171,0.404352
1.003238,0.786200,0.237166,0.317171
0.760388,0.763781,0.183789,0.237166
0.708995,0.939034,0.142084,0.183789
0.837431,0.816594,0.109943,0.142084
0.655363,0.818807,0.095191,0.109943
0.664726,0.904984,0.088675,0.095191
0.841353,0.783221,0.087102,0.088675
0.686092,0.827733,0.086982,0.087102
0.695245,0.961834,0.085416,0.086982
0.893682,0.788197,0.080821,0.085416
0.763035,0.833610,0.076292,0.080821
0.912396,0.996679,0.071875,0.076292
0.977511,0.841715,0.071147,0.071875
0.792627,0.850143,0.075919,0.071147
0.842343,0.965345,0.081539,0.075919
0.997176,0.807890,0.081942,0.081539
0.794563,0.803458,0.073614,0.081942
0.797534,0.987539,0.062871,0.073614
0.998972,0.818494,0.059720,0.062871
0.795663,0.865678,0.061516,0.059720
0.796916,0.987438,0.061338,0.061516
0.994517,0.844157,0.058887,0.061338
0.794493,0.982446,0.057070,0.058887
0.987688,0.991232,0.056493,0.057070
0.987906,0.802852,0.057089,0.056493
0.788842,0.958966,0.057446,0.057089
0.986019,0.836140,0.057758,0.057446
0.786382,0.823039,0.058163,0.057758
0.934847,0.960135,0.059210,0.058163
0.831944,0.810419,0.060832,0.059210
0.921108,0.806365,0.062195,0.060832
0.827258,1.014534,0.063268,0.062195
0.926442,0.822564,0.064318,0.063268
0.837631,1.002138,0.065174,0.064318
0.997141,0.989391,0.066711,0.065174
0.948745,0.836893,0.067970,0.066711
0.851475,0.967055,0.069461,0.067970
1.003469,1.029544,0.073156,0.069461
1.007221,0.980048,0.077692,0.073156
0.950388,0.837471,0.076371,0.077692
0.850804,0.972563,0.068447,0.076371
0.982250,0.993768,0.059588,0.068447
0.914880,0.813305,0.060293,0.059588
0.823674,0.974391,0.062933,0.060293
0.976442,0.835398,0.063631,0.062933
0.784301,0.832435,0.062943,0.063631
0.798172,0.971984,0.062089,0.062943
1.013733,0.826381,0.061572,0.062089
0.807592,0.859321,0.061383,0.061572
0.803920,1.006776,0.061263,0.061383
1.001773,0.809205,0.061013,0.061263
0.799105,0.831770,0.060925,0.061013
0.793536,1.007157,0.060992,0.060925
0.988645,0.836012,0.061508,0.060992
0.796152,0.807057,0.062300,0.061508
0.940273,0.982238,0.063013,0.062300
0.996520,0.812938,0.063372,0.063013
0.794258,0.851051,0.063165,0.063372
0.848634,0.979553,0.062795,0.063165
1.008951,0.810462,0.062408,0.062795
0.800349,0.846643,0.062252,0.062408
0.806896,0.952781,0.062682,0.062252
1.005139,0.820714,0.062994,0.062682
0.804766,0.858878,0.062933,0.062994
0.805604,1.041769,0.061924,0.062933
0.987643,0.809955,0.061553,0.061924
0.796517,0.825359,0.062432,0.061553
0.800628,0.970471,0.063096,0.062432
0.992161,0.830665,0.062999,0.063096
0.801871,0.828186,0.062360,0.062999
0.947853,0.997717,0.061389,0.062360
0.995390,0.807987,0.060701,0.061389
0.817335,0.847797,0.060583,0.060701
0.870304,0.966102,0.060562,0.060583
1.030097,0.799131,0.060740,0.060562
0.825841,0.822280,0.060942,0.060740
0.821913,1.031213,0.061103,0.060942
1.018171,0.788679,0.061273,0.061103
0.809166,0.848422,0.061022,0.061273
0.804516,1.001583,0.061308,0.061022
0.995382,0.797633,0.061773,0.061308
0.792551,0.827246,0.061837,0.061773
0.791296,0.979484,0.061893,0.061837
0.985022,0.800450,0.062270,0.061893
0.787636,0.839016,0.062770,0.062270
0.886665,1.005331,0.063572,0.062770
0.953571,0.822160,0.065433,0.063572
0.778029,0.822681,0.066664,0.065433
0.841767,0.941763,0.067041,0.066664
0.994808,0.993522,0.066514,0.067041
0.998330,1.016521,0.065686,0.066514
0.946593,0.825503,0.064550,0.065686
0.849224,0.969056,0.063453,0.064550
1.007643,0.987967,0.062129,0.063453
0.957031,0.857522,0.061738,0.062129
0.851156,0.965654,0.061663,0.061738
1.001998,1.032848,0.061486,0.061663
1.000113,1.003098,0.060930,0.061486
0.946426,0.816237,0.060173,0.060930
0.851715,0.814145,0.059511,0.060173
0.801860,0.982804,0.059017,0.059511
1.006366,0.841553,0.035670,0.059017
0.862852,0.813862,0.020072,0.035670
0.930040,0.923662,0.084068,0.020072
1.125325,0.755898,0.120398,0.084068
0.810387,0.739822,0.129105,0.120398
0.717718,0.816407,0.127981,0.129105
0.783009,0.616941,0.120494,0.127981
0.574639,0.560298,0.112013,0.120494
0.619304,0.593228,0.103000,0.112013
0.507134,0.491220,0.093253,0.103000
0.521792,0.461535,0.086233,0.093253
0.432310,0.440629,0.080219,0.086233
0.452477,0.370378,0.074937,0.080219
0.376600,0.400142,0.072061,0.074937
0.412433,0.392268,0.069984,0.072061
0.365957,0.343948,0.069251,0.069984
0.300297,0.294049,0.069665,0.069251
0.324109,0.259839,0.072214,0.069665
0.240813,0.232162,0.074305,0.072214
0.222713,0.219911,0.074798,0.074305
0.245581,0.163613,0.074373,0.074798
0.170160,0.170826,0.070542,0.074373
0.143787,0.184123,0.065388,0.070542
0.140730,0.134910,0.058986,0.065388
0.098546,0.075685,0.052173,0.058986
0.085438,0.113000,0.046346,0.052173
0.087562,0.093754,0.041745,0.046346
0.065371,0.094734,0.039128,0.041745
0.062676,0.058762,0.037364,0.039128
0.052280,0.030077,0.036134,0.037364
0.037143,0.035348,0.035441,0.036134
0.036525,0.046331,0.034881,0.035441
0.032834,0.040653,0.034361,0.034881
0.024355,0.037856,0.033721,0.034361
0.022549,0.019599,0.033088,0.033721
0.000000,0.016263,0.036083,0.033088
0.000000,0.028199,0.035767,0.036083
0.000000,0.046758,0.035636,0.035767
0.027774,0.049705,0.035359,0.035636
0.025992,0.033571,0.034789,0.035359
0.035219,0.038874,0.034630,0.034789
0.033668,0.030796,0.036072,0.034630
0.024604,0.049820,0.037401,0.036072
0.022057,0.024668,0.034732,0.037401
0.000000,0.000000,0.000000,0.000000
0.000000,0.025609,2.028732,0.000000
0.024273,0.055940,2.032648,2.028732
0.032349,0.054205,2.048868,2.032648
0.024497,0.040446,2.062066,2.048868
0.000000,0.023972,2.068539,2.062066
0.000000,0.045429,2.072464,2.068539
0.000000,0.024405,2.069068,2.072464
0.000000,0.022341,2.066357,2.069068
0.000000,0.049003,2.067008,2.066357
0.000000,0.034488,2.067859,2.067008
0.000000,0.028524,2.069295,2.067859
0.027033,0.024145,2.060103,2.069295
0.034837,0.056277,2.057819,2.060103
0.042813,0.024213,2.055221,2.057819
0.042901,0.050130,2.053729,2.055221
0.052711,0.045518,2.053525,2.053729
0.050189,0.042920,2.055380,2.053525
0.040883,0.022021,2.058764,2.055380
0.050004,0.016190,2.062297,2.058764
0.075607,0.029156,2.064183,2.062297
0.067242,0.038724,2.063526,2.064183
0.065959,0.023118,2.062216,2.063526
0.081803,0.057481,2.061619,2.062216
0.068382,0.036039,2.062335,2.061619
0.092053,0.043688,2.063875,2.062335
0.083631,0.005094,2.065138,2.063875
0.058777,0.038006,2.065900,2.065138
0.069469,0.054799,2.065051,2.065900
0.058861,0.047138,2.063248,2.065051
0.052809,0.023206,2.061759,2.063248
0.043734,0.031106,2.060840,2.061759
0.041118,0.036908,2.060715,2.060840
0.050758,0.018064,2.058463,2.060715
0.107032,0.010678,2.050272,2.058463
0.150175,0.060787,2.032264,2.050272
0.158646,0.083348,1.991609,2.032264
0.076050,0.137829,1.930896,1.991609
0.072874,0.273720,1.835020,1.930896
0.325292,0.284374,1.695830,1.835020
0.390361,0.451065,1.592185,1.695830
0.413473,0.572047,1.510284,1.592185
0.643769,0.546478,1.435487,1.510284
0.497938,0.649075,1.370038,1.435487
0.498237,0.818261,1.274187,1.370038
0.750203,0.707672,1.119542,1.274187
0.646473,0.799321,0.965053,1.119542
0.466557,0.974166,0.800749,0.965053
0.985787,0.809352,0.625706,0.800749
0.960245,0.822275,0.498830,0.625706
1.113629,0.980181,0.391141,0.498830
1.089723,0.768227,0.292613,0.391141
0.820513,0.837889,0.227549,0.292613
0.799260,0.933064,0.174958,0.227549
0.881064,0.935337,0.130972,0.174958
0.844786,0.917619,0.102916,0.130972
0.793783,0.800715,0.090260,0.102916
0.705444,0.964813,0.086590,0.090260
0.857832,0.931228,0.085566,0.086590
0.839985,0.817057,0.083795,0.085566
0.787241,0.966928,0.080441,0.083795
0.959604,0.816556,0.075964,0.080441
0.799505,0.846812,0.072683,0.075964
0.804457,1.012022,0.072548,0.072683
0.998021,0.805567,0.078333,0.072548
0.806471,0.846030,0.083790,0.078333
0.803050,0.947920,0.084065,0.083790
1.002218,0.819908,0.073779,0.084065
0.797301,1.015856,0.063079,0.073779
0.982951,0.983925,0.060158,0.063079
0.980697,0.826717,0.062642,0.060158
0.781786,0.956868,0.062216,0.062642
1.001932,0.827653,0.060502,0.062216
0.810946,0.821724,0.060245,0.060502
0.949181,0.943772,0.061131,0.060245
0.844691,0.837139,0.062810,0.061131
0.953009,0.867334,0.063598,0.062810
0.857127,0.990388,0.063308,0.063598
0.955099,0.826097,0.061692,0.063308
0.850047,0.860904,0.059940,0.061692
0.800655,0.978766,0.058333,0.059940
0.987303,0.803861,0.057017,0.058333
0.791043,0.846057,0.056702,0.057017
0.786400,0.976523,0.057230,0.056702
0.975346,0.829540,0.058767,0.057230
0.782847,0.825478,0.060650,0.058767
0.787435,0.982433,0.063036,0.060650
0.990784,0.805830,0.066122,0.063036
0.790274,0.862626,0.069156,0.066122
0.940046,0.970487,0.073389,0.069156
0.830408,0.804327,0.076228,0.073389
0.929157,0.985132,0.072831,0.076228
0.991083,0.972688,0.064242,0.072831
0.834550,0.845148,0.061350,0.064242
0.932884,0.985123,0.063362,0.061350
0.828860,0.842533,0.066125,0.063362
0.922306,0.833528,0.065652,0.066125
0.822456,0.990257,0.064920,0.065652
0.933767,0.820474,0.064461,0.064920
0.847319,0.807664,0.064134,0.064461
0.797382,0.978998,0.063395,0.064134
1.000149,0.837268,0.062088,0.063395
0.798276,0.857407,0.060509,0.062088
0.792301,0.983149,0.059685,0.060509
1.000963,0.831166,0.059799,0.059685
0.796206,0.852792,0.060310,0.059799
0.802003,0.955467,0.061011,0.060310
0.994199,0.810361,0.061185,0.061011
0.785057,0.846400,0.061117,0.061185
0.946932,0.956366,0.061096,0.061117
0.459011,0.805365,0.061158,0.061096
0.288422,0.843938,0.061324,0.061158
0.507258,0.965210,0.061551,0.061324
0.804024,1.022119,0.062041,0.061551
0.939921,0.990859,0.062052,0.062041
0.972161,0.809274,0.061305,0.062052
0.790538,0.836342,0.061478,0.061305
0.839079,0.970070,0.062296,0.061478
1.009092,0.808787,0.063569,0.062296
0.816619,0.840069,0.064356,0.063569
0.807278,0.978668,0.064536,0.064356
0.994656,0.830529,0.064356,0.064536
0.790750,0.835473,0.063984,0.064356
0.801461,0.984057,0.063620,0.063984
1.029287,0.837063,0.063360,0.063620
0.829838,0.827820,0.062942,0.063360
0.832265,0.981227,0.062135,0.062942
1.036372,0.810261,0.061086,0.062135
0.827423,0.809328,0.060533,0.061086
0.970904,1.010127,0.060590,0.060533
1.009181,0.991810,0.061660,0.060590
0.996157,0.999374,0.062813,0.061660
0.844823,0.810429,0.063767,0.062813
0.943202,0.823299,0.063881,0.063767
0.843994,0.995777,0.063872,0.063881
0.946546,1.003313,0.063476,0.063872
0.945584,0.970693,0.063055,0.063476
0.967328,0.828160,0.063641,0.063055
0.787315,1.014376,0.064109,0.063641
0.992123,0.993504,0.063932,0.064109
0.997805,0.861096,0.062655,0.063932
0.847790,0.987143,0.061975,0.062655
0.945872,0.850849,0.061870,0.061975
0.844808,0.960398,0.061445,0.061870
0.996214,0.997942,0.060448,0.061445
0.946192,0.842664,0.059138,0.060448
0.848961,0.937408,0.058054,0.059138
0.996062,0.803233,0.057235,0.058054
0.798210,0.868561,0.057255,0.057235
0.796115,0.986265,0.057843,0.057255
0.992207,0.824527,0.058919,0.057843
0.791800,0.840884,0.060086,0.058919
0.793594,0.996062,0.048691,0.060086
1.057503,0.796659,0.011077,0.048691
0.894717,0.818182,0.075096,0.011077
0.923921,0.907750,0.112680,0.075096
1.021807,0.718478,0.128177,0.112680
0.728726,0.697428,0.128835,0.128177
0.765012,0.726535,0.123072,0.128835
0.715088,0.653659,0.112535,0.123072
0.639673,0.610113,0.100621,0.112535
0.496687,0.483141,0.089803,0.100621
0.513214,0.450798,0.082009,0.089803
0.421979,0.502765,0.075660,0.082009
0.444531,0.338828,0.070778,0.075660
0.371356,0.339661,0.068490,0.070778
0.330830,0.394341,0.067031,0.068490
0.382247,0.287240,0.065725,0.067031
0.284404,0.282466,0.064234,0.065725
0.262785,0.296883,0.063319,0.064234
0.302312,0.231819,0.063601,0.063319
0.222592,0.215660,0.063939,0.063601
0.200672,0.192036,0.063776,0.063939
0.216631,0.164164,0.060343,0.063776
0.153241,0.148154,0.055260,0.060343
0.157661,0.178003,0.050428,0.055260
0.124155,0.087240,0.044313,0.050428
0.125454,0.082750,0.038427,0.044313
0.096847,0.075545,0.033338,0.038427
0.101177,0.073676,0.027937,0.033338
0.077440,0.080714,0.023741,0.027937
0.066263,0.066150,0.020293,0.023741
0.069437,0.060279,0.017533,0.020293
0.045630,0.058389,0.015844,0.017533
0.036821,0.036243,0.014606,0.015844
0.036875,0.027382,0.013731,0.014606
0.025638,0.008070,0.013036,0.013731
0.019110,0.031685,0.012532,0.013036
0.017359,0.015090,0.014846,0.012532
0.000000,0.000000,0.000000,0.000000
0.000000,0.028491,2.027699,0.000000
0.019110,0.029344,2.022296,2.027699
0.031790,0.023221,2.025213,2.022296
0.024540,0.073849,2.028768,2.025213
0.000000,0.029664,2.029812,2.028768
0.000000,0.024507,2.026030,2.029812
0.000000,0.063255,2.022803,2.026030
0.000000,0.048025,2.023438,2.022803
0.000000,0.043178,2.024688,2.023438
0.000000,0.051938,2.024988,2.024688
0.000000,0.043151,2.023210,2.024988
0.000000,0.010630,2.020804,2.023210
0.000000,0.023133,2.018086,2.020804
0.000000,0.020535,2.015015,2.018086
0.032188,0.013151,2.006611,2.015015
0.032734,0.026898,2.008149,2.006611
0.023890,0.054782,2.008657,2.008149
0.000000,0.010943,2.009300,2.008657
0.000000,0.029758,2.010752,2.009300
0.018026,0.026961,2.012289,2.010752
0.000000,0.040289,2.014077,2.012289
0.000000,0.050621,2.014849,2.014077
0.000000,0.022153,2.014666,2.014849
0.039815,0.057132,2.012794,2.014666
0.051942,0.067758,2.011064,2.012794
0.067554,0.062715,2.010402,2.011064
0.097215,0.041334,2.011406,2.010402
0.073089,0.047454,2.013559,2.011406
0.064517,0.035296,2.016016,2.013559
0.069400,0.028448,2.018041,2.016016
0.054231,0.042334,2.018896,2.018041
0.060980,0.064761,2.018613,2.018896
0.062432,0.021885,2.015954,2.018613
0.039623,0.006450,2.011988,2.015954
0.205220,0.030913,1.981234,2.011988
0.161798,0.040790,1.950998,1.981234
0.125825,0.123331,1.909522,1.950998
0.072722,0.186349,1.832890,1.909522
0.121354,0.273092,1.736269,1.832890
0.247823,0.399988,1.624685,1.736269
0.461472,0.540696,1.505799,1.624685
0.533230,0.654919,1.403070,1.505799
0.454361,0.601353,1.303555,1.403070
0.474645,0.695469,1.200797,1.303555
0.572574,0.881434,1.073835,1.200797
0.798315,0.775397,0.904879,1.073835
0.496779,0.844924,0.758342,0.904879
0.852209,0.947730,0.618572,0.758342
0.991085,0.820564,0.473135,0.618572
1.083668,0.822178,0.370310,0.473135
0.906709,0.955787,0.284988,0.370310
0.972400,0.809032,0.208559,0.284988
0.816722,0.769745,0.162881,0.208559
0.724434,0.956327,0.130345,0.162881
0.868456,0.810116,0.105941,0.130345
0.682598,0.825034,0.093287,0.105941
0.672780,0.926238,0.086251,0.093287
0.843774,0.793875,0.082988,0.086251
0.691325,0.820660,0.082198,0.082988
0.722113,0.965900,0.080725,0.082198
0.956624,0.826876,0.077195,0.080725
0.791956,0.812588,0.073379,0.077195
0.950786,0.994866,0.071108,0.073379
0.850146,0.804950,0.075061,0.071108
0.936839,0.853317,0.083097,0.075061
0.849502,0.961242,0.090429,0.083097
0.954180,0.811810,0.089773,0.090429
0.842482,0.820958,0.078608,0.089773
0.788378,0.986924,0.064191,0.078608
1.001428,0.800147,0.058991,0.064191
0.810190,0.860238,0.061122,0.058991
0.807893,0.973522,0.061123,0.061122
0.996907,0.813588,0.059135,0.061123
0.788881,0.858372,0.058760,0.059135
0.787412,1.001377,0.060139,0.058760
0.993676,0.806640,0.061625,0.060139
0.791523,0.809831,0.061886,0.061625
0.944105,0.975041,0.061388,0.061886
0.839469,0.811501,0.060260,0.061388
0.932136,0.850477,0.059391,0.060260
0.840654,0.995964,0.059521,0.059391
0.923122,0.816853,0.060065,0.059521
0.822420,0.863253,0.060268,0.060065
0.776720,0.959451,0.060678,0.060268
0.972215,0.783151,0.061430,0.060678
0.779412,0.839703,0.062530,0.061430
0.779751,0.963093,0.064404,0.062530
0.974273,0.838501,0.067528,0.064404
0.790375,0.841821,0.070280,0.067528
0.796202,0.967827,0.072627,0.070280
0.992765,0.819608,0.071541,0.072627
0.794946,0.996472,0.066942,0.071541
0.996100,0.981160,0.062959,0.066942
1.002083,0.842406,0.062124,0.062959
0.796128,0.995759,0.061731,0.062124
0.989420,0.821744,0.061133,0.061731
0.796285,0.853165,0.060704,0.061133
0.951164,0.986343,0.060114,0.060704
1.010442,0.840794,0.059364,0.060114
0.808417,0.821931,0.058934,0.059364
0.851523,0.976774,0.058647,0.058934
0.998498,0.834951,0.058807,0.058647
0.795774,0.819045,0.059603,0.058807
0.788907,0.983240,0.060865,0.059603
0.985092,0.818731,0.062184,0.060865
0.786279,0.841764,0.062914,0.062184
0.789496,0.971198,0.063304,0.062914
0.990710,0.814081,0.063479,0.063304
0.790318,0.872910,0.063620,0.063479
0.791779,0.964643,0.063175,0.063620
1.019411,0.810629,0.062238,0.063175
0.808672,0.880053,0.061101,0.062238
0.948087,0.963359,0.059714,0.061101
0.996959,0.828782,0.058262,0.059714
0.804265,0.813912,0.057679,0.058262
0.856074,0.991600,0.057383,0.057679
0.999854,0.819894,0.057394,0.057383
0.790438,0.821863,0.057864,0.057394
0.795671,0.953228,0.058644,0.057864
1.012594,0.852567,0.060090,0.058644
0.808909,0.859602,0.061475,0.060090
0.799455,0.961363,0.062593,0.061475
0.980185,0.817983,0.063416,0.062593
0.785036,0.828961,0.064161,0.063416
0.794507,0.973219,0.064639,0.064161
1.009561,0.830590,0.064007,0.064639
0.823869,0.884860,0.063202,0.064007
0.983257,0.988049,0.062150,0.063202
1.028396,0.789852,0.061098,0.062150
0.815286,0.843189,0.059969,0.061098
0.857493,0.989685,0.059534,0.059969
0.999755,0.825340,0.059712,0.059534
0.792404,0.839791,0.060518,0.059712
0.789566,0.949503,0.060946,0.060518
0.984516,0.844791,0.061448,0.060946
0.789915,0.817089,0.062249,0.061448
0.765544,0.971483,0.063026,0.062249
0.928887,0.787945,0.063889,0.063026
0.764119,0.852489,0.065226,0.063889
0.778793,0.970048,0.066192,0.065226
0.982954,0.818724,0.066354,0.066192
0.794593,0.861913,0.066014,0.066354
0.946392,0.981481,0.065195,0.066014
0.994314,0.840083,0.064176,0.065195
0.793242,0.844667,0.063177,0.064176
0.845429,0.966855,0.061796,0.063177
1.000030,0.805645,0.060118,0.061796
0.798185,0.852596,0.058846,0.060118
0.796718,0.979191,0.057867,0.058846
0.995405,0.824524,0.057611,0.057867
0.797568,0.820361,0.058217,0.057611
0.796916,0.990029,0.059410,0.058217
0.989902,0.826548,0.061183,0.059410
0.791047,0.870746,0.051739,0.061183
0.817945,0.996150,0.005965,0.051739
1.135856,0.790046,0.072934,0.005965
0.922566,0.770953,0.111149,0.072934
0.993272,0.875486,0.126739,0.111149
0.907353,0.689682,0.129531,0.126739
0.648696,0.635109,0.125378,0.129531
0.621385,0.670175,0.118246,0.125378
0.652936,0.524395,0.108333,0.118246
0.483295,0.492135,0.099918,0.108333
0.447255,0.558465,0.091600,0.099918
0.506853,0.410112,0.082514,0.091600
0.378119,0.375438,0.076073,0.082514
0.355344,0.416816,0.070948,0.076073
0.416457,0.328231,0.067262,0.070948
0.316319,0.311025,0.066226,0.067262
0.297046,0.327585,0.066644,0.066226
0.348014,0.249387,0.068687,0.066644
0.259719,0.264583,0.072349,0.068687
0.281746,0.281033,0.074586,0.072349
0.266307,0.173099,0.075526,0.074586
0.190460,0.176529,0.075638,0.075526
0.175297,0.173043,0.072083,0.075638
0.168387,0.128232,0.064653,0.072083
0.117050,0.126877,0.056849,0.064653
0.098494,0.061217,0.050164,0.056849
0.099255,0.056058,0.042541,0.050164
0.066957,0.085258,0.038298,0.042541
0.061357,0.089449,0.034762,0.038298
0.068166,0.054516,0.031527,0.034762
0.061000,0.043633,0.028960,0.031527
0.055704,0.013737,0.027272,0.028960
0.038184,0.023034,0.026370,0.027272
0.033563,0.019753,0.025760,0.026370
0.040511,0.003178,0.025525,0.025760
0.025339,0.009051,0.025535,0.025525
0.000000,0.032260,0.029445,0.025535
0.000000,0.032752,0.028383,0.029445
0.019001,0.027477,0.027756,0.028383
0.031141,0.034459,0.027491,0.027756
0.035325,0.026690,0.028048,0.027491
0.027053,0.036262,0.029921,0.028048
0.027707,0.017247,0.032024,0.029921
0.000000,0.000000,0.000000,0.000000
0.000000,0.016608,2.027798,0.000000
0.000000,0.049402,2.022621,2.027798
0.021382,0.037569,2.015106,2.022621
0.025468,0.052640,2.020158,2.015106
0.030402,0.040751,2.028968,2.020158
0.000000,0.027093,2.032700,2.028968
0.000000,0.011924,2.037923,2.032700
0.000000,0.014300,2.052786,2.037923
0.000000,0.047025,2.050431,2.052786
0.000000,0.054184,2.048448,2.050431
0.000000,0.035407,2.047545,2.048448
0.000000,0.038810,2.047637,2.047545
0.000000,0.027378,2.048271,2.047637
0.000000,0.034610,2.049099,2.048271
0.000000,0.030565,2.049790,2.049099
0.033754,0.017116,2.039969,2.049790
0.030625,0.010815,2.038202,2.039969
0.046234,0.061092,2.036336,2.038202
0.055177,0.015740,2.035250,2.036336
0.044946,0.048068,2.035623,2.035250
0.049893,0.017197,2.037305,2.035623
0.082010,0.025435,2.039878,2.037305
0.069883,0.022724,2.041306,2.039878
0.070960,0.016416,2.042215,2.041306
0.099687,0.032946,2.043094,2.042215
0.091403,0.047916,2.044323,2.043094
0.092155,0.045831,2.046008,2.044323
0.104050,0.018986,2.047317,2.046008
0.073616,0.078098,2.047417,2.047317
0.076127,0.054039,2.046537,2.047417
0.057120,0.037108,2.046040,2.046537
0.038569,0.020007,2.045647,2.046040
0.052713,0.043979,2.043938,2.045647
0.057194,0.035192,2.042343,2.043938
0.030979,0.034561,2.041863,2.042343
0.041505,0.018069,2.040419,2.041863
0.114024,0.021257,2.033208,2.040419
0.164687,0.021687,2.016515,2.033208
0.178847,0.069867,1.979922,2.016515
0.091316,0.159617,1.927129,1.979922
0.031573,0.247702,1.839228,1.927129
0.249185,0.333130,1.704554,1.839228
0.354205,0.398665,1.594597,1.704554
0.392979,0.568421,1.505083,1.594597
0.534097,0.575579,1.426170,1.505083
0.457407,0.610455,1.359607,1.426170
0.530598,0.782782,1.264014,1.359607
0.600726,0.730240,1.112404,1.264014
0.818329,0.823114,0.962083,1.112404
0.702172,0.949831,0.801686,0.962083
0.772175,0.786375,0.627307,0.801686
0.982420,0.810956,0.499779,0.627307
0.939696,0.950898,0.391194,0.499779
1.092236,0.811826,0.292079,0.391194
0.814563,0.832609,0.227782,0.292079
0.761321,0.907297,0.175517,0.227782
0.887524,0.757774,0.131540,0.175517
0.687716,0.796521,0.107425,0.131540
0.673173,0.910973,0.093751,0.107425
0.837619,0.777865,0.088534,0.093751
0.680595,0.831832,0.088551,0.088534
0.826820,0.971777,0.089034,0.088551
0.755525,0.817374,0.087336,0.089034
0.881776,0.836391,0.085223,0.087336
0.822311,0.954369,0.082838,0.085223
0.918867,0.796741,0.081183,0.082838
0.836744,0.832967,0.084985,0.081183
0.785273,0.993099,0.093888,0.084985
0.980712,0.812940,0.102993,0.093888
0.793420,0.839828,0.102530,0.102993
0.799286,0.983348,0.090903,0.102530
0.988422,0.805288,0.069196,0.090903
0.785655,0.829080,0.060301,0.069196
0.792660,0.987426,0.063453,0.060301
1.007373,0.820733,0.066657,0.063453
0.811824,0.824888,0.064614,0.066657
0.958517,1.023779,0.061695,0.064614
0.848203,0.800438,0.060923,0.061695
0.937086,0.853558,0.062228,0.060923
0.842484,0.989624,0.063559,0.062228
0.941506,0.825818,0.063624,0.063559
0.845036,0.832833,0.062466,0.063624
0.793356,0.999582,0.060781,0.062466
0.998163,0.810384,0.059083,0.060781
0.791510,0.862465,0.058632,0.059083
0.792455,0.957425,0.058752,0.058632
0.986314,0.811740,0.059161,0.058752
0.792533,0.848131,0.059385,0.059161
0.795142,0.990145,0.060187,0.059385
0.997997,0.814928,0.061125,0.060187
0.797203,0.868277,0.062094,0.061125
0.943837,0.975694,0.063794,0.062094
0.856385,0.816554,0.066353,0.063794
0.969483,0.850857,0.066089,0.066353
0.865172,0.966331,0.061827,0.066089
0.944413,0.825230,0.057631,0.061827
0.840755,0.860090,0.057928,0.057631
0.780537,0.967923,0.059165,0.057928
0.977744,0.805788,0.059859,0.059165
0.784778,0.813553,0.060165,0.059859
0.788233,0.945363,0.060724,0.060165
0.982531,0.818915,0.061578,0.060724
0.786752,0.846748,0.062472,0.061578
0.791330,0.985352,0.063135,0.062472
0.990245,0.813651,0.063488,0.063135
0.794655,0.849122,0.063569,0.063488
0.940078,0.987082,0.063463,0.063569
0.835358,0.817335,0.063105,0.063463
0.939071,0.836100,0.062613,0.063105
0.844221,0.975146,0.062303,0.062613
0.944365,0.824997,0.062759,0.062303
0.848089,0.845264,0.063715,0.062759
0.791574,0.970820,0.064403,0.063715
0.996916,0.815820,0.064949,0.064403
0.802199,0.808011,0.065524,0.064949
0.805014,0.988191,0.066049,0.065524
1.007524,0.814959,0.066429,0.066049
0.801361,1.009341,0.066273,0.066429
1.013613,0.972514,0.064105,0.066273
1.012679,0.878508,0.060493,0.064105
0.796924,0.971992,0.058761,0.060493
1.010772,0.800317,0.058532,0.058761
0.807618,0.831024,0.058646,0.058532
0.800459,1.004691,0.059149,0.058646
0.989654,0.827603,0.060082,0.059149
0.780372,0.805422,0.061309,0.060082
0.925085,0.995680,0.062591,0.061309
0.996355,0.802336,0.063860,0.062591
0.814343,0.868465,0.064353,0.063860
0.874282,1.009100,0.064446,0.064353
1.032567,0.824163,0.063832,0.064446
0.823577,0.823314,0.062577,0.063832
0.815905,0.979489,0.060959,0.062577
1.013813,0.803752,0.059443,0.060959
0.802829,0.816183,0.058913,0.059443
0.797668,1.003779,0.059168,0.058913
0.985192,0.795585,0.060421,0.059168
0.787488,0.843197,0.062247,0.060421
0.783727,0.983902,0.063868,0.062247
0.958499,0.814983,0.065347,0.063868
0.745185,0.809080,0.066544,0.065347
0.906731,0.941306,0.067781,0.066544
0.975918,0.991418,0.068651,0.067781
0.988152,0.999286,0.068302,0.068651
0.844774,0.820238,0.067052,0.068302
0.951292,0.872659,0.065586,0.067052
0.854921,0.977991,0.063828,0.065586
0.960535,0.847643,0.061665,0.063828
0.859885,0.867506,0.060212,0.061665
0.808091,0.972534,0.058999,0.060212
1.003809,1.015187,0.058078,0.058999
1.000033,0.997229,0.057896,0.058078
1.002085,0.827522,0.058168,0.057896
0.798790,0.843356,0.058515,0.058168
0.796538,0.979486,0.058941,0.058515
0.989272,0.816299,0.058540,0.058941
0.799875,0.853740,0.030452,0.058540
0.857042,0.962190,0.029725,0.030452
1.155414,0.778911,0.094948,0.029725
0.883527,0.765913,0.118895,0.094948
0.800643,0.815931,0.126948,0.118895
0.865339,0.648756,0.125569,0.126948
0.624837,0.577916,0.119356,0.125569
0.672073,0.653411,0.110262,0.119356
0.634367,0.504553,0.098482,0.110262
0.467140,0.495201,0.089271,0.098482
0.453092,0.550862,0.081347,0.089271
0.493982,0.389455,0.074510,0.081347
0.374461,0.370005,0.070794,0.074510
0.353527,0.439113,0.068478,0.070794
0.414940,0.322167,0.067190,0.068478
0.312813,0.309273,0.067070,0.067190
0.293880,0.304724,0.067411,0.067070
0.339299,0.237890,0.068651,0.067411
0.250165,0.211345,0.070618,0.068651
0.231259,0.272389,0.071314,0.070618
0.250097,0.177626,0.071617,0.071314
0.179113,0.170674,0.068380,0.071617
0.167014,0.188431,0.063275,0.068380
0.142677,0.149353,0.055722,0.063275
0.100677,0.099366,0.047886,0.055722
0.085095,0.079505,0.041620,0.047886
0.078240,0.076653,0.034162,0.041620
0.058273,0.059246,0.029961,0.034162
0.054189,0.077924,0.026637,0.029961
0.055758,0.075387,0.023716,0.026637
0.041093,0.057141,0.021989,0.023716
0.040891,0.005822,0.021016,0.021989
0.044858,0.003477,0.020495,0.021016
0.032136,0.055778,0.020014,0.020495
0.031801,0.017157,0.019709,0.020014
0.000000,0.025149,0.021952,0.019709
0.000000,0.046445,0.020891,0.021952
0.000000,0.044375,0.020153,0.020891
0.023000,0.028910,0.019300,0.020153
0.031900,0.032602,0.018593,0.019300
0.025024,0.054840,0.019329,0.018593
0.023293,0.013290,0.021489,0.019329
0.025766,0.031923,0.023473,0.021489
0.020907,0.051290,0.023239,0.023473
0.018726,0.019186,0.022967,0.023239
0.000000,0.000000,0.000000,0.000000
0.000000,0.030112,2.029524,0.000000
0.020032,0.017240,2.015288,2.029524
0.030109,0.032952,1.995317,2.015288
0.028065,0.040019,1.987290,1.995317
0.023367,0.021225,1.993544,1.987290
0.000000,0.015679,2.017773,1.993544
0.000000,0.042883,2.051726,2.017773
0.000000,0.023482,2.048209,2.051726
0.000000,0.022026,2.043744,2.048209
0.000000,0.040207,2.039427,2.043744
0.000000,0.011075,2.036323,2.039427
0.000000,0.036973,2.035047,2.036323
0.000000,0.062178,2.034325,2.035047
0.016265,0.046461,2.027063,2.034325
0.021047,0.001395,2.023509,2.027063
0.027958,0.017735,2.019170,2.023509
0.024289,0.022867,2.016952,2.019170
0.024057,0.040283,2.017320,2.016952
0.042628,0.008862,2.021115,2.017320
0.024929,0.033210,2.025501,2.021115
0.034053,0.029114,2.030036,2.025501
0.065427,0.013479,2.032155,2.030036
0.059357,0.055793,2.031474,2.032155
0.068425,0.014679,2.031014,2.031474
0.055838,0.014612,2.031863,2.031014
0.065783,0.019221,2.033195,2.031863
0.061036,0.026567,2.034148,2.033195
0.079618,0.055438,2.034934,2.034148
0.070925,0.035167,2.035548,2.034934
0.059210,0.026297,2.035642,2.035548
0.072863,0.010412,2.035726,2.035642
0.047272,0.040292,2.036146,2.035726
0.041138,0.055999,2.035584,2.036146
0.071942,0.012535,2.032968,2.035584
0.047906,0.049724,2.030343,2.032968
0.062443,0.015839,2.028068,2.030343
0.064346,0.046178,2.025249,2.028068
0.175144,0.009465,2.006278,2.025249
0.195132,0.048376,1.974933,2.006278
0.162654,0.132011,1.927838,1.974933
0.111251,0.223260,1.847443,1.927838
0.115743,0.310320,1.718215,1.847443
0.236897,0.395301,1.609769,1.718215
0.359327,0.525628,1.522023,1.609769
0.505708,0.504813,1.444572,1.522023
0.504160,0.582794,1.383301,1.444572
0.465236,0.787802,1.298064,1.383301
0.662393,0.897440,1.157294,1.298064
0.480252,0.877862,0.979258,1.157294
0.620004,0.814860,0.790934,0.979258
0.713184,0.829226,0.643805,0.790934
0.917296,0.928959,0.509538,0.643805
1.098866,0.791518,0.380914,0.509538
0.806249,0.812766,0.298791,0.380914
0.901722,0.926830,0.235067,0.298791
0.775453,0.778990,0.180801,0.235067
0.844394,0.797766,0.146449,0.180801
0.728658,0.907039,0.118059,0.146449
0.804149,0.807199,0.095467,0.118059
0.718036,0.806730,0.086474,0.095467
0.681017,0.963768,0.083907,0.086474
0.889578,0.783397,0.083779,0.083907
0.739444,0.829699,0.082341,0.083779
0.777725,0.969261,0.079104,0.082341
0.975484,0.803702,0.074993,0.079104
0.785688,0.844552,0.072160,0.074993
0.808686,0.974464,0.073497,0.072160
0.991047,0.807271,0.082682,0.073497
0.789976,0.839779,0.091948,0.082682
0.953247,0.975724,0.095582,0.091948
0.855005,0.791937,0.085920,0.095582
0.944462,0.858051,0.070289,0.085920
0.842921,0.959847,0.060621,0.070289
0.938058,0.834488,0.062078,0.060621
0.842210,0.853235,0.063395,0.062078
0.799345,0.963769,0.061699,0.063395
0.998032,0.825549,0.059783,0.061699
0.803234,0.844378,0.060706,0.059783
0.802112,0.969172,0.063072,0.060706
0.992025,0.833394,0.065087,0.063072
0.797304,0.848786,0.065208,0.065087
0.800336,0.968353,0.063843,0.065208
0.992701,0.796418,0.061804,0.063843
0.783544,0.860816,0.060776,0.061804
0.931792,0.993027,0.060638,0.060776
0.824579,0.796102,0.060861,0.060638
0.928280,0.852233,0.061192,0.060861
0.827992,0.997507,0.062218,0.061192
0.933695,0.816994,0.063466,0.062218
0.836144,0.826608,0.065318,0.063466
0.785665,1.022758,0.068113,0.065318
0.984083,0.829566,0.071948,0.068113
0.797535,0.833934,0.075969,0.071948
0.809283,0.974614,0.078237,0.075969
1.003142,0.801443,0.073309,0.078237
0.812664,0.862320,0.063810,0.073309
0.815994,0.948473,0.057682,0.063810
0.997096,0.813883,0.058810,0.057682
0.791781,0.850208,0.060954,0.058810
0.935537,0.967790,0.061452,0.060954
0.835527,0.812624,0.061005,0.061452
0.960456,0.858361,0.061163,0.061005
0.852685,1.010073,0.061772,0.061163
0.949509,0.809015,0.062163,0.061772
0.846399,0.809623,0.061674,0.062163
0.794592,0.988731,0.060742,0.061674
0.993281,0.773261,0.059897,0.060742
0.800694,0.842870,0.059472,0.059897
0.802173,0.977456,0.059800,0.059472
0.999329,0.812663,0.060618,0.059800
0.799108,0.823018,0.061462,0.060618
0.799657,0.995423,0.062388,0.061462
0.988191,0.834045,0.063680,0.062388
0.793845,0.834626,0.064791,0.063680
0.938658,0.996790,0.065100,0.064791
0.833959,0.834992,0.064418,0.065100
0.949481,0.864287,0.063547,0.064418
0.859411,0.956398,0.062639,0.063547
0.970806,0.812576,0.060845,0.062639
0.869270,0.822142,0.059600,0.060845
0.809079,0.957834,0.058883,0.059600
1.018257,0.822301,0.058740,0.058883
0.815117,0.832008,0.058947,0.058740
0.804933,1.019188,0.059323,0.058947
1.007437,0.843775,0.060294,0.059323
0.796779,0.812158,0.060806,0.060294
0.791080,0.955889,0.061590,0.060806
0.997162,0.816851,0.063234,0.061590
0.812003,0.851580,0.064682,0.063234
0.974131,0.958589,0.065542,0.064682
0.879960,0.800235,0.065810,0.065542
0.981458,0.849939,0.065463,0.065810
0.874553,0.994722,0.064781,0.065463
0.965288,0.827133,0.064073,0.064781
0.865173,0.844195,0.063035,0.064073
0.810269,0.996034,0.062072,0.063035
1.007205,0.825893,0.060924,0.062072
0.800739,0.865317,0.059928,0.060924
0.802594,0.978004,0.058836,0.059928
0.990741,0.788380,0.057610,0.058836
0.754949,0.885082,0.057410,0.057610
0.765225,0.974117,0.058884,0.057410
0.978043,0.805559,0.061739,0.058884
0.787116,0.838256,0.063675,0.061739
0.938007,0.951597,0.064524,0.063675
0.844092,0.811706,0.064348,0.064524
0.950097,0.847242,0.063979,0.064348
0.847496,0.990284,0.063585,0.063979
0.947553,0.862490,0.062850,0.063585
0.855540,0.826873,0.062001,0.062850
0.802717,0.979562,0.060920,0.062001
1.002955,0.837280,0.060028,0.060920
0.804320,0.823396,0.059403,0.060028
0.800792,1.006372,0.058875,0.059403
0.999296,0.821938,0.058319,0.058875
0.799391,1.021437,0.058271,0.058319
0.998068,0.996735,0.055140,0.058271
1.041455,0.810417,0.007395,0.055140
0.894460,0.933306,0.059392,0.007395
1.162290,0.779281,0.109822,0.059392
0.843774,0.756327,0.125715,0.109822
0.756678,0.821218,0.129126,0.125715
0.815310,0.632162,0.124170,0.129126
0.593029,0.611622,0.116224,0.124170
0.640998,0.626946,0.106794,0.116224
0.611233,0.483037,0.096471,0.106794
0.451049,0.459140,0.089236,0.096471
0.443209,0.498825,0.083327,0.089236
0.482403,0.403909,0.077594,0.083327
0.361022,0.388917,0.073459,0.077594
0.338833,0.409799,0.070176,0.073459
0.390234,0.297372,0.067506,0.070176
0.292401,0.282902,0.065928,0.067506
0.275281,0.282776,0.064556,0.065928
0.314646,0.205381,0.065991,0.064556
0.235077,0.237815,0.067285,0.065991
0.213079,0.220870,0.067273,0.067285
0.233743,0.152143,0.066428,0.067273
0.169090,0.191054,0.062337,0.066428
0.176171,0.145723,0.055559,0.062337
0.161529,0.124710,0.047406,0.055559
0.106126,0.117168,0.041475,0.047406
0.106734,0.108973,0.035409,0.041475
0.088511,0.093120,0.030373,0.035409
0.067075,0.061917,0.026828,0.030373
0.073472,0.044972,0.023084,0.026828
0.055264,0.075253,0.020416,0.023084
0.043453,0.030538,0.018160,0.020416
0.042233,0.011425,0.016211,0.018160
0.030155,0.028740,0.014957,0.016211
0.027728,0.043935,0.013781,0.014957
0.000000,0.021883,0.015149,0.013781
0.000000,0.019552,0.014399,0.015149
0.000000,0.053562,0.012318,0.014399
0.000000,0.015571,0.012658,0.012318
0.017579,0.030070,0.012934,0.012658
0.019699,0.034748,0.012172,0.012934
0.022142,0.035492,0.015033,0.012172
0.000000,0.000000,0.000000,0.000000
0.000000,0.036714,2.029412,0.000000
0.000000,0.040602,2.027960,2.029412
0.021146,0.037674,2.029506,2.027960
0.036545,0.004048,2.032093,2.029506
0.028388,0.067397,2.020767,2.032093
0.022839,0.050525,2.003165,2.020767
0.000000,0.011825,1.956554,2.003165
0.000000,0.017284,1.962487,1.956554
0.000000,0.031044,1.964980,1.962487
0.000000,0.023499,1.965866,1.964980
0.000000,0.015612,1.963779,1.965866
0.000000,0.022725,1.960861,1.963779
0.025824,0.038729,1.958751,1.960861
0.039308,0.032609,1.959417,1.958751
0.030321,0.039220,1.959270,1.959417
0.043571,0.025696,1.958457,1.959270
0.048538,0.019099,1.957844,1.958457
0.043346,0.043013,1.957372,1.957844
0.057015,0.019111,1.957565,1.957372
0.098635,0.015955,1.959185,1.957565
0.182978,0.017752,1.961444,1.959185
0.152607,0.045464,1.965510,1.961444
0.097679,0.033104,1.967766,1.965510
0.053341,0.012816,1.964180,1.967766
0.044559,0.032969,1.959255,1.964180
0.121473,0.015334,1.938261,1.959255
0.219965,0.106293,1.900517,1.938261
0.163289,0.134645,1.844822,1.900517
0.028441,0.238993,1.768662,1.844822
0.215178,0.304666,1.647416,1.768662
0.346208,0.389319,1.542950,1.647416
0.450201,0.582558,1.452691,1.542950
0.446984,0.569083,1.363743,1.452691
0.476157,0.624753,1.288236,1.363743
0.463261,0.786228,1.187693,1.288236
0.639496,0.707785,1.036514,1.187693
0.719110,0.790559,0.888861,1.036514
0.581255,0.942139,0.734308,0.888861
1.046582,0.790270,0.571404,0.734308
0.939353,0.784825,0.453308,0.571404
0.908184,0.980743,0.352065,0.453308
1.046528,0.832300,0.259721,0.352065
0.786238,0.809640,0.203364,0.259721
0.743491,0.913992,0.161173,0.203364
0.887287,0.949640,0.125295,0.161173
0.850187,0.935884,0.099247,0.125295
0.848705,0.760871,0.085541,0.099247
0.678488,0.802470,0.083115,0.085541
0.684634,0.959047,0.084709,0.083115
0.887457,0.823822,0.084930,0.084709
0.756179,0.854531,0.081124,0.084930
0.941730,0.954186,0.074518,0.081124
1.015838,0.812011,0.068541,0.074518
0.816950,0.833896,0.067904,0.068541
0.855579,0.968459,0.075100,0.067904
0.979377,0.827711,0.089780,0.075100
0.772428,0.847030,0.100584,0.089780
0.780344,0.977270,0.102309,0.100584
0.989365,0.829358,0.087865,0.102309
0.796232,0.850358,0.069937,0.087865
0.816056,0.985382,0.061450,0.069937
1.025929,0.827472,0.062827,0.061450
0.820834,0.819530,0.062012,0.062827
0.814643,0.972303,0.058353,0.062012
1.011006,0.842851,0.055842,0.058353
0.798314,0.853695,0.056891,0.055842
0.930448,0.977756,0.059533,0.056891
0.988880,0.798990,0.061589,0.059533
0.791749,0.818153,0.062039,0.061589
0.843731,0.952404,0.061915,0.062039
0.984435,0.792789,0.061632,0.061915
0.789341,0.871270,0.061661,0.061632
0.783687,1.002298,0.062111,0.061661
0.980750,0.789232,0.062650,0.062111
0.778940,0.832172,0.062814,0.062650
0.782211,1.002042,0.063143,0.062814
0.981806,0.845581,0.063892,0.063143
0.785095,0.831427,0.064390,0.063892
0.788245,1.000405,0.065072,0.064390
0.993302,0.827408,0.067036,0.065072
0.795148,0.829256,0.069214,0.067036
0.936315,0.979080,0.068816,0.069214
0.983196,0.854327,0.064217,0.068816
0.785169,0.828530,0.061070,0.064217
0.830175,0.967198,0.059882,0.061070
0.982858,0.826723,0.059543,0.059882
0.783318,0.852777,0.059095,0.059543
0.789473,0.979968,0.058838,0.059095
0.989662,0.818811,0.059090,0.058838
0.793579,0.838043,0.059696,0.059090
0.794588,0.993646,0.060051,0.059696
0.990218,0.812101,0.059869,0.060051
0.797539,0.835827,0.059590,0.059869
0.799518,1.011177,0.059667,0.059590
0.992561,0.795339,0.059858,0.059667
0.786748,0.841906,0.060144,0.059858
0.940133,0.961657,0.060724,0.060144
0.992331,0.820980,0.061456,0.060724
0.796010,0.839692,0.061740,0.061456
0.845745,0.970214,0.061722,0.061740
0.994988,0.827597,0.061553,0.061722
0.794292,0.812073,0.061373,0.061553
0.789690,0.978442,0.061663,0.061373
0.984690,0.795353,0.062210,0.061663
0.794079,0.843832,0.062762,0.062210
0.794736,0.946677,0.063180,0.062762
1.014739,0.825427,0.063740,0.063180
0.803276,1.026902,0.063919,0.063740
0.990645,1.003727,0.063274,0.063919
1.020665,0.815099,0.062571,0.063274
0.818903,0.959737,0.061930,0.062571
1.018558,0.804836,0.061473,0.061930
0.809662,0.838905,0.061675,0.061473
0.951330,1.019407,0.062197,0.061675
0.858282,0.853502,0.062524,0.062197
0.977421,0.822523,0.062234,0.062524
0.882510,0.994676,0.061499,0.062234
0.994280,0.810470,0.060487,0.061499
0.883685,0.833014,0.059696,0.060487
0.823167,0.993390,0.059299,0.059696
1.012646,0.823515,0.059917,0.059299
0.802478,0.809849,0.061213,0.059917
0.796243,0.981168,0.062316,0.061213
0.986539,0.817863,0.063694,0.062316
0.786087,0.805006,0.065028,0.063694
0.786308,1.007900,0.065836,0.065028
0.989257,0.827138,0.066277,0.065836
0.758998,0.828192,0.065966,0.066277
0.897751,0.974793,0.065736,0.065966
0.828626,0.806970,0.065756,0.065736
0.943765,0.848903,0.065695,0.065756
0.847730,0.998441,0.065170,0.065695
0.954606,0.842924,0.064126,0.065170
0.855466,0.827741,0.062424,0.064126
0.805730,0.962020,0.060522,0.062424
1.007624,0.776116,0.058801,0.060522
0.807887,0.866796,0.058369,0.058801
0.805056,0.991288,0.058666,0.058369
1.001006,0.845887,0.059541,0.058666
0.799242,0.830153,0.060287,0.059541
0.796821,0.999297,0.060954,0.060287
0.998597,0.816420,0.061398,0.060954
0.801165,0.843729,0.061555,0.061398
0.941850,1.001022,0.061018,0.061555
0.852564,0.815716,0.034866,0.061018
1.022447,0.832002,0.022908,0.034866
0.993251,0.942849,0.086102,0.022908
1.057997,0.751346,0.121976,0.086102
0.850072,0.867590,0.131479,0.121976
0.863998,0.752530,0.130331,0.131479
0.727806,0.618808,0.122024,0.130331
0.585942,0.670043,0.112053,0.122024
0.615915,0.474914,0.099645,0.112053
0.454597,0.446093,0.090256,0.099645
0.421033,0.534053,0.082160,0.090256
0.485502,0.414930,0.074624,0.082160
0.365014,0.387941,0.070011,0.074624
0.349189,0.378072,0.067014,0.070011
0.406742,0.316273,0.065218,0.067014
0.304496,0.341257,0.064335,0.065218
0.350428,0.326049,0.063564,0.064335
0.322501,0.277236,0.065147,0.063564
0.239036,0.232641,0.067110,0.065147
0.265069,0.198848,0.068010,0.067110
0.189268,0.188395,0.067004,0.068010
0.188108,0.190460,0.063720,0.067004
0.144771,0.129781,0.057813,0.063720
0.142876,0.109796,0.050805,0.057813
0.104865,0.140859,0.043989,0.050805
0.106513,0.063694,0.036764,0.043989
0.074393,0.084336,0.031648,0.036764
0.056305,0.093613,0.027276,0.031648
0.061123,0.032159,0.023112,0.027276
0.044202,0.033947,0.020482,0.023112
0.035890,0.072275,0.018524,0.020482
0.039517,0.063547,0.017076,0.018524
0.027726,0.012650,0.016386,0.017076
0.021259,0.010560,0.015920,0.016386
0.020158,0.021282,0.015470,0.015920
0.000000,0.037040,0.016164,0.015470
0.000000,0.017610,0.015906,0.016164
0.000000,0.038433,0.016206,0.015906
0.022984,0.043152,0.017387,0.016206
0.022264,0.026221,0.017260,0.017387
0.000000,0.000000,0.000000,0.000000
0.000000,0.038718,2.020825,0.000000
0.023259,0.061711,1.982945,2.020825
0.033626,0.032765,1.976557,1.982945
0.027455,0.035574,1.991246,1.976557
0.000000,0.028262,2.009521,1.991246
0.000000,0.028962,2.022532,2.009521
0.019638,0.024068,2.034877,2.022532
0.022190,0.011800,2.032208,2.034877
0.000000,0.038885,2.027581,2.032208
0.000000,0.011942,2.023802,2.027581
0.000000,0.043835,2.020582,2.023802
0.000000,0.041367,2.017536,2.020582
0.000000,0.049319,2.015763,2.017536
0.000000,0.031462,2.015227,2.015763
0.000000,0.013103,2.015355,2.015227
0.037653,0.037965,2.006492,2.015355
0.053986,0.027249,2.004883,2.006492
0.059780,0.016059,2.001258,2.004883
0.072286,0.019162,1.998608,2.001258
0.084809,0.043346,2.000180,1.998608
0.065112,0.024183,2.004721,2.000180
0.069955,0.034483,2.010468,2.004721
0.093053,0.029960,2.015714,2.010468
0.076984,0.026105,2.017671,2.015714
0.084347,0.070738,2.018262,2.017671
0.109806,0.023967,2.017463,2.018262
0.100218,0.010212,2.016078,2.017463
0.089410,0.034537,2.016429,2.016078
0.062063,0.045037,2.017030,2.016429
0.067225,0.036222,2.016406,2.017030
0.060678,0.045845,2.013989,2.016406
0.062955,0.048349,2.011157,2.013989
0.020833,0.036209,2.007957,2.011157
0.031755,0.019163,2.006906,2.007957
0.049985,0.045041,2.005971,2.006906
0.068016,0.008166,2.002868,2.005971
0.182581,0.058399,1.969353,2.002868
0.185080,0.087698,1.921279,1.969353
0.090073,0.163189,1.854873,1.921279
0.099327,0.297414,1.756149,1.854873
0.312014,0.341994,1.627179,1.756149
0.327335,0.396692,1.534621,1.627179
0.357031,0.627323,1.457554,1.534621
0.613815,0.536023,1.375988,1.457554
0.433464,0.657744,1.293319,1.375988
0.505484,0.846353,1.178718,1.293319
0.750897,0.767248,1.013288,1.178718
0.525288,0.803573,0.859438,1.013288
0.444695,0.964054,0.707032,0.859438
0.951152,0.838945,0.549996,0.707032
0.924074,0.830798,0.436643,0.549996
1.072761,0.937352,0.339310,0.436643
1.069680,0.779848,0.250374,0.339310
0.774931,0.809614,0.194085,0.250374
0.776877,0.925786,0.153364,0.194085
0.850809,0.774219,0.122349,0.153364
0.667280,0.783621,0.105198,0.122349
0.659415,0.928208,0.093830,0.105198
0.827695,0.801659,0.086732,0.093830
0.674713,0.824578,0.084685,0.086732
0.683344,0.963554,0.083193,0.084685
0.934510,0.985363,0.080357,0.083193
0.973164,1.002497,0.076515,0.080357
0.998708,0.793600,0.073467,0.076515
0.792181,0.968197,0.074985,0.073467
0.985803,0.989925,0.084030,0.074985
0.981159,0.837257,0.093690,0.084030
0.787468,0.990951,0.095244,0.093690
1.003610,0.807944,0.083756,0.095244
0.796579,0.862988,0.067834,0.083756
0.790221,0.960365,0.059719,0.067834
0.982190,0.824891,0.062469,0.059719
0.797344,0.857719,0.063903,0.062469
0.949212,0.983475,0.061690,0.063903
0.987850,0.830533,0.058627,0.061690
0.784447,0.815705,0.058636,0.058627
0.835090,0.982122,0.060374,0.058636
0.986924,0.828081,0.061708,0.060374
0.791328,0.827400,0.061418,0.061708
0.788591,0.975262,0.060338,0.061418
0.981674,0.824112,0.059183,0.060338
0.785756,0.849801,0.058957,0.059183
0.778121,0.994425,0.059463,0.058957
0.971609,0.857112,0.060776,0.059463
0.771522,0.813966,0.062128,0.060776
0.775142,0.964459,0.063167,0.062128
0.975984,0.790222,0.063849,0.063167
0.783666,0.857293,0.064809,0.063849
0.933137,0.982016,0.066502,0.064809
0.994173,0.800410,0.069485,0.066502
0.793222,0.861805,0.072793,0.069485
0.836348,1.002017,0.074015,0.072793
0.979225,0.784499,0.068764,0.074015
0.779828,0.837119,0.062198,0.068764
0.781598,0.978098,0.060083,0.062198
0.966914,0.816209,0.061470,0.060083
0.780549,0.817712,0.062330,0.061470
0.784971,0.974624,0.062456,0.062330
0.988002,0.817919,0.062423,0.062456
0.793058,0.858305,0.062456,0.062423
0.797063,0.972117,0.062375,0.062456
0.997777,0.834067,0.061968,0.062375
0.798221,0.845179,0.061078,0.061968
0.942168,0.965221,0.059992,0.061078
0.991493,0.821724,0.059084,0.059992
0.799453,0.995184,0.058805,0.059084
0.994786,0.964269,0.058816,0.058805
0.990767,0.868112,0.059252,0.058816
0.843463,0.985894,0.060306,0.059252
0.933839,0.813026,0.061572,0.060306
0.839879,0.826244,0.062391,0.061572
0.789887,0.979335,0.063188,0.062391
0.982803,0.822724,0.063805,0.063188
0.795035,0.826650,0.064136,0.063805
0.799691,0.952537,0.064263,0.064136
0.995965,0.828983,0.064153,0.064263
0.801986,0.845412,0.063860,0.064153
0.797452,0.994140,0.063201,0.063860
1.001677,0.808037,0.061895,0.063201
0.808874,0.855633,0.060655,0.061895
0.957826,0.983678,0.059631,0.060655
0.857398,0.814342,0.058957,0.059631
0.962636,0.857980,0.058773,0.058957
0.856476,0.962014,0.058840,0.058773
0.945167,0.812647,0.059284,0.058840
0.844630,0.843797,0.060274,0.059284
0.805858,0.970312,0.061202,0.060274
1.025161,0.815192,0.062073,0.061202
0.819387,0.814387,0.062515,0.062073
0.817210,1.009954,0.062722,0.062515
1.014583,0.834786,0.062700,0.062722
0.808464,0.849255,0.062329,0.062700
0.801280,0.975393,0.061924,0.062329
0.993126,0.806827,0.061940,0.061924
0.791600,0.841122,0.062260,0.061940
0.936064,0.973050,0.062652,0.062260
0.839739,0.822358,0.063091,0.062652
0.921079,0.848435,0.063435,0.063091
0.794166,0.944747,0.063392,0.063435
0.910072,0.824257,0.063670,0.063392
0.834355,0.862444,0.063790,0.063670
0.793300,0.976422,0.064049,0.063790
0.997013,0.840035,0.064342,0.064049
0.797727,0.840150,0.064082,0.064342
0.800568,0.990767,0.063417,0.064082
1.000852,0.836630,0.062537,0.063417
0.802428,0.847613,0.061931,0.062537
0.802045,0.993920,0.061536,0.061931
1.001135,0.834877,0.060998,0.061536
0.800578,0.845979,0.060362,0.060998
0.952957,0.979569,0.059571,0.060362
0.851939,0.820097,0.058282,0.059571
0.949493,0.995954,0.057291,0.058282
0.995905,0.983888,0.056957,0.057291
0.848370,0.871540,0.041956,0.056957
0.984665,0.952410,0.009714,0.041956
1.133228,0.800569,0.082302,0.009714
0.897586,0.795653,0.114524,0.082302
0.874346,0.837794,0.127679,0.114524
0.890240,0.643890,0.129596,0.127679
0.633972,0.652201,0.124926,0.129596
0.577504,0.682110,0.116843,0.124926
0.643587,0.518999,0.105944,0.116843
0.472983,0.484530,0.097269,0.105944
0.440329,0.557292,0.089676,0.097269
0.507686,0.385622,0.082945,0.089676
0.386023,0.382852,0.078872,0.082945
0.363301,0.422328,0.075974,0.078872
0.419750,0.317912,0.073970,0.075974
0.315080,0.268877,0.072794,0.073970
0.343721,0.326033,0.071701,0.072794
0.323610,0.263523,0.070633,0.071701
0.237636,0.231388,0.070252,0.070633
0.229674,0.251764,0.069806,0.070252
0.240952,0.194352,0.067900,0.069806
0.166908,0.192179,0.063994,0.067900
0.144369,0.162631,0.059236,0.063994
0.151195,0.125421,0.053419,0.059236
0.105482,0.122081,0.047849,0.053419
0.086748,0.116708,0.043052,0.047849
0.088986,0.068550,0.038480,0.043052
0.071760,0.074025,0.035859,0.038480
0.065409,0.054812,0.033660,0.035859
0.075236,0.057551,0.031826,0.033660
0.056414,0.074241,0.030739,0.031826
0.051349,0.057418,0.029686,0.030739
0.039433,0.026453,0.028452,0.029686
0.027764,0.018922,0.027445,0.028452
0.025978,0.065982,0.026588,0.027445
0.025234,0.030860,0.025908,0.026588
0.000000,0.028750,0.026548,0.025908
0.000000,0.018166,0.026012,0.026548
0.024909,0.019738,0.025798,0.026012
0.021450,0.013913,0.025975,0.025798
0.018119,0.009611,0.027056,0.025975
0.000000,0.030180,0.028305,0.027056
0.000000,0.000000,0.000000,0.000000
0.000000,0.022105,2.026028,0.000000
0.022431,0.040948,2.013464,2.026028
0.030613,0.073353,2.011566,2.013464
0.026205,0.009322,2.024226,2.011566
0.016277,0.026179,2.029387,2.024226
0.000000,0.042861,2.017375,2.029387
0.000000,0.011686,2.017783,2.017375
0.000000,0.046100,2.018418,2.017783
0.000000,0.036669,2.018187,2.018418
0.000000,0.021225,2.017297,2.018187
0.000000,0.018888,2.016112,2.017297
0.000000,0.030118,2.013978,2.016112
0.049100,0.046817,2.004318,2.013978
0.062567,0.032877,2.004419,2.004318
0.085187,0.020006,2.005728,2.004419
0.046965,0.031790,2.008270,2.005728
0.029611,0.035408,2.012402,2.008270
0.033199,0.034856,2.016510,2.012402
0.031383,0.025771,2.018091,2.016510
0.048888,0.031300,2.017992,2.018091
0.068349,0.019655,2.017257,2.017992
0.066284,0.034852,2.016691,2.017257
0.076863,0.047786,2.016047,2.016691
0.085344,0.042117,2.015317,2.016047
0.063122,0.015952,2.014675,2.015317
0.056303,0.018428,2.014022,2.014675
0.067844,0.029193,2.013348,2.014022
0.058910,0.036741,2.012335,2.013348
0.160597,0.026343,1.993826,2.012335
0.160445,0.039920,1.966482,1.993826
0.163493,0.133766,1.912626,1.966482
0.032795,0.199707,1.823936,1.912626
0.133960,0.315311,1.716170,1.823936
0.421585,0.394713,1.585723,1.716170
0.401920,0.443006,1.501500,1.585723
0.380486,0.642892,1.434679,1.501500
0.579815,0.590511,1.357692,1.434679
0.415047,0.689371,1.267220,1.357692
0.555738,0.894128,1.141134,1.267220
0.815727,0.758230,0.962013,1.141134
0.423599,0.937227,0.803068,0.962013
1.026660,0.958422,0.627194,0.803068
1.205732,0.800393,0.480374,0.627194
0.982842,0.972753,0.376068,0.480374
1.047695,0.796073,0.278390,0.376068
0.881481,0.819446,0.215024,0.278390
0.761387,0.917290,0.167633,0.215024
0.868778,0.769839,0.132547,0.167633
0.665542,0.786606,0.113025,0.132547
0.652911,0.915135,0.099042,0.113025
0.814684,0.789418,0.090343,0.099042
0.661944,0.816765,0.088521,0.090343
0.669370,0.953870,0.088749,0.088521
0.878832,1.000068,0.087147,0.088749
0.966937,0.975500,0.080497,0.087147
1.012805,0.821450,0.073094,0.080497
0.823434,1.049881,0.070051,0.073094
1.023084,0.984938,0.075361,0.070051
0.996592,0.813890,0.085867,0.075361
0.795969,0.979922,0.091661,0.085867
1.010780,0.813555,0.085974,0.091661
0.803915,0.834286,0.070928,0.085974
0.952682,0.972419,0.057528,0.070928
1.001625,0.802840,0.056295,0.057528
0.802810,0.854453,0.058675,0.056295
0.850087,0.997595,0.058606,0.058675
0.987952,0.845671,0.057634,0.058606
0.794284,0.831922,0.058425,0.057634
0.791067,0.935302,0.060358,0.058425
0.976318,0.825891,0.062761,0.060358
0.794496,0.826724,0.063882,0.062761
0.790036,0.963253,0.064212,0.063882
0.991417,0.838323,0.063795,0.064212
0.781473,0.833543,0.063466,0.063795
0.783921,0.983489,0.063102,0.063466
0.981453,0.798462,0.063440,0.063102
0.781606,0.838297,0.063875,0.063440
0.931075,0.997641,0.064188,0.063875
0.976435,0.813169,0.064101,0.064188
0.784539,0.874157,0.064014,0.064101
0.838496,0.996398,0.063813,0.064014
0.991280,1.016397,0.064089,0.063813
0.996082,0.983927,0.065647,0.064089
0.937517,0.794959,0.066377,0.065647
0.829938,0.849418,0.062794,0.066377
0.787510,0.992497,0.058379,0.062794
0.989124,0.784841,0.059228,0.058379
0.792555,0.830498,0.061558,0.059228
0.790468,1.002442,0.062546,0.061558
0.988944,0.824678,0.062720,0.062546
0.793033,0.836764,0.062434,0.062720
0.788267,0.980490,0.062670,0.062434
0.989318,0.826584,0.062550,0.062670
0.796828,0.826898,0.062032,0.062550
0.794218,0.982516,0.060868,0.062032
0.995665,0.849794,0.060041,0.060868
0.791355,0.811495,0.059453,0.060041
0.940752,0.979733,0.059056,0.059453
0.992506,0.815950,0.058796,0.059056
0.789492,0.840333,0.058813,0.058796
0.840160,0.963840,0.058896,0.058813
0.994942,0.820629,0.059670,0.058896
0.795019,0.819942,0.060708,0.059670
0.795994,0.977116,0.061945,0.060708
0.995745,0.803141,0.062938,0.061945
0.799597,0.859342,0.063471,0.062938
0.803894,0.988399,0.063985,0.063471
1.008111,0.824601,0.064362,0.063985
0.811431,0.803786,0.064263,0.064362
0.802106,0.997609,0.062864,0.064263
0.993624,0.830901,0.061046,0.062864
0.809538,0.844619,0.060298,0.061046
0.972069,0.988900,0.060257,0.060298
1.024134,0.822287,0.060802,0.060257
0.820523,0.849795,0.061784,0.060802
0.866402,0.950383,0.062405,0.061784
1.004374,0.843225,0.062434,0.062405
0.799649,0.834565,0.061980,0.062434
0.801054,0.955289,0.061594,0.061980
1.019218,0.795577,0.061013,0.061594
0.823302,0.808094,0.060570,0.061013
0.824589,0.980674,0.060300,0.060570
1.019312,1.024388,0.060331,0.060300
1.009138,0.984141,0.060640,0.060331
1.001657,0.844148,0.060806,0.060640
0.796266,0.846880,0.061371,0.060806
0.789225,0.964967,0.062000,0.061371
0.985790,0.816553,0.062912,0.062000
0.787037,0.823693,0.063666,0.062912
0.930130,1.000535,0.064342,0.063666
0.794712,0.813705,0.065262,0.064342
0.909029,0.828357,0.066638,0.065262
0.832635,1.011226,0.067975,0.066638
0.944150,0.991707,0.067728,0.067975
0.996895,0.987660,0.064654,0.067728
0.999079,0.835430,0.061651,0.064654
0.799830,0.840237,0.060288,0.061651
0.850719,0.988725,0.059490,0.060288
1.000582,0.811764,0.059019,0.059490
0.801083,0.850996,0.058979,0.059019
0.796324,0.956004,0.058942,0.058979
1.000727,0.792954,0.058931,0.058942
0.798790,0.867765,0.059163,0.058931
0.796368,0.955850,0.059505,0.059163
0.991430,0.823955,0.059935,0.059505
0.795164,0.851287,0.060480,0.059935
0.794041,0.996502,0.050509,0.060480
1.044330,0.801910,0.008504,0.050509
0.906296,0.795262,0.071234,0.008504
1.079984,0.946577,0.108909,0.071234
1.021490,0.729760,0.125090,0.108909
0.730847,0.703111,0.126619,0.125090
0.684687,0.758857,0.122138,0.126619
0.715350,0.552868,0.113331,0.122138
0.525177,0.550182,0.104873,0.113331
0.485107,0.561289,0.096139,0.104873
0.551724,0.433913,0.086974,0.096139
0.412155,0.421898,0.080862,0.086974
0.389955,0.447064,0.076095,0.080862
0.451121,0.345484,0.072713,0.076095
0.341728,0.351318,0.071357,0.072713
0.319621,0.400168,0.070786,0.071357
0.366419,0.254002,0.070570,0.070786
0.275459,0.264416,0.070732,0.070570
0.298167,0.275258,0.072460,0.070732
0.282348,0.216525,0.072626,0.072460
0.200754,0.178459,0.071086,0.072626
0.181762,0.185398,0.068886,0.071086
0.179576,0.123069,0.061919,0.068886
0.119823,0.151638,0.054265,0.061919
0.109209,0.162510,0.046679,0.054265
0.124702,0.101697,0.040932,0.046679
0.090468,0.067805,0.036855,0.040932
0.082203,0.107650,0.034404,0.036855
0.095100,0.070712,0.032647,0.034404
0.070509,0.066668,0.031668,0.032647
0.062723,0.074615,0.030757,0.031668
0.069949,0.019168,0.029653,0.030757
0.051351,0.024292,0.028712,0.029653
0.055670,0.014125,0.027579,0.028712
0.000000,0.033514,0.026725,0.027579
0.000000,0.012182,0.027059,0.026725
0.021743,0.045979,0.027060,0.027059
0.031490,0.013039,0.025059,0.027060
0.032076,0.037124,0.026119,0.025059
0.037341,0.054611,0.029963,0.026119
