0.000000,0.000000,0.000000,0.000000
0.000000,0.033317,2.029501,0.000000
0.000000,0.013775,2.024852,2.029501
0.016771,0.054035,2.004756,2.024852
0.023139,0.043341,1.991747,2.004756
0.029801,0.050092,1.992013,1.991747
0.000000,0.033344,2.004011,1.992013
0.000000,0.022000,2.015003,2.004011
0.000000,0.039670,2.021358,2.015003
0.021718,0.047924,2.017422,2.021358
0.000000,0.040866,2.014452,2.017422
0.000000,0.017246,2.012127,2.014452
0.000000,0.023132,2.010953,2.012127
0.000000,0.047017,2.010505,2.010953
0.022270,0.052015,2.009402,2.010505
0.016951,0.022995,2.007733,2.009402
0.000000,0.021705,2.006012,2.007733
0.000000,0.017083,2.003515,2.006012
0.000000,0.048558,2.001325,2.003515
0.048690,0.052738,1.991940,2.001325
0.038990,0.040440,1.990787,1.991940
0.049039,0.026174,1.994110,1.990787
0.046506,0.021089,1.998655,1.994110
0.065713,0.033077,2.001355,1.998655
0.077740,0.057776,2.001306,2.001355
0.067853,0.020340,2.000360,2.001306
0.081421,0.048095,1.999988,2.000360
0.099759,0.011359,2.001419,1.999988
0.101535,0.054335,2.004437,2.001419
0.091681,0.043258,2.007174,2.004437
0.071233,0.058147,2.008248,2.007174
0.070748,0.053673,2.008878,2.008248
0.082870,0.031184,2.008561,2.008878
0.062503,0.038570,2.007624,2.008561
0.053909,0.042707,2.005479,2.007624
0.068718,0.044229,2.002444,2.005479
0.066152,0.060218,2.000501,2.002444
0.054705,0.069340,1.999456,2.000501
0.057651,0.009904,1.999521,1.999456
0.036375,0.015228,1.997858,1.999521
0.171911,0.048205,1.962852,1.997858
0.163090,0.062659,1.925899,1.962852
0.119618,0.162175,1.870959,1.925899
0.064482,0.214011,1.774557,1.870959
0.169420,0.334142,1.677260,1.774557
0.301376,0.474630,1.581995,1.677260
0.514602,0.491911,1.487247,1.581995
0.474410,0.574240,1.411742,1.487247
0.511940,0.707466,1.326381,1.411742
0.624118,0.642855,1.194687,1.326381
0.531439,0.743803,1.059022,1.194687
0.611396,0.953828,0.904112,1.059022
0.679419,0.783307,0.720514,0.904112
0.858475,0.824234,0.583473,0.720514
1.143454,0.955527,0.461469,0.583473
0.983335,0.771422,0.345428,0.461469
1.026445,0.847691,0.268358,0.345428
0.857747,0.957772,0.205718,0.268358
0.905123,0.756277,0.153057,0.205718
0.768009,0.969464,0.123512,0.153057
0.867202,0.921014,0.099604,0.123512
0.815442,0.817117,0.086988,0.099604
0.726820,0.916940,0.083444,0.086988
0.866479,0.787169,0.083854,0.083444
0.709121,0.809368,0.084325,0.083854
0.730787,0.994896,0.082271,0.084325
0.977559,0.811777,0.077187,0.082271
0.806045,0.817618,0.073349,0.077187
0.819268,0.953186,0.071632,0.073349
1.002465,0.795256,0.077792,0.071632
0.780195,0.824054,0.087883,0.077792
0.791902,1.013092,0.096388,0.087883
0.994073,0.853808,0.095341,0.096388
0.800928,0.924698,0.083038,0.095341
0.957900,1.031361,0.067444,0.083038
1.009197,0.921730,0.061208,0.067444
0.814196,0.913596,0.061965,0.061208
0.872334,1.116350,0.059444,0.061965
1.022034,0.917166,0.053162,0.059444
0.809246,0.966186,0.049377,0.053162
0.809570,1.098698,0.049054,0.049377
1.003899,0.897955,0.051102,0.049054
0.790497,0.901090,0.052078,0.051102
0.791556,1.031592,0.052045,0.052078
0.978337,0.861165,0.051338,0.052045
0.771932,0.898555,0.051124,0.051338
0.766059,1.036601,0.052132,0.051124
0.934417,0.894510,0.055551,0.052132
0.740309,0.878275,0.060147,0.055551
0.873636,1.031039,0.066578,0.060147
0.912745,0.814848,0.076495,0.066578
0.731036,0.870640,0.086896,0.076495
0.779295,1.008093,0.100583,0.086896
0.905504,1.020349,0.122346,0.100583
0.910074,0.985173,0.153066,0.122346
0.874798,0.816031,0.184279,0.153066
0.772050,0.843410,0.202040,0.184279
0.734251,0.994104,0.206196,0.202040
0.909638,0.842430,0.190233,0.206196
0.711268,0.834741,0.160475,0.190233
0.705095,0.959191,0.117940,0.160475
0.886219,0.869233,0.068230,0.117940
0.690127,0.855110,0.052978,0.068230
0.688129,0.980401,0.063179,0.052978
0.872115,0.803802,0.068533,0.063179
0.698599,0.851337,0.061182,0.068533
0.846534,0.998393,0.054321,0.061182
0.761774,0.822658,0.057348,0.054321
0.844061,0.830248,0.063963,0.057348
0.756144,0.995144,0.068887,0.063963
0.850091,0.827882,0.070186,0.068887
0.762128,0.844006,0.068938,0.070186
0.727083,0.962820,0.067469,0.068938
0.901284,0.791658,0.067273,0.067469
0.722122,0.852189,0.068956,0.067273
0.729531,0.980073,0.073202,0.068956
0.911780,0.862642,0.082477,0.073202
0.733201,0.850318,0.094059,0.082477
0.744348,0.983182,0.110489,0.094059
0.944083,0.839591,0.137390,0.110489
0.777012,0.976834,0.162106,0.137390
0.963877,0.981285,0.183931,0.162106
0.934207,0.869529,0.186781,0.183931
0.742539,0.963760,0.171117,0.186781
0.937759,0.812704,0.133064,0.171117
0.741149,0.847285,0.091220,0.133064
0.850993,0.981954,0.056729,0.091220
0.883717,0.826930,0.054052,0.056729
0.734685,0.996798,0.062663,0.054052
0.921095,0.987673,0.059370,0.062663
0.916071,0.841155,0.051207,0.059370
0.774442,0.955589,0.053736,0.051207
0.843838,0.812301,0.063326,0.053736
0.750047,0.851581,0.069215,0.063326
0.716783,0.975815,0.070995,0.069215
0.902490,0.820459,0.069457,0.070995
0.737670,0.879505,0.067721,0.069457
0.740713,0.991171,0.066867,0.067721
0.929093,0.841232,0.068023,0.066867
0.748300,0.880722,0.071293,0.068023
0.747636,0.969929,0.077289,0.071293
0.934465,0.817288,0.088503,0.077289
0.744396,0.868492,0.102112,0.088503
0.875173,0.957420,0.121655,0.102112
0.780563,0.810883,0.151463,0.121655
0.850410,0.849943,0.174949,0.151463
0.755931,1.028727,0.189398,0.174949
0.842028,0.819124,0.187414,0.189398
0.757658,0.831832,0.168311,0.187414
0.713769,0.983983,0.133829,0.168311
0.851947,0.811808,0.083143,0.133829
0.678854,0.828299,0.053798,0.083143
0.676322,0.995218,0.055809,0.053798
0.842149,0.815751,0.066411,0.055809
0.688833,0.830928,0.063750,0.066411
0.705733,0.949258,0.055612,0.063750
0.902056,0.821170,0.054814,0.055612
0.728815,0.843740,0.062216,0.054814
0.875314,0.968015,0.067680,0.062216
0.794245,0.832007,0.054811,0.067680
0.954457,0.842829,0.084091,0.054811
0.914313,0.938976,0.125432,0.084091
0.937469,0.737057,0.146673,0.125432
0.729234,0.671761,0.151411,0.146673
0.602701,0.747926,0.149808,0.151411
0.648909,0.567459,0.144423,0.149808
0.462645,0.521077,0.139828,0.144423
0.416121,0.572145,0.136764,0.139828
0.464193,0.435121,0.136622,0.136764
0.345820,0.388075,0.139502,0.136622
0.320492,0.421624,0.144989,0.139502
0.362044,0.300127,0.154168,0.144989
0.270072,0.271998,0.163983,0.154168
0.295100,0.335908,0.176381,0.163983
0.238583,0.225377,0.194434,0.176381
0.243680,0.214972,0.211151,0.194434
0.200445,0.232762,0.223206,0.211151
0.206127,0.158414,0.223618,0.223206
0.165540,0.156621,0.213078,0.223618
0.144509,0.143700,0.196485,0.213078
0.158848,0.117780,0.177938,0.196485
0.116577,0.110929,0.167651,0.177938
0.111466,0.106341,0.162956,0.167651
0.123403,0.072383,0.163841,0.162956
0.092953,0.067833,0.167416,0.163841
0.092667,0.061273,0.171432,0.167416
0.115467,0.045182,0.174898,0.171432
0.089430,0.033365,0.176252,0.174898
0.102224,0.087959,0.176231,0.176252
0.084774,0.038428,0.175156,0.176231
0.083251,0.066666,0.173983,0.175156
0.062962,0.049384,0.173022,0.173983
0.059036,0.022342,0.172330,0.173022
0.045677,0.036253,0.172123,0.172330
0.037378,0.023956,0.172140,0.172123
0.038536,0.011860,0.172099,0.172140
0.031577,0.022356,0.172112,0.172099
0.028346,0.027689,0.172183,0.172112
0.034059,0.017270,0.172431,0.172183
0.027576,0.079229,0.172745,0.172431
0.028571,0.018414,0.173088,0.172745
0.031522,0.018387,0.173325,0.173088
0.029588,0.024500,0.173165,0.173325
0.025576,0.005612,0.172994,0.173165
0.029646,0.004923,0.172977,0.172994
0.000000,0.017629,0.172809,0.172977
0.000000,0.037758,0.172940,0.172809
0.000000,0.002980,0.173125,0.172940
0.000000,0.000000,0.000000,0.000000
0.000000,0.015820,2.027085,0.000000
0.000000,0.010344,2.022516,2.027085
0.020623,0.038787,2.016538,2.022516
0.033662,0.047726,2.020877,2.016538
0.025932,0.029655,2.023663,2.020877
0.000000,0.078496,2.026807,2.023663
0.000000,0.032790,2.014326,2.026807
0.000000,0.037652,2.013853,2.014326
0.000000,0.035162,2.012971,2.013853
0.000000,0.033220,2.011924,2.012971
0.000000,0.024305,2.010631,2.011924
0.000000,0.036000,2.009180,2.010631
0.000000,0.028911,2.007285,2.009180
0.033868,0.032406,1.992208,2.007285
0.032892,0.033793,1.992517,1.992208
0.045141,0.008047,1.993518,1.992517
0.047077,0.025377,1.994663,1.993518
0.040794,0.064799,1.997068,1.994663
0.029165,0.006522,2.001552,1.997068
0.047293,0.028189,2.004985,2.001552
0.063714,0.046253,2.006681,2.004985
0.063413,0.020574,2.007274,2.006681
0.068785,0.011204,2.007396,2.007274
0.068820,0.072462,2.006817,2.007396
0.080029,0.028149,2.006839,2.006817
0.068411,0.017707,2.007604,2.006839
0.064835,0.042361,2.008558,2.007604
0.073648,0.044088,2.009669,2.008558
0.041010,0.004535,2.010651,2.009669
0.037744,0.060440,2.010479,2.010651
0.043304,0.023730,2.008143,2.010479
0.037002,0.019051,2.005781,2.008143
0.043209,0.038409,2.003471,2.005781
0.156830,0.060339,1.964538,2.003471
0.162974,0.091467,1.927247,1.964538
0.108828,0.163926,1.859788,1.927247
0.028651,0.220969,1.770670,1.859788
0.207523,0.369821,1.659748,1.770670
0.433751,0.406927,1.539698,1.659748
0.407627,0.491197,1.461420,1.539698
0.478693,0.691271,1.391357,1.461420
0.588129,0.629480,1.293184,1.391357
0.511877,0.691663,1.180800,1.293184
0.562342,0.897168,1.040038,1.180800
0.472790,0.808979,0.855015,1.040038
0.529569,0.820348,0.704297,0.855015
0.863489,0.970871,0.567415,0.704297
1.190851,0.802055,0.430282,0.567415
0.895572,0.793532,0.336198,0.430282
1.003658,0.942467,0.259809,0.336198
0.964742,0.769465,0.194801,0.259809
0.729791,0.799381,0.155998,0.194801
0.735231,0.938934,0.126059,0.155998
0.825508,0.766346,0.102399,0.126059
0.654042,0.785661,0.091213,0.102399
0.659420,0.913279,0.087043,0.091213
0.847288,0.809344,0.087322,0.087043
0.706473,0.833075,0.087240,0.087322
0.756826,1.007172,0.084111,0.087240
1.000061,0.806884,0.078123,0.084111
0.820627,0.853964,0.073282,0.078123
0.819995,0.977109,0.072401,0.073282
1.005249,0.829873,0.079601,0.072401
0.800601,0.826937,0.088634,0.079601
0.938012,0.999659,0.094376,0.088634
0.974594,0.825233,0.089390,0.094376
0.781554,0.881222,0.075592,0.089390
0.823206,1.053403,0.063563,0.075592
0.966140,0.935542,0.063043,0.063563
0.775189,0.938166,0.064814,0.063043
0.797069,1.101345,0.061752,0.064814
0.999903,0.929847,0.054360,0.061752
0.807868,0.915559,0.049574,0.054360
0.813564,1.101703,0.047828,0.049574
1.004014,0.909254,0.048558,0.047828
0.798358,0.918877,0.049526,0.048558
0.791800,1.073343,0.050110,0.049526
0.979602,0.873577,0.050809,0.050110
0.775955,0.901919,0.051840,0.050809
0.901192,1.043682,0.054044,0.051840
0.928009,0.879804,0.058546,0.054044
0.732586,0.854751,0.064138,0.058546
0.775749,0.991073,0.071398,0.064138
0.908378,0.850621,0.082049,0.071398
0.727182,0.846550,0.093250,0.082049
0.727787,1.004255,0.107972,0.093250
0.906797,1.014053,0.131608,0.107972
0.910066,0.999607,0.164662,0.131608
0.915884,0.822188,0.196835,0.164662
0.732388,0.872723,0.214219,0.196835
0.728135,0.971307,0.217530,0.214219
0.891326,0.825943,0.200252,0.217530
0.703870,0.815407,0.169369,0.200252
0.678696,0.976114,0.125833,0.169369
0.899781,0.819138,0.074251,0.125833
0.708737,0.828409,0.055995,0.074251
0.838412,1.006167,0.064580,0.055995
0.746691,0.793923,0.071244,0.064580
0.844214,0.860824,0.065150,0.071244
0.766055,0.956046,0.057780,0.065150
0.863138,0.844556,0.060764,0.057780
0.767080,0.826196,0.068693,0.060764
0.720466,0.984781,0.074503,0.068693
0.908896,0.854187,0.076040,0.074503
0.729570,0.852383,0.074463,0.076040
0.727331,0.983905,0.072133,0.074463
0.922029,0.852538,0.070217,0.072133
0.733364,0.836707,0.070750,0.070217
0.733552,0.995099,0.074479,0.070750
0.910755,0.832369,0.082899,0.074479
0.729045,0.865042,0.093323,0.082899
0.874168,0.985057,0.108046,0.093323
0.746149,0.824878,0.132305,0.108046
0.804685,0.832587,0.154120,0.132305
0.714627,0.968020,0.170023,0.154120
0.853817,0.811947,0.171968,0.170023
0.773077,0.855843,0.156399,0.171968
0.721367,0.993145,0.125201,0.156399
0.889264,0.831787,0.078613,0.125201
0.706091,0.836078,0.053050,0.078613
0.741821,0.997635,0.056584,0.053050
0.977440,0.847188,0.064486,0.056584
0.769048,0.847120,0.058600,0.064486
0.749065,0.988721,0.049169,0.058600
0.927323,0.832889,0.049135,0.049169
0.739653,0.846373,0.056349,0.049135
0.874569,0.953396,0.062470,0.056349
0.765725,0.842102,0.064542,0.062470
0.846479,0.811494,0.063129,0.064542
0.765401,0.991832,0.061200,0.063129
0.866344,0.824933,0.060153,0.061200
0.779457,0.839095,0.061357,0.060153
0.734474,0.951891,0.065084,0.061357
0.916815,0.829721,0.073015,0.065084
0.731353,0.857569,0.082940,0.073015
0.723073,0.979614,0.096876,0.082940
0.895018,0.822131,0.119087,0.096876
0.710178,0.816682,0.144038,0.119087
0.712458,0.968854,0.172214,0.144038
0.888578,0.809045,0.197806,0.172214
0.706628,0.851399,0.205476,0.197806
0.846339,0.993320,0.196547,0.205476
0.764109,0.822392,0.165059,0.196547
0.813072,0.820389,0.124757,0.165059
0.718803,0.999078,0.079828,0.124757
0.809651,0.806151,0.051967,0.079828
0.731392,0.862128,0.058534,0.051967
0.698478,0.976539,0.064513,0.058534
0.890232,0.809529,0.056890,0.064513
0.729641,0.872350,0.048664,0.056890
0.742104,0.966107,0.050816,0.048664
0.945663,0.839161,0.060742,0.050816
0.749629,0.842476,0.053533,0.060742
0.783285,0.978877,0.066764,0.053533
1.053571,0.793957,0.118524,0.066764
0.824226,0.775127,0.140899,0.118524
0.862158,0.847095,0.148648,0.140899
0.667368,0.639454,0.147297,0.148648
0.653976,0.684213,0.142334,0.147297
0.602855,0.589420,0.136099,0.142334
0.455430,0.474110,0.132370,0.136099
0.451697,0.534839,0.131828,0.132370
0.422858,0.392801,0.134472,0.131828
0.313059,0.335959,0.139604,0.134472
0.307926,0.407091,0.147768,0.139604
0.331600,0.308257,0.161050,0.147768
0.250730,0.266882,0.175281,0.161050
0.236381,0.284502,0.192584,0.175281
0.265014,0.218819,0.214953,0.192584
0.197607,0.211392,0.229192,0.214953
0.181175,0.177277,0.233886,0.229192
0.206802,0.155289,0.223782,0.233886
0.157640,0.142897,0.207328,0.223782
0.145178,0.166319,0.190122,0.207328
0.152981,0.083634,0.175211,0.190122
0.113608,0.088173,0.168984,0.175211
0.126387,0.081643,0.168191,0.168984
0.115021,0.065860,0.171934,0.168191
0.083196,0.043910,0.176066,0.171934
0.080678,0.051373,0.179655,0.176066
0.095916,0.065146,0.181901,0.179655
0.092425,0.038030,0.182026,0.181901
0.083564,0.030976,0.180749,0.182026
0.062976,0.023111,0.179262,0.180749
0.048566,0.058856,0.177995,0.179262
0.057724,0.029743,0.177029,0.177995
0.039769,0.008213,0.176811,0.177029
0.040344,0.044535,0.176994,0.176811
0.051691,0.023184,0.177651,0.176994
0.043074,0.017192,0.178317,0.177651
0.000000,0.035945,0.179028,0.178317
0.000000,0.000000,0.000000,0.000000
0.021900,0.025869,2.020441,0.000000
0.024761,0.049677,2.002555,2.020441
0.029141,0.040938,1.991386,2.002555
0.029947,0.047666,1.992298,1.991386
0.000000,0.024282,1.999785,1.992298
0.000000,0.025422,2.006661,1.999785
0.000000,0.022141,2.015418,2.006661
0.000000,0.051679,2.015510,2.015418
0.000000,0.051210,2.014727,2.015510
0.000000,0.017506,2.012580,2.014727
0.000000,0.015906,2.010536,2.012580
0.000000,0.016330,2.008881,2.010536
0.000000,0.034914,2.006596,2.008881
0.024503,0.008488,1.995595,2.006596
0.031171,0.030845,1.997647,1.995595
0.056667,0.043208,1.999625,1.997647
0.056354,0.043236,2.000933,1.999625
0.035517,0.034264,2.003932,2.000933
0.027560,0.043020,2.006884,2.003932
0.028852,0.009268,2.007738,2.006884
0.043994,0.075139,2.006877,2.007738
0.059318,0.041302,2.004602,2.006877
0.077566,0.033983,2.003799,2.004602
0.082812,0.040486,2.004573,2.003799
0.060334,0.041244,2.005780,2.004573
0.055489,0.024666,2.006683,2.005780
0.051226,0.029698,2.006608,2.006683
0.037785,0.034421,2.005989,2.006608
0.043534,0.056233,2.005099,2.005989
0.029883,0.005394,2.003640,2.005099
0.045925,0.028314,2.002369,2.003640
0.114465,0.008999,1.999314,2.002369
0.151273,0.033831,1.980449,1.999314
0.174473,0.047175,1.955831,1.980449
0.157285,0.091301,1.907685,1.955831
0.077137,0.166428,1.849387,1.907685
0.061372,0.294675,1.762700,1.849387
0.302938,0.328313,1.639624,1.762700
0.350346,0.430355,1.542352,1.639624
0.415234,0.565594,1.458828,1.542352
0.616021,0.583862,1.374153,1.458828
0.479110,0.647253,1.292162,1.374153
0.502852,0.839876,1.180169,1.292162
0.668555,0.753348,1.018413,1.180169
0.360796,0.820620,0.865708,1.018413
0.554715,0.948167,0.711993,0.865708
0.666767,0.817171,0.551099,0.711993
1.019258,0.802763,0.434808,0.551099
0.908359,0.969692,0.336500,0.434808
0.956023,0.794356,0.248061,0.336500
0.803357,0.804715,0.194156,0.248061
0.723218,0.966636,0.153911,0.194156
0.871918,0.775091,0.120448,0.153911
0.674044,0.806223,0.100631,0.120448
0.672031,0.956168,0.087822,0.100631
0.836000,0.744183,0.082316,0.087822
0.678232,0.810853,0.083094,0.082316
0.689839,0.943303,0.084333,0.083094
0.924812,0.831490,0.082014,0.084333
0.778771,0.859293,0.078295,0.082014
0.957874,0.949170,0.074774,0.078295
0.864082,0.815873,0.073985,0.074774
0.959092,0.851779,0.080316,0.073985
0.855480,0.944778,0.090147,0.080316
0.962896,0.806477,0.097780,0.090147
0.865153,0.862377,0.093923,0.097780
0.799859,1.061459,0.079478,0.093923
0.994297,0.927544,0.062249,0.079478
0.809157,0.932077,0.058990,0.062249
0.809943,1.094216,0.060185,0.058990
1.020291,0.923281,0.057135,0.060185
0.808912,0.900881,0.052380,0.057135
0.803754,1.064593,0.049893,0.052380
0.999730,0.925295,0.051318,0.049893
0.788152,0.901343,0.053775,0.051318
0.930177,1.078851,0.055402,0.053775
0.835402,0.873477,0.055545,0.055402
0.928421,0.916397,0.054782,0.055545
0.820707,1.054067,0.054633,0.054782
0.905870,1.072575,0.055671,0.054633
0.933529,0.986434,0.059340,0.055671
0.930313,0.856238,0.065811,0.059340
0.744111,1.006674,0.073284,0.065811
0.932855,1.018614,0.085507,0.073284
0.916070,0.880802,0.101614,0.085507
0.781629,1.013929,0.119386,0.101614
0.861348,0.809525,0.147735,0.119386
0.761599,0.856969,0.175960,0.147735
0.715705,0.983110,0.201307,0.175960
0.898272,0.823706,0.216597,0.201307
0.728173,0.877072,0.212865,0.216597
0.726075,0.973503,0.192395,0.212865
0.889687,0.813944,0.150038,0.192395
0.696074,0.891066,0.104542,0.150038
0.710115,0.987620,0.064157,0.104542
0.893361,0.841980,0.054907,0.064157
0.710126,0.846385,0.064718,0.054907
0.839292,0.965680,0.065505,0.064718
0.760791,0.986622,0.055759,0.065505
0.899736,0.977794,0.052531,0.055759
0.880356,0.819895,0.060809,0.052531
0.708803,0.847799,0.068287,0.060809
0.839142,0.996881,0.072497,0.068287
0.895119,0.823122,0.073123,0.072497
0.718109,0.857438,0.071760,0.073123
0.767815,0.996529,0.070679,0.071760
0.907619,0.840670,0.070856,0.070679
0.735927,0.989231,0.073387,0.070856
0.928205,0.984146,0.080735,0.073387
0.919875,0.977289,0.093198,0.080735
0.901471,1.020055,0.113075,0.093198
0.860841,0.843032,0.141085,0.113075
0.810052,0.975152,0.165756,0.141085
0.935208,0.804541,0.184161,0.165756
0.731159,0.852272,0.184525,0.184161
0.739440,1.000070,0.168189,0.184525
0.939504,0.800405,0.129619,0.168189
0.769679,0.866389,0.087820,0.129619
0.753796,1.002126,0.054484,0.087820
0.882212,0.807778,0.053501,0.054484
0.725899,0.831802,0.061842,0.053501
0.737323,1.008748,0.059777,0.061842
0.897385,0.819847,0.051975,0.059777
0.830158,0.832403,0.053715,0.051975
0.740936,0.989047,0.060788,0.053715
0.836706,0.820228,0.068539,0.060788
0.750964,0.841661,0.070767,0.068539
0.718024,0.976980,0.069859,0.070767
0.917753,0.839282,0.067228,0.069859
0.744616,0.854313,0.065573,0.067228
0.743611,0.975776,0.065591,0.065573
0.930081,0.833005,0.068671,0.065591
0.741983,0.865320,0.074194,0.068671
0.737636,0.944111,0.082681,0.074194
0.914913,0.840561,0.096464,0.082681
0.730400,0.836100,0.112597,0.096464
0.860360,0.951560,0.135581,0.112597
0.766364,0.807527,0.165556,0.135581
0.842590,0.831883,0.184287,0.165556
0.750520,1.007510,0.190469,0.184287
0.846814,0.823363,0.176871,0.190469
0.750292,0.847903,0.148655,0.176871
0.667105,0.988044,0.107778,0.148655
0.834726,0.833594,0.062625,0.107778
0.674644,0.841753,0.051910,0.062625
0.671950,0.989232,0.060769,0.051910
0.853166,0.802866,0.062808,0.060769
0.704595,1.001276,0.055224,0.062808
0.904639,0.988106,0.051004,0.055224
0.915054,0.836190,0.058091,0.051004
0.744050,1.000764,0.063068,0.058091
0.944496,0.833591,0.049089,0.063068
0.805067,0.818623,0.079499,0.049089
0.848208,0.931151,0.121714,0.079499
0.987334,0.765234,0.144129,0.121714
0.705423,0.722749,0.149740,0.144129
0.721862,0.727041,0.149140,0.149740
0.568261,0.547482,0.144531,0.149140
0.559036,0.514408,0.139836,0.144531
0.440188,0.567408,0.136347,0.139836
0.434686,0.391195,0.135708,0.136347
0.343623,0.397367,0.138500,0.135708
0.294715,0.421789,0.144675,0.138500
0.339329,0.276314,0.156055,0.144675
0.252885,0.314108,0.168570,0.156055
0.235539,0.288793,0.183664,0.168570
0.272440,0.285324,0.203922,0.183664
0.200461,0.196057,0.221844,0.203922
0.190765,0.262550,0.235305,0.221844
0.219157,0.166012,0.238451,0.235305
0.165626,0.163062,0.228536,0.238451
0.186213,0.187263,0.212491,0.228536
0.154703,0.110826,0.194054,0.212491
0.156401,0.090322,0.183083,0.194054
0.129183,0.088900,0.177860,0.183083
0.130907,0.084843,0.178239,0.177860
0.099493,0.047467,0.181686,0.178239
0.085598,0.081503,0.185721,0.181686
0.093997,0.066118,0.189313,0.185721
0.070224,0.011666,0.190769,0.189313
0.066119,0.060076,0.190856,0.190769
0.079881,0.046548,0.189773,0.190856
0.058614,0.038305,0.188570,0.189773
0.068688,0.066421,0.187274,0.188570
0.062872,0.043280,0.186486,0.187274
0.038775,0.026780,0.186358,0.186486
0.043860,0.035546,0.186518,0.186358
0.033946,0.020242,0.186788,0.186518
0.032828,0.007827,0.187032,0.186788
0.042836,0.031297,0.187425,0.187032
0.036614,0.025888,0.187736,0.187425
0.044483,0.008780,0.187951,0.187736
0.039144,0.067695,0.188077,0.187951
0.000000,0.039733,0.187653,0.188077
0.000000,0.037175,0.187415,0.187653
0.000000,0.004396,0.187813,0.187415
0.000000,0.000000,0.000000,0.000000
0.000000,0.022289,2.023693,0.000000
0.022613,0.074862,2.015936,2.023693
0.032264,0.045726,2.011268,2.015936
0.025607,0.023975,2.014814,2.011268
0.017382,0.031326,2.027140,2.014814
0.000000,0.021455,2.039044,2.027140
0.000000,0.020527,2.040619,2.039044
0.018477,0.025964,2.028868,2.040619
0.000000,0.026697,2.026549,2.028868
0.000000,0.027750,2.024473,2.026549
0.000000,0.052998,2.022660,2.024473
0.000000,0.034958,2.020677,2.022660
0.000000,0.036944,2.018422,2.020677
0.017036,0.024995,2.016514,2.018422
0.000000,0.028062,2.014463,2.016514
0.000000,0.039136,2.011013,2.014463
0.000000,0.014570,2.008338,2.011013
0.038886,0.023460,2.002880,2.008338
0.040000,0.026513,2.003196,2.002880
0.053803,0.025543,2.004601,2.003196
0.042409,0.019139,2.006585,2.004601
0.044835,0.036824,2.008790,2.006585
0.027232,0.040833,2.011278,2.008790
0.030461,0.032625,2.012924,2.011278
0.047200,0.051919,2.013359,2.012924
0.064645,0.027773,2.013088,2.013359
0.062895,0.028724,2.012925,2.013088
0.077939,0.054843,2.013452,2.012925
0.074329,0.017618,2.015014,2.013452
0.084316,0.039688,2.016439,2.015014
0.071027,0.056037,2.016764,2.016439
0.078344,0.020501,2.016406,2.016764
0.068208,0.049814,2.015741,2.016406
0.059398,0.030953,2.015006,2.015741
0.065720,0.007756,2.014679,2.015006
0.051152,0.039449,2.014222,2.014679
0.049713,0.048472,2.013777,2.014222
0.063687,0.022881,2.012391,2.013777
0.046193,0.028245,2.009928,2.012391
0.159953,0.018466,1.985106,2.009928
0.177330,0.046485,1.956640,1.985106
0.133586,0.108038,1.913925,1.956640
0.062558,0.187221,1.833427,1.913925
0.114795,0.253174,1.737279,1.833427
0.413703,0.419055,1.624870,1.737279
0.449877,0.429402,1.510118,1.624870
0.422117,0.538643,1.434173,1.510118
0.490678,0.717820,1.360260,1.434173
0.606404,0.695672,1.249994,1.360260
0.533323,0.740899,1.129900,1.249994
0.629224,0.909818,0.986010,1.129900
0.487627,0.819836,0.805484,0.986010
0.674734,0.806986,0.663274,0.805484
0.889237,0.964474,0.531549,0.663274
1.176750,0.820965,0.399219,0.531549
0.904227,0.818250,0.308414,0.399219
0.996950,0.942830,0.235206,0.308414
0.974622,0.773398,0.174500,0.235206
0.733052,0.804936,0.140235,0.174500
0.744191,0.915922,0.115513,0.140235
0.859871,0.778156,0.096528,0.115513
0.677186,0.779720,0.088079,0.096528
0.672991,0.954021,0.085351,0.088079
0.844110,0.803533,0.086402,0.085351
0.706653,0.810844,0.086957,0.086402
0.749481,0.977732,0.084459,0.086957
0.983429,0.825363,0.079825,0.084459
0.809241,0.817422,0.076271,0.079825
0.808423,0.995307,0.076017,0.076271
0.999206,0.802586,0.083923,0.076017
0.796886,0.854147,0.091824,0.083923
0.947817,0.969020,0.094982,0.091824
0.998153,0.848082,0.085838,0.094982
0.788284,0.907751,0.070237,0.085838
0.844385,1.088891,0.059796,0.070237
0.999893,0.917152,0.059636,0.059796
0.805705,0.937923,0.059082,0.059636
0.796817,1.095081,0.054858,0.059082
1.002346,0.918961,0.050045,0.054858
0.792874,0.925888,0.049207,0.050045
0.794058,1.074279,0.050964,0.049207
1.003953,0.905836,0.053737,0.050964
0.796688,1.083206,0.054935,0.053737
0.983107,1.050500,0.055559,0.054935
0.966073,0.899811,0.056697,0.055559
0.759507,1.039764,0.058823,0.056697
0.941487,1.059658,0.062883,0.058823
0.928768,1.019025,0.069502,0.062883
0.919968,0.854568,0.078700,0.069502
0.731771,0.852134,0.088102,0.078700
0.731351,1.025311,0.099861,0.088102
0.911926,0.812897,0.117461,0.099861
0.728237,0.836484,0.137171,0.117461
0.857092,0.955593,0.163937,0.137171
0.896234,0.827093,0.197456,0.163937
0.705723,0.830726,0.218691,0.197456
0.750484,1.012825,0.227543,0.218691
0.886777,1.032364,0.217071,0.227543
0.884884,1.003643,0.183305,0.217071
0.826154,0.820353,0.132386,0.183305
0.724693,0.856982,0.085603,0.132386
0.685063,0.971834,0.055814,0.085603
0.862832,0.807218,0.062165,0.055814
0.706613,0.869673,0.070398,0.062165
0.719544,0.965416,0.067020,0.070398
0.886149,0.824577,0.057655,0.067020
0.695005,0.831720,0.058068,0.057655
0.701295,1.042310,0.065336,0.058068
0.890695,0.809300,0.072015,0.065336
0.718422,0.837513,0.073031,0.072015
0.865467,0.997915,0.070829,0.073031
0.784237,0.840459,0.067148,0.070829
0.871375,1.039132,0.064919,0.067148
0.912948,0.991449,0.064706,0.064919
0.773686,0.849837,0.068973,0.064706
0.866574,0.990537,0.076699,0.068973
0.933588,0.803936,0.091186,0.076699
0.752605,0.848468,0.109056,0.091186
0.800013,0.983039,0.132546,0.109056
0.954683,1.022827,0.158587,0.132546
0.929476,0.963429,0.171834,0.158587
0.874780,0.850347,0.163465,0.171834
0.776446,0.963558,0.139230,0.163465
0.922046,0.982367,0.093986,0.139230
0.843266,0.833304,0.055541,0.093986
0.762229,1.024932,0.053688,0.055541
0.910653,0.966409,0.064207,0.053688
0.913634,0.973816,0.060001,0.064207
0.897606,0.857411,0.052316,0.060001
0.791970,0.987626,0.055363,0.052316
0.888879,0.985945,0.064730,0.055363
0.828434,0.852094,0.070507,0.064730
0.758415,0.990296,0.071001,0.070507
0.912884,0.800919,0.068372,0.071001
0.739351,0.855364,0.065766,0.068372
0.738343,0.950909,0.064399,0.065766
0.927246,0.834512,0.065197,0.064399
0.741049,0.834351,0.067624,0.065197
0.740602,0.996870,0.072027,0.067624
0.922032,0.820649,0.081089,0.072027
0.737668,0.827883,0.092477,0.081089
0.735357,0.976665,0.108461,0.092477
0.913332,0.822950,0.134760,0.108461
0.720109,0.873935,0.158359,0.134760
0.843624,0.959435,0.175786,0.158359
0.895150,0.982161,0.178958,0.175786
0.903419,0.976700,0.159132,0.178958
0.754144,0.856574,0.118973,0.159132
0.810063,0.848093,0.078997,0.118973
0.722501,0.989953,0.053752,0.078997
0.827415,0.811192,0.058240,0.053752
0.740298,0.848558,0.062994,0.058240
0.708372,0.974450,0.057128,0.062994
0.913617,0.826753,0.048241,0.057128
0.740321,0.815451,0.050830,0.048241
0.738871,0.994324,0.059560,0.050830
0.925046,0.832499,0.063556,0.059560
0.757592,0.865050,0.052660,0.063556
0.806203,0.970028,0.083620,0.052660
1.080536,0.785098,0.130227,0.083620
0.795382,0.743835,0.146123,0.130227
0.813911,0.817987,0.150157,0.146123
0.628978,0.593480,0.146589,0.150157
0.616390,0.570683,0.141188,0.146589
0.482694,0.605019,0.135877,0.141188
0.482850,0.469058,0.132202,0.135877
0.388959,0.434291,0.132239,0.132202
0.334637,0.430297,0.135520,0.132239
0.379559,0.307132,0.143756,0.135520
0.280636,0.401870,0.154121,0.143756
0.315397,0.325133,0.170682,0.154121
0.287655,0.256273,0.190680,0.170682
0.210141,0.241439,0.210232,0.190680
0.235024,0.220526,0.232155,0.210232
0.176571,0.200975,0.242566,0.232155
0.165931,0.208008,0.241666,0.242566
0.190240,0.153909,0.225238,0.241666
0.140670,0.164303,0.205590,0.225238
0.161232,0.127858,0.185399,0.205590
0.146642,0.092250,0.174450,0.185399
0.109894,0.057869,0.172355,0.174450
0.130007,0.106001,0.175882,0.172355
0.120324,0.065731,0.181948,0.175882
0.111161,0.074413,0.186979,0.181948
0.105435,0.063228,0.189592,0.186979
0.090761,0.041027,0.189693,0.189592
0.067262,0.060386,0.188498,0.189693
0.065216,0.030813,0.186779,0.188498
0.078583,0.066885,0.184993,0.186779
0.064421,0.047384,0.184037,0.184993
0.057039,0.031963,0.183873,0.184037
0.040256,0.016561,0.184188,0.183873
0.037737,0.048243,0.184616,0.184188
0.046507,0.033999,0.185193,0.184616
0.038323,0.041077,0.185519,0.185193
0.038900,0.027411,0.185679,0.185519
0.032007,0.026624,0.185537,0.185679
0.023104,0.009468,0.185300,0.185537
0.025840,0.066381,0.185050,0.185300
0.032821,0.023141,0.184874,0.185050
0.000000,0.016509,0.185862,0.184874
0.000000,0.016615,0.185762,0.185862
0.000000,0.000000,0.000000,0.000000
0.000000,0.025050,2.027516,0.000000
0.021280,0.024617,2.024781,2.027516
0.024105,0.048258,2.018552,2.024781
0.030260,0.046969,2.015016,2.018552
0.034307,0.047972,1.999066,2.015016
0.018175,0.034099,1.976825,1.999066
0.000000,0.033193,1.928536,1.976825
0.000000,0.030783,1.932634,1.928536
0.000000,0.019861,1.940111,1.932634
0.000000,0.044405,1.946425,1.940111
0.000000,0.044465,1.949343,1.946425
0.000000,0.014543,1.950087,1.949343
0.000000,0.014102,1.948583,1.950087
0.031695,0.034897,1.943598,1.948583
0.036238,0.040885,1.944935,1.943598
0.028252,0.031343,1.944930,1.944935
0.050793,0.037005,1.944242,1.944930
0.062147,0.022132,1.943677,1.944242
0.070316,0.041505,1.943690,1.943677
0.102027,0.007231,1.945339,1.943690
0.092168,0.024585,1.947536,1.945339
0.090693,0.035237,1.949627,1.947536
0.103195,0.048125,1.951436,1.949627
0.071066,0.033146,1.952137,1.951436
0.148083,0.020522,1.929975,1.952137
0.122609,0.021416,1.905416,1.929975
0.133347,0.091337,1.867458,1.905416
0.087170,0.168562,1.805575,1.867458
0.040543,0.244944,1.724075,1.805575
0.164065,0.374103,1.619376,1.724075
0.484879,0.428060,1.496540,1.619376
0.391274,0.463527,1.406768,1.496540
0.406284,0.674172,1.326175,1.406768
0.564675,0.639716,1.226396,1.326175
0.491971,0.684034,1.116467,1.226396
0.819335,0.873817,0.978791,1.116467
0.633739,0.804230,0.799580,0.978791
0.539377,0.986471,0.655534,0.799580
1.028579,0.943146,0.500488,0.655534
1.135929,0.827440,0.374775,0.500488
0.928822,0.948892,0.288920,0.374775
0.985627,0.801038,0.210750,0.288920
0.827085,0.796754,0.163170,0.210750
0.730981,0.940816,0.128920,0.163170
0.875816,0.796869,0.101939,0.128920
0.684104,0.961523,0.088626,0.101939
0.848890,0.929064,0.082751,0.088626
0.859081,0.835728,0.083407,0.082751
0.696252,0.946406,0.083798,0.083407
0.908301,0.816636,0.080617,0.083798
0.764315,0.849864,0.074378,0.080617
0.798207,1.002653,0.067009,0.074378
1.015099,0.814633,0.061028,0.067009
0.816845,0.831500,0.060096,0.061028
0.803773,0.968370,0.065014,0.060096
1.013109,0.797752,0.072854,0.065014
0.802527,0.836561,0.074193,0.072854
0.951697,1.018336,0.067709,0.074193
0.991887,0.937361,0.059910,0.067709
0.793103,0.906173,0.059551,0.059910
0.847721,1.084601,0.060468,0.059551
1.009079,1.115627,0.058357,0.060468
1.021850,1.121846,0.054028,0.058357
0.947868,0.878799,0.050670,0.054028
0.853427,0.923052,0.049435,0.050670
0.800168,1.072736,0.049136,0.049435
0.994070,0.878429,0.048780,0.049136
0.795449,0.928181,0.048913,0.048780
0.785042,1.043171,0.049896,0.048913
0.959042,0.903080,0.052632,0.049896
0.756532,1.033520,0.056094,0.052632
0.930960,1.013958,0.061439,0.056094
0.918926,0.863891,0.067968,0.061439
0.721063,0.994663,0.074407,0.067968
0.908088,0.845266,0.083837,0.074407
0.724417,0.863253,0.094004,0.083837
0.726898,0.994049,0.107353,0.094004
0.906412,0.838172,0.128769,0.107353
0.727489,0.857906,0.152761,0.128769
0.863330,0.981337,0.178491,0.152761
0.911176,0.846019,0.199873,0.178491
0.724104,0.856369,0.204125,0.199873
0.774266,0.963854,0.192493,0.204125
0.907951,0.847314,0.158889,0.192493
0.703412,0.854004,0.117957,0.158889
0.695227,0.982001,0.075624,0.117957
0.831589,0.832445,0.057108,0.075624
0.668727,0.835228,0.065803,0.057108
0.676806,0.991035,0.069696,0.065803
0.889773,1.003621,0.060928,0.069696
0.894288,0.992615,0.054516,0.060928
0.890927,0.836716,0.060855,0.054516
0.701165,0.853012,0.067618,0.060855
0.712297,1.012222,0.070980,0.067618
0.904878,0.836418,0.070118,0.070980
0.724112,1.047157,0.067431,0.070118
0.908965,0.991271,0.064138,0.067431
0.912522,1.009996,0.063140,0.064138
0.920919,0.986276,0.065749,0.063140
0.916862,0.835945,0.072520,0.065749
0.727277,1.018105,0.082373,0.072520
0.920711,0.837945,0.099372,0.082373
0.761648,0.882188,0.120149,0.099372
0.904631,0.965609,0.145206,0.120149
0.818638,0.812102,0.169135,0.145206
0.907997,0.839862,0.176882,0.169135
0.787805,0.960791,0.169005,0.176882
0.862147,0.825563,0.138950,0.169005
0.802859,0.852601,0.100463,0.138950
0.713243,0.981282,0.062266,0.100463
0.871524,0.811474,0.051166,0.062266
0.675608,0.824076,0.061370,0.051166
0.668599,1.011117,0.063646,0.061370
0.876038,0.800305,0.056586,0.063646
0.716749,0.837050,0.054111,0.056586
0.701331,0.967655,0.059081,0.054111
0.875470,0.827412,0.066966,0.059081
0.703937,0.835177,0.070364,0.066966
0.859615,0.988082,0.070239,0.070364
0.782113,0.810489,0.067691,0.070239
0.882106,0.829421,0.066002,0.067691
0.792321,1.035915,0.066277,0.066002
0.881731,0.807583,0.069806,0.066277
0.787330,0.841713,0.075689,0.069806
0.742127,0.997512,0.084432,0.075689
0.922824,0.822471,0.098224,0.084432
0.732491,0.849441,0.113448,0.098224
0.724938,0.946073,0.134443,0.113448
0.903999,0.821043,0.164777,0.134443
0.711517,0.864264,0.187786,0.164777
0.700864,0.960405,0.201131,0.187786
0.885534,0.827113,0.197290,0.201131
0.719799,0.863204,0.176453,0.197290
0.833908,0.972944,0.140263,0.176453
0.723621,0.822526,0.087430,0.140263
0.804531,0.867695,0.054282,0.087430
0.728144,0.982296,0.052640,0.054282
0.810140,0.821382,0.062771,0.052640
0.742630,0.852259,0.059507,0.062771
0.715212,0.961826,0.049863,0.059507
0.916457,0.810383,0.048461,0.049863
0.738500,0.832994,0.056941,0.048461
0.736894,0.974732,0.061696,0.056941
0.953725,0.850085,0.051555,0.061696
0.817702,0.952302,0.089261,0.051555
1.070590,0.898414,0.133409,0.089261
0.944052,0.706012,0.148372,0.133409
0.657837,0.807629,0.150012,0.148372
0.702393,0.588311,0.146248,0.150012
0.507273,0.571931,0.141718,0.146248
0.453352,0.603929,0.138049,0.141718
0.498061,0.450938,0.136586,0.138049
0.363422,0.404717,0.138480,0.136586
0.392605,0.442128,0.143613,0.138480
0.370687,0.322412,0.153470,0.143613
0.276377,0.303938,0.164407,0.153470
0.262210,0.345152,0.177786,0.164407
0.276852,0.205562,0.196026,0.177786
0.198518,0.223851,0.213556,0.196026
0.179266,0.247943,0.230557,0.213556
0.212760,0.219121,0.240760,0.230557
0.166774,0.148599,0.237071,0.240760
0.156080,0.184550,0.223851,0.237071
0.178636,0.138116,0.204798,0.223851
0.134390,0.087481,0.191636,0.204798
0.129955,0.139052,0.183358,0.191636
0.150052,0.094419,0.180431,0.183358
0.110380,0.074963,0.182257,0.180431
0.111715,0.049459,0.186088,0.182257
0.109327,0.083910,0.190332,0.186088
0.082318,0.058313,0.192620,0.190332
0.089033,0.042894,0.193562,0.192620
0.085477,0.038626,0.192884,0.193562
0.067794,0.045485,0.191643,0.192884
0.075613,0.009750,0.190263,0.191643
0.067281,0.013139,0.189479,0.190263
0.052898,0.024130,0.189150,0.189479
0.046712,0.045439,0.189226,0.189150
0.030345,0.014023,0.189352,0.189226
0.030990,0.031896,0.189596,0.189352
0.036897,0.031726,0.190064,0.189596
0.030249,0.030646,0.190418,0.190064
0.031038,0.052577,0.190631,0.190418
0.037510,0.012087,0.190569,0.190631
0.000000,0.028523,0.191042,0.190569
0.000000,0.030920,0.190909,0.191042
0.000000,0.006138,0.190890,0.190909
0.000000,0.040975,0.191082,0.190890
0.000000,0.023088,0.191154,0.191082
0.000000,0.000000,0.000000,0.000000
0.000000,0.039756,2.027691,0.000000
0.027316,0.058188,2.010608,2.027691
0.037899,0.030774,1.995674,2.010608
0.029777,0.053016,2.005708,1.995674
0.000000,0.047021,2.028025,2.005708
0.020983,0.029679,2.048843,2.028025
0.000000,0.028079,2.042835,2.048843
0.000000,0.030880,2.041218,2.042835
0.019814,0.026370,2.040614,2.041218
0.017609,0.040967,2.040113,2.040614
0.019988,0.022426,2.039849,2.040113
0.000000,0.013966,2.039052,2.039849
0.000000,0.011460,2.038138,2.039052
0.000000,0.005857,2.032128,2.038138
0.018485,0.034492,2.027061,2.032128
0.021387,0.033363,2.022801,2.027061
0.035284,0.029147,2.020956,2.022801
0.029473,0.032580,2.021729,2.020956
0.025854,0.042792,2.024465,2.021729
0.046367,0.027750,2.028410,2.024465
0.055241,0.054340,2.031159,2.028410
0.077582,0.030161,2.033737,2.031159
0.084713,0.029855,2.036415,2.033737
0.066851,0.025348,2.037680,2.036415
0.068492,0.051421,2.038408,2.037680
0.079654,0.024143,2.038188,2.038408
0.060731,0.061303,2.037743,2.038188
0.061213,0.043395,2.037871,2.037743
0.076866,0.002642,2.039635,2.037871
0.058109,0.029864,2.042340,2.039635
0.059564,0.034782,2.043866,2.042340
0.064534,0.016697,2.043395,2.043866
0.103858,0.023671,2.040069,2.043395
0.081135,0.008150,2.034832,2.040069
0.050589,0.046590,2.032391,2.034832
0.054979,0.046263,2.032190,2.032391
0.070053,0.036178,2.033041,2.032190
0.142570,0.013616,2.013961,2.033041
0.180971,0.046344,1.984554,2.013961
0.158709,0.163377,1.932842,1.984554
0.000000,0.184739,1.830242,1.932842
0.154634,0.295017,1.716168,1.830242
0.297608,0.441455,1.604581,1.716168
0.450720,0.441890,1.511389,1.604581
0.410716,0.626815,1.453657,1.511389
0.520297,0.709670,1.378956,1.453657
0.551882,0.835736,1.265344,1.378956
0.717836,0.900798,1.102202,1.265344
0.739276,0.804325,0.911525,1.102202
0.606965,0.966821,0.748720,0.911525
1.195606,0.792658,0.583249,0.748720
0.980815,0.842564,0.464892,0.583249
0.909830,0.958747,0.362806,0.464892
1.053786,0.786985,0.267762,0.362806
0.795634,0.801309,0.208051,0.267762
0.750793,0.898035,0.164773,0.208051
0.881901,0.796943,0.131473,0.164773
0.677285,0.779911,0.112158,0.131473
0.784381,0.940258,0.097434,0.112158
0.692297,0.980726,0.087721,0.097434
0.827409,0.949549,0.086315,0.087721
0.848644,0.959674,0.086577,0.086315
0.911689,0.959275,0.081892,0.086577
0.990235,0.818977,0.073821,0.081892
0.818341,0.832506,0.068053,0.073821
0.949147,0.960038,0.065116,0.068053
0.846387,0.814897,0.069021,0.065116
0.930576,0.849961,0.074052,0.069021
0.841467,0.991449,0.074814,0.074052
0.942843,0.807077,0.067138,0.074814
0.844397,0.930293,0.060734,0.067138
0.791297,1.102094,0.059807,0.060734
0.988666,0.917063,0.060428,0.059807
0.792468,0.953716,0.058889,0.060428
0.796088,1.106694,0.056282,0.058889
1.005733,0.881390,0.053772,0.056282
0.799398,0.899326,0.052589,0.053772
0.796253,1.048687,0.052080,0.052589
1.000002,0.893389,0.051799,0.052080
0.801468,0.948587,0.051352,0.051799
0.936411,1.098271,0.050929,0.051352
0.839250,0.878588,0.050849,0.050929
0.917450,0.877790,0.051926,0.050849
0.805076,1.042010,0.054745,0.051926
0.881871,1.058704,0.060211,0.054745
0.919462,1.006120,0.068066,0.060211
0.912372,0.847573,0.078194,0.068066
0.727308,0.859306,0.088972,0.078194
0.773336,1.008254,0.102857,0.088972
0.910247,0.817748,0.124761,0.102857
0.729112,0.855296,0.150280,0.124761
0.731176,0.981913,0.181174,0.150280
0.880580,0.822304,0.212590,0.181174
0.701233,0.859126,0.226872,0.212590
0.710224,0.993574,0.225452,0.226872
0.895749,0.819767,0.201937,0.225452
0.721233,0.867180,0.166287,0.201937
0.716566,1.007062,0.118988,0.166287
0.904666,0.842691,0.066980,0.118988
0.768050,0.830897,0.052087,0.066980
0.878892,1.008865,0.061693,0.052087
0.897788,0.819713,0.065623,0.061693
0.722458,1.026841,0.057204,0.065623
0.921351,0.972567,0.049938,0.057204
0.933589,0.854697,0.057873,0.049938
0.791528,0.958931,0.067074,0.057873
0.868011,0.847712,0.071881,0.067074
0.767947,0.841067,0.071851,0.071881
0.721510,0.962738,0.070768,0.071851
0.896642,0.813611,0.069885,0.070768
0.717302,0.835118,0.070582,0.069885
0.722079,0.993069,0.073343,0.070582
0.921864,0.802204,0.080494,0.073343
0.726783,0.860549,0.090512,0.080494
0.734520,1.005239,0.105299,0.090512
0.964099,0.810238,0.130611,0.105299
0.789426,0.852747,0.155760,0.130611
0.939045,0.982803,0.177525,0.155760
0.812680,0.819316,0.188042,0.177525
0.884482,0.841459,0.179895,0.188042
0.768404,0.949188,0.155111,0.179895
0.893058,0.846566,0.109190,0.155111
0.819453,0.856454,0.068443,0.109190
0.785542,0.982373,0.050362,0.068443
0.991566,0.987778,0.061861,0.050362
0.957660,0.979944,0.064822,0.061861
0.909865,0.816945,0.054425,0.064822
0.721503,0.846315,0.050854,0.054425
0.705568,0.988686,0.057901,0.050854
0.888858,0.822389,0.068692,0.057901
0.712470,0.819123,0.073965,0.068692
0.721377,1.031760,0.075535,0.073965
0.918531,0.814280,0.074641,0.075535
0.739185,0.810838,0.073320,0.074641
0.737258,1.026735,0.072804,0.073320
0.927162,0.804674,0.074886,0.072804
0.742497,0.843805,0.079335,0.074886
0.881407,0.970401,0.086783,0.079335
0.922960,0.813750,0.099662,0.086783
0.734227,0.998779,0.114627,0.099662
0.909784,0.988575,0.140522,0.114627
0.903816,0.888684,0.169997,0.140522
0.759674,1.007706,0.188982,0.169997
0.845854,0.823816,0.194180,0.188982
0.763844,0.973962,0.180951,0.194180
0.887632,0.980814,0.143899,0.180951
0.806005,0.866558,0.092506,0.143899
0.724045,0.960818,0.056034,0.092506
0.855936,0.840999,0.053123,0.056034
0.678361,0.844036,0.062404,0.053123
0.687435,0.988240,0.060447,0.062404
0.890668,0.781978,0.049252,0.060447
0.726912,0.865734,0.047980,0.049252
0.733794,0.998503,0.056308,0.047980
0.922136,0.801230,0.062736,0.056308
0.736324,0.843378,0.050132,0.062736
0.802561,0.958359,0.076681,0.050132
1.071457,0.784993,0.126864,0.076681
0.803485,0.887368,0.143470,0.126864
0.854610,0.795873,0.146907,0.143470
0.727948,0.611584,0.142479,0.146907
0.606713,0.633167,0.136985,0.142479
0.478808,0.492363,0.131252,0.136985
0.484405,0.468710,0.128576,0.131252
0.388708,0.507000,0.129169,0.128576
0.392027,0.371219,0.134802,0.129169
0.318619,0.350291,0.143560,0.134802
0.278950,0.352364,0.155768,0.143560
0.317849,0.261903,0.173283,0.155768
0.233397,0.270867,0.190574,0.173283
0.211580,0.286644,0.210315,0.190574
0.243156,0.184088,0.232734,0.210315
0.181052,0.173399,0.244351,0.232734
0.164772,0.214902,0.245027,0.244351
0.193970,0.147397,0.230169,0.245027
0.150035,0.143218,0.211549,0.230169
0.161311,0.136247,0.193730,0.211549
0.128133,0.104971,0.179893,0.193730
0.130264,0.093844,0.175263,0.179893
0.112281,0.081078,0.176527,0.175263
0.119148,0.061821,0.181887,0.176527
0.121450,0.102561,0.187746,0.181887
0.113423,0.041273,0.191543,0.187746
0.088302,0.042621,0.192657,0.191543
0.084687,0.061373,0.192263,0.192657
0.084998,0.041305,0.190676,0.192263
0.067525,0.021480,0.189086,0.190676
0.066664,0.051166,0.187880,0.189086
0.055661,0.039917,0.187069,0.187880
0.040393,0.035096,0.186968,0.187069
0.035794,0.031121,0.187188,0.186968
0.036330,0.032817,0.187630,0.187188
0.036805,0.023038,0.188167,0.187630
0.026360,0.033105,0.188450,0.188167
0.028625,0.026100,0.188397,0.188450
0.026865,0.030114,0.188392,0.188397
0.022149,0.029169,0.188475,0.188392
0.000000,0.024973,0.188893,0.188475
0.000000,0.024893,0.188867,0.188893
0.000000,0.027605,0.188858,0.188867
0.000000,0.023019,0.188839,0.188858
0.000000,0.019872,0.188808,0.188839
0.000000,0.026768,0.188895,0.188808
0.000000,0.023008,0.189065,0.188895
0.000000,0.019073,0.189220,0.189065
0.000000,0.000000,0.000000,0.000000
0.000000,0.011384,2.029985,0.000000
0.000000,0.023756,2.028353,2.029985
0.024366,0.031492,2.015289,2.028353
0.027198,0.056406,2.004228,2.015289
0.030682,0.026132,2.001962,2.004228
0.000000,0.018992,1.983035,2.001962
0.000000,0.017073,1.981830,1.983035
0.000000,0.029960,1.975555,1.981830
0.053621,0.043369,1.974251,1.975555
0.032725,0.016613,1.973722,1.974251
0.037549,0.015092,1.974149,1.973722
0.034866,0.020983,1.974953,1.974149
0.032611,0.036968,1.975937,1.974953
0.056010,0.022572,1.977432,1.975937
0.052276,0.021163,1.978767,1.977432
0.057616,0.022622,1.979694,1.978767
0.074818,0.033195,1.979950,1.979694
0.059290,0.066106,1.979687,1.979950
0.048107,0.029452,1.979168,1.979687
0.036176,0.035013,1.977840,1.979168
0.051011,0.043070,1.977221,1.977840
0.038080,0.028026,1.975488,1.977221
0.124788,0.016400,1.958453,1.975488
0.172011,0.016482,1.932004,1.958453
0.154965,0.115845,1.890544,1.932004
0.111107,0.173680,1.820203,1.890544
0.069607,0.256736,1.731144,1.820203
0.218674,0.390687,1.623330,1.731144
0.465499,0.446326,1.508447,1.623330
0.414291,0.525982,1.428379,1.508447
0.515424,0.644674,1.352820,1.428379
0.605009,0.622505,1.251155,1.352820
0.470824,0.725930,1.139914,1.251155
0.667657,0.899126,1.004707,1.139914
0.582505,0.788850,0.829268,1.004707
0.685749,0.831185,0.684354,0.829268
0.932956,0.970433,0.548995,0.684354
1.130847,0.824011,0.410892,0.548995
0.976598,0.807379,0.315717,0.410892
0.876287,0.953789,0.238153,0.315717
1.024270,0.786785,0.172649,0.238153
0.751018,0.795794,0.136794,0.172649
0.713773,0.908033,0.113538,0.136794
0.848669,0.773937,0.096862,0.113538
0.666384,0.790095,0.088823,0.096862
0.670629,0.941045,0.084972,0.088823
0.838562,0.794938,0.084795,0.084972
0.680979,0.864376,0.085179,0.084795
0.835420,1.001924,0.083117,0.085179
0.804176,0.806919,0.077876,0.083117
0.935658,0.818159,0.073715,0.077876
0.838009,0.991243,0.071715,0.073715
0.947383,0.811156,0.075485,0.071715
0.850298,0.830807,0.082787,0.075485
0.800925,0.957032,0.087497,0.082787
1.002222,0.826927,0.081502,0.087497
0.790752,1.045190,0.068014,0.081502
0.982239,1.094603,0.057094,0.068014
0.997316,0.973967,0.057514,0.057094
0.815650,1.085395,0.056781,0.057514
1.016923,0.921868,0.051621,0.056781
0.813706,0.926502,0.047437,0.051621
0.799854,1.092677,0.045681,0.047437
0.995378,0.876251,0.046648,0.045681
0.791151,0.905956,0.048571,0.046648
0.787654,1.047929,0.050410,0.048571
0.969005,0.880594,0.053095,0.050410
0.765469,0.887213,0.055677,0.053095
0.898440,1.036808,0.058953,0.055677
0.932648,0.865187,0.063718,0.058953
0.735964,0.902457,0.068697,0.063718
0.775892,1.052628,0.074315,0.068697
0.915709,0.830391,0.081951,0.074315
0.739011,0.844513,0.090094,0.081951
0.740846,1.031814,0.100994,0.090094
0.919707,0.856745,0.117936,0.100994
0.740942,0.848390,0.138245,0.117936
0.744379,1.039597,0.165093,0.138245
0.931195,0.799033,0.195503,0.165093
0.722673,0.863373,0.211594,0.195503
0.722283,0.995233,0.213652,0.211594
0.911393,0.824195,0.194922,0.213652
0.720532,0.845298,0.162649,0.194922
0.849925,0.964199,0.117394,0.162649
0.902659,0.849638,0.065149,0.117394
0.725746,0.843518,0.049684,0.065149
0.756550,0.964671,0.061181,0.049684
0.879316,0.845443,0.067216,0.061181
0.714273,0.844955,0.059735,0.067216
0.719410,1.009466,0.052773,0.059735
0.926837,0.815565,0.057393,0.052773
0.738875,0.838670,0.066015,0.057393
0.732028,0.992957,0.071939,0.066015
0.889123,0.810410,0.074044,0.071939
0.711847,0.847788,0.073414,0.074044
0.715706,0.981357,0.072203,0.073414
0.898148,0.792911,0.071618,0.072203
0.719888,0.826369,0.073026,0.071618
0.863859,0.976472,0.076983,0.073026
0.899525,0.835898,0.085674,0.076983
0.706916,0.826784,0.096854,0.085674
0.748209,1.002606,0.112832,0.096854
0.899287,0.829138,0.138773,0.112832
0.720445,0.852625,0.161327,0.138773
0.725811,1.030804,0.177028,0.161327
0.911601,0.840387,0.177353,0.177028
0.738637,0.851472,0.159942,0.177353
0.754366,0.939102,0.126810,0.159942
0.954385,0.839202,0.077296,0.126810
0.765590,0.839563,0.048168,0.077296
0.773593,0.964906,0.050380,0.048168
0.921089,0.827076,0.059256,0.050380
0.730718,0.831564,0.054705,0.059256
0.860405,0.968313,0.047610,0.054705
0.905941,0.837341,0.051489,0.047610
0.709043,0.849658,0.061158,0.051489
0.744982,0.996501,0.068526,0.061158
0.878813,0.807372,0.071586,0.068526
0.711895,0.856974,0.070839,0.071586
0.732320,0.982369,0.069120,0.070839
0.924342,0.819887,0.067896,0.069120
0.738562,0.824015,0.068864,0.067896
0.740677,0.988225,0.072592,0.068864
0.923591,0.810946,0.080618,0.072592
0.735209,0.998205,0.090914,0.080618
0.914092,1.007011,0.108121,0.090914
0.910726,0.853175,0.132363,0.108121
0.725297,0.988428,0.159568,0.132363
0.895389,0.848775,0.190373,0.159568
0.714461,0.860851,0.206606,0.190373
0.848745,1.006043,0.208387,0.206606
0.765997,0.810781,0.188458,0.208387
0.842986,0.846417,0.155129,0.188458
0.731067,0.956452,0.109575,0.155129
0.820458,0.811437,0.059342,0.109575
0.731197,0.836668,0.047898,0.059342
0.684678,0.977400,0.059486,0.047898
0.857792,0.858663,0.063507,0.059486
0.702775,0.792206,0.055831,0.063507
0.715378,0.953080,0.050236,0.055831
0.922738,0.850060,0.056634,0.050236
0.739387,0.855886,0.063137,0.056634
0.740438,0.985744,0.051743,0.063137
1.020890,0.986780,0.084181,0.051743
1.083889,0.936258,0.132447,0.084181
0.972624,0.706560,0.149923,0.132447
0.672938,0.670777,0.152530,0.149923
0.590298,0.706715,0.149678,0.152530
0.639891,0.526441,0.143468,0.149678
0.451658,0.497179,0.138445,0.143468
0.479706,0.593026,0.134899,0.138445
0.441167,0.389209,0.134652,0.134899
0.324186,0.392202,0.138464,0.134652
0.316626,0.416675,0.146384,0.138464
0.346248,0.389230,0.160271,0.146384
0.312435,0.321220,0.178889,0.160271
0.273016,0.232614,0.200946,0.178889
0.218164,0.235839,0.221855,0.200946
0.194420,0.239130,0.241435,0.221855
0.221836,0.175528,0.254140,0.241435
0.169545,0.147531,0.251834,0.254140
0.155040,0.208666,0.236648,0.251834
0.168228,0.127777,0.212420,0.236648
0.122180,0.077317,0.194765,0.212420
0.110624,0.066343,0.183466,0.194765
0.129709,0.088953,0.178943,0.183466
0.092223,0.080718,0.181367,0.178943
0.097173,0.071847,0.186366,0.181367
0.080125,0.061394,0.192217,0.186366
0.091891,0.090056,0.195583,0.192217
0.071641,0.049833,0.197149,0.195583
0.081186,0.027763,0.196887,0.197149
0.076110,0.059495,0.195616,0.196887
0.081657,0.031984,0.193897,0.195616
0.057540,0.051210,0.192573,0.193897
0.044018,0.043538,0.191942,0.192573
0.049905,0.023408,0.191841,0.191942
0.038062,0.022564,0.192098,0.191841
0.037432,0.014193,0.192549,0.192098
0.000000,0.033550,0.192940,0.192549
0.020137,0.025078,0.193033,0.192940
0.018444,0.021786,0.193237,0.193033
0.023375,0.016712,0.193492,0.193237
0.000000,0.022331,0.193358,0.193492
0.000000,0.012514,0.193412,0.193358
0.000000,0.000000,0.000000,0.000000
0.000000,0.016236,2.029125,0.000000
0.000000,0.039175,2.025114,2.029125
0.026430,0.046940,2.013969,2.025114
0.033580,0.043622,2.008291,2.013969
0.027567,0.025717,2.010210,2.008291
0.000000,0.059162,2.023700,2.010210
0.016131,0.020176,2.051975,2.023700
0.000000,0.006016,2.048805,2.051975
0.000000,0.031050,2.046754,2.048805
0.000000,0.030925,2.044753,2.046754
0.000000,0.024764,2.043225,2.044753
0.000000,0.041538,2.042228,2.043225
0.000000,0.028241,2.041215,2.042228
0.000000,0.039359,2.040298,2.041215
0.000000,0.026029,2.039606,2.040298
0.023939,0.020250,2.031730,2.039606
0.070106,0.025278,2.032360,2.031730
0.064377,0.024751,2.034223,2.032360
0.068291,0.009954,2.036496,2.034223
0.064756,0.026054,2.040439,2.036496
0.098353,0.035004,2.042188,2.040439
0.071640,0.008534,2.043375,2.042188
0.087029,0.045814,2.044715,2.043375
0.088966,0.040024,2.045355,2.044715
0.067426,0.039388,2.044622,2.045355
0.062320,0.028043,2.043678,2.044622
0.062522,0.024429,2.041984,2.043678
0.055160,0.032481,2.040137,2.041984
0.047438,0.053332,2.038745,2.040137
0.058577,0.011243,2.038135,2.038745
0.048707,0.015398,2.038185,2.038135
0.054450,0.029350,2.038088,2.038185
0.055807,0.025878,2.037575,2.038088
0.090141,0.016657,2.025476,2.037575
0.181527,0.049167,1.999412,2.025476
0.162230,0.086034,1.960382,1.999412
0.093850,0.184657,1.896428,1.960382
0.118855,0.210517,1.782173,1.896428
0.220469,0.300630,1.671226,1.782173
0.423055,0.481245,1.571116,1.671226
0.573369,0.491595,1.482766,1.571116
0.493309,0.592688,1.423140,1.482766
0.419308,0.752242,1.351503,1.423140
0.577102,0.690099,1.228222,1.351503
0.539234,0.735760,1.094367,1.228222
0.625987,0.935114,0.937196,1.094367
0.591354,0.805032,0.750700,0.937196
0.763776,0.838374,0.608229,0.750700
0.903918,0.951913,0.480385,0.608229
1.095812,0.792372,0.359849,0.480385
0.816442,0.785362,0.281677,0.359849
0.916075,0.966779,0.220358,0.281677
0.916416,0.764191,0.168194,0.220358
0.696262,0.820559,0.136433,0.168194
0.705257,0.904945,0.111937,0.136433
0.818882,0.787548,0.093000,0.111937
0.661044,0.814388,0.084929,0.093000
0.666434,0.961634,0.083135,0.084929
0.852450,0.806175,0.084406,0.083135
0.736018,0.830607,0.083508,0.084406
0.781501,1.006647,0.080138,0.083508
1.001624,0.825098,0.074702,0.080138
0.810844,1.020619,0.072360,0.074702
1.007991,0.942087,0.077503,0.072360
0.991265,0.822860,0.087581,0.077503
0.789319,0.967065,0.093343,0.087581
0.979058,0.822258,0.088221,0.093343
0.773474,0.898176,0.073968,0.088221
0.915905,1.090630,0.061094,0.073968
0.816822,0.916280,0.059792,0.061094
0.920490,0.962690,0.061405,0.059792
0.829748,1.103982,0.058520,0.061405
0.944732,0.927443,0.052096,0.058520
0.844844,1.093793,0.048320,0.052096
0.999902,1.058431,0.048117,0.048320
0.938550,0.887567,0.050477,0.048117
0.835477,1.098296,0.052618,0.050477
0.971336,1.055636,0.054646,0.052618
0.956680,1.050138,0.057004,0.054646
0.899228,0.876383,0.060345,0.057004
0.796629,0.895645,0.064283,0.060345
0.739827,1.013504,0.069701,0.064283
0.917654,0.840287,0.077451,0.069701
0.734039,0.887470,0.085268,0.077451
0.729834,0.969516,0.095069,0.085268
0.917097,0.870627,0.109995,0.095069
0.736276,0.849573,0.126951,0.109995
0.732055,1.013378,0.150754,0.126951
0.904008,0.828010,0.183838,0.150754
0.704731,0.836375,0.207387,0.183838
0.842723,0.993111,0.220060,0.207387
0.770092,0.827749,0.214634,0.220060
0.854772,0.842466,0.192588,0.214634
0.747780,0.952480,0.155528,0.192588
0.823553,0.823398,0.100927,0.155528
0.731898,0.872875,0.063297,0.100927
0.735260,1.015560,0.056655,0.063297
0.958708,0.838202,0.067684,0.056655
0.763738,0.848780,0.065642,0.067684
0.745733,1.007099,0.054434,0.065642
0.928282,0.790921,0.049616,0.054434
0.736892,0.826653,0.057424,0.049616
0.742432,1.007493,0.066927,0.057424
0.908813,0.827215,0.072586,0.066927
0.726879,0.850608,0.072893,0.072586
0.851436,1.001343,0.071417,0.072893
0.765615,0.805990,0.070109,0.071417
0.853201,0.832885,0.070641,0.070109
0.765680,0.999734,0.073950,0.070641
0.863452,0.799783,0.081720,0.073950
0.768071,0.844368,0.091292,0.081720
0.721814,0.987709,0.104570,0.091292
0.940928,0.825139,0.126448,0.104570
0.754966,0.834413,0.149086,0.126448
0.753432,0.960775,0.169768,0.149086
0.921768,0.838202,0.181087,0.169768
0.740191,0.857042,0.174626,0.181087
0.739326,0.960745,0.151865,0.174626
0.916429,0.849440,0.108085,0.151865
0.727213,0.809364,0.068449,0.108085
0.796531,0.981653,0.049799,0.068449
0.718819,0.839365,0.060807,0.049799
0.794545,0.867005,0.065853,0.060807
0.739695,0.974208,0.059752,0.065853
0.852259,0.794242,0.052537,0.059752
0.764601,0.835142,0.055611,0.052537
0.705483,1.017700,0.063443,0.055611
0.872834,0.822132,0.070209,0.063443
0.726335,0.851776,0.072047,0.070209
0.731507,1.009616,0.070901,0.072047
0.933123,0.857210,0.068319,0.070901
0.743835,0.822603,0.066984,0.068319
0.744584,0.988834,0.067928,0.066984
0.933599,1.005501,0.072339,0.067928
0.930127,0.957892,0.080786,0.072339
0.923026,0.825915,0.093014,0.080786
0.733841,0.862157,0.107286,0.093014
0.727350,1.010442,0.127566,0.107286
0.904634,0.819203,0.156060,0.127566
0.710681,0.812357,0.175784,0.156060
0.834109,0.965120,0.184484,0.175784
0.888704,0.844880,0.174837,0.184484
0.710333,0.823290,0.149854,0.174837
0.722806,0.949028,0.111488,0.149854
0.827093,0.953494,0.066452,0.111488
0.844628,0.985393,0.056130,0.066452
0.801632,0.821992,0.067852,0.056130
0.729630,0.857376,0.068307,0.067852
0.703699,0.991854,0.060818,0.068307
0.903917,0.809610,0.057731,0.060818
0.732243,0.854981,0.063915,0.057731
0.737716,1.012511,0.070995,0.063915
0.924474,0.820289,0.060655,0.070995
0.805831,0.843137,0.061309,0.060655
0.851260,0.938980,0.107454,0.061309
1.052855,0.769365,0.140799,0.107454
0.751064,0.741332,0.150561,0.140799
0.769367,0.787692,0.151677,0.150561
0.604959,0.556642,0.147092,0.151677
0.592576,0.643296,0.141615,0.147092
0.535839,0.551715,0.135947,0.141615
0.403082,0.453493,0.133545,0.135947
0.413180,0.485299,0.135257,0.133545
0.389579,0.355928,0.142233,0.135257
0.293338,0.361726,0.151646,0.142233
0.284981,0.351194,0.164280,0.151646
0.307319,0.305393,0.182464,0.164280
0.277683,0.275025,0.204197,0.182464
0.239701,0.275169,0.226381,0.204197
0.229518,0.214678,0.240441,0.226381
0.212220,0.159050,0.238529,0.240441
0.161222,0.151445,0.224984,0.238529
0.154023,0.166090,0.206413,0.224984
0.156861,0.118067,0.187105,0.206413
0.146907,0.103232,0.175583,0.187105
0.128251,0.090729,0.172927,0.175583
0.106721,0.091542,0.175558,0.172927
0.096286,0.049645,0.180074,0.175558
0.108675,0.049694,0.184960,0.180074
0.085393,0.055477,0.187631,0.184960
0.084321,0.046492,0.188612,0.187631
0.098276,0.042468,0.188015,0.188612
0.075158,0.037715,0.186659,0.188015
0.065207,0.060374,0.185156,0.186659
0.058086,0.047863,0.183874,0.185156
0.041440,0.036734,0.183350,0.183874
0.044515,0.014828,0.183311,0.183350
0.034565,0.043865,0.183591,0.183311
0.033777,0.018831,0.184033,0.183591
0.026722,0.019642,0.184441,0.184033
0.026486,0.020158,0.184719,0.184441
0.023239,0.030270,0.184744,0.184719
0.031782,0.004019,0.184790,0.184744
0.025294,0.011558,0.184698,0.184790
0.026667,0.019037,0.184563,0.184698
0.022182,0.011073,0.184505,0.184563
0.000000,0.036548,0.184804,0.184505
0.000000,0.026746,0.185194,0.184804
0.000000,0.033568,0.185299,0.185194
0.000000,0.013761,0.185525,0.185299
0.000000,0.027126,0.185620,0.185525
0.000000,0.000000,0.000000,0.000000
0.000000,0.030535,2.023425,0.000000
0.000000,0.013347,1.986979,2.023425
0.028527,0.044190,1.941752,1.986979
0.028063,0.066706,1.920990,1.941752
0.022364,0.039344,1.928846,1.920990
0.000000,0.012341,1.938498,1.928846
0.000000,0.037686,1.943863,1.938498
0.000000,0.031468,1.942239,1.943863
0.000000,0.050888,1.940928,1.942239
0.000000,0.041994,1.941057,1.940928
0.017212,0.015990,1.941943,1.941057
0.000000,0.040354,1.943225,1.941943
0.017122,0.039087,1.945060,1.943225
0.000000,0.013695,1.945888,1.945060
0.000000,0.042086,1.945538,1.945888
0.041000,0.017900,1.938303,1.945538
0.036275,0.024794,1.934017,1.938303
0.036122,0.024494,1.929616,1.934017
0.046684,0.017957,1.926907,1.929616
0.034589,0.026673,1.927364,1.926907
0.048417,0.013689,1.930080,1.927364
0.054083,0.044310,1.934860,1.930080
0.045987,0.027115,1.938569,1.934860
0.062207,0.021030,1.940643,1.938569
0.064177,0.031973,1.941564,1.940643
0.067129,0.007389,1.941870,1.941564
0.067639,0.033955,1.942045,1.941870
0.072578,0.064594,1.942678,1.942045
0.068704,0.028520,1.943634,1.942678
0.058475,0.009405,1.944730,1.943634
0.068011,0.028677,1.945693,1.944730
0.051506,0.028113,1.945957,1.945693
0.039009,0.059422,1.945534,1.945957
0.043450,0.058922,1.943337,1.945534
0.053643,0.027602,1.940776,1.943337
0.067753,0.056428,1.938822,1.940776
0.095347,0.027847,1.927541,1.938822
0.138413,0.059609,1.903094,1.927541
0.109807,0.090888,1.854726,1.903094
0.043789,0.185865,1.787207,1.854726
0.133331,0.327323,1.689351,1.787207
0.365279,0.348726,1.562315,1.689351
0.377400,0.442529,1.463817,1.562315
0.484996,0.630467,1.375708,1.463817
0.595387,0.600657,1.281574,1.375708
0.451544,0.679320,1.187089,1.281574
0.543051,0.856011,1.064294,1.187089
0.829360,0.775482,0.895962,1.064294
0.717219,0.788773,0.750108,0.895962
0.813562,0.972359,0.611187,0.750108
1.215804,0.806797,0.466633,0.611187
0.958523,0.806496,0.363616,0.466633
0.887020,0.937440,0.277387,0.363616
1.039451,0.810474,0.199502,0.277387
0.786744,0.772241,0.150306,0.199502
0.884727,0.907679,0.114899,0.150306
0.877614,0.775104,0.093097,0.114899
0.693685,0.790023,0.086766,0.093097
0.737891,0.933746,0.086768,0.086766
0.871897,0.800881,0.088382,0.086768
0.703036,0.834178,0.088062,0.088382
0.706846,0.963297,0.085334,0.088062
0.876264,0.798543,0.079548,0.085334
0.742939,0.833784,0.073992,0.079548
0.765792,0.983677,0.069617,0.073992
0.976933,0.808414,0.067790,0.069617
0.800280,0.809444,0.069323,0.067790
0.802326,1.036120,0.072017,0.069323
0.999668,0.840511,0.070741,0.072017
0.808715,0.835352,0.063861,0.070741
0.954079,1.110047,0.057900,0.063861
0.996800,0.914368,0.056255,0.057900
0.807486,0.925285,0.055112,0.056255
0.851448,1.069603,0.052015,0.055112
1.007609,0.885749,0.047859,0.052015
0.803761,0.909837,0.045943,0.047859
0.803819,1.125233,0.045919,0.045943
0.981347,0.894122,0.047255,0.045919
0.778798,0.894833,0.048354,0.047255
0.784072,1.072497,0.049450,0.048354
0.965101,0.858511,0.050643,0.049450
0.764431,0.886041,0.052010,0.050643
0.758311,1.075572,0.054084,0.052010
0.929365,0.890421,0.057634,0.054084
0.739954,0.872138,0.061279,0.057634
0.875211,1.025293,0.066046,0.061279
0.916329,0.864144,0.073145,0.066046
0.726826,0.994107,0.080649,0.073145
0.911509,1.007405,0.093645,0.080649
0.913618,0.859872,0.112758,0.093645
0.771137,1.010805,0.136408,0.112758
0.855222,0.821825,0.169346,0.136408
0.759636,0.854644,0.192446,0.169346
0.711094,0.984522,0.204508,0.192446
0.902175,0.837661,0.198657,0.204508
0.716341,0.879104,0.176289,0.198657
0.708738,0.958955,0.138924,0.176289
0.901745,0.834806,0.085968,0.138924
0.750676,0.863902,0.055700,0.085968
0.766704,0.993560,0.058053,0.055700
0.935329,0.816454,0.068931,0.058053
0.726207,0.823746,0.065452,0.068931
0.860128,0.971888,0.055588,0.065452
0.758433,0.838825,0.054576,0.055588
0.829948,0.833276,0.063348,0.054576
0.759902,0.966577,0.071942,0.063348
0.852181,0.857630,0.076108,0.071942
0.764251,0.843073,0.075437,0.076108
0.715356,0.970005,0.073372,0.075437
0.898422,0.792386,0.071448,0.073372
0.722688,0.857158,0.071479,0.071448
0.725841,0.962506,0.073710,0.071479
0.924777,0.809687,0.079918,0.073710
0.737751,0.859712,0.089049,0.079918
0.748627,0.993279,0.103554,0.089049
0.908118,0.829052,0.128948,0.103554
0.704826,0.867711,0.155647,0.128948
0.854137,0.986965,0.180593,0.155647
0.787022,0.843585,0.196343,0.180593
0.885087,0.839000,0.192688,0.196343
0.791261,0.980750,0.172193,0.192688
0.884105,0.807576,0.129763,0.172193
0.795065,0.861685,0.086181,0.129763
0.750280,0.981069,0.052843,0.086181
0.930348,0.825389,0.053394,0.052843
0.765612,0.848953,0.061724,0.053394
0.757085,0.975573,0.058285,0.061724
0.890764,0.841418,0.047910,0.058285
0.686374,0.842337,0.048198,0.047910
0.677585,0.981992,0.056694,0.048198
0.853040,0.818251,0.065966,0.056694
0.686219,0.856426,0.069824,0.065966
0.831307,0.977611,0.070606,0.069824
0.772233,0.819240,0.069068,0.070606
0.877938,0.844949,0.068202,0.069068
0.789034,0.989584,0.069057,0.068202
0.882608,0.999219,0.073831,0.069057
0.929224,0.956003,0.082954,0.073831
0.923226,0.796274,0.097460,0.082954
0.730942,0.851744,0.114595,0.097460
0.772048,0.999701,0.138496,0.114595
0.902808,0.784744,0.172769,0.138496
0.703165,0.825637,0.199185,0.172769
0.701512,1.004147,0.215810,0.199185
0.878235,0.840920,0.215208,0.215810
0.710352,0.831211,0.196577,0.215208
0.699690,0.956977,0.162179,0.196577
0.841786,0.816045,0.109047,0.162179
0.669645,0.881533,0.068419,0.109047
0.687327,1.002303,0.054334,0.068419
0.850520,0.812336,0.064478,0.054334
0.689454,0.837238,0.066320,0.064478
0.844134,1.005211,0.057859,0.066320
0.914050,0.850906,0.050954,0.057859
0.744576,0.860300,0.056165,0.050954
0.790570,0.988449,0.058864,0.056165
0.982915,0.847077,0.056729,0.058864
0.845975,0.818289,0.101877,0.056729
0.863641,0.908122,0.138977,0.101877
0.957558,0.687397,0.155160,0.138977
0.662957,0.698118,0.156685,0.155160
0.582582,0.736500,0.152448,0.156685
0.622152,0.547695,0.144743,0.152448
0.449545,0.537155,0.139033,0.144743
0.395262,0.512583,0.136021,0.139033
0.433217,0.408659,0.137604,0.136021
0.318292,0.384582,0.143096,0.137604
0.351638,0.390006,0.152198,0.143096
0.341037,0.293612,0.166204,0.152198
0.251890,0.275133,0.180047,0.166204
0.245533,0.291993,0.195883,0.180047
0.257868,0.235983,0.216228,0.195883
0.184346,0.199504,0.232073,0.216228
0.172933,0.245175,0.242144,0.232073
0.200812,0.153601,0.239542,0.242144
0.146987,0.170223,0.227006,0.239542
0.141215,0.173412,0.210815,0.227006
0.162377,0.091040,0.194854,0.210815
0.125637,0.097912,0.186007,0.194854
0.118121,0.076990,0.182485,0.186007
0.130670,0.089618,0.184550,0.182485
0.096300,0.082082,0.188320,0.184550
0.107549,0.064989,0.192271,0.188320
0.087437,0.049691,0.195529,0.192271
0.089898,0.062852,0.196640,0.195529
0.074639,0.049749,0.196429,0.196640
0.081524,0.030202,0.195162,0.196429
0.063697,0.026857,0.193942,0.195162
0.051036,0.016814,0.192961,0.193942
0.061108,0.030963,0.192307,0.192961
0.044477,0.042172,0.192154,0.192307
0.034516,0.001813,0.192184,0.192154
0.040439,0.040974,0.192223,0.192184
0.030591,0.035170,0.192383,0.192223
0.023083,0.024536,0.192586,0.192383
0.028602,0.042672,0.192934,0.192586
0.024931,0.014826,0.193227,0.192934
0.027631,0.029271,0.193515,0.193227
0.031735,0.018195,0.193602,0.193515
0.026333,0.027916,0.193845,0.193602
0.000000,0.021134,0.193879,0.193845
0.000000,0.010058,0.193898,0.193879
0.000000,0.004531,0.193922,0.193898
0.000000,0.012389,0.193916,0.193922
0.000000,0.016127,0.193958,0.193916
0.000000,0.018951,0.193987,0.193958
0.000000,0.000000,0.000000,0.000000
0.000000,0.053266,2.024381,0.000000
0.020506,0.042944,2.003716,2.024381
0.025247,0.036457,1.986664,2.003716
0.031093,0.047663,1.978157,1.986664
0.000000,0.044420,1.982378,1.978157
0.000000,0.031450,1.986586,1.982378
0.000000,0.021144,1.980391,1.986586
0.000000,0.013677,1.979773,1.980391
0.000000,0.019147,1.979443,1.979773
0.000000,0.029495,1.978626,1.979443
0.000000,0.056854,1.976751,1.978626
0.000000,0.040698,1.974028,1.976751
0.000000,0.022838,1.971832,1.974028
0.027460,0.020745,1.968665,1.971832
0.035244,0.008846,1.964502,1.968665
0.031761,0.037026,1.959550,1.964502
0.020424,0.013498,1.963885,1.959550
0.017778,0.019518,1.969811,1.963885
0.000000,0.047972,1.975392,1.969811
0.026973,0.031475,1.977138,1.975392
0.071659,0.017959,1.975180,1.977138
0.071031,0.044337,1.972627,1.975180
0.073067,0.049844,1.970189,1.972627
0.094518,0.042211,1.968867,1.970189
0.080155,0.040167,1.969493,1.968867
0.080452,0.056289,1.971242,1.969493
0.093672,0.048477,1.974489,1.971242
0.076263,0.028964,1.976911,1.974489
0.061328,0.046605,1.977229,1.976911
0.072766,0.036985,1.975225,1.977229
0.054983,0.022824,1.972146,1.975225
0.084962,0.023231,1.968140,1.972146
0.079802,0.011506,1.962457,1.968140
0.160892,0.036689,1.925845,1.962457
0.134758,0.088534,1.881691,1.925845
0.066238,0.200131,1.829449,1.881691
0.098182,0.274029,1.737599,1.829449
0.231766,0.311771,1.637807,1.737599
0.438258,0.495608,1.532793,1.637807
0.535623,0.499518,1.420676,1.532793
0.494804,0.604852,1.336021,1.420676
0.434130,0.755727,1.244351,1.336021
0.620481,0.698423,1.110607,1.244351
0.633607,0.724658,0.976653,1.110607
0.585715,0.969676,0.825094,0.976653
0.731423,0.815377,0.656691,0.825094
0.864385,0.986267,0.535496,0.656691
1.190989,0.923982,0.402984,0.535496
1.134708,0.816479,0.296394,0.402984
0.857265,0.921552,0.225525,0.296394
0.991287,0.800161,0.166302,0.225525
0.747157,0.771407,0.132116,0.166302
0.694193,0.938110,0.108030,0.132116
0.844809,0.791007,0.092724,0.108030
0.671050,0.816845,0.087806,0.092724
0.801776,0.919726,0.086534,0.087806
0.858839,0.807827,0.086256,0.086534
0.712166,0.814135,0.085093,0.086256
0.802225,0.966430,0.081214,0.085093
0.980027,0.795230,0.075899,0.081214
0.792839,0.829582,0.073128,0.075899
0.804748,0.971416,0.073398,0.073128
1.000464,0.808172,0.081743,0.073398
0.789464,0.843811,0.091250,0.081743
0.777678,0.995420,0.096936,0.091250
0.972128,0.798161,0.090369,0.096936
0.785109,0.943485,0.074825,0.090369
0.776097,1.099282,0.061955,0.074825
0.969670,0.920043,0.060464,0.061955
0.782118,0.938301,0.061100,0.060464
0.945243,1.094817,0.057377,0.061100
0.999403,0.901557,0.050671,0.057377
0.792701,0.927170,0.047166,0.050671
0.842037,1.091768,0.046764,0.047166
0.993044,0.908482,0.048408,0.046764
0.790003,0.911917,0.049567,0.048408
0.794401,1.037947,0.050250,0.049567
0.976302,0.894842,0.051400,0.050250
0.768817,0.894710,0.053465,0.051400
0.755398,1.068137,0.056771,0.053465
0.924584,0.851379,0.062285,0.056771
0.738986,0.888036,0.068446,0.062285
0.732935,0.985304,0.076152,0.068446
0.920898,0.867063,0.087619,0.076152
0.738066,0.841333,0.100272,0.087619
0.868131,1.037719,0.116961,0.100272
0.919102,0.839738,0.143301,0.116961
0.740778,0.849587,0.171243,0.143301
0.781893,0.961151,0.199062,0.171243
0.920248,0.809082,0.220276,0.199062
0.737537,0.854022,0.222760,0.220276
0.725984,0.987529,0.209058,0.222760
0.893949,0.812728,0.173237,0.209058
0.700942,0.833821,0.130452,0.173237
0.744959,0.996072,0.083880,0.130452
0.979348,0.836510,0.054303,0.083880
0.771726,0.835246,0.060032,0.054303
0.750044,0.980612,0.067247,0.060032
0.903883,0.821591,0.062120,0.067247
0.706900,0.857690,0.055239,0.062120
0.829117,0.961176,0.056469,0.055239
0.873316,0.797801,0.065885,0.056469
0.704694,0.872575,0.072049,0.065885
0.753084,1.012312,0.074090,0.072049
0.890003,0.812657,0.072245,0.074090
0.721881,0.844926,0.069671,0.072245
0.729036,0.989698,0.067420,0.069671
0.909795,0.843151,0.067136,0.067420
0.735933,0.865147,0.069833,0.067136
0.736565,0.985242,0.075970,0.069833
0.935944,0.824612,0.088564,0.075970
0.756148,0.859540,0.105180,0.088564
0.768603,0.981507,0.128807,0.105180
0.984517,0.793386,0.157594,0.128807
0.791347,0.843765,0.173851,0.157594
0.899475,0.968120,0.176534,0.173851
0.923340,0.819973,0.158701,0.176534
0.749233,1.014352,0.127757,0.158701
0.941887,1.002738,0.079083,0.127757
0.881943,0.857239,0.050374,0.079083
0.719699,0.971912,0.056715,0.050374
0.805608,0.804229,0.063407,0.056715
0.740777,0.841138,0.058030,0.063407
0.709294,0.992799,0.051832,0.058030
0.921609,0.828300,0.055446,0.051832
0.714748,0.819125,0.062415,0.055446
0.709086,0.992415,0.067447,0.062415
0.893114,0.821941,0.069123,0.067447
0.727240,0.828107,0.068145,0.069123
0.733830,1.002693,0.066754,0.068145
0.920932,0.792061,0.066829,0.066754
0.735224,0.800108,0.069277,0.066829
0.876059,0.989512,0.074056,0.069277
0.782570,0.841990,0.082632,0.074056
0.868915,0.845728,0.092450,0.082632
0.780714,1.009234,0.106212,0.092450
0.870866,0.836731,0.129094,0.106212
0.778545,0.830960,0.155369,0.129094
0.722076,0.996055,0.183546,0.155369
0.893699,0.860460,0.206795,0.183546
0.720264,0.870358,0.211443,0.206795
0.722819,0.956933,0.199225,0.211443
0.900475,0.836257,0.164113,0.199225
0.683408,0.831064,0.121133,0.164113
0.689029,0.967600,0.074203,0.121133
0.848890,0.812776,0.046290,0.074203
0.681180,0.841338,0.054725,0.046290
0.822959,1.027580,0.061514,0.054725
0.749545,0.788405,0.054461,0.061514
0.861774,0.827644,0.047105,0.054461
0.769839,1.010844,0.049841,0.047105
0.857929,0.825573,0.058256,0.049841
0.782666,0.851740,0.048562,0.058256
0.808070,0.955795,0.073166,0.048562
1.070623,0.766058,0.125934,0.073166
0.804535,0.772109,0.145296,0.125934
0.705248,0.810849,0.150547,0.145296
0.742444,0.610304,0.147485,0.150547
0.526786,0.566171,0.141729,0.147485
0.472345,0.612809,0.136094,0.141729
0.510525,0.474264,0.132506,0.136094
0.370851,0.423509,0.133304,0.132506
0.399119,0.468717,0.137965,0.133304
0.326545,0.359297,0.147719,0.137965
0.336342,0.289078,0.158623,0.147719
0.274358,0.353935,0.172005,0.158623
0.282352,0.259674,0.190406,0.172005
0.229537,0.300621,0.208010,0.190406
0.241814,0.239009,0.230654,0.208010
0.215213,0.200179,0.245693,0.230654
0.179191,0.217586,0.246768,0.245693
0.193843,0.164309,0.233673,0.246768
0.150081,0.140050,0.217493,0.233673
0.138926,0.114888,0.201629,0.217493
0.146028,0.123936,0.188933,0.201629
0.107623,0.091292,0.184543,0.188933
0.103751,0.076964,0.185342,0.184543
0.124113,0.036770,0.189736,0.185342
0.093704,0.077332,0.193792,0.189736
0.087182,0.109842,0.196987,0.193792
0.102772,0.050900,0.198675,0.196987
0.078980,0.058086,0.198625,0.198675
0.091367,0.035272,0.197673,0.198625
0.087810,0.033979,0.196230,0.197673
0.059411,0.019973,0.195169,0.196230
0.053914,0.001240,0.194371,0.195169
0.059297,0.031363,0.193997,0.194371
0.043459,0.028990,0.194061,0.193997
0.040440,0.061014,0.194281,0.194061
0.048463,0.008394,0.194724,0.194281
0.036515,0.022434,0.195177,0.194724
0.035749,0.014361,0.195453,0.195177
0.038066,0.024329,0.195593,0.195453
0.027467,0.051922,0.195534,0.195593
0.000000,0.019521,0.195293,0.195534
0.000000,0.002235,0.195094,0.195293
0.000000,0.040350,0.194968,0.195094
0.000000,0.039582,0.195476,0.194968
0.000000,0.000000,0.000000,0.000000
0.000000,0.029467,2.028234,0.000000
0.022505,0.038452,2.015494,2.028234
0.032374,0.050264,1.996863,2.015494
0.030630,0.048808,1.987406,1.996863
0.026400,0.034364,1.996945,1.987406
0.000000,0.036068,2.017788,1.996945
0.000000,0.023897,2.015982,2.017788
0.000000,0.020609,2.013949,2.015982
0.000000,0.021970,2.011997,2.013949
0.000000,0.046539,2.010001,2.011997
0.035818,0.024696,2.003798,2.010001
0.030257,0.053075,1.992063,2.003798
0.000000,0.019860,1.996816,1.992063
0.027928,0.037827,2.002800,1.996816
0.016546,0.020861,2.007214,2.002800
0.022219,0.015508,2.009956,2.007214
0.034891,0.046923,2.009368,2.009956
0.027003,0.039591,2.007364,2.009368
0.023651,0.068438,2.005749,2.007364
0.025603,0.038272,2.005119,2.005749
0.030321,0.026752,2.005427,2.005119
0.048541,0.030780,2.006439,2.005427
0.043979,0.019394,2.007924,2.006439
0.050945,0.028811,2.009231,2.007924
0.063009,0.021559,2.003521,2.009231
0.107142,0.051189,1.988463,2.003521
0.187474,0.031232,1.958938,1.988463
0.177616,0.106044,1.918940,1.958938
0.061556,0.160868,1.852390,1.918940
0.146366,0.272999,1.730245,1.852390
0.277228,0.343825,1.618170,1.730245
0.451510,0.477732,1.523913,1.618170
0.531918,0.630268,1.441378,1.523913
0.567500,0.747576,1.367082,1.441378
0.535146,0.663510,1.263494,1.367082
0.525811,0.709790,1.143880,1.263494
0.686386,0.925366,0.997243,1.143880
0.533509,0.794710,0.811235,0.997243
0.582424,0.829550,0.663913,0.811235
0.874760,0.982441,0.528092,0.663913
1.126151,0.799818,0.393770,0.528092
0.860026,0.764767,0.304282,0.393770
0.797825,0.931374,0.233835,0.304282
0.949254,0.780335,0.176231,0.233835
0.715190,0.757514,0.142673,0.176231
0.817087,0.978968,0.116892,0.142673
0.712094,0.788909,0.096618,0.116892
0.798337,0.971459,0.087682,0.096618
0.840746,0.934804,0.084455,0.087682
0.727714,0.819709,0.084939,0.084455
0.845743,0.967294,0.084558,0.084939
0.971723,0.831168,0.080807,0.084558
0.819322,0.830186,0.076842,0.080807
0.884526,0.923526,0.074568,0.076842
1.018393,0.997075,0.079736,0.074568
0.985071,1.012401,0.092429,0.079736
0.928511,0.793080,0.102653,0.092429
0.844482,0.834000,0.101416,0.102653
0.788387,1.033270,0.088219,0.101416
0.979523,0.911022,0.066650,0.088219
0.791739,0.922157,0.059050,0.066650
0.812669,1.087461,0.060531,0.059050
1.013575,0.927908,0.059074,0.060531
0.803039,0.951135,0.053683,0.059074
0.799837,1.071132,0.049031,0.053683
0.986347,0.899901,0.047440,0.049031
0.793669,1.114557,0.048602,0.047440
0.986171,1.072271,0.050117,0.048602
0.986396,0.922989,0.050940,0.050117
0.778554,1.052909,0.051793,0.050940
0.964921,0.878299,0.053526,0.051793
0.759907,0.891631,0.055835,0.053526
0.890261,1.050826,0.059719,0.055835
0.925960,0.850532,0.066707,0.059719
0.732923,0.875428,0.074712,0.066707
0.775973,1.007186,0.084903,0.074712
0.914165,0.846665,0.100100,0.084903
0.725421,0.869409,0.116291,0.100100
0.724699,0.970337,0.137979,0.116291
0.902495,0.867048,0.171286,0.137979
0.712681,0.834673,0.199559,0.171286
0.710901,0.989200,0.220363,0.199559
0.896451,0.815574,0.226660,0.220363
0.726335,0.845033,0.214550,0.226660
0.723528,0.978808,0.186405,0.214550
0.878484,0.821569,0.137216,0.186405
0.681375,0.859383,0.090315,0.137216
0.785050,0.991300,0.056448,0.090315
0.844458,0.830680,0.058482,0.056448
0.681925,0.841992,0.067682,0.058482
0.738350,0.973437,0.065371,0.067682
0.889670,1.011333,0.055718,0.065371
0.887523,0.984142,0.056652,0.055718
0.863288,0.816602,0.066146,0.056652
0.775233,0.853895,0.071877,0.066146
0.715826,0.996402,0.073285,0.071877
0.903950,0.830445,0.071417,0.073285
0.729068,0.858117,0.069391,0.071417
0.732496,0.998107,0.068264,0.069391
0.911059,0.828753,0.069780,0.068264
0.738193,0.824718,0.074204,0.069780
0.736189,0.974617,0.082298,0.074204
0.913280,0.832444,0.097166,0.082298
0.719921,0.837189,0.115024,0.097166
0.864956,0.963811,0.138457,0.115024
0.798481,0.850038,0.164100,0.138457
0.888338,0.832083,0.175538,0.164100
0.769485,0.968872,0.172251,0.175538
0.867934,0.839444,0.147598,0.172251
0.800523,0.825352,0.112310,0.147598
0.758023,1.028757,0.072113,0.112310
0.979210,0.816814,0.049947,0.072113
0.789213,0.863050,0.057219,0.049947
0.770859,0.978997,0.061059,0.057219
0.938002,0.822859,0.052757,0.061059
0.725720,0.824514,0.046926,0.052757
0.703742,1.012043,0.050873,0.046926
0.862042,0.801840,0.060837,0.050873
0.692935,0.847493,0.066985,0.060837
0.827673,0.948611,0.069776,0.066985
0.743116,0.818199,0.069733,0.069776
0.851094,0.829601,0.068884,0.069733
0.776244,0.992355,0.068521,0.068884
0.869830,0.812358,0.070346,0.068521
0.786028,0.845521,0.074619,0.070346
0.738324,0.994651,0.081734,0.074619
0.918512,0.833552,0.093894,0.081734
0.731412,0.814092,0.107765,0.093894
0.728918,0.973728,0.126740,0.107765
0.905342,0.838355,0.156291,0.126740
0.718670,0.838961,0.181764,0.156291
0.710059,0.979153,0.200216,0.181764
0.883297,0.825389,0.204012,0.200216
0.717367,0.847964,0.189628,0.204012
0.852557,1.009222,0.159096,0.189628
0.731539,0.837557,0.108238,0.159096
0.823542,0.857937,0.066451,0.108238
0.754104,0.995255,0.049318,0.066451
0.834275,0.872780,0.058652,0.049318
0.753420,0.986441,0.060530,0.058652
0.902913,0.990887,0.049675,0.060530
0.870946,0.822945,0.044396,0.049675
0.792203,1.002754,0.051812,0.044396
0.927108,0.817286,0.058771,0.051812
0.758393,0.825995,0.052330,0.058771
0.821667,0.985043,0.087244,0.052330
1.077148,0.788986,0.135950,0.087244
0.796464,0.767412,0.152032,0.135950
0.686181,0.783748,0.155619,0.152032
0.722311,0.729173,0.151807,0.155619
0.617667,0.625937,0.144332,0.151807
0.536735,0.493573,0.137910,0.144332
0.387369,0.431628,0.134784,0.137910
0.353503,0.471903,0.134359,0.134784
0.387818,0.383018,0.138122,0.134359
0.289624,0.310344,0.144829,0.138122
0.318116,0.316727,0.154803,0.144829
0.256293,0.258856,0.170196,0.154803
0.266686,0.244191,0.185744,0.170196
0.225701,0.305423,0.203879,0.185744
0.232278,0.206625,0.224112,0.203879
0.196166,0.243257,0.233674,0.224112
0.219046,0.205360,0.230832,0.233674
0.192017,0.159991,0.214479,0.230832
0.161768,0.168637,0.197849,0.214479
0.171362,0.146628,0.182331,0.197849
0.151979,0.132219,0.174369,0.182331
0.131226,0.061782,0.173858,0.174369
0.102295,0.079549,0.176775,0.173858
0.108695,0.071459,0.181382,0.176775
0.087502,0.043086,0.184743,0.181382
0.076550,0.033898,0.186041,0.184743
0.086611,0.058797,0.185846,0.186041
0.064685,0.041898,0.184765,0.185846
0.058478,0.024997,0.183418,0.184765
0.068515,0.028982,0.182163,0.183418
0.048055,0.053717,0.181606,0.182163
0.044192,0.015073,0.181521,0.181606
0.052398,0.017299,0.181794,0.181521
0.044573,0.025922,0.182170,0.181794
0.042582,0.032985,0.182711,0.182170
0.049066,0.032145,0.183308,0.182711
0.034963,0.025696,0.183441,0.183308
0.041067,0.021174,0.183300,0.183441
0.028860,0.021038,0.182997,0.183300
0.000000,0.042459,0.182466,0.182997
0.000000,0.034987,0.183162,0.182466
0.000000,0.021675,0.183371,0.183162
0.000000,0.000000,0.000000,0.000000
0.000000,0.016855,2.028809,0.000000
0.000000,0.034267,2.026420,2.028809
0.026129,0.048000,2.016671,2.026420
0.037068,0.055156,2.009398,2.016671
0.028212,0.054961,2.002977,2.009398
0.017540,0.022816,2.007508,2.002977
0.000000,0.041818,2.037671,2.007508
0.000000,0.047207,2.035755,2.037671
0.017940,0.018156,2.034343,2.035755
0.023573,0.040727,2.033363,2.034343
0.017372,0.046038,2.032589,2.033363
0.000000,0.008142,2.031273,2.032589
0.020748,0.025669,2.021560,2.031273
0.020303,0.014847,2.018323,2.021560
0.033125,0.027478,2.016406,2.018323
0.028060,0.037401,2.017172,2.016406
0.028045,0.038658,2.019329,2.017172
0.037499,0.033451,2.022439,2.019329
0.031863,0.032899,2.024821,2.022439
0.034387,0.043759,2.026608,2.024821
0.032678,0.010299,2.027830,2.026608
0.036975,0.036410,2.029042,2.027830
0.046271,0.035448,2.030306,2.029042
0.060310,0.006598,2.031372,2.030306
0.062295,0.032609,2.031718,2.031372
0.060720,0.076084,2.031585,2.031718
0.083943,0.046667,2.031633,2.031585
0.069827,0.021000,2.032394,2.031633
0.065150,0.040011,2.033416,2.032394
0.079531,0.037306,2.034373,2.033416
0.053433,0.033550,2.034098,2.034373
0.049420,0.011575,2.032274,2.034098
0.038380,0.051834,2.029381,2.032274
0.034243,0.026497,2.027517,2.029381
0.021509,0.014288,2.026818,2.027517
0.178489,0.038172,1.998172,2.026818
0.172503,0.074167,1.957025,1.998172
0.105979,0.145811,1.903733,1.957025
0.024489,0.257590,1.819669,1.903733
0.215394,0.283748,1.690169,1.819669
0.326815,0.422659,1.584600,1.690169
0.264155,0.583057,1.497302,1.584600
0.484443,0.544415,1.415708,1.497302
0.371376,0.614802,1.345715,1.415708
0.428108,0.835134,1.248578,1.345715
0.642419,0.734019,1.100138,1.248578
0.567278,0.771895,0.955090,1.100138
0.509810,0.961285,0.798313,0.955090
0.646383,0.791041,0.627092,0.798313
1.045560,0.827921,0.499537,0.627092
0.934037,0.943280,0.388965,0.499537
0.982352,0.776616,0.287823,0.388965
0.836179,0.929871,0.225443,0.287823
0.920306,0.950784,0.171147,0.225443
0.823852,0.818164,0.133372,0.171147
0.714070,0.912075,0.109593,0.133372
0.815183,0.790843,0.091282,0.109593
0.653545,0.801219,0.084375,0.091282
0.669646,0.981467,0.083544,0.084375
0.857537,0.793569,0.084587,0.083544
0.716367,0.802261,0.082775,0.084587
0.760624,0.930449,0.078252,0.082775
0.987315,0.812077,0.071735,0.078252
0.806761,1.015756,0.068256,0.071735
0.993982,0.955101,0.069732,0.068256
0.992820,0.811562,0.075123,0.069732
0.794649,0.999794,0.076946,0.075123
0.997187,0.854814,0.070429,0.076946
0.804224,0.907814,0.063253,0.070429
0.963888,1.075387,0.061271,0.063253
0.863000,0.925863,0.061769,0.061271
0.959402,0.924528,0.059711,0.061769
0.856493,1.106921,0.055957,0.059711
0.956875,0.912340,0.052475,0.055957
0.854145,1.111414,0.051276,0.052475
1.011636,1.075308,0.050814,0.051276
0.953102,0.883354,0.050366,0.050814
0.847452,1.073696,0.049823,0.050366
0.985085,1.106897,0.049624,0.049823
0.968762,1.050546,0.050748,0.049624
0.901824,0.847641,0.054038,0.050748
0.789219,0.863949,0.057886,0.054038
0.738282,1.031595,0.062410,0.057886
0.918280,0.894919,0.068976,0.062410
0.734155,0.840693,0.075991,0.068976
0.734992,0.998213,0.084998,0.075991
0.922980,0.843945,0.098987,0.084998
0.735953,0.878385,0.115239,0.098987
0.742929,0.985773,0.138421,0.115239
0.906906,0.818113,0.171319,0.138421
0.717848,0.866150,0.195228,0.171319
0.847186,1.004834,0.208599,0.195228
0.769496,0.827052,0.204336,0.208599
0.844199,0.861057,0.183159,0.204336
0.744236,1.005178,0.146733,0.183159
0.827972,0.826004,0.093250,0.146733
0.720901,1.011083,0.057895,0.093250
0.841386,0.981079,0.056734,0.057895
0.835267,0.854749,0.067447,0.056734
0.762753,0.994416,0.063206,0.067447
0.895836,0.821326,0.052225,0.063206
0.731708,0.853576,0.051617,0.052225
0.747967,0.988544,0.058500,0.051617
0.928800,0.818891,0.065792,0.058500
0.733746,0.853715,0.068001,0.065792
0.730644,0.998698,0.067351,0.068001
0.905153,0.813616,0.065898,0.067351
0.719034,0.965524,0.066269,0.065898
0.901094,0.952475,0.069721,0.066269
0.891488,0.836777,0.076532,0.069721
0.708708,1.015276,0.085518,0.076532
0.890449,0.817683,0.100414,0.085518
0.729144,0.829373,0.117910,0.100414
0.860281,0.997271,0.142393,0.117910
0.809183,0.849771,0.174285,0.142393
0.922381,0.849481,0.194870,0.174285
0.799189,0.992319,0.202815,0.194870
0.882062,0.820013,0.190693,0.202815
0.787916,0.836474,0.163326,0.190693
0.744321,0.969369,0.122136,0.163326
0.914898,0.823227,0.069981,0.122136
0.748171,0.877757,0.048695,0.069981
0.775337,0.943444,0.057113,0.048695
0.959253,0.823076,0.064125,0.057113
0.737206,0.845737,0.058043,0.064125
0.726268,1.009610,0.051140,0.058043
0.894399,0.805598,0.053794,0.051140
0.707555,0.826036,0.060568,0.053794
0.833901,0.956636,0.065652,0.060568
0.766088,0.820412,0.067892,0.065652
0.873435,0.846985,0.067814,0.067892
0.785008,0.981249,0.067466,0.067814
0.879090,0.779610,0.068575,0.067466
0.788282,0.895477,0.071942,0.068575
0.739980,1.006072,0.078059,0.071942
0.922794,0.835210,0.088859,0.078059
0.732827,0.851665,0.100963,0.088859
0.728237,0.962545,0.117043,0.100963
0.902039,0.813572,0.142914,0.117043
0.710503,0.855369,0.168228,0.142914
0.704214,0.970808,0.190048,0.168228
0.884929,0.801870,0.200554,0.190048
0.715781,0.847129,0.192527,0.200554
0.861786,0.965925,0.167951,0.192527
0.739687,0.823659,0.121824,0.167951
0.812746,0.840454,0.078131,0.121824
0.736018,1.011044,0.051940,0.078131
0.824561,1.012187,0.059344,0.051940
0.871991,0.984959,0.065734,0.059344
0.890866,0.837639,0.055944,0.065734
0.729943,0.858244,0.047933,0.055944
0.781456,0.988182,0.050978,0.047933
0.929111,0.823295,0.060677,0.050978
0.744197,0.838814,0.053101,0.060677
0.805256,0.961686,0.068782,0.053101
1.070433,0.775019,0.124094,0.068782
0.825986,0.754710,0.146226,0.124094
0.727342,0.800870,0.152147,0.146226
0.762977,0.601152,0.148860,0.152147
0.540682,0.615325,0.142786,0.148860
0.480653,0.638491,0.136591,0.142786
0.533026,0.475638,0.132349,0.136591
0.379434,0.427454,0.132477,0.132349
0.405301,0.501865,0.136265,0.132477
0.398832,0.347428,0.144175,0.136265
0.300342,0.332314,0.153161,0.144175
0.295542,0.316946,0.164518,0.153161
0.322539,0.274642,0.180159,0.164518
0.238144,0.283827,0.195443,0.180159
0.218194,0.266438,0.212530,0.195443
0.243584,0.162553,0.227377,0.212530
0.174840,0.156449,0.229956,0.227377
0.163925,0.182880,0.222463,0.229956
0.191547,0.147038,0.206509,0.222463
0.139159,0.138857,0.192749,0.206509
0.126676,0.110586,0.182288,0.192749
0.142837,0.080997,0.175861,0.182288
0.105055,0.078328,0.175382,0.175861
0.111599,0.090654,0.177681,0.175382
0.109340,0.073066,0.181496,0.177681
0.084273,0.044350,0.184055,0.181496
0.083591,0.067144,0.185564,0.184055
0.097595,0.069513,0.185894,0.185564
0.070831,0.016078,0.185322,0.185894
0.068255,0.051414,0.184405,0.185322
0.081265,0.045591,0.183318,0.184405
0.059857,0.051649,0.182706,0.183318
0.046424,0.037495,0.182346,0.182706
0.040042,0.037572,0.182257,0.182346
0.025407,0.015004,0.182239,0.182257
0.023205,0.040295,0.182294,0.182239
0.025427,0.023927,0.182565,0.182294
0.000000,0.038886,0.182821,0.182565
0.000000,0.043268,0.182930,0.182821
0.021783,0.001942,0.183038,0.182930
0.020550,0.038409,0.183106,0.183038
0.026586,0.015309,0.183251,0.183106
0.021615,0.036075,0.183327,0.183251
0.018984,0.019848,0.183519,0.183327
0.000000,0.011648,0.183894,0.183519
0.000000,0.042956,0.183876,0.183894
0.000000,0.004359,0.186664,0.183876
0.000000,0.000000,0.000000,0.000000
0.000000,0.013178,2.027855,0.000000
0.027226,0.057867,2.024567,2.027855
0.032603,0.038455,2.031237,2.024567
0.025150,0.026163,2.038475,2.031237
0.000000,0.044255,2.038633,2.038475
0.000000,0.005173,2.035664,2.038633
0.000000,0.009774,2.034142,2.035664
0.000000,0.030575,2.033225,2.034142
0.000000,0.044471,2.032614,2.033225
0.000000,0.018489,2.032082,2.032614
0.027419,0.041980,2.022832,2.032082
0.023185,0.034051,2.023663,2.022832
0.043619,0.036199,2.025015,2.023663
0.042331,0.023199,2.025457,2.025015
0.051458,0.027583,2.025639,2.025457
0.050244,0.011740,2.026535,2.025639
0.053345,0.021494,2.028554,2.026535
0.050637,0.030418,2.031231,2.028554
0.072175,0.041708,2.034836,2.031231
0.063364,0.009841,2.036494,2.034836
0.065686,0.028653,2.036698,2.036494
0.074283,0.025658,2.036428,2.036698
0.059593,0.069255,2.035031,2.036428
0.070519,0.014622,2.032341,2.035031
0.061678,0.025385,2.030057,2.032341
0.052994,0.073524,2.028531,2.030057
0.113777,0.031587,2.007377,2.028531
0.150110,0.044680,1.976406,2.007377
0.143120,0.109064,1.917317,1.976406
0.047159,0.173416,1.839446,1.917317
0.157025,0.340971,1.734964,1.839446
0.418697,0.364417,1.607395,1.734964
0.492115,0.428421,1.522541,1.607395
0.532825,0.618703,1.456767,1.522541
0.581493,0.591946,1.386523,1.456767
0.472745,0.663149,1.302675,1.386523
0.485892,0.857343,1.182613,1.302675
0.702527,0.754002,1.009247,1.182613
0.414085,0.833095,0.851147,1.009247
0.498720,0.964619,0.696692,0.851147
1.095981,0.813899,0.537512,0.696692
0.935400,0.830562,0.424014,0.537512
1.038703,0.943349,0.328538,0.424014
1.017060,0.777351,0.242183,0.328538
0.770038,0.784041,0.188679,0.242183
0.767060,0.950761,0.150086,0.188679
0.846297,0.763477,0.119669,0.150086
0.668525,0.818484,0.102381,0.119669
0.667295,0.952871,0.091203,0.102381
0.828882,0.765083,0.085258,0.091203
0.666375,0.829705,0.084690,0.085258
0.689159,0.970131,0.084954,0.084690
0.937986,0.829141,0.083472,0.084954
0.786095,0.820230,0.080292,0.083472
0.805373,0.960963,0.076668,0.080292
1.005250,0.806330,0.078176,0.076668
0.797921,0.840281,0.086163,0.078176
0.950475,0.993314,0.096116,0.086163
0.996309,0.817013,0.101457,0.096116
0.796494,0.863770,0.094731,0.101457
0.842226,1.080209,0.076835,0.094731
0.987729,0.905264,0.057931,0.076835
0.802435,0.921389,0.055973,0.057931
0.805670,1.073535,0.057565,0.055973
1.010832,0.919906,0.053233,0.057565
0.805792,0.906545,0.047777,0.053233
0.794212,1.118941,0.045870,0.047777
0.995874,0.905980,0.049447,0.045870
0.783440,0.932260,0.053510,0.049447
0.777707,1.041526,0.056563,0.053510
0.970350,0.872598,0.058347,0.056563
0.769267,0.919870,0.058832,0.058347
0.911226,1.004639,0.059355,0.058832
0.946242,0.878629,0.061290,0.059355
0.746285,0.876559,0.064461,0.061290
0.785881,1.020880,0.069448,0.064461
0.912639,0.855520,0.077750,0.069448
0.732961,1.027940,0.086636,0.077750
0.906999,0.995485,0.101054,0.086636
0.865637,0.853697,0.119165,0.101054
0.782895,0.996671,0.140463,0.119165
0.919779,0.874595,0.171081,0.140463
0.720420,0.876120,0.193821,0.171081
0.723808,0.964190,0.206817,0.193821
0.917230,0.839980,0.202530,0.206817
0.735528,0.850339,0.181549,0.202530
0.724866,0.988395,0.145280,0.181549
0.874230,0.832171,0.091437,0.145280
0.675747,0.829653,0.056028,0.091437
0.652206,0.964079,0.053770,0.056028
0.814011,0.851404,0.067121,0.053770
0.668482,0.819906,0.066310,0.067121
0.830200,1.006524,0.057156,0.066310
0.922100,0.843340,0.053724,0.057156
0.723893,0.850648,0.060097,0.053724
0.751596,0.985506,0.067869,0.060097
0.882391,0.826996,0.072631,0.067869
0.716542,0.851956,0.072905,0.072631
0.719808,0.993389,0.071080,0.072905
0.902792,0.821765,0.069028,0.071080
0.721985,0.824730,0.068511,0.069028
0.726411,0.986032,0.070003,0.068511
0.913720,0.825561,0.075094,0.070003
0.738591,0.877634,0.083063,0.075094
0.740688,0.977389,0.095078,0.083063
0.931272,0.838595,0.116047,0.095078
0.725113,0.859964,0.138771,0.116047
0.843836,0.965768,0.160533,0.138771
0.915790,1.022973,0.173776,0.160533
0.918206,0.985957,0.165955,0.173776
0.786358,0.810954,0.135597,0.165955
0.902606,1.016651,0.097240,0.135597
0.944608,0.969585,0.056116,0.097240
0.832686,0.840417,0.053853,0.056116
0.951957,0.998678,0.062118,0.053853
0.943283,1.010220,0.057779,0.062118
0.887002,0.932896,0.048788,0.057779
0.733553,0.819904,0.052823,0.048788
0.816055,0.995407,0.061873,0.052823
0.865209,0.967466,0.069366,0.061873
0.739053,1.011102,0.071114,0.069366
0.890763,0.981584,0.069650,0.071114
0.906237,0.840022,0.067726,0.069650
0.872076,0.998209,0.067467,0.067726
0.782185,0.792754,0.069246,0.067467
0.880978,1.044224,0.072862,0.069246
0.932980,0.979799,0.080811,0.072862
0.790580,0.847287,0.093141,0.080811
0.877050,0.995405,0.108469,0.093141
0.913857,0.830206,0.134262,0.108469
0.725128,0.831508,0.159857,0.134262
0.758668,0.970743,0.182338,0.159857
0.880187,0.829301,0.194016,0.182338
0.708374,0.822105,0.186998,0.194016
0.714364,0.990991,0.162943,0.186998
0.865337,0.824719,0.117384,0.162943
0.675228,0.860418,0.075198,0.117384
0.679687,0.976464,0.052695,0.075198
0.849781,0.802008,0.062310,0.052695
0.683440,0.853144,0.068245,0.062310
0.696947,0.979703,0.062279,0.068245
0.891418,0.840229,0.053062,0.062279
0.725670,0.816917,0.055274,0.053062
0.877741,0.968149,0.063134,0.055274
0.923810,0.810024,0.057891,0.063134
0.774217,0.862129,0.059438,0.057891
0.922172,0.961807,0.105148,0.059438
1.044467,0.768995,0.138399,0.105148
0.746753,0.732620,0.148019,0.138399
0.649512,0.751138,0.149063,0.148019
0.697856,0.615906,0.144962,0.149063
0.500805,0.535378,0.140365,0.144962
0.448321,0.575195,0.137037,0.140365
0.491679,0.470832,0.136293,0.137037
0.357242,0.401920,0.138488,0.136293
0.328727,0.460274,0.143635,0.138488
0.371986,0.398502,0.152780,0.143635
0.343249,0.377923,0.165053,0.152780
0.307934,0.262468,0.179885,0.165053
0.225940,0.225918,0.194494,0.179885
0.242190,0.284671,0.211158,0.194494
0.203797,0.185723,0.227292,0.211158
0.212685,0.173299,0.231753,0.227292
0.176625,0.178170,0.225251,0.231753
0.186459,0.161778,0.208966,0.225251
0.153980,0.137236,0.194189,0.208966
0.127701,0.140188,0.182375,0.194189
0.149658,0.075645,0.175022,0.182375
0.107036,0.080916,0.174207,0.175022
0.097577,0.090332,0.176758,0.174207
0.113189,0.045663,0.181131,0.176758
0.083430,0.032393,0.184200,0.181131
0.067030,0.064319,0.186019,0.184200
0.087106,0.024736,0.186380,0.186019
0.071702,0.060504,0.185625,0.186380
0.081186,0.044140,0.184089,0.185625
0.066970,0.044539,0.182796,0.184089
0.041082,0.059087,0.181910,0.182796
0.039353,0.030995,0.181356,0.181910
0.032792,0.029996,0.181335,0.181356
0.042246,0.008325,0.181638,0.181335
0.043393,0.032084,0.182316,0.181638
0.062811,0.040222,0.183023,0.182316
0.058875,0.020270,0.183555,0.183023
0.041795,0.031147,0.183750,0.183555
0.037496,0.030540,0.183634,0.183750
0.000000,0.042043,0.182893,0.183634
0.000000,0.047590,0.182879,0.182893
0.000000,0.023173,0.182889,0.182879
0.000000,0.012546,0.182954,0.182889
0.000000,0.026260,0.183112,0.182954
0.000000,0.000000,0.000000,0.000000
0.000000,0.026960,2.027022,0.000000
0.019423,0.023700,2.022030,2.027022
0.026306,0.062899,2.018804,2.022030
0.027932,0.031156,2.023235,2.018804
0.030084,0.051862,2.021394,2.023235
0.000000,0.055982,2.017728,2.021394
0.017899,0.059522,2.005009,2.017728
0.000000,0.011583,2.003119,2.005009
0.000000,0.034741,2.003315,2.003119
0.000000,0.024993,2.003030,2.003315
0.000000,0.041805,2.002063,2.003030
0.000000,0.036367,2.000407,2.002063
0.000000,0.007857,1.997420,2.000407
0.039266,0.014757,1.992349,1.997420
0.037740,0.025104,1.993192,1.992349
0.037804,0.056634,1.994388,1.993192
0.076500,0.008635,1.995716,1.994388
0.109568,0.046644,1.996862,1.995716
0.095979,0.022743,1.997517,1.996862
0.097255,0.041486,1.998042,1.997517
0.098644,0.016305,1.998653,1.998042
0.074868,0.050176,1.999167,1.998653
0.068249,0.032822,1.999980,1.999167
0.074492,0.032284,2.000256,1.999980
0.071594,0.005891,1.998364,2.000256
0.059334,0.037402,1.995405,1.998364
0.073076,0.028058,1.992550,1.995405
0.085130,0.054441,1.990483,1.992550
0.104283,0.029293,1.967427,1.990483
0.160138,0.070375,1.928624,1.967427
0.121975,0.141724,1.876726,1.928624
0.039871,0.238655,1.795879,1.876726
0.173350,0.286317,1.672920,1.795879
0.380820,0.388671,1.570875,1.672920
0.487022,0.556736,1.483796,1.570875
0.540769,0.506325,1.397752,1.483796
0.486901,0.624912,1.322208,1.397752
0.444901,0.798258,1.219873,1.322208
0.721695,0.747933,1.068273,1.219873
0.658066,0.819119,0.922384,1.068273
0.559989,0.950699,0.766496,0.922384
1.014360,0.792430,0.600872,0.766496
0.983522,0.834891,0.479660,0.600872
0.971768,0.950644,0.373418,0.479660
1.107804,0.789297,0.273963,0.373418
0.817689,0.822413,0.210989,0.273963
0.904398,0.944738,0.165372,0.210989
0.764204,0.754014,0.129883,0.165372
0.827682,0.794940,0.108982,0.129883
0.720531,0.923967,0.094242,0.108982
0.796899,0.806324,0.085440,0.094242
0.721819,0.833161,0.083636,0.085440
0.678054,0.956958,0.084052,0.083636
0.877203,0.781327,0.083542,0.084052
0.758809,0.788763,0.081675,0.083542
0.800023,1.015797,0.078161,0.081675
1.017764,0.822923,0.075109,0.078161
0.817202,0.830683,0.078357,0.075109
0.807574,0.981290,0.087303,0.078357
0.981925,0.831979,0.097968,0.087303
0.796258,0.821383,0.099119,0.097968
0.955815,1.004176,0.088764,0.099119
0.841908,0.908949,0.068259,0.088764
0.936566,0.939399,0.059131,0.068259
0.839935,1.098885,0.060228,0.059131
0.954763,1.116437,0.059872,0.060228
1.004316,1.073894,0.053799,0.059872
1.008444,0.898691,0.048899,0.053799
0.806755,0.915005,0.048769,0.048899
0.861073,1.098034,0.051061,0.048769
1.001233,0.909874,0.053892,0.051061
0.791779,0.925332,0.055389,0.053892
0.787468,1.053767,0.056127,0.055389
0.972508,0.883877,0.056923,0.056127
0.764058,0.891692,0.058444,0.056923
0.749373,1.024246,0.061231,0.058444
0.923702,0.832501,0.066180,0.061231
0.732677,0.853919,0.072199,0.066180
0.728003,0.995503,0.080244,0.072199
0.904849,0.845964,0.091905,0.080244
0.721166,0.839304,0.104087,0.091905
0.866562,1.009889,0.120513,0.104087
0.907844,0.835055,0.147831,0.120513
0.713823,0.997613,0.172844,0.147831
0.889965,1.011236,0.194788,0.172844
0.896431,0.857296,0.197630,0.194788
0.771304,0.986470,0.182125,0.197630
0.843290,0.820742,0.144264,0.182125
0.677499,0.848028,0.100623,0.144264
0.701393,1.013998,0.060775,0.100623
0.926430,0.828779,0.052992,0.060775
0.746405,0.850077,0.062646,0.052992
0.745773,0.973466,0.062771,0.062646
0.907557,0.828941,0.053238,0.062771
0.705648,0.860653,0.051482,0.053238
0.694935,1.015392,0.058891,0.051482
0.880169,0.830722,0.068343,0.058891
0.712677,0.866411,0.072335,0.068343
0.855618,0.976557,0.072725,0.072335
0.768335,0.821623,0.070805,0.072725
0.862210,0.828241,0.068949,0.070805
0.773080,1.006864,0.067781,0.068949
0.862824,0.806050,0.068623,0.067781
0.770242,0.824969,0.072185,0.068623
0.729381,0.999638,0.079285,0.072185
0.918761,0.807388,0.091932,0.079285
0.727154,0.849682,0.107226,0.091932
0.724265,0.988206,0.128869,0.107226
0.904558,0.836229,0.156588,0.128869
0.725676,0.985052,0.173117,0.156588
0.917862,0.976078,0.175710,0.173117
0.926364,0.889101,0.155613,0.175710
0.741541,0.950700,0.121958,0.155613
0.966696,0.847044,0.074439,0.121958
0.752893,0.854417,0.050334,0.074439
0.713430,0.961595,0.053755,0.050334
0.875833,0.828238,0.060089,0.053755
0.721336,0.875187,0.054869,0.060089
0.868793,1.007265,0.048110,0.054869
0.908626,0.831193,0.050061,0.048110
0.724541,0.827610,0.056979,0.050061
0.757961,0.947837,0.061923,0.056979
0.897290,0.821328,0.063604,0.061923
0.717411,0.826444,0.063347,0.063604
0.730117,0.982166,0.062982,0.063347
0.915592,0.821480,0.063276,0.062982
0.733881,0.843938,0.065069,0.063276
0.733727,0.958612,0.068957,0.065069
0.913249,0.806348,0.076896,0.068957
0.731102,0.828661,0.086560,0.076896
0.731537,1.025092,0.099779,0.086560
0.908430,0.805090,0.121066,0.099779
0.720814,0.832374,0.144994,0.121066
0.855291,0.979902,0.171059,0.144994
0.897070,0.839159,0.193173,0.171059
0.714963,1.001280,0.197689,0.193173
0.906486,0.971579,0.181674,0.197689
0.889870,1.038243,0.144113,0.181674
0.855439,1.002554,0.091966,0.144113
0.727584,0.839496,0.053761,0.091966
0.819376,0.959179,0.053457,0.053761
0.864596,0.848117,0.062068,0.053457
0.698999,0.866244,0.058037,0.062068
0.763143,0.993735,0.049240,0.058037
0.919228,0.832263,0.049609,0.049240
0.743549,0.854324,0.057939,0.049609
0.742036,0.982285,0.058350,0.057939
0.988086,0.819176,0.055831,0.058350
0.853747,0.815283,0.101413,0.055831
0.850448,0.904338,0.136503,0.101413
0.953351,0.705271,0.151509,0.136503
0.663119,0.657777,0.152394,0.151509
0.582810,0.702132,0.147975,0.152394
0.626080,0.563645,0.140631,0.147975
0.444756,0.513523,0.135714,0.140631
0.471588,0.546796,0.133627,0.135714
0.436579,0.413806,0.135816,0.133627
0.318412,0.377688,0.141637,0.135816
0.315793,0.381018,0.151031,0.141637
0.340351,0.302473,0.165555,0.151031
0.253558,0.288716,0.180249,0.165555
0.233332,0.285663,0.197540,0.180249
0.261722,0.224374,0.220481,0.197540
0.191542,0.201241,0.238555,0.220481
0.178128,0.225407,0.249824,0.238555
0.205272,0.150985,0.248279,0.249824
0.159094,0.167325,0.234091,0.248279
0.150152,0.137684,0.215038,0.234091
0.173697,0.116488,0.195277,0.215038
0.128882,0.108122,0.185059,0.195277
0.144149,0.130941,0.181165,0.185059
0.139381,0.083652,0.183471,0.181165
0.105164,0.082534,0.188084,0.183471
0.101932,0.063549,0.192896,0.188084
0.105402,0.063899,0.196699,0.192896
0.076851,0.036455,0.197934,0.196699
0.077754,0.042091,0.197605,0.197934
0.083574,0.040798,0.196058,0.197605
0.061622,0.028666,0.194573,0.196058
0.050770,0.043071,0.193345,0.194573
0.050332,0.040397,0.192569,0.193345
0.046448,0.045763,0.192431,0.192569
0.044643,0.031521,0.192770,0.192431
0.035690,0.048139,0.193155,0.192770
0.033585,0.026778,0.193641,0.193155
0.043084,0.041036,0.194129,0.193641
0.037109,0.017345,0.194432,0.194129
0.045641,0.025773,0.194594,0.194432
0.030822,0.024329,0.194441,0.194594
0.000000,0.036245,0.195367,0.194441
0.000000,0.009389,0.195675,0.195367
0.018252,0.006886,0.195721,0.195675
0.022781,0.015038,0.195637,0.195721
0.021321,0.036079,0.195494,0.195637
0.000000,0.000000,0.000000,0.000000
0.000000,0.010501,2.024071,0.000000
0.017878,0.048621,2.024218,2.024071
0.024902,0.013549,2.028799,2.024218
0.028003,0.042319,2.035801,2.028799
0.000000,0.042309,2.043373,2.035801
0.000000,0.006606,2.035892,2.043373
0.000000,0.034001,2.033850,2.035892
0.000000,0.047891,2.032873,2.033850
0.000000,0.043235,2.032893,2.032873
0.000000,0.035104,2.033133,2.032893
0.000000,0.043085,2.033024,2.033133
0.000000,0.009297,2.032858,2.033024
0.000000,0.024390,2.032578,2.032858
0.000000,0.010613,2.032105,2.032578
0.033509,0.019962,2.021646,2.032105
0.033353,0.020628,2.020496,2.021646
0.042620,0.019934,2.020089,2.020496
0.035511,0.070233,2.019569,2.020089
0.038776,0.028271,2.019269,2.019569
0.068523,0.013614,2.019210,2.019269
0.084559,0.053220,2.020387,2.019210
0.093276,0.030941,2.021435,2.020387
0.086367,0.053120,2.022406,2.021435
0.094814,0.039546,2.023616,2.022406
0.119023,0.012386,2.025540,2.023616
0.097784,0.037071,2.028061,2.025540
0.103695,0.065305,2.029797,2.028061
0.087990,0.009803,2.030576,2.029797
0.090055,0.071737,2.029796,2.030576
0.079163,0.016228,2.028599,2.029796
0.063553,0.014253,2.026800,2.028599
0.072416,0.060505,2.025317,2.026800
0.076147,0.010637,2.024976,2.025317
0.045610,0.043366,2.025668,2.024976
0.128582,0.020161,2.016563,2.025668
0.144065,0.063635,1.993983,2.016563
0.128208,0.134207,1.940432,1.993983
0.029996,0.247209,1.844176,1.940432
0.249417,0.284514,1.711183,1.844176
0.356698,0.350940,1.600221,1.711183
0.436039,0.528637,1.510006,1.600221
0.528025,0.550380,1.428333,1.510006
0.422495,0.591698,1.361850,1.428333
0.390684,0.761531,1.269336,1.361850
0.544004,0.715085,1.120797,1.269336
0.614242,0.814813,0.969741,1.120797
0.643731,0.992164,0.807875,0.969741
0.509041,0.826077,0.635403,0.807875
0.952937,0.799250,0.509521,0.635403
0.940915,0.984674,0.401166,0.509521
1.047380,0.789619,0.300814,0.401166
0.897552,0.805027,0.233757,0.300814
0.796139,0.933690,0.177742,0.233757
0.908836,0.782479,0.130010,0.177742
0.687737,0.821356,0.104783,0.130010
0.669372,0.924190,0.091630,0.104783
0.836510,0.776759,0.086873,0.091630
0.676228,0.804826,0.086219,0.086873
0.697652,0.970242,0.085462,0.086219
0.871157,0.791723,0.082433,0.085462
0.731028,0.810344,0.078190,0.082433
0.919280,0.973083,0.073572,0.078190
0.844679,0.815918,0.069361,0.073572
0.942207,0.861270,0.070005,0.069361
0.844981,0.990102,0.075430,0.070005
0.953642,0.806974,0.080914,0.075430
0.854382,0.846197,0.078611,0.080914
0.799196,0.983852,0.068049,0.078611
0.995303,0.917865,0.056528,0.068049
0.796422,1.099024,0.055613,0.056528
0.994143,1.081042,0.056978,0.055613
0.991428,0.945569,0.054747,0.056978
0.806994,1.103817,0.051773,0.054747
0.998258,0.883045,0.049692,0.051773
0.794203,0.942110,0.048814,0.049692
0.785988,1.087112,0.048522,0.048814
0.988790,0.879882,0.047985,0.048522
0.783981,0.907349,0.047322,0.047985
0.777959,1.060732,0.047054,0.047322
0.959762,0.847675,0.047966,0.047054
0.760577,0.887011,0.050349,0.047966
0.891449,1.033216,0.054267,0.050349
0.924402,0.846392,0.060553,0.054267
0.733686,0.897632,0.067415,0.060553
0.777450,0.966100,0.076019,0.067415
0.910405,0.869053,0.088017,0.076019
0.725849,0.848320,0.100995,0.088017
0.728091,0.979810,0.118160,0.100995
0.915791,0.829366,0.146133,0.118160
0.731262,0.856540,0.173404,0.146133
0.730090,0.994237,0.196692,0.173404
0.914424,0.834789,0.208571,0.196692
0.729453,0.846717,0.201723,0.208571
0.726550,0.993949,0.178432,0.201723
0.884525,0.840623,0.133367,0.178432
0.729507,0.867913,0.088297,0.133367
0.850494,1.001249,0.055247,0.088297
0.916982,0.826169,0.057859,0.055247
0.725348,0.863892,0.067224,0.057859
0.766198,0.949440,0.064211,0.067224
0.929977,0.859256,0.051747,0.064211
0.748167,0.840620,0.049371,0.051747
0.755481,0.965734,0.056682,0.049371
0.935300,0.831991,0.066127,0.056682
0.737676,0.828770,0.070321,0.066127
0.728297,0.987379,0.071567,0.070321
0.903300,0.856032,0.071297,0.071567
0.720240,0.863792,0.071412,0.071297
0.719601,0.954371,0.072907,0.071412
0.904240,0.792980,0.077355,0.072907
0.732665,0.860972,0.084163,0.077355
0.876322,0.960044,0.094599,0.084163
0.919557,0.856995,0.112699,0.094599
0.731357,0.827983,0.134460,0.112699
0.756801,0.984967,0.161101,0.134460
0.886710,0.983240,0.188504,0.161101
0.887133,1.009998,0.201132,0.188504
0.870274,0.848640,0.191410,0.201132
0.794274,0.840153,0.165609,0.191410
0.773118,0.970353,0.125326,0.165609
1.019793,0.856207,0.072244,0.125326
0.838740,0.825746,0.047431,0.072244
0.838164,0.977414,0.053178,0.047431
0.993967,0.825290,0.059516,0.053178
0.758870,0.844085,0.053019,0.059516
0.727115,0.984602,0.045980,0.053019
0.892672,0.825763,0.051462,0.045980
0.695648,0.815602,0.061632,0.051462
0.822061,0.962490,0.069646,0.061632
0.736919,0.793577,0.073665,0.069646
0.841636,0.846953,0.074203,0.073665
0.726688,0.983688,0.074507,0.074203
0.962416,0.833885,0.074644,0.074507
0.742078,0.830576,0.074890,0.074644
0.749931,0.999484,0.077009,0.074890
0.940110,0.841972,0.083555,0.077009
0.753484,0.859178,0.093213,0.083555
0.751193,0.979769,0.108080,0.093213
0.929643,1.044806,0.134347,0.108080
0.921094,1.001542,0.168059,0.134347
0.906208,0.817223,0.195437,0.168059
0.718828,0.838083,0.205076,0.195437
0.718021,0.975352,0.198475,0.205076
0.896632,0.814908,0.169387,0.198475
0.675846,0.835315,0.130239,0.169387
0.807420,0.978946,0.084061,0.130239
0.735573,0.836498,0.050563,0.084061
0.805197,0.830018,0.056078,0.050563
0.721214,0.980385,0.064774,0.056078
0.823722,0.811728,0.059989,0.064774
0.758811,0.824233,0.051800,0.059989
0.722786,0.977908,0.052355,0.051800
0.910810,0.805113,0.062008,0.052355
0.732335,0.880499,0.055555,0.062008
0.788049,1.001041,0.061585,0.055555
1.080527,0.791508,0.116376,0.061585
0.830763,0.906118,0.141983,0.116376
0.892390,0.826255,0.151181,0.141983
0.762499,0.655069,0.149017,0.151181
0.541272,0.647865,0.143688,0.149017
0.585720,0.542439,0.137427,0.143688
0.426101,0.459475,0.134380,0.137427
0.381114,0.486892,0.134260,0.134380
0.417037,0.416508,0.138081,0.134260
0.310123,0.345296,0.144356,0.138081
0.338752,0.393597,0.153709,0.144356
0.321239,0.312515,0.168146,0.153709
0.241195,0.286862,0.182918,0.168146
0.230460,0.291644,0.200704,0.182918
0.250577,0.177482,0.223909,0.200704
0.188023,0.200418,0.239217,0.223909
0.175246,0.228055,0.245443,0.239217
0.203833,0.159400,0.235910,0.245443
0.152358,0.130240,0.218553,0.235910
0.144008,0.153632,0.199569,0.218553
0.162544,0.070862,0.182822,0.199569
0.118856,0.088393,0.175801,0.182822
0.110717,0.070429,0.175161,0.175801
0.120747,0.073739,0.179078,0.175161
0.083968,0.062655,0.183664,0.179078
0.091307,0.085498,0.187681,0.183664
0.092040,0.053678,0.190231,0.187681
0.067015,0.040889,0.190504,0.190231
0.067328,0.012440,0.189716,0.190504
0.068032,0.038350,0.188262,0.189716
0.050692,0.066036,0.187063,0.188262
0.049285,0.052790,0.186105,0.187063
0.063755,0.026295,0.185609,0.186105
0.044906,0.027664,0.185601,0.185609
0.042727,0.020732,0.185964,0.185601
0.055567,0.025197,0.186519,0.185964
0.036271,0.036722,0.186983,0.186519
0.038362,0.007258,0.187377,0.186983
0.030795,0.037419,0.187300,0.187377
0.022366,0.018031,0.187065,0.187300
0.000000,0.025837,0.187273,0.187065
0.000000,0.031058,0.187759,0.187273
0.000000,0.028059,0.187866,0.187759
0.000000,0.009989,0.188006,0.187866
0.000000,0.023635,0.188122,0.188006
0.000000,0.024426,0.188167,0.188122
0.000000,0.031740,0.188098,0.188167
0.000000,0.026358,0.187600,0.188098
0.000000,0.000000,0.000000,0.000000
0.000000,0.020300,2.022373,0.000000
0.018112,0.055584,1.987764,2.022373
0.025856,0.031615,1.961970,1.987764
0.026784,0.030932,1.959620,1.961970
0.000000,0.028154,1.970991,1.959620
0.000000,0.047174,1.979272,1.970991
0.000000,0.004350,1.981805,1.979272
0.000000,0.026338,1.980602,1.981805
0.000000,0.033299,1.979740,1.980602
0.000000,0.032675,1.980050,1.979740
0.000000,0.044206,1.980720,1.980050
0.000000,0.007674,1.981604,1.980720
0.000000,0.041149,1.982306,1.981604
0.000000,0.031502,1.982841,1.982306
0.000000,0.039698,1.982931,1.982841
0.025144,0.005371,1.977286,1.982931
0.036070,0.033696,1.974102,1.977286
0.051689,0.019938,1.970134,1.974102
0.077710,0.023589,1.967718,1.970134
0.068539,0.025263,1.968350,1.967718
0.070434,0.018537,1.970418,1.968350
0.094540,0.034104,1.974490,1.970418
0.068288,0.030818,1.978716,1.974490
0.081379,0.052587,1.981935,1.978716
0.070409,0.033749,1.983898,1.981935
0.080319,0.038163,1.984116,1.983898
0.085529,0.039643,1.983504,1.984116
0.063282,0.019691,1.983306,1.983504
0.072257,0.037603,1.983754,1.983306
0.080779,0.008783,1.984227,1.983754
0.057207,0.023955,1.983652,1.984227
0.066478,0.024552,1.982588,1.983652
0.070773,0.043645,1.981151,1.982588
0.035501,0.021863,1.980816,1.981151
0.035888,0.047437,1.981376,1.980816
0.027076,0.008680,1.981722,1.981376
0.205137,0.027813,1.942930,1.981722
0.137457,0.104285,1.906102,1.942930
0.075000,0.137668,1.833554,1.906102
0.069732,0.255275,1.739758,1.833554
0.237416,0.407644,1.629402,1.739758
0.513536,0.430594,1.511080,1.629402
0.443353,0.503871,1.429950,1.511080
0.564939,0.723020,1.357687,1.429950
0.458132,0.645883,1.261785,1.357687
0.533565,0.864067,1.152555,1.261785
0.719389,0.911817,0.984999,1.152555
0.476102,0.789521,0.801629,0.984999
0.701119,0.982435,0.652055,0.801629
1.119909,0.816651,0.496912,0.652055
0.931966,0.833385,0.389525,0.496912
0.929184,0.955264,0.301696,0.389525
1.026753,0.775636,0.221963,0.301696
0.772227,0.793095,0.169410,0.221963
0.727645,0.908943,0.129051,0.169410
0.861587,0.783064,0.099379,0.129051
0.680271,0.831002,0.087166,0.099379
0.681620,0.935440,0.083565,0.087166
0.854024,0.805310,0.083941,0.083565
0.697144,0.778691,0.084019,0.083941
0.712480,0.932359,0.082040,0.084019
0.924170,0.806851,0.077183,0.082040
0.762941,0.841426,0.071867,0.077183
0.931044,0.979811,0.068346,0.071867
0.988000,0.835641,0.067175,0.068346
0.793377,0.843859,0.069948,0.067175
0.835685,0.968420,0.073254,0.069948
1.002741,0.857682,0.072524,0.073254
0.807004,0.810470,0.064942,0.072524
0.807339,1.103066,0.057413,0.064942
0.999429,0.898644,0.055875,0.057413
0.795476,0.935875,0.056163,0.055875
0.796124,1.124237,0.054581,0.056163
1.002520,1.093065,0.051178,0.054581
0.994859,1.100879,0.048730,0.051178
0.991657,0.907372,0.048187,0.048730
0.797794,0.929944,0.048711,0.048187
0.801382,1.066330,0.049576,0.048711
0.996066,0.904546,0.051012,0.049576
0.786988,0.903574,0.052754,0.051012
0.918452,1.051282,0.055021,0.052754
0.809498,0.856256,0.058274,0.055021
0.885334,0.859352,0.061506,0.058274
0.777459,1.057910,0.065027,0.061506
0.863185,0.850866,0.070143,0.065027
0.774558,0.875165,0.076181,0.070143
0.728009,1.003430,0.084465,0.076181
0.913567,0.822430,0.097764,0.084465
0.727792,0.857192,0.113538,0.097764
0.726621,0.967478,0.136418,0.113538
0.916624,0.834894,0.168255,0.136418
0.727389,0.848015,0.190875,0.168255
0.730154,0.996636,0.202591,0.190875
0.915862,0.805580,0.196210,0.202591
0.718714,0.850156,0.173449,0.196210
0.838843,1.006772,0.135804,0.173449
0.741107,0.830654,0.083410,0.135804
0.842416,0.868342,0.055078,0.083410
0.781270,0.970946,0.058836,0.055078
0.856574,0.824784,0.069145,0.058836
0.763172,0.845402,0.064004,0.069145
0.715815,0.975246,0.053553,0.064004
0.918193,0.820706,0.053157,0.053553
0.727361,0.835578,0.061764,0.053157
0.729002,0.991728,0.070220,0.061764
0.906010,0.827015,0.074758,0.070220
0.721922,0.811210,0.075442,0.074758
0.713579,0.983433,0.075344,0.075442
0.891994,0.786180,0.075487,0.075344
0.717655,0.855733,0.076760,0.075487
0.857288,0.959791,0.079858,0.076760
0.775868,0.830052,0.086035,0.079858
0.863278,0.846570,0.093839,0.086035
0.782907,0.999067,0.105386,0.093839
0.864203,0.819011,0.125686,0.105386
0.741467,0.844391,0.148178,0.125686
0.686341,0.994945,0.170157,0.148178
0.857265,0.835304,0.184257,0.170157
0.711055,0.845407,0.180480,0.184257
0.740134,0.988205,0.159653,0.180480
0.918555,0.840427,0.116553,0.159653
0.713999,0.835879,0.074357,0.116553
0.702776,1.022412,0.048979,0.074357
0.856970,0.815005,0.058436,0.048979
0.689443,0.819521,0.065955,0.058436
0.822386,0.998078,0.061070,0.065955
0.766847,0.803533,0.052107,0.061070
0.834311,0.885861,0.055314,0.052107
0.733442,0.974322,0.064824,0.055314
0.829403,0.812444,0.073140,0.064824
0.762953,0.840055,0.074808,0.073140
0.727471,0.976321,0.073093,0.074808
0.911176,0.822012,0.070044,0.073093
0.732886,0.863702,0.068669,0.070044
0.735969,0.974392,0.069620,0.068669
0.925902,0.849000,0.074562,0.069620
0.741447,0.854463,0.082017,0.074562
0.735412,0.964880,0.092782,0.082017
0.916969,0.832722,0.110313,0.092782
0.722536,0.855374,0.130833,0.110313
0.863242,0.939972,0.157742,0.130833
0.768240,0.854706,0.188582,0.157742
0.847828,0.816283,0.205173,0.188582
0.757593,0.982793,0.207433,0.205173
0.856848,0.814528,0.188363,0.207433
0.750040,0.858899,0.155843,0.188363
0.674782,1.015231,0.110990,0.155843
0.855868,0.817058,0.061491,0.110990
0.687756,0.832879,0.050019,0.061491
0.686748,0.959566,0.061018,0.050019
0.866521,0.789192,0.064298,0.061018
0.707991,0.862271,0.055623,0.064298
0.721723,1.007795,0.049505,0.055623
0.920143,0.812806,0.057372,0.049505
0.741700,0.841772,0.065058,0.057372
0.881765,0.976516,0.056914,0.065058
0.869213,0.796210,0.091697,0.056914
1.001684,0.933691,0.127642,0.091697
0.970014,0.888069,0.144831,0.127642
0.716159,0.676389,0.147070,0.144831
0.693840,0.729681,0.143880,0.147070
0.639211,0.544525,0.138468,0.143880
0.460594,0.523409,0.134639,0.138468
0.435630,0.541379,0.132508,0.134639
0.457096,0.427035,0.133250,0.132508
0.335274,0.398951,0.137335,0.133250
0.314535,0.387680,0.144643,0.137335
0.353664,0.336159,0.156806,0.144643
0.265723,0.320159,0.169998,0.156806
0.244624,0.332756,0.186299,0.169998
0.269384,0.222062,0.209012,0.186299
0.195054,0.223647,0.227766,0.209012
0.183551,0.190833,0.239832,0.227766
0.208834,0.167604,0.238821,0.239832
0.160487,0.141833,0.224630,0.238821
0.175346,0.129066,0.203637,0.224630
0.155577,0.104222,0.181729,0.203637
0.147011,0.101444,0.168173,0.181729
0.113482,0.090458,0.164860,0.168173
0.115004,0.077658,0.167818,0.164860
0.103461,0.068218,0.173980,0.167818
0.078520,0.061503,0.179377,0.173980
0.089700,0.070706,0.182235,0.179377
0.091637,0.037186,0.183290,0.182235
0.073694,0.036830,0.182663,0.183290
0.073163,0.061219,0.181165,0.182663
0.076568,0.028760,0.179305,0.181165
0.047764,0.029790,0.178051,0.179305
0.040109,0.046961,0.177293,0.178051
0.045867,0.030991,0.177101,0.177293
0.036318,0.031737,0.177466,0.177101
0.032332,0.035611,0.178254,0.177466
0.032101,0.029673,0.178995,0.178254
0.028548,0.011144,0.179393,0.178995
0.021697,0.029937,0.179252,0.179393
0.026248,0.045612,0.178979,0.179252
0.000000,0.017906,0.179231,0.178979
0.000000,0.008951,0.179488,0.179231
0.000000,0.015645,0.179237,0.179488
0.000000,0.021241,0.180042,0.179237
0.000000,0.013945,0.179864,0.180042
0.000000,0.043657,0.179466,0.179864
0.000000,0.000000,0.000000,0.000000
0.000000,0.010818,2.027204,0.000000
0.016827,0.052998,2.022838,2.027204
0.032221,0.022655,2.019831,2.022838
0.025204,0.039632,2.028294,2.019831
0.019101,0.047278,2.040242,2.028294
0.000000,0.032743,2.049002,2.040242
0.000000,0.046201,2.050722,2.049002
0.000000,0.027253,2.049529,2.050722
0.000000,0.032935,2.048878,2.049529
0.000000,0.036558,2.049154,2.048878
0.000000,0.022344,2.050103,2.049154
0.000000,0.051792,2.051311,2.050103
0.000000,0.028092,2.052715,2.051311
0.000000,0.012672,2.053089,2.052715
0.000000,0.025999,2.049706,2.053089
0.018587,0.056509,2.045957,2.049706
0.040453,0.036101,2.039272,2.045957
0.047958,0.022071,2.039820,2.039272
0.032244,0.036753,2.040105,2.039820
0.045847,0.037396,2.041760,2.040105
0.044522,0.040276,2.043565,2.041760
0.060912,0.046544,2.044532,2.043565
0.073752,0.022925,2.044633,2.044532
0.055703,0.033064,2.044725,2.044633
0.070235,0.026285,2.044964,2.044725
0.072092,0.043241,2.046626,2.044964
0.083674,0.058903,2.048447,2.046626
0.092072,0.023080,2.051401,2.048447
0.072456,0.047453,2.053202,2.051401
0.070616,0.039350,2.052985,2.053202
0.065731,0.018369,2.051429,2.052985
0.045546,0.025240,2.050436,2.051429
0.045318,0.045694,2.049571,2.050436
0.056277,0.034729,2.048100,2.049571
0.043437,0.009809,2.047441,2.048100
0.040855,0.036475,2.047072,2.047441
0.096389,0.025516,2.035572,2.047072
0.211019,0.075838,2.012283,2.035572
0.153893,0.104634,1.965671,2.012283
0.046169,0.201271,1.892578,1.965671
0.196357,0.249791,1.761704,1.892578
0.311519,0.342204,1.642836,1.761704
0.409278,0.491274,1.543478,1.642836
0.494052,0.525265,1.460371,1.543478
0.482826,0.600267,1.400811,1.460371
0.543027,0.775536,1.321872,1.400811
0.541532,0.724591,1.188895,1.321872
0.723874,0.949741,1.047530,1.188895
0.601577,0.945747,0.855982,1.047530
0.595152,0.854371,0.677102,0.855982
1.056994,0.942929,0.539963,0.677102
1.159810,0.812250,0.405033,0.539963
0.865944,0.810891,0.315138,0.405033
0.863645,0.943456,0.243740,0.315138
0.947586,0.803544,0.180123,0.243740
0.708934,0.802920,0.141666,0.180123
0.680842,0.922817,0.115349,0.141666
0.819302,0.770686,0.098427,0.115349
0.653325,0.790644,0.092001,0.098427
0.663656,0.920008,0.089245,0.092001
0.830988,0.793746,0.088125,0.089245
0.674704,0.837089,0.086905,0.088125
0.706471,0.921695,0.084445,0.086905
0.956400,0.800170,0.079605,0.084445
0.795043,0.870090,0.074937,0.079605
0.958071,0.969711,0.073235,0.074937
1.003517,0.825704,0.078394,0.073235
0.791925,0.846129,0.083749,0.078394
0.842279,0.977220,0.084142,0.083749
0.983685,1.060053,0.073704,0.084142
0.981814,1.090869,0.061143,0.073704
0.936901,0.899414,0.059820,0.061143
0.844568,0.941043,0.060753,0.059820
0.809293,1.133436,0.057909,0.060753
1.000728,0.911321,0.051502,0.057909
0.802094,0.923256,0.047363,0.051502
0.808260,1.062420,0.045660,0.047363
1.000102,0.898914,0.045573,0.045660
0.795908,0.935825,0.046029,0.045573
0.789961,1.045228,0.046802,0.046029
0.976433,0.898363,0.048452,0.046802
0.768268,0.918983,0.050806,0.048452
0.894936,1.010728,0.053832,0.050806
0.787932,0.866521,0.057951,0.053832
0.874883,1.043054,0.062237,0.057951
0.909315,0.983750,0.069261,0.062237
0.773271,0.848866,0.078215,0.069261
0.865316,1.018693,0.088294,0.078215
0.907359,1.001490,0.104028,0.088294
0.908140,1.004776,0.126953,0.104028
0.773527,0.842918,0.157838,0.126953
0.853695,0.835950,0.184261,0.157838
0.743501,1.004808,0.203613,0.184261
0.834530,0.849943,0.208608,0.203613
0.751431,0.837938,0.195392,0.208608
0.698866,0.964194,0.165531,0.195392
0.868806,0.873947,0.114803,0.165531
0.685168,0.852249,0.071858,0.114803
0.655919,0.999996,0.052320,0.071858
0.815676,0.961099,0.063113,0.052320
0.850398,1.024739,0.067203,0.063113
0.892166,0.817582,0.057468,0.067203
0.721938,1.032917,0.052429,0.057468
0.892412,0.999784,0.058255,0.052429
0.897918,0.806019,0.066569,0.058255
0.723031,1.001473,0.069983,0.066569
0.904196,0.837512,0.070039,0.069983
0.725127,0.843545,0.067983,0.070039
0.730009,0.973324,0.066442,0.067983
0.906625,0.795818,0.067933,0.066442
0.724733,0.890031,0.072133,0.067933
0.863707,0.989032,0.079832,0.072133
0.773591,0.825297,0.093480,0.079832
0.874544,0.828822,0.109526,0.093480
0.780987,0.979026,0.131442,0.109526
0.891085,0.818567,0.162305,0.131442
0.816468,0.860745,0.184661,0.162305
0.762253,0.967298,0.196163,0.184661
0.928519,0.789721,0.188962,0.196163
0.732028,0.848173,0.165231,0.188962
0.727810,0.982625,0.126983,0.165231
0.893859,0.851382,0.075271,0.126983
0.703300,0.810471,0.050721,0.075271
0.678028,0.948398,0.057458,0.050721
0.850387,0.827207,0.066580,0.057458
0.704110,0.851455,0.061915,0.066580
0.846711,1.007173,0.055037,0.061915
0.754706,0.823102,0.058056,0.055037
0.830300,1.011735,0.066073,0.058056
0.872666,0.948078,0.073138,0.066073
0.761458,0.868643,0.073992,0.073138
0.865839,0.990407,0.071980,0.073992
0.927419,0.816233,0.069256,0.071980
0.743353,0.843237,0.067974,0.069256
0.796197,0.988957,0.068572,0.067974
0.939753,0.839862,0.072365,0.068572
0.749573,0.872746,0.078668,0.072365
0.747216,0.976663,0.088575,0.078668
0.916918,0.807053,0.106246,0.088575
0.726477,0.864896,0.128285,0.106246
0.725080,0.988691,0.156186,0.128285
0.886188,0.812993,0.185146,0.156186
0.706670,0.839360,0.197798,0.185146
0.708946,1.005661,0.195017,0.197798
0.896677,0.765478,0.169857,0.195017
0.689385,0.841576,0.133368,0.169857
0.794864,0.969237,0.088995,0.133368
0.857248,0.800672,0.055467,0.088995
0.687660,0.846739,0.058630,0.055467
0.725368,0.981189,0.066248,0.058630
0.870857,0.808775,0.061192,0.066248
0.712562,0.844198,0.052683,0.061192
0.733768,1.025035,0.053612,0.052683
0.925127,0.830253,0.063599,0.053612
0.739239,0.994132,0.061146,0.063599
0.994894,0.953933,0.059809,0.061146
1.087130,0.819363,0.113916,0.059809
0.831360,0.917400,0.140551,0.113916
0.906925,0.669605,0.150308,0.140551
0.632777,0.794923,0.149573,0.150308
0.684350,0.702661,0.143303,0.149573
0.589730,0.522484,0.136390,0.143303
0.421801,0.578822,0.132769,0.136390
0.464788,0.387718,0.132560,0.132769
0.337633,0.412825,0.136168,0.132560
0.315109,0.419217,0.143368,0.136168
0.364367,0.306194,0.155329,0.143368
0.265018,0.293999,0.168017,0.155329
0.291616,0.278581,0.183184,0.168017
0.272437,0.238284,0.203224,0.183184
0.200719,0.221250,0.221213,0.203224
0.195436,0.215733,0.235414,0.221213
0.211596,0.189469,0.239575,0.235414
0.164812,0.190337,0.230707,0.239575
0.155373,0.194447,0.214579,0.230707
0.176675,0.109099,0.195224,0.214579
0.129576,0.081632,0.183139,0.195224
0.116011,0.115559,0.176724,0.183139
0.132822,0.096452,0.176261,0.176724
0.097845,0.054493,0.179785,0.176261
0.093066,0.072055,0.184334,0.179785
0.110383,0.029615,0.188650,0.184334
0.082107,0.064897,0.190570,0.188650
0.089709,0.038267,0.190859,0.190570
0.081752,0.052203,0.189806,0.190859
0.055266,0.053565,0.188392,0.189806
0.057233,0.018588,0.187102,0.188392
0.052506,0.055606,0.186165,0.187102
0.042495,0.025825,0.185858,0.186165
0.025363,0.010310,0.185812,0.185858
0.023676,0.024703,0.186001,0.185812
0.029270,0.007209,0.186543,0.186001
0.023848,0.029924,0.187014,0.186543
0.031317,0.032710,0.187497,0.187014
0.036826,0.008801,0.187820,0.187497
0.027826,0.014930,0.187871,0.187820
0.000000,0.026428,0.187907,0.187871
0.000000,0.000000,0.000000,0.000000
0.000000,0.010181,2.028850,0.000000
0.017454,0.031436,2.023844,2.028850
0.029891,0.059063,2.018814,2.023844
0.036128,0.068371,2.011747,2.018814
0.024418,0.025242,2.001501,2.011747
0.000000,0.007160,1.985109,2.001501
0.000000,0.067744,1.989837,1.985109
0.000000,0.004456,1.992203,1.989837
0.000000,0.052800,1.992696,1.992203
0.000000,0.047578,1.990947,1.992696
0.000000,0.020324,1.988814,1.990947
0.000000,0.043147,1.986115,1.988814
0.019054,0.049485,1.980411,1.986115
0.027496,0.008083,1.977512,1.980411
0.027045,0.038675,1.974284,1.977512
0.038764,0.018994,1.976281,1.974284
0.035738,0.018659,1.977985,1.976281
0.036963,0.025952,1.980326,1.977985
0.032822,0.030583,1.983898,1.980326
0.019764,0.042775,1.987380,1.983898
0.034302,0.041812,1.989928,1.987380
0.049469,0.037856,1.990626,1.989928
0.057180,0.024157,1.990161,1.990626
0.051845,0.029962,1.989686,1.990161
0.059588,0.029888,1.988857,1.989686
0.054759,0.013657,1.988030,1.988857
0.047272,0.037501,1.987383,1.988030
0.095447,0.013496,1.966598,1.987383
0.154001,0.072504,1.938404,1.966598
0.156080,0.122175,1.888380,1.938404
0.061961,0.229615,1.823676,1.888380
0.201984,0.318148,1.708387,1.823676
0.407198,0.407410,1.580883,1.708387
0.550212,0.570356,1.486383,1.580883
0.667180,0.556552,1.400133,1.486383
0.551072,0.587217,1.330371,1.400133
0.583696,0.814493,1.233381,1.330371
0.847282,0.720417,1.081238,1.233381
0.688771,0.790393,0.930013,1.081238
0.553347,0.937057,0.769557,0.930013
1.083250,0.820608,0.598938,0.769557
0.953552,0.826026,0.475465,0.598938
0.914128,0.954503,0.370185,0.475465
1.047741,0.776960,0.272944,0.370185
0.799772,0.812374,0.211180,0.272944
0.770184,0.943168,0.164769,0.211180
0.900796,0.803091,0.126575,0.164769
0.694677,0.800867,0.104063,0.126575
0.810864,0.944435,0.089253,0.104063
0.848686,0.972787,0.081643,0.089253
0.853962,0.946489,0.080854,0.081643
0.865647,0.799282,0.079188,0.080854
0.757911,0.837446,0.075952,0.079188
0.839935,0.979258,0.072200,0.075952
1.002470,0.792899,0.067341,0.072200
0.823506,0.853427,0.065692,0.067341
0.807944,0.961025,0.069708,0.065692
0.995031,0.837616,0.079917,0.069708
0.790155,0.822189,0.087327,0.079917
0.792715,0.964462,0.086879,0.087327
0.976181,1.036554,0.073804,0.086879
0.979787,1.128193,0.061233,0.073804
0.990263,0.915912,0.060513,0.061233
0.802414,0.923720,0.060438,0.060513
0.800976,1.116869,0.057207,0.060438
1.009209,0.916856,0.052089,0.057207
0.801137,0.913967,0.049792,0.052089
0.941462,1.110409,0.049642,0.049792
0.843071,0.898144,0.050468,0.049642
0.936056,0.922751,0.050741,0.050468
0.837300,1.076887,0.050564,0.050741
0.930157,0.907464,0.051076,0.050564
0.818802,0.901601,0.053027,0.051076
0.763995,1.035420,0.056698,0.053027
0.930118,0.848387,0.062909,0.056698
0.732513,0.829401,0.069275,0.062909
0.733224,0.999125,0.077258,0.069275
0.908403,0.837876,0.089465,0.077258
0.730731,1.018898,0.101982,0.089465
0.906448,0.996189,0.121187,0.101982
0.901846,0.861314,0.147442,0.121187
0.717848,0.969971,0.175016,0.147442
0.889387,1.016189,0.203374,0.175016
0.892884,0.985902,0.217088,0.203374
0.913339,0.832158,0.208723,0.217088
0.724145,0.859307,0.184299,0.208723
0.693188,0.994464,0.145018,0.184299
0.852313,0.841637,0.089644,0.145018
0.690445,0.858180,0.055925,0.089644
0.822765,0.973978,0.055636,0.055925
0.752837,0.821988,0.066865,0.055636
0.851333,0.873298,0.064519,0.066865
0.757394,0.993013,0.055723,0.064519
0.852513,0.810662,0.053705,0.055723
0.788404,0.837992,0.059391,0.053705
0.751193,0.981042,0.065659,0.059391
0.921012,0.861937,0.069025,0.065659
0.726685,0.844219,0.068603,0.069025
0.728907,0.966703,0.066920,0.068603
0.906669,0.815945,0.066757,0.066920
0.718917,0.818551,0.068401,0.066757
0.725464,1.010088,0.072206,0.068401
0.918699,0.815943,0.080404,0.072206
0.734542,0.821324,0.091052,0.080404
0.876467,0.992227,0.105882,0.091052
0.916624,0.839658,0.130246,0.105882
0.727457,0.853358,0.155132,0.130246
0.771396,0.990660,0.177311,0.155132
0.886091,1.010644,0.189018,0.177311
0.912328,0.988007,0.178494,0.189018
0.866347,0.808520,0.146109,0.178494
0.770699,1.039750,0.106078,0.146109
0.850497,0.979969,0.059718,0.106078
0.807471,0.843138,0.052065,0.059718
0.749546,0.980214,0.061737,0.052065
0.902954,0.817488,0.060619,0.061737
0.715469,0.815176,0.052376,0.060619
0.707973,0.970988,0.048817,0.052376
0.879183,0.838390,0.055222,0.048817
0.703569,0.849436,0.062383,0.055222
0.703986,1.002284,0.066514,0.062383
0.891413,0.792755,0.067610,0.066514
0.724356,0.868954,0.066790,0.067610
0.733911,0.993239,0.066509,0.066790
0.921805,0.810560,0.068402,0.066509
0.741783,0.856225,0.072525,0.068402
0.879853,1.008450,0.079608,0.072525
0.921344,0.810699,0.091486,0.079608
0.732443,0.835101,0.104713,0.091486
0.771207,0.986655,0.123526,0.104713
0.853044,0.822502,0.151998,0.123526
0.760810,0.902077,0.178074,0.151998
0.709927,0.986133,0.198893,0.178074
0.884935,0.828104,0.206608,0.198893
0.717010,0.820260,0.195623,0.206608
0.721702,0.976738,0.168081,0.195623
0.850042,0.832331,0.118971,0.168081
0.672307,0.857504,0.074174,0.118971
0.686829,0.974943,0.048557,0.074174
0.845234,0.790178,0.057258,0.048557
0.681711,0.843591,0.063854,0.057258
0.829167,0.955773,0.058108,0.063854
0.757637,0.833852,0.047703,0.058108
0.869762,0.847524,0.049640,0.047703
0.785194,1.002162,0.058450,0.049640
0.872966,0.821820,0.051560,0.058450
0.846045,0.832565,0.065733,0.051560
0.866106,0.926147,0.114044,0.065733
1.014483,0.731453,0.143930,0.114044
0.725571,0.688721,0.151287,0.143930
0.631074,0.763044,0.150248,0.151287
0.669354,0.553797,0.143621,0.150248
0.478328,0.542853,0.137032,0.143621
0.426834,0.554679,0.131982,0.137032
0.475018,0.431244,0.130475,0.131982
0.344787,0.431961,0.133555,0.130475
0.321370,0.425327,0.140649,0.133555
0.416605,0.302694,0.153883,0.140649
0.267482,0.296881,0.168394,0.153883
0.266389,0.323238,0.185698,0.168394
0.288379,0.262252,0.208811,0.185698
0.209289,0.237284,0.230186,0.208811
0.196194,0.280657,0.249919,0.230186
0.221008,0.147790,0.262401,0.249919
0.172010,0.183331,0.259814,0.262401
0.161655,0.194392,0.243578,0.259814
0.187226,0.138594,0.216958,0.243578
0.138686,0.126042,0.198121,0.216958
0.130381,0.103256,0.186357,0.198121
0.143979,0.064713,0.182659,0.186357
0.104286,0.055416,0.185825,0.182659
0.107811,0.080345,0.191510,0.185825
0.106932,0.072983,0.197833,0.191510
0.080289,0.036453,0.201343,0.197833
0.077054,0.038968,0.202880,0.201343
0.090722,0.034485,0.202449,0.202880
0.067590,0.060489,0.201006,0.202449
0.058325,0.024239,0.199189,0.201006
0.052970,0.021882,0.197434,0.199189
0.033958,0.037713,0.196566,0.197434
0.029391,0.058611,0.196309,0.196566
0.035208,0.043321,0.196637,0.196309
0.031645,0.027003,0.197128,0.196637
0.033181,0.036020,0.197731,0.197128
0.035517,0.017298,0.198355,0.197731
0.028127,0.024206,0.198623,0.198355
0.036612,0.042589,0.198451,0.198623
0.028281,0.023158,0.198147,0.198451
0.000000,0.021426,0.198831,0.198147
0.000000,0.021914,0.198295,0.198831
0.000000,0.019734,0.198641,0.198295
0.000000,0.000000,0.000000,0.000000
0.000000,0.027516,2.026173,0.000000
0.017670,0.029172,2.018685,2.026173
0.031485,0.042790,2.007422,2.018685
0.024229,0.053984,2.005763,2.007422
0.017202,0.023528,2.011705,2.005763
0.000000,0.029808,2.026512,2.011705
0.000000,0.013637,2.035954,2.026512
0.000000,0.012501,2.045576,2.035954
0.000000,0.022704,2.043076,2.045576
0.000000,0.033833,2.041555,2.043076
0.020031,0.035831,2.040701,2.041555
0.021200,0.031366,2.040075,2.040701
0.018300,0.022700,2.039259,2.040075
0.000000,0.031354,2.038505,2.039259
0.000000,0.042162,2.037586,2.038505
0.022598,0.010561,2.025855,2.037586
0.035169,0.017653,2.022312,2.025855
0.031625,0.026781,2.021377,2.022312
0.042693,0.007089,2.022848,2.021377
0.034217,0.041932,2.025914,2.022848
0.035991,0.037203,2.029420,2.025914
0.030251,0.013714,2.033072,2.029420
0.035552,0.022177,2.036584,2.033072
0.047597,0.054001,2.038386,2.036584
0.071512,0.028316,2.038739,2.038386
0.076328,0.042944,2.037448,2.038739
0.088189,0.054275,2.036361,2.037448
0.115535,0.017553,2.036271,2.036361
0.109037,0.005379,2.037875,2.036271
0.096383,0.035313,2.040709,2.037875
0.077498,0.018982,2.042394,2.040709
0.064797,0.064493,2.042089,2.042394
0.059157,0.026886,2.040235,2.042089
0.050071,0.032461,2.038308,2.040235
0.049649,0.045315,2.035102,2.038308
0.057451,0.032859,2.031412,2.035102
0.046710,0.054790,2.030325,2.031412
0.041578,0.020565,2.030005,2.030325
0.122203,0.016836,2.016441,2.030005
0.171611,0.057807,1.992950,2.016441
0.153372,0.125933,1.942370,1.992950
0.050364,0.180814,1.869595,1.942370
0.122397,0.276855,1.764750,1.869595
0.344741,0.309745,1.639931,1.764750
0.443104,0.551263,1.556421,1.639931
0.594541,0.633205,1.475080,1.556421
0.521233,0.589654,1.397186,1.475080
0.469654,0.775632,1.305699,1.397186
0.663288,0.845732,1.158060,1.305699
0.875212,0.925794,0.973770,1.158060
0.531704,0.794794,0.785285,0.973770
0.825076,1.026776,0.641937,0.785285
1.213290,0.951217,0.489989,0.641937
1.105953,0.787317,0.368935,0.489989
0.917756,0.956519,0.287285,0.368935
0.995619,0.934221,0.216548,0.287285
0.923743,0.933701,0.166194,0.216548
0.810407,0.739777,0.130865,0.166194
0.695809,0.774972,0.109850,0.130865
0.647735,0.935198,0.095262,0.109850
0.819990,0.805149,0.087014,0.095262
0.666806,0.811994,0.085601,0.087014
0.675506,0.963983,0.085826,0.085601
0.918363,0.799737,0.083057,0.085826
0.780934,0.840763,0.078057,0.083057
0.808749,0.946921,0.072662,0.078057
1.021404,0.796028,0.069573,0.072662
0.807427,0.815592,0.074742,0.069573
0.939712,1.003698,0.084668,0.074742
0.836936,0.833912,0.093369,0.084668
0.946592,0.851998,0.091005,0.093369
0.856542,1.016077,0.077952,0.091005
0.946958,0.929113,0.061887,0.077952
0.841802,0.927231,0.058875,0.061887
0.799093,1.104138,0.059557,0.058875
1.009351,0.898181,0.056285,0.059557
0.804652,1.137154,0.051706,0.056285
0.998075,1.097653,0.048466,0.051706
0.990516,0.918521,0.049391,0.048466
0.788143,1.107185,0.050933,0.049391
0.984312,0.871348,0.052026,0.050933
0.780983,0.893333,0.052063,0.052026
0.774381,1.061363,0.051920,0.052063
0.955695,0.880121,0.053277,0.051920
0.754588,0.890523,0.055856,0.053277
0.746441,1.035055,0.060471,0.055856
0.909128,0.852620,0.068033,0.060471
0.729144,0.875568,0.076155,0.068033
0.859446,0.999438,0.086493,0.076155
0.913756,0.856530,0.101907,0.086493
0.730287,0.847226,0.118634,0.101907
0.774640,0.983368,0.141608,0.118634
0.911478,1.017291,0.176130,0.141608
0.888519,0.975781,0.209901,0.176130
0.828475,0.843668,0.229319,0.209901
0.753866,0.850328,0.229257,0.229319
0.717065,1.008574,0.212205,0.229257
0.877665,0.819546,0.172405,0.212205
0.682037,0.834187,0.126869,0.172405
0.661579,0.990316,0.078974,0.126869
0.809235,0.815333,0.052224,0.078974
0.647067,0.845308,0.061704,0.052224
0.674050,0.976627,0.069027,0.061704
0.888327,0.838542,0.062302,0.069027
0.707584,0.835497,0.054360,0.062302
0.821638,0.982446,0.055469,0.054360
0.733138,0.857445,0.064314,0.055469
0.832315,0.838544,0.069657,0.064314
0.750866,0.983656,0.071591,0.069657
0.849399,0.813947,0.070514,0.071591
0.764283,0.878466,0.069211,0.070514
0.723802,1.017009,0.069055,0.069211
0.909361,0.815746,0.071673,0.069055
0.740177,0.850734,0.076685,0.071673
0.739101,0.992780,0.085597,0.076685
0.911085,0.840209,0.102612,0.085597
0.694670,0.853120,0.123882,0.102612
0.688042,0.972689,0.151005,0.123882
0.870778,0.828391,0.179836,0.151005
0.695601,0.830980,0.193022,0.179836
0.847972,0.989947,0.190804,0.193022
0.769983,0.832463,0.166324,0.190804
0.850469,0.817461,0.130197,0.166324
0.738132,0.961466,0.085628,0.130197
0.774670,0.832938,0.049874,0.085628
0.726379,0.990750,0.053672,0.049874
0.845999,0.982495,0.063689,0.053672
0.823314,0.830970,0.058833,0.063689
0.741578,0.985438,0.053234,0.058833
0.851677,0.829250,0.056374,0.053234
0.676223,0.853811,0.062966,0.056374
0.682248,1.003425,0.067342,0.062966
0.864146,0.854202,0.067848,0.067342
0.714806,0.866857,0.066369,0.067848
0.737044,0.975295,0.064474,0.066369
0.929065,0.821700,0.063600,0.064474
0.744434,0.830380,0.065007,0.063600
0.741171,0.975992,0.069342,0.065007
0.926860,0.823464,0.078637,0.069342
0.741994,0.846839,0.090305,0.078637
0.869516,0.951298,0.106448,0.090305
0.896509,0.821463,0.132298,0.106448
0.710837,0.858429,0.158715,0.132298
0.745505,0.981466,0.183089,0.158715
0.873643,0.815382,0.197874,0.183089
0.701836,0.830615,0.193956,0.197874
0.708732,0.966046,0.173229,0.193956
0.856834,0.820521,0.130437,0.173229
0.665023,0.833775,0.087099,0.130437
0.680996,0.986229,0.055422,0.087099
0.868450,0.784024,0.057065,0.055422
0.696341,0.882332,0.064836,0.057065
0.697520,1.003347,0.061671,0.064836
0.893087,0.813236,0.051939,0.061671
0.725574,0.838860,0.051949,0.051939
0.862066,0.927800,0.059420,0.051949
0.913985,0.812831,0.061564,0.059420
0.750216,0.826911,0.053064,0.061564
0.884695,0.994350,0.090901,0.053064
1.053087,0.776758,0.134554,0.090901
0.775226,0.754813,0.148363,0.134554
0.680959,0.797318,0.151532,0.148363
0.722226,0.616996,0.148844,0.151532
0.511403,0.566817,0.144539,0.148844
0.457763,0.595096,0.140399,0.144539
0.499826,0.419238,0.137814,0.140399
0.366353,0.420384,0.138225,0.137814
0.336082,0.474124,0.141436,0.138225
0.382175,0.363873,0.148754,0.141436
0.279186,0.332758,0.157872,0.148754
0.307305,0.325463,0.169879,0.157872
0.296098,0.244671,0.186914,0.169879
0.217599,0.243505,0.203382,0.186914
0.216459,0.224806,0.220216,0.203382
0.233210,0.176522,0.231987,0.220216
0.176198,0.175621,0.230394,0.231987
0.165245,0.187458,0.219054,0.230394
0.192468,0.122448,0.200777,0.219054
0.137747,0.121160,0.187145,0.200777
0.123050,0.117079,0.177860,0.187145
0.138261,0.075084,0.173524,0.177860
0.103942,0.104125,0.174690,0.173524
0.099549,0.089785,0.178178,0.174690
0.124308,0.046628,0.182499,0.178178
0.094283,0.059715,0.185046,0.182499
0.101194,0.075381,0.186193,0.185046
0.090120,0.053919,0.185915,0.186193
0.066157,0.032267,0.184727,0.185915
0.063275,0.030501,0.183253,0.184727
0.078886,0.023872,0.181926,0.183253
0.056426,0.046344,0.181357,0.181926
0.047337,0.044096,0.181378,0.181357
0.051603,0.012822,0.181815,0.181378
0.044517,0.013124,0.182235,0.181815
0.045445,0.038604,0.182631,0.182235
0.054166,0.048475,0.182860,0.182631
0.041498,0.016087,0.182901,0.182860
0.037632,0.020655,0.182817,0.182901
0.039240,0.010623,0.182727,0.182817
0.000000,0.028273,0.182014,0.182727
0.000000,0.036277,0.182736,0.182014
0.000000,0.011795,0.182969,0.182736
0.000000,0.020741,0.183064,0.182969
0.000000,0.006628,0.183385,0.183064
0.000000,0.000000,0.000000,0.000000
0.000000,0.040777,2.026648,0.000000
0.018636,0.018697,2.021144,2.026648
0.024066,0.066342,2.012064,2.021144
0.037486,0.058476,2.005130,2.012064
0.027909,0.009777,2.009223,2.005130
0.000000,0.030590,2.025012,2.009223
0.000000,0.023952,2.045908,2.025012
0.000000,0.014635,2.043310,2.045908
0.000000,0.039039,2.041057,2.043310
0.000000,0.044244,2.039210,2.041057
0.000000,0.007231,2.037661,2.039210
0.000000,0.042190,2.036262,2.037661
0.000000,0.031790,2.034969,2.036262
0.000000,0.028698,2.033507,2.034969
0.030970,0.049470,2.025892,2.033507
0.045346,0.011750,2.024091,2.025892
0.036375,0.023137,2.022295,2.024091
0.046550,0.030963,2.026362,2.022295
0.046781,0.019967,2.029789,2.026362
0.077104,0.014921,2.031811,2.029789
0.100603,0.087130,2.032007,2.031811
0.089772,0.048066,2.031961,2.032007
0.111318,0.031479,2.033176,2.031961
0.112413,0.044979,2.036961,2.033176
0.112053,0.023107,2.039753,2.036961
0.081847,0.031758,2.040226,2.039753
0.068156,0.017213,2.038842,2.040226
0.069242,0.049969,2.036263,2.038842
0.050483,0.019697,2.033812,2.036263
0.050616,0.012184,2.031265,2.033812
0.046782,0.043217,2.028340,2.031265
0.066416,0.066027,2.027316,2.028340
0.057321,0.017913,2.026414,2.027316
0.105791,0.022544,2.022066,2.026414
0.188162,0.017214,2.010703,2.022066
0.227285,0.039584,1.980414,2.010703
0.144119,0.147515,1.927513,1.980414
0.063560,0.235610,1.849450,1.927513
0.156533,0.282433,1.722444,1.849450
0.309278,0.317999,1.617164,1.722444
0.415250,0.533919,1.529856,1.617164
0.523508,0.516768,1.451376,1.529856
0.434081,0.603605,1.388394,1.451376
0.443833,0.778222,1.300184,1.388394
0.651601,0.734717,1.157729,1.300184
0.389385,0.797726,1.013566,1.157729
0.478067,0.963451,0.853094,1.013566
0.621013,0.798275,0.675733,0.853094
0.813049,0.838951,0.544341,0.675733
1.100209,0.935697,0.427439,0.544341
1.098061,0.773773,0.317393,0.427439
0.827183,0.785417,0.246274,0.317393
0.826187,0.918723,0.190727,0.246274
0.901229,0.756554,0.146378,0.190727
0.684763,0.793173,0.121563,0.146378
0.665554,0.939301,0.103976,0.121563
0.824240,0.799104,0.091001,0.103976
0.656714,0.822224,0.086285,0.091001
0.669706,0.954983,0.085752,0.086285
0.875817,0.971878,0.085963,0.085752
0.946530,0.953833,0.084349,0.085963
0.997783,0.827207,0.080884,0.084349
0.814429,0.825116,0.078112,0.080884
0.820051,0.980137,0.079328,0.078112
1.003149,0.809821,0.088029,0.079328
0.791366,0.837356,0.096381,0.088029
0.931838,0.990546,0.099337,0.096381
0.830607,0.838052,0.088740,0.099337
0.929472,0.923718,0.071290,0.088740
0.832663,1.087606,0.059693,0.071290
0.936386,0.927371,0.060868,0.059693
0.855654,0.944254,0.062139,0.060868
0.808676,1.088559,0.058251,0.062139
1.007721,0.897693,0.051765,0.058251
0.804168,0.917155,0.049389,0.051765
0.805648,1.094254,0.050357,0.049389
1.009063,0.908774,0.052781,0.050357
0.794947,0.902618,0.054089,0.052781
0.789282,1.050169,0.054456,0.054089
0.967123,0.891283,0.054516,0.054456
0.764917,0.882402,0.055400,0.054516
0.890553,1.022678,0.057799,0.055400
0.782423,0.824566,0.062803,0.057799
0.860981,0.878916,0.069035,0.062803
0.772992,1.041991,0.077589,0.069035
0.859158,0.991494,0.090091,0.077589
0.904183,1.004411,0.106320,0.090091
0.902801,0.860809,0.128029,0.106320
0.715807,0.852304,0.153003,0.128029
0.748783,0.966710,0.181827,0.153003
0.892344,0.821322,0.209199,0.181827
0.727722,0.865840,0.219268,0.209199
0.740358,1.011272,0.213539,0.219268
0.905425,0.806961,0.185881,0.213539
0.712116,0.862659,0.147817,0.185881
0.691988,0.994380,0.100464,0.147817
0.906035,0.834041,0.057689,0.100464
0.755833,0.838604,0.056661,0.057689
0.759442,0.985224,0.067614,0.056661
0.917546,0.804470,0.066525,0.067614
0.725188,0.868068,0.057512,0.066525
0.861793,0.994664,0.053668,0.057512
0.887564,0.797853,0.059655,0.053668
0.711883,0.850219,0.065648,0.059655
0.766795,0.990794,0.068376,0.065648
0.909566,0.841271,0.067591,0.068376
0.725847,0.857891,0.065647,0.067591
0.729605,1.012040,0.064314,0.065647
0.902833,0.816683,0.064911,0.064314
0.721982,0.855477,0.067986,0.064911
0.730495,0.982779,0.074211,0.067986
0.910587,0.835199,0.086288,0.074211
0.749415,0.825170,0.100955,0.086288
0.742770,0.974215,0.121783,0.100955
0.958386,0.835499,0.151535,0.121783
0.763080,0.828858,0.172975,0.151535
0.889332,0.985215,0.183590,0.172975
0.908393,0.822270,0.175898,0.183590
0.730686,0.843914,0.152387,0.175898
0.784605,0.968997,0.114747,0.152387
0.965203,0.815429,0.067255,0.114747
0.753692,0.867284,0.050770,0.067255
0.785672,0.989922,0.059310,0.050770
0.974139,0.784730,0.064305,0.059310
0.746212,0.813179,0.057997,0.064305
0.720766,0.986025,0.053017,0.057997
0.880250,0.808700,0.058203,0.053017
0.686960,0.876212,0.066229,0.058203
0.680404,0.974896,0.072086,0.066229
0.866403,0.787579,0.074001,0.072086
0.710209,0.842225,0.073144,0.074001
0.864006,0.992925,0.071730,0.073144
0.921035,0.825877,0.070837,0.071730
0.743503,0.847860,0.071964,0.070837
0.793909,1.022298,0.075608,0.071964
0.933628,0.810076,0.083882,0.075608
0.743145,0.857049,0.094946,0.083882
0.736599,1.012695,0.111105,0.094946
0.912340,0.818823,0.138284,0.111105
0.724760,0.811785,0.167070,0.138284
0.713411,1.009691,0.195187,0.167070
0.884957,0.807917,0.215621,0.195187
0.710175,0.853277,0.216632,0.215621
0.714903,0.996828,0.200537,0.216632
0.883576,0.820511,0.161874,0.200537
0.672140,0.850668,0.117500,0.161874
0.801186,0.985657,0.072202,0.117500
0.854714,0.818458,0.051304,0.072202
0.682801,0.982120,0.060969,0.051304
0.862627,0.990000,0.065442,0.060969
0.886518,0.849147,0.055155,0.065442
0.771900,0.966605,0.049654,0.055155
0.882969,0.832677,0.057097,0.049654
0.790974,0.856215,0.057106,0.057097
0.784179,1.005717,0.056330,0.057106
1.046893,0.792310,0.109145,0.056330
0.852111,0.771705,0.140342,0.109145
0.786851,0.878958,0.152555,0.140342
0.818239,0.628217,0.153642,0.152555
0.578133,0.610429,0.149111,0.153642
0.513878,0.654651,0.142729,0.149111
0.558410,0.520424,0.136668,0.142729
0.398470,0.427300,0.134099,0.136668
0.425616,0.480681,0.135395,0.134099
0.409528,0.385310,0.141226,0.135395
0.307483,0.337507,0.149201,0.141226
0.289193,0.348175,0.160034,0.149201
0.313882,0.320849,0.175537,0.160034
0.281884,0.302013,0.193970,0.175537
0.252604,0.190163,0.214579,0.193970
0.205051,0.188307,0.228646,0.214579
0.177838,0.230316,0.234339,0.228646
0.201178,0.165406,0.226486,0.234339
0.152764,0.125713,0.211467,0.226486
0.139090,0.168925,0.194411,0.211467
0.156908,0.069991,0.178971,0.194411
0.115289,0.086610,0.172403,0.178971
0.107848,0.105683,0.171361,0.172403
0.125645,0.106970,0.174820,0.171361
0.095319,0.069680,0.178952,0.174820
0.106957,0.074315,0.182627,0.178952
0.090695,0.036608,0.185149,0.182627
0.095269,0.041281,0.185637,0.185149
0.079463,0.070139,0.185037,0.185637
0.078052,0.039135,0.183541,0.185037
0.062016,0.023422,0.182254,0.183541
0.055645,0.036275,0.181262,0.182254
0.060481,0.052791,0.180745,0.181262
0.042677,0.005676,0.180743,0.180745
0.040069,0.026642,0.181049,0.180743
0.048715,0.036580,0.181549,0.181049
0.038197,0.031001,0.182056,0.181549
0.036743,0.013295,0.182471,0.182056
0.040748,0.009060,0.182737,0.182471
0.000000,0.023984,0.181699,0.182737
0.000000,0.022690,0.182569,0.181699
0.000000,0.010919,0.182430,0.182569
0.000000,0.025201,0.182300,0.182430
0.000000,0.025795,0.182221,0.182300
0.000000,0.005207,0.182222,0.182221
0.000000,0.022349,0.182279,0.182222
0.000000,0.000000,0.000000,0.000000
0.000000,0.038730,2.024153,0.000000
0.028966,0.059278,2.011561,2.024153
0.031269,0.028675,1.999605,2.011561
0.029954,0.045319,1.991927,1.999605
0.000000,0.035269,1.975251,1.991927
0.000000,0.040932,1.976797,1.975251
0.000000,0.038209,1.976592,1.976797
0.000000,0.038737,1.975058,1.976592
0.000000,0.014347,1.972899,1.975058
0.000000,0.027514,1.971150,1.972899
0.027011,0.013786,1.959041,1.971150
0.037493,0.012023,1.960501,1.959041
0.037624,0.038487,1.967126,1.960501
0.073692,0.054249,1.968426,1.967126
0.064031,0.022656,1.967305,1.968426
0.064985,0.028812,1.966470,1.967305
0.080990,0.013197,1.967326,1.966470
0.067102,0.021319,1.969684,1.967326
0.072745,0.048879,1.972698,1.969684
0.064209,0.030491,1.976230,1.972698
0.052297,0.057466,1.977895,1.976230
0.056629,0.030944,1.978153,1.977895
0.042857,0.017455,1.975575,1.978153
0.043240,0.023282,1.974399,1.975575
0.052525,0.026973,1.973022,1.974399
0.052337,0.015654,1.971313,1.973022
0.099771,0.029483,1.941531,1.971313
0.162529,0.063482,1.898470,1.941531
0.094837,0.134016,1.848044,1.898470
0.048678,0.259771,1.774513,1.848044
0.188997,0.285091,1.662493,1.774513
0.414208,0.392675,1.562253,1.662493
0.476146,0.541533,1.468218,1.562253
0.555370,0.530717,1.373285,1.468218
0.498751,0.635557,1.295947,1.373285
0.497486,0.800494,1.194741,1.295947
0.724956,0.724914,1.040579,1.194741
0.622513,0.944992,0.890345,1.040579
0.610657,0.941641,0.706651,0.890345
1.070743,0.839375,0.550222,0.706651
0.947297,0.969628,0.434608,0.550222
1.130870,0.779530,0.321478,0.434608
0.878560,0.796080,0.245099,0.321478
0.836646,0.912683,0.185565,0.245099
0.949826,0.799031,0.138944,0.185565
0.712212,0.818198,0.114543,0.138944
0.684387,0.935311,0.099085,0.114543
0.836135,0.807145,0.089765,0.099085
0.668555,0.826124,0.086941,0.089765
0.806402,0.923503,0.086415,0.086941
0.853258,0.810941,0.084976,0.086415
0.716693,0.992618,0.081125,0.084976
0.984762,0.964930,0.072955,0.081125
1.068463,0.829414,0.065627,0.072955
0.907538,0.968202,0.063281,0.065627
0.966802,0.841193,0.068741,0.063281
0.844056,0.848103,0.077294,0.068741
0.777394,0.979858,0.083396,0.077294
0.976924,0.803506,0.079399,0.083396
0.780850,0.869380,0.068226,0.079399
0.785961,1.107606,0.061545,0.068226
0.992666,0.876929,0.062501,0.061545
0.794153,1.108742,0.062449,0.062501
1.004896,1.101493,0.058918,0.062449
1.005479,0.937487,0.054837,0.058918
0.809506,1.111388,0.053084,0.054837
1.011547,0.881805,0.053446,0.053084
0.805331,0.908984,0.054348,0.053446
0.797300,1.076200,0.054928,0.054348
0.985207,0.871643,0.055529,0.054928
0.918394,0.904100,0.056770,0.055529
0.816026,1.045555,0.057762,0.056770
0.894769,0.877069,0.059639,0.057762
0.794668,0.888115,0.062607,0.059639
0.742504,1.037859,0.067411,0.062607
0.924791,0.885799,0.075503,0.067411
0.738277,0.857068,0.084162,0.075503
0.746242,1.035351,0.095518,0.084162
0.925000,0.830581,0.113535,0.095518
0.738541,1.006224,0.134886,0.113535
0.935098,1.016682,0.167364,0.134886
0.920776,0.830330,0.195101,0.167364
0.715290,0.982292,0.206655,0.195101
0.888689,0.845405,0.200274,0.206655
0.706879,0.879952,0.177532,0.200274
0.691385,0.983258,0.139673,0.177532
0.858051,0.801591,0.086403,0.139673
0.702538,0.820123,0.056574,0.086403
0.828913,0.982994,0.058141,0.056574
0.849221,0.822213,0.068313,0.058141
0.694981,0.838212,0.065004,0.068313
0.750205,0.985925,0.056363,0.065004
0.868085,0.858755,0.055470,0.056363
0.689869,0.868913,0.062314,0.055470
0.694013,0.953816,0.068652,0.062314
0.901390,0.843028,0.070992,0.068652
0.726799,0.841506,0.069748,0.070992
0.724720,0.985661,0.067343,0.069748
0.903262,0.817929,0.065861,0.067343
0.720644,0.819462,0.066918,0.065861
0.720850,1.010254,0.070793,0.066918
0.909941,0.848561,0.079196,0.070793
0.730555,0.828553,0.089812,0.079196
0.881805,0.998165,0.104715,0.089812
0.933852,0.822992,0.129272,0.104715
0.761050,0.861076,0.154907,0.129272
0.789294,0.939983,0.178903,0.154907
0.911262,0.824860,0.193681,0.178903
0.728811,0.824338,0.189351,0.193681
0.737119,0.978498,0.167999,0.189351
0.953957,0.826806,0.124964,0.167999
0.757699,0.823021,0.082153,0.124964
0.783728,1.016006,0.052731,0.082153
0.989247,0.822290,0.056409,0.052731
0.771747,0.860097,0.063394,0.056409
0.736653,1.007128,0.059009,0.063394
0.876650,0.848806,0.049226,0.059009
0.680961,0.819465,0.050279,0.049226
0.803970,0.947444,0.058562,0.050279
0.854821,1.015282,0.067344,0.058562
0.869524,0.981564,0.070577,0.067344
0.755562,0.830129,0.069454,0.070577
0.858642,1.014226,0.067433,0.069454
0.918590,1.015259,0.066106,0.067433
0.784092,0.827597,0.067508,0.066106
0.881907,0.959428,0.071682,0.067508
0.926535,0.857171,0.080829,0.071682
0.740627,0.842572,0.092605,0.080829
0.784894,0.978284,0.109714,0.092605
0.912913,0.833638,0.138139,0.109714
0.717975,0.819474,0.164783,0.138139
0.711789,0.952013,0.186226,0.164783
0.891226,0.785164,0.194831,0.186226
0.716461,0.861456,0.184612,0.194831
0.718621,0.990870,0.157606,0.184612
0.847147,0.827900,0.109712,0.157606
0.680403,0.821547,0.068873,0.109712
0.686047,1.001827,0.050789,0.068873
0.838802,0.806116,0.060580,0.050789
0.675452,0.879360,0.064228,0.060580
0.828815,0.977791,0.057777,0.064228
0.900305,0.808371,0.050640,0.057777
0.734232,0.813721,0.053871,0.050640
0.789346,0.958464,0.060368,0.053871
0.930298,1.038207,0.052334,0.060368
1.005231,0.977890,0.068595,0.052334
0.995760,0.787510,0.123278,0.068595
0.851688,0.804716,0.144168,0.123278
0.708224,0.812600,0.150035,0.144168
0.747221,0.626605,0.147275,0.150035
0.529161,0.569681,0.141639,0.147275
0.472187,0.596000,0.135838,0.141639
0.512001,0.471974,0.131759,0.135838
0.375457,0.444908,0.131784,0.131759
0.344478,0.460162,0.135456,0.131784
0.388594,0.350399,0.143928,0.135456
0.298740,0.329700,0.153645,0.143928
0.324601,0.335904,0.165380,0.153645
0.267437,0.302406,0.181167,0.165380
0.276980,0.251440,0.195989,0.181167
0.219129,0.249461,0.212207,0.195989
0.219037,0.180201,0.225096,0.212207
0.179905,0.222040,0.225204,0.225096
0.196105,0.180326,0.214030,0.225204
0.176647,0.152809,0.197520,0.214030
0.142940,0.139118,0.185012,0.197520
0.154447,0.097819,0.175499,0.185012
0.115940,0.098539,0.172395,0.175499
0.101961,0.046862,0.173156,0.172395
0.110170,0.030109,0.176463,0.173156
0.084144,0.061816,0.179326,0.176463
0.072922,0.084774,0.181367,0.179326
0.078195,0.041996,0.182147,0.181367
0.059631,0.051736,0.181685,0.182147
0.061327,0.036967,0.180701,0.181685
0.066089,0.049949,0.179453,0.180701
0.045074,0.046910,0.178613,0.179453
0.040053,0.033984,0.178122,0.178613
0.042183,0.024912,0.178012,0.178122
0.031336,0.029892,0.178233,0.178012
0.029889,0.029152,0.178411,0.178233
0.032957,0.004288,0.178683,0.178411
0.025603,0.041995,0.178942,0.178683
0.025756,0.041886,0.179146,0.178942
0.032150,0.015249,0.179345,0.179146
0.025079,0.030384,0.179364,0.179345
0.021579,0.030032,0.179339,0.179364
0.024016,0.004969,0.179235,0.179339
0.000000,0.005651,0.179071,0.179235
0.000000,0.012874,0.178910,0.179071
0.000000,0.031082,0.179678,0.178910
0.000000,0.036997,0.179593,0.179678
0.000000,0.020100,0.179489,0.179593
0.000000,0.017055,0.179470,0.179489
0.000000,0.017744,0.179638,0.179470
0.000000,0.000000,0.000000,0.000000
0.000000,0.015086,2.022728,0.000000
0.018854,0.033169,2.019992,2.022728
0.030846,0.064887,2.016160,2.019992
0.026772,0.028083,2.023624,2.016160
0.022733,0.035804,2.033283,2.023624
0.000000,0.033319,2.034239,2.033283
0.000000,0.022769,2.017750,2.034239
0.000000,0.044559,2.016581,2.017750
0.000000,0.061548,2.014737,2.016581
0.000000,0.025943,2.012036,2.014737
0.000000,0.028098,2.009188,2.012036
0.000000,0.023713,2.006217,2.009188
0.036030,0.013840,1.998218,2.006217
0.042144,0.035240,2.005776,1.998218
0.059974,0.017924,2.009557,2.005776
0.047306,0.014750,2.010608,2.009557
0.062893,0.045555,2.009982,2.010608
0.069016,0.060733,2.008788,2.009982
0.074739,0.073997,2.007821,2.008788
0.080878,0.026756,2.007388,2.007821
0.069785,0.020250,2.007860,2.007388
0.073646,0.051646,2.009089,2.007860
0.065396,0.023101,2.010914,2.009089
0.045730,0.036479,2.011850,2.010914
0.048344,0.024680,2.011310,2.011850
0.048496,0.013031,2.010299,2.011310
0.041560,0.028489,2.008957,2.010299
0.042412,0.009431,2.006977,2.008957
0.126475,0.022852,1.983307,2.006977
0.218222,0.039449,1.946863,1.983307
0.143412,0.119160,1.900214,1.946863
0.087946,0.229336,1.826127,1.900214
0.146030,0.280584,1.707135,1.826127
0.276951,0.386830,1.605351,1.707135
0.472987,0.527030,1.516557,1.605351
0.601706,0.544631,1.429495,1.516557
0.545597,0.752547,1.356060,1.429495
0.735389,0.825927,1.236080,1.356060
0.863600,0.757811,1.079853,1.236080
0.860239,0.927994,0.925421,1.079853
0.645549,0.808486,0.743082,0.925421
0.893743,0.986441,0.607336,0.743082
1.210984,0.952558,0.463806,0.607336
1.084293,0.807412,0.348282,0.463806
0.879996,0.927770,0.269569,0.348282
0.947050,0.756591,0.201898,0.269569
0.717953,0.776673,0.162549,0.201898
0.681344,0.915922,0.133138,0.162549
0.832273,0.963056,0.108543,0.133138
0.828308,0.939273,0.093688,0.108543
0.834275,0.799857,0.087671,0.093688
0.686256,0.834716,0.086533,0.087671
0.702194,0.962063,0.085259,0.086533
0.957827,0.839909,0.080271,0.085259
0.796823,0.829570,0.074114,0.080271
0.809488,0.989010,0.069043,0.074114
1.003671,0.818336,0.069690,0.069043
0.799586,0.805574,0.077513,0.069690
0.938599,0.983404,0.088421,0.077513
0.832939,0.809124,0.096698,0.088421
0.935653,0.839834,0.093167,0.096698
0.815014,1.065338,0.078665,0.093167
0.913395,0.906618,0.062838,0.078665
0.834951,0.926663,0.060790,0.062838
0.784620,1.095690,0.062069,0.060790
0.983031,0.926350,0.059112,0.062069
0.794349,0.937682,0.054559,0.059112
0.787697,1.058013,0.051679,0.054559
0.987619,0.912673,0.051947,0.051679
0.793857,1.056363,0.052951,0.051947
0.995921,1.098358,0.053476,0.052951
0.989884,0.938520,0.053198,0.053476
0.781916,1.063189,0.052727,0.053198
0.964642,0.852887,0.052787,0.052727
0.765827,0.918035,0.054364,0.052787
0.750702,1.025632,0.057968,0.054364
0.915887,0.839684,0.064504,0.057968
0.735221,0.850720,0.072078,0.064504
0.868279,0.989720,0.082154,0.072078
0.776290,0.832550,0.096846,0.082154
0.864853,0.922392,0.113551,0.096846
0.765737,0.969733,0.136487,0.113551
0.892240,0.852660,0.168882,0.136487
0.698267,1.018927,0.192937,0.168882
0.897768,0.975411,0.208093,0.192937
0.906486,0.833323,0.201148,0.208093
0.723322,0.973989,0.177275,0.201148
0.895292,0.836286,0.131487,0.177275
0.737168,0.846633,0.086141,0.131487
0.746360,0.971676,0.052813,0.086141
0.869984,0.864494,0.054704,0.052813
0.682911,0.998785,0.062923,0.054704
0.878835,0.981936,0.058256,0.062923
0.899651,0.845804,0.050618,0.058256
0.725910,0.941646,0.054659,0.050618
0.890548,0.835619,0.065847,0.054659
0.711485,0.856916,0.072420,0.065847
0.718009,0.987621,0.074384,0.072420
0.897133,0.852229,0.072583,0.074384
0.723850,0.830103,0.070356,0.072583
0.853467,0.995006,0.069121,0.070356
0.899992,0.786797,0.070305,0.069121
0.723888,1.004080,0.073909,0.070305
0.908001,0.988837,0.082126,0.073909
0.926266,0.848431,0.094947,0.082126
0.806323,0.999865,0.111378,0.094947
0.878912,0.805188,0.137582,0.111378
0.790724,0.847914,0.159972,0.137582
0.760575,0.967505,0.175580,0.159972
0.936730,0.823749,0.176840,0.175580
0.740639,0.838631,0.160865,0.176840
0.736363,0.968656,0.129255,0.160865
0.874947,0.850384,0.081205,0.129255
0.689629,0.849815,0.052953,0.081205
0.701784,0.979985,0.054553,0.052953
0.868366,0.814790,0.064089,0.054553
0.696223,0.876068,0.060531,0.064089
0.859248,0.963938,0.052583,0.060531
0.787320,0.847174,0.052253,0.052583
0.867108,0.829249,0.059011,0.052253
0.763743,1.001102,0.065113,0.059011
0.862522,0.831812,0.067391,0.065113
0.775191,0.857205,0.065924,0.067391
0.737501,0.958032,0.063402,0.065924
0.927798,0.811560,0.061227,0.063402
0.743290,0.859438,0.061556,0.061227
0.747798,0.988813,0.064422,0.061556
0.934073,0.805091,0.071312,0.064422
0.742781,1.009004,0.080026,0.071312
0.922920,0.995664,0.094954,0.080026
0.915510,0.828621,0.115966,0.094954
0.711671,1.003692,0.141538,0.115966
0.892539,0.810214,0.172413,0.141538
0.710576,0.827370,0.189704,0.172413
0.709435,0.992219,0.192953,0.189704
0.895895,0.833040,0.175617,0.192953
0.712851,0.802448,0.145005,0.175617
0.802792,1.013170,0.102766,0.145005
0.849825,0.832833,0.059755,0.102766
0.686498,0.998671,0.053962,0.059755
0.851974,0.991504,0.064334,0.053962
0.872133,0.847238,0.061642,0.064334
0.761880,0.972231,0.053051,0.061642
0.869306,0.820343,0.053133,0.053051
0.738052,0.860018,0.060922,0.053133
0.789938,0.963040,0.064306,0.060922
0.964993,0.835972,0.051891,0.064306
0.849292,0.858383,0.090178,0.051891
0.874234,0.947315,0.130910,0.090178
0.974305,0.729111,0.149670,0.130910
0.680382,0.683827,0.152568,0.149670
0.600043,0.701407,0.149805,0.152568
0.646996,0.539009,0.143579,0.149805
0.461113,0.536030,0.138736,0.143579
0.414882,0.545101,0.136289,0.138736
0.454302,0.424989,0.137894,0.136289
0.335044,0.390542,0.142485,0.137894
0.370291,0.411243,0.149444,0.142485
0.352770,0.321255,0.160120,0.149444
0.256169,0.293111,0.171228,0.160120
0.245743,0.282684,0.185013,0.171228
0.268869,0.235599,0.204603,0.185013
0.197317,0.213618,0.222181,0.204603
0.183676,0.185529,0.234757,0.222181
0.213995,0.185237,0.235937,0.234757
0.162590,0.144500,0.224930,0.235937
0.154580,0.182671,0.207706,0.224930
0.174826,0.109849,0.188730,0.207706
0.131698,0.072267,0.178196,0.188730
0.119491,0.103791,0.173329,0.178196
0.133304,0.088374,0.174419,0.173329
0.101708,0.068147,0.178253,0.174419
0.108132,0.055992,0.182540,0.178253
0.093754,0.052678,0.186304,0.182540
0.068211,0.040233,0.187747,0.186304
0.073060,0.053742,0.187727,0.187747
0.076600,0.051234,0.186567,0.187727
0.064093,0.041506,0.185248,0.186567
0.048995,0.034786,0.184039,0.185248
0.054165,0.057459,0.183022,0.184039
0.032221,0.072394,0.182687,0.183022
0.028093,0.032946,0.182775,0.182687
0.045944,0.059880,0.183146,0.182775
0.039104,0.022236,0.183613,0.183146
0.034702,0.050115,0.184011,0.183613
0.038745,0.042256,0.184204,0.184011
0.028901,0.027014,0.184262,0.184204
0.035472,0.014619,0.184254,0.184262
0.028446,0.009188,0.184276,0.184254
0.024146,0.041382,0.184295,0.184276
0.020125,0.039830,0.184231,0.184295
0.000000,0.005331,0.183883,0.184231
0.000000,0.004461,0.183956,0.183883
0.000000,0.037861,0.184193,0.183956
0.000000,0.006207,0.184693,0.184193
0.000000,0.020582,0.184590,0.184693
0.000000,0.028601,0.184504,0.184590
0.000000,0.013701,0.184418,0.184504
0.000000,0.000000,0.000000,0.000000
0.000000,0.011938,2.024712,0.000000
0.022917,0.050298,2.017709,2.024712
0.034544,0.042789,2.023333,2.017709
0.026597,0.052383,2.037089,2.023333
0.000000,0.009288,2.066514,2.037089
0.000000,0.038588,2.063332,2.066514
0.000000,0.047530,2.061733,2.063332
0.000000,0.049958,2.062132,2.061733
0.000000,0.024094,2.063253,2.062132
0.000000,0.010127,2.064543,2.063253
0.000000,0.059945,2.066264,2.064543
0.000000,0.019511,2.067384,2.066264
0.029577,0.017905,2.054920,2.067384
0.036161,0.042288,2.047662,2.054920
0.035276,0.015055,2.047978,2.047662
0.041696,0.020215,2.050438,2.047978
0.032734,0.039158,2.052649,2.050438
0.045087,0.034883,2.054648,2.052649
0.061805,0.010116,2.056547,2.054648
0.057539,0.025427,2.057967,2.056547
0.072058,0.061073,2.058610,2.057967
0.081235,0.021962,2.058622,2.058610
0.067383,0.053064,2.058811,2.058622
0.073177,0.039384,2.059385,2.058811
0.092921,0.033049,2.060687,2.059385
0.093197,0.041911,2.063029,2.060687
0.080375,0.046161,2.064930,2.063029
0.063456,0.021442,2.065269,2.064930
0.068118,0.038722,2.064327,2.065269
0.071432,0.047450,2.062345,2.064327
0.061759,0.041168,2.060312,2.062345
0.068551,0.060675,2.058626,2.060312
0.070146,0.016586,2.057808,2.058626
0.065644,0.037988,2.056748,2.057808
0.165557,0.035167,2.043951,2.056748
0.214738,0.036020,2.014659,2.043951
0.112920,0.151595,1.965592,2.014659
0.022369,0.226606,1.878321,1.965592
0.193877,0.277020,1.742318,1.878321
0.315870,0.372485,1.632834,1.742318
0.450938,0.552051,1.549416,1.632834
0.413167,0.520339,1.474662,1.549416
0.482189,0.734152,1.410615,1.474662
0.586888,0.779875,1.297851,1.410615
0.565835,0.904473,1.143831,1.297851
0.818002,0.940347,0.960412,1.143831
0.842855,1.006899,0.775428,0.960412
1.054587,0.964220,0.604097,0.775428
1.247102,0.829338,0.460201,0.604097
0.933599,0.956200,0.359427,0.460201
1.038288,0.785294,0.268838,0.359427
0.792912,0.815437,0.210677,0.268838
0.877213,0.951521,0.163644,0.210677
0.865376,0.784677,0.124724,0.163644
0.668724,0.765026,0.103803,0.124724
0.695672,0.921508,0.092304,0.103803
0.836811,0.805008,0.087900,0.092304
0.675913,0.821227,0.087569,0.087900
0.688073,0.972435,0.087023,0.087569
0.919717,0.971392,0.083561,0.087023
0.979590,0.948442,0.078677,0.083561
1.009085,0.814829,0.074230,0.078677
0.809988,0.841142,0.073553,0.074230
0.806290,1.024125,0.079082,0.073553
0.999844,0.822076,0.087394,0.079082
0.798535,0.850277,0.090018,0.087394
0.791202,0.994837,0.083327,0.090018
0.980660,0.908553,0.065399,0.083327
0.780703,0.907757,0.055504,0.065399
0.919202,1.071282,0.056962,0.055504
0.986730,1.106658,0.059141,0.056962
0.997230,1.103957,0.055288,0.059141
0.845013,0.898557,0.050480,0.055288
0.930835,0.901388,0.048855,0.050480
0.832026,1.130070,0.049448,0.048855
0.942812,0.881811,0.050712,0.049448
0.836448,1.078217,0.051379,0.050712
0.970416,1.053304,0.052108,0.051379
0.911556,0.867374,0.053382,0.052108
0.802766,1.041491,0.055493,0.053382
0.931859,0.814597,0.059446,0.055493
0.736940,0.880272,0.064000,0.059446
0.734881,0.999125,0.070000,0.064000
0.906105,0.865424,0.078847,0.070000
0.726171,0.872536,0.088331,0.078847
0.726010,1.021287,0.101268,0.088331
0.908714,0.822847,0.122200,0.101268
0.726179,0.902560,0.146490,0.122200
0.729388,0.966008,0.173783,0.146490
0.925969,0.828614,0.198067,0.173783
0.743142,1.011587,0.205087,0.198067
0.914316,1.000922,0.192696,0.205087
0.902049,0.839845,0.158695,0.192696
0.868736,0.998278,0.116159,0.158695
0.838165,0.831702,0.065996,0.116159
1.002490,0.848831,0.050295,0.065996
0.842087,0.930166,0.060070,0.050295
0.894064,0.803452,0.064330,0.060070
0.773073,0.863562,0.057210,0.064330
0.723226,0.952485,0.051403,0.057210
0.908045,0.825473,0.057095,0.051403
0.713167,0.845270,0.066092,0.057095
0.705884,0.955374,0.072549,0.066092
0.877804,0.821553,0.075839,0.072549
0.699228,0.841632,0.076080,0.075839
0.705863,0.970101,0.075415,0.076080
0.892954,0.831545,0.075103,0.075415
0.718689,0.834806,0.075886,0.075103
0.871078,1.013028,0.078765,0.075886
0.786063,0.842490,0.085466,0.078765
0.875948,0.850156,0.094710,0.085466
0.791901,0.981603,0.109282,0.094710
0.861762,0.845737,0.134454,0.109282
0.737715,0.872767,0.158043,0.134454
0.666645,0.980779,0.176382,0.158043
0.862755,0.840052,0.181466,0.176382
0.715387,0.839398,0.168496,0.181466
0.742792,0.997848,0.139164,0.168496
0.980112,0.829602,0.090169,0.139164
0.818458,1.014934,0.054007,0.090169
0.974515,0.987348,0.048508,0.054007
0.909089,0.848762,0.057769,0.048508
0.714246,0.963696,0.054428,0.057769
0.873068,0.792031,0.047128,0.054428
0.694233,1.011890,0.050754,0.047128
0.842824,0.974194,0.062549,0.050754
0.864432,0.857641,0.071286,0.062549
0.705350,0.984674,0.074334,0.071286
0.897940,0.848533,0.074403,0.074334
0.729163,0.956776,0.073507,0.074403
0.924385,1.037709,0.072961,0.073507
0.934156,0.979224,0.074154,0.072961
0.935632,0.987687,0.078374,0.074154
0.932638,0.867981,0.086360,0.078374
0.742869,0.944682,0.096757,0.086360
0.924502,0.832453,0.115132,0.096757
0.730222,0.831954,0.137945,0.115132
0.863360,0.998663,0.165673,0.137945
0.762062,0.823434,0.193216,0.165673
0.844735,0.837383,0.203787,0.193216
0.761085,0.988121,0.198361,0.203787
0.854486,0.825605,0.170329,0.198361
0.728003,0.857129,0.131531,0.170329
0.678899,0.984101,0.085276,0.131531
0.861013,0.815634,0.050301,0.085276
0.678229,0.840065,0.055228,0.050301
0.680524,1.000329,0.064617,0.055228
0.869066,0.801301,0.060311,0.064617
0.717566,0.848809,0.051413,0.060311
0.730445,0.998249,0.050832,0.051413
0.922044,0.818138,0.059425,0.050832
0.730719,0.811394,0.055067,0.059425
0.911831,1.016979,0.056508,0.055067
0.893970,0.792553,0.112579,0.056508
0.988746,0.721834,0.141879,0.112579
0.794041,0.834807,0.152414,0.141879
0.752474,0.781672,0.151767,0.152414
0.669995,0.666928,0.144727,0.151767
0.577897,0.649467,0.136799,0.144727
0.510767,0.551788,0.131651,0.136799
0.386914,0.391268,0.131970,0.131651
0.397159,0.402855,0.136246,0.131970
0.324834,0.418429,0.143777,0.136246
0.339981,0.331365,0.155757,0.143777
0.277230,0.365608,0.168133,0.155757
0.300899,0.345731,0.185934,0.168133
0.264677,0.242499,0.205998,0.185934
0.216530,0.233446,0.223700,0.205998
0.234718,0.190297,0.236379,0.223700
0.175046,0.164966,0.235364,0.236379
0.163013,0.173328,0.224486,0.235364
0.187760,0.113656,0.207146,0.224486
0.138439,0.115338,0.193719,0.207146
0.128572,0.130802,0.183901,0.193719
0.146883,0.109735,0.179093,0.183901
0.108466,0.063058,0.179984,0.179093
0.094705,0.062180,0.183158,0.179984
0.109865,0.040621,0.187160,0.183158
0.077634,0.094059,0.189592,0.187160
0.091033,0.046813,0.190753,0.189592
0.094956,0.052038,0.190655,0.190753
0.071449,0.066432,0.189810,0.190655
0.069597,0.041378,0.188657,0.189810
0.076962,0.059244,0.187385,0.188657
0.061014,0.043709,0.186724,0.187385
0.053648,0.024923,0.186591,0.186724
0.039268,0.031318,0.186835,0.186591
0.032277,0.016515,0.187177,0.186835
0.037099,0.034767,0.187493,0.187177
0.031271,0.025665,0.187602,0.187493
0.023576,0.030479,0.187708,0.187602
0.024083,0.006419,0.187678,0.187708
0.021892,0.014918,0.187158,0.187678
0.019540,0.037134,0.187457,0.187158
0.000000,0.021578,0.188051,0.187457
0.000000,0.025507,0.188152,0.188051
0.000000,0.043465,0.188229,0.188152
0.000000,0.030755,0.188423,0.188229
0.000000,0.029240,0.188644,0.188423
0.000000,0.012792,0.188818,0.188644
0.000000,0.042296,0.188851,0.188818
0.017233,0.043424,0.188862,0.188851
0.022333,0.035235,0.188904,0.188862
0.000000,0.019926,0.188903,0.188904
0.000000,0.000000,0.000000,0.000000
0.000000,0.004938,2.029262,0.000000
0.019931,0.059744,2.026907,2.029262
0.032383,0.047529,2.020911,2.026907
0.039095,0.061836,2.014503,2.020911
0.022649,0.012711,2.015879,2.014503
0.000000,0.051817,2.036283,2.015879
0.000000,0.011619,2.034737,2.036283
0.000000,0.022384,2.034753,2.034737
0.000000,0.047850,2.035564,2.034753
0.000000,0.035947,2.036511,2.035564
0.000000,0.044184,2.037399,2.036511
0.000000,0.027023,2.037864,2.037399
0.000000,0.023313,2.037939,2.037864
0.000000,0.035560,2.037068,2.037939
0.000000,0.015091,2.035440,2.037068
0.000000,0.025510,2.033115,2.035440
0.029409,0.021603,2.024145,2.033115
0.031272,0.021198,2.024462,2.024145
0.041151,0.058161,2.027268,2.024462
0.041274,0.051715,2.028097,2.027268
0.042832,0.037573,2.027089,2.028097
0.035408,0.023780,2.026736,2.027089
0.018302,0.024701,2.029109,2.026736
0.030432,0.042244,2.031960,2.029109
0.057741,0.045594,2.033766,2.031960
0.061664,0.040123,2.033674,2.033766
0.074359,0.043525,2.033182,2.033674
0.098240,0.034163,2.033399,2.033182
0.081235,0.038418,2.034060,2.033399
0.080622,0.032287,2.035090,2.034060
0.094379,0.024005,2.036494,2.035090
0.059919,0.030042,2.037347,2.036494
0.053357,0.025761,2.037175,2.037347
0.074319,0.045888,2.035263,2.037175
0.059301,0.020849,2.032837,2.035263
0.050040,0.035287,2.031315,2.032837
0.065442,0.030052,2.030415,2.031315
0.124998,0.036300,2.020248,2.030415
0.172571,0.043882,1.998360,2.020248
0.156973,0.085048,1.966005,1.998360
0.149164,0.204401,1.893606,1.966005
0.089598,0.312284,1.777834,1.893606
0.274313,0.417991,1.642784,1.777834
0.336399,0.455533,1.525746,1.642784
0.416811,0.629559,1.442581,1.525746
0.583176,0.605985,1.356209,1.442581
0.452606,0.651581,1.269200,1.356209
0.553145,0.869901,1.152555,1.269200
0.797013,0.787544,0.984537,1.152555
0.529163,0.785275,0.830465,0.984537
0.683418,0.982038,0.679735,0.830465
1.181375,0.814959,0.522543,0.679735
0.982860,0.828830,0.410525,0.522543
0.912213,0.944579,0.317227,0.410525
1.060839,0.795645,0.232963,0.317227
0.793468,0.822070,0.178741,0.232963
0.728354,0.920398,0.137785,0.178741
0.863538,0.767827,0.107380,0.137785
0.679361,0.835725,0.092833,0.107380
0.773876,0.929597,0.086450,0.092833
0.833714,0.785859,0.085786,0.086450
0.685419,0.805011,0.086455,0.085786
0.738097,0.985818,0.085601,0.086455
0.920568,0.788625,0.081137,0.085601
0.759817,0.872553,0.075953,0.081137
0.789121,0.978436,0.071580,0.075953
0.998499,0.832762,0.069960,0.071580
0.788576,0.830527,0.073648,0.069960
0.789348,0.964079,0.078461,0.073648
0.983028,0.811360,0.077644,0.078461
0.791726,0.869395,0.068207,0.077644
0.796373,1.062367,0.057637,0.068207
0.999290,0.930533,0.055491,0.057637
0.802459,0.915994,0.057161,0.055491
0.952526,1.121059,0.056055,0.057161
1.005712,0.904078,0.052483,0.056055
0.806141,0.924036,0.050585,0.052483
0.844577,1.082527,0.050660,0.050585
0.989614,0.893398,0.051829,0.050660
0.789133,0.924311,0.052494,0.051829
0.785559,1.043888,0.052912,0.052494
0.980745,0.866446,0.053414,0.052912
0.776399,0.915499,0.054313,0.053414
0.766709,1.050186,0.056128,0.054313
0.940612,0.854034,0.059897,0.056128
0.734798,0.897480,0.064351,0.059897
0.725161,0.984019,0.069532,0.064351
0.898502,0.847863,0.076837,0.069532
0.718498,0.867353,0.084693,0.076837
0.859507,0.971761,0.095216,0.084693
0.914210,1.066853,0.111922,0.095216
0.915077,0.982898,0.137344,0.111922
0.772528,0.848706,0.169034,0.137344
0.850249,0.881362,0.191871,0.169034
0.750528,0.989214,0.204160,0.191871
0.850447,0.827365,0.198655,0.204160
0.757136,0.837720,0.176570,0.198655
0.710055,0.942988,0.139257,0.176570
0.881644,0.842363,0.086100,0.139257
0.704469,0.861263,0.055830,0.086100
0.716631,0.993422,0.058923,0.055830
0.879351,0.971645,0.070011,0.058923
0.890025,1.004936,0.063536,0.070011
0.904943,0.818237,0.053030,0.063536
0.731164,0.838038,0.054591,0.053030
0.693572,1.003649,0.062829,0.054591
0.892480,0.810560,0.070307,0.062829
0.720791,0.830293,0.072031,0.070307
0.720131,1.004890,0.071284,0.072031
0.899010,0.855515,0.069622,0.071284
0.718613,0.828413,0.069536,0.069622
0.847426,0.978026,0.071397,0.069536
0.902770,0.843300,0.076702,0.071397
0.723184,0.835542,0.084341,0.076702
0.769645,0.942060,0.095766,0.084341
0.921140,0.834541,0.114986,0.095766
0.729019,0.834231,0.137431,0.114986
0.721335,0.966037,0.163577,0.137431
0.876233,0.845395,0.188079,0.163577
0.695424,1.012318,0.195993,0.188079
0.890618,0.966508,0.184844,0.195993
0.889490,0.853503,0.151935,0.184844
0.706754,1.008176,0.110710,0.151935
0.888156,0.810932,0.065557,0.110710
0.710082,0.838941,0.054790,0.065557
0.718191,0.979800,0.063666,0.054790
0.916850,0.851199,0.065293,0.063666
0.734619,0.835910,0.055640,0.065293
0.847818,0.995395,0.048791,0.055640
0.746994,0.824393,0.054708,0.048791
0.834793,0.863711,0.063794,0.054708
0.753208,0.988918,0.069762,0.063794
0.848501,0.840604,0.071495,0.069762
0.769841,0.807183,0.070519,0.071495
0.743275,1.001298,0.069265,0.070519
0.928789,0.831236,0.069379,0.069265
0.745149,0.868167,0.071838,0.069379
0.746546,0.987125,0.077259,0.071838
0.928625,0.825589,0.088083,0.077259
0.737431,0.836478,0.101091,0.088083
0.730015,0.987061,0.119233,0.101091
0.897602,0.810858,0.148885,0.119233
0.717677,0.855914,0.177272,0.148885
0.837851,0.994006,0.201655,0.177272
0.748082,0.798259,0.214463,0.201655
0.838774,0.971745,0.207492,0.214463
0.890679,1.002486,0.176976,0.207492
0.712473,0.983773,0.128226,0.176976
0.841749,0.969270,0.073881,0.128226
0.850127,0.838866,0.052056,0.073881
0.811779,1.000736,0.062085,0.052056
0.720314,0.829732,0.066822,0.062085
0.827057,0.992982,0.059193,0.066822
0.902042,0.977388,0.051717,0.059193
0.775235,0.830294,0.058468,0.051717
0.865374,0.966082,0.060118,0.058468
0.952067,0.850662,0.056675,0.060118
0.840209,0.813846,0.100497,0.056675
0.910009,0.907567,0.134126,0.100497
0.940918,0.703005,0.148383,0.134126
0.655139,0.655161,0.149048,0.148383
0.574260,0.704206,0.144511,0.149048
0.622472,0.554588,0.137054,0.144511
0.446757,0.509110,0.132492,0.137054
0.408923,0.559533,0.131158,0.132492
0.454544,0.416135,0.134390,0.131158
0.332424,0.399463,0.140997,0.134390
0.311160,0.419220,0.150895,0.140997
0.355156,0.301874,0.165270,0.150895
0.265019,0.282067,0.179571,0.165270
0.286617,0.269848,0.196618,0.179571
0.268561,0.224204,0.219518,0.196618
0.198608,0.251141,0.238843,0.219518
0.196053,0.217028,0.252334,0.238843
0.213549,0.169164,0.254030,0.252334
0.161626,0.148003,0.241405,0.254030
0.148874,0.146210,0.220543,0.241405
0.169101,0.119577,0.197564,0.220543
0.130068,0.116833,0.184724,0.197564
0.121473,0.085733,0.178924,0.184724
0.130200,0.100759,0.180451,0.178924
0.094877,0.051891,0.185402,0.180451
0.088048,0.076203,0.191118,0.185402
0.101706,0.054681,0.196186,0.191118
0.080099,0.056440,0.198232,0.196186
0.086870,0.048303,0.198446,0.198232
0.083517,0.023840,0.197067,0.198446
0.061417,0.041634,0.195296,0.197067
0.056283,0.063101,0.193591,0.195296
0.060216,0.007805,0.192264,0.193591
0.044165,0.031182,0.191999,0.192264
0.038476,0.023345,0.192298,0.191999
0.044319,0.022709,0.193002,0.192298
0.037404,0.022420,0.193663,0.193002
0.029793,0.039892,0.194175,0.193663
0.035087,0.008831,0.194539,0.194175
0.027503,0.021557,0.194608,0.194539
0.000000,0.000000,0.000000,0.000000
0.000000,0.026540,2.029207,0.000000
0.000000,0.033671,2.023510,2.029207
0.025906,0.045786,2.001126,2.023510
0.028513,0.061150,1.983365,2.001126
0.030728,0.016307,1.976514,1.983365
0.000000,0.032038,1.988091,1.976514
0.000000,0.014621,2.024116,1.988091
0.000000,0.030295,2.021534,2.024116
0.000000,0.056699,2.019200,2.021534
0.000000,0.033487,2.016847,2.019200
0.000000,0.016806,2.015037,2.016847
0.000000,0.015090,2.013776,2.015037
0.000000,0.053682,2.012597,2.013776
0.000000,0.016057,2.011434,2.012597
0.018186,0.015202,2.005280,2.011434
0.024012,0.022933,2.001707,2.005280
0.033181,0.013314,1.997672,2.001707
0.040314,0.017296,1.994287,1.997672
0.053077,0.042116,1.991961,1.994287
0.082859,0.052098,1.992571,1.991961
0.058976,0.030792,2.003567,1.992571
0.078966,0.033668,2.011670,2.003567
0.057086,0.035464,2.016315,2.011670
0.059530,0.004951,2.018514,2.016315
0.069877,0.043469,2.017521,2.018514
0.062046,0.054354,2.014438,2.017521
0.076479,0.060125,2.011230,2.014438
0.081344,0.006078,2.009964,2.011230
0.073762,0.022428,2.011606,2.009964
0.060564,0.043180,2.014099,2.011606
0.070173,0.016876,2.015348,2.014099
0.060632,0.032509,2.014082,2.015348
0.079987,0.033173,2.011510,2.014082
0.056685,0.023592,2.008896,2.011510
0.049006,0.035018,2.007600,2.008896
0.136498,0.033278,1.976268,2.007600
0.142911,0.073550,1.939277,1.976268
0.099629,0.149687,1.870929,1.939277
0.038678,0.229241,1.783231,1.870929
0.178099,0.357737,1.675041,1.783231
0.411516,0.406590,1.560888,1.675041
0.375773,0.487099,1.484784,1.560888
0.435578,0.625200,1.417792,1.484784
0.569919,0.606391,1.331758,1.417792
0.427607,0.694944,1.229155,1.331758
0.552705,0.868102,1.092333,1.229155
0.930214,0.778993,0.905536,1.092333
0.516851,0.805012,0.748566,0.905536
0.709799,0.993472,0.607161,0.748566
1.168544,0.816888,0.466254,0.607161
0.907086,0.788631,0.368128,0.466254
1.015218,0.923608,0.285453,0.368128
0.847902,0.791189,0.210530,0.285453
0.900512,0.789024,0.165359,0.210530
0.753121,0.939139,0.131856,0.165359
0.813567,0.794133,0.104752,0.131856
0.720407,0.793577,0.091031,0.104752
0.667861,0.905503,0.084739,0.091031
0.845634,0.762894,0.084175,0.084739
0.691640,0.813973,0.084601,0.084175
0.731560,0.917790,0.082489,0.084601
0.981559,0.844657,0.076199,0.082489
0.801779,0.864671,0.071226,0.076199
0.811358,0.991587,0.068910,0.071226
1.003959,0.807540,0.072335,0.068910
0.801430,0.832998,0.080657,0.072335
0.950400,0.951518,0.087685,0.080657
0.853379,0.814056,0.086291,0.087685
0.956694,0.874717,0.075447,0.086291
0.846505,1.109790,0.063960,0.075447
0.943205,0.908501,0.060845,0.063960
0.853755,0.941998,0.061853,0.060845
0.801584,1.088974,0.059909,0.061853
1.005824,0.908183,0.054712,0.059909
0.809813,0.925534,0.051146,0.054712
0.801034,1.106438,0.049674,0.051146
1.000011,0.921246,0.049994,0.049674
0.799863,0.905967,0.050500,0.049994
0.794370,1.064967,0.050890,0.050500
0.983572,0.875417,0.051431,0.050890
0.774433,0.926181,0.052257,0.051431
0.911064,1.005377,0.054012,0.052257
0.794802,0.853532,0.057570,0.054012
0.877346,0.915783,0.062180,0.057570
0.777608,1.000835,0.068502,0.062180
0.866461,0.876494,0.077896,0.068502
0.770747,0.860025,0.087730,0.077896
0.734868,0.992583,0.100528,0.087730
0.904727,0.825785,0.120487,0.100528
0.734684,0.871530,0.143724,0.120487
0.721019,0.972661,0.171253,0.143724
0.861163,0.835478,0.198754,0.171253
0.715884,0.839741,0.210135,0.198754
0.726167,0.991050,0.205852,0.210135
0.897552,0.854055,0.179699,0.205852
0.719195,0.842831,0.142421,0.179699
0.887489,0.987566,0.095972,0.142421
0.837751,0.807326,0.053969,0.095972
1.000680,0.857130,0.052045,0.053969
0.874054,0.985746,0.061459,0.052045
0.899963,0.830807,0.059110,0.061459
0.780631,0.847177,0.050620,0.059110
0.743819,0.999489,0.049706,0.050620
0.929540,0.801630,0.060032,0.049706
0.735371,0.832082,0.068241,0.060032
0.725007,0.967702,0.072872,0.068241
0.891259,0.803938,0.074164,0.072872
0.713495,0.848832,0.073056,0.074164
0.715158,0.982684,0.071683,0.073056
0.910425,0.840472,0.071538,0.071683
0.729169,0.841390,0.073734,0.071538
0.873703,0.988410,0.079218,0.073734
0.766738,0.813030,0.089700,0.079218
0.841129,0.828502,0.102920,0.089700
0.728103,0.983430,0.122507,0.102920
0.842522,0.827819,0.151737,0.122507
0.798730,0.876769,0.174176,0.151737
0.758461,0.969475,0.187263,0.174176
0.922904,0.828899,0.183117,0.187263
0.743326,0.868467,0.161956,0.183117
0.763004,0.988301,0.125441,0.161956
0.999081,0.823150,0.074466,0.125441
0.763376,1.009899,0.048165,0.074466
0.996394,0.956395,0.054293,0.048165
0.989853,0.819266,0.059139,0.054293
0.747847,0.989374,0.051978,0.059139
0.893912,0.830359,0.046666,0.051978
0.691150,0.849678,0.052387,0.046666
0.680096,0.947873,0.061441,0.052387
0.868351,0.873529,0.069217,0.061441
0.714176,0.835722,0.072090,0.069217
0.861352,0.991103,0.072736,0.072090
0.911381,0.827521,0.072240,0.072736
0.734285,0.841172,0.071931,0.072240
0.789147,0.972774,0.072913,0.071931
0.938261,0.850410,0.077036,0.072913
0.749537,0.853409,0.083433,0.077036
0.747600,1.007809,0.093432,0.083433
0.927967,0.803313,0.110707,0.093432
0.734369,0.849767,0.131919,0.110707
0.724017,0.998375,0.158692,0.131919
0.878063,0.839539,0.187032,0.158692
0.693594,0.826390,0.199885,0.187032
0.698659,0.966376,0.197649,0.199885
0.883465,0.798604,0.173524,0.197649
0.696391,0.849409,0.137640,0.173524
0.797173,0.971149,0.092521,0.137640
0.856293,0.990842,0.055011,0.092521
0.852128,1.006535,0.059368,0.055011
0.723410,0.841354,0.066899,0.059368
0.829492,0.815346,0.061299,0.066899
0.762543,0.977734,0.052663,0.061299
0.870734,0.815348,0.054398,0.052663
0.783600,0.833959,0.062403,0.054398
0.742760,0.988126,0.058515,0.062403
1.000613,0.854124,0.063606,0.058515
0.865346,0.861914,0.109500,0.063606
0.858811,0.871574,0.140077,0.109500
0.933379,0.714263,0.152735,0.140077
0.647471,0.694027,0.152965,0.152735
0.568494,0.694214,0.148482,0.152965
0.615520,0.536125,0.141492,0.148482
0.435986,0.490894,0.136638,0.141492
0.458917,0.526294,0.133960,0.136638
0.425331,0.379693,0.134911,0.133960
0.311643,0.361014,0.139616,0.134911
0.294353,0.364076,0.148053,0.139616
0.315240,0.296317,0.162567,0.148053
0.232512,0.274870,0.178121,0.162567
0.216638,0.308688,0.196962,0.178121
0.243185,0.186161,0.221617,0.196962
0.179445,0.175956,0.240583,0.221617
0.169917,0.175305,0.250869,0.240583
0.194559,0.175402,0.246772,0.250869
0.146801,0.142828,0.230158,0.246772
0.141634,0.170849,0.208512,0.230158
0.165265,0.100206,0.187665,0.208512
0.131802,0.097370,0.177567,0.187665
0.137488,0.097730,0.174562,0.177567
0.131529,0.055794,0.178251,0.174562
0.104659,0.072557,0.183622,0.178251
0.106099,0.074710,0.188893,0.183622
0.121500,0.087669,0.192925,0.188893
0.091312,0.053406,0.194162,0.192925
0.081053,0.084040,0.193772,0.194162
0.093036,0.034161,0.192165,0.193772
0.066805,0.039419,0.190586,0.192165
0.055056,0.032654,0.189229,0.190586
0.052061,0.019742,0.188332,0.189229
0.043282,0.022754,0.188185,0.188332
0.044190,0.036446,0.188401,0.188185
0.047285,0.001121,0.188989,0.188401
0.033921,0.006936,0.189536,0.188989
0.031838,0.027464,0.189968,0.189536
0.029887,0.022763,0.190181,0.189968
0.000000,0.039924,0.190035,0.190181
0.000000,0.007932,0.190005,0.190035
0.000000,0.017118,0.190079,0.190005
0.000000,0.017980,0.190155,0.190079
0.000000,0.045611,0.190177,0.190155
0.000000,0.003409,0.190283,0.190177
0.000000,0.036430,0.190404,0.190283
0.000000,0.000000,0.000000,0.000000
0.000000,0.060431,2.027964,0.000000
0.021103,0.036298,2.017444,2.027964
0.032298,0.017356,2.000525,2.017444
0.031980,0.062855,1.994721,2.000525
0.028176,0.052545,2.001723,1.994721
0.000000,0.027292,2.021708,2.001723
0.000000,0.031422,2.017413,2.021708
0.000000,0.014595,2.014632,2.017413
0.000000,0.042624,2.012959,2.014632
0.000000,0.025313,2.012290,2.012959
0.000000,0.027707,2.012414,2.012290
0.000000,0.042704,2.012477,2.012414
0.036920,0.018827,2.008571,2.012477
0.073332,0.020773,2.010272,2.008571
0.064956,0.025342,2.008980,2.010272
0.072251,0.048002,2.007784,2.008980
0.092717,0.033914,2.008521,2.007784
0.074716,0.020105,2.010227,2.008521
0.073025,0.029930,2.012321,2.010227
0.097576,0.033465,2.014518,2.012321
0.071348,0.011522,2.015796,2.014518
0.064420,0.033423,2.016081,2.015796
0.068663,0.035873,2.014324,2.016081
0.048729,0.024075,2.011892,2.014324
0.040016,0.051394,2.009567,2.011892
0.049153,0.006927,2.007603,2.009567
0.026745,0.037406,2.006787,2.007603
0.030767,0.027481,2.005770,2.006787
0.106475,0.001589,1.991922,2.005770
0.155171,0.040529,1.962799,1.991922
0.139703,0.090906,1.920705,1.962799
0.032500,0.170806,1.843446,1.920705
0.106682,0.245233,1.748696,1.843446
0.261299,0.407423,1.638708,1.748696
0.451568,0.406596,1.526585,1.638708
0.439039,0.504177,1.455268,1.526585
0.527668,0.660520,1.392895,1.455268
0.554928,0.624180,1.300437,1.392895
0.461618,0.851069,1.187190,1.300437
0.782020,0.902110,1.012425,1.187190
0.992522,0.823895,0.822743,1.012425
0.852690,0.922058,0.670671,0.822743
1.287274,0.805098,0.516759,0.670671
1.000663,0.831843,0.408538,0.516759
0.906676,0.944666,0.317652,0.408538
1.056857,0.812488,0.234583,0.317652
0.943775,0.799603,0.181540,0.234583
0.787711,0.889374,0.142687,0.181540
0.826751,0.789199,0.112688,0.142687
0.711810,0.781848,0.097209,0.112688
0.663078,0.988451,0.089331,0.097209
0.828720,0.756405,0.087261,0.089331
0.672599,0.806829,0.087763,0.087261
0.700748,0.972138,0.086995,0.087763
0.956093,0.827852,0.082173,0.086995
0.797037,0.851020,0.075415,0.082173
0.825584,0.952328,0.070026,0.075415
1.047372,0.833292,0.069902,0.070026
0.821783,0.861068,0.077433,0.069902
0.955677,0.980215,0.087810,0.077433
0.847575,0.807661,0.094514,0.087810
0.945190,0.842846,0.089218,0.094514
0.846992,1.084239,0.074429,0.089218
0.935855,0.914050,0.061123,0.074429
0.810780,0.926301,0.060469,0.061123
0.870569,1.085403,0.060834,0.060469
1.017825,0.894076,0.056114,0.060834
0.818478,0.942701,0.051179,0.056114
0.801051,1.114373,0.048940,0.051179
0.996292,0.872157,0.050438,0.048940
0.799271,0.934162,0.052491,0.050438
0.793010,1.080847,0.053676,0.052491
0.982012,0.878270,0.054714,0.053676
0.778352,0.881696,0.055547,0.054714
0.779718,1.032143,0.056747,0.055547
0.952307,0.913150,0.059524,0.056747
0.750775,0.886975,0.063217,0.059524
0.880600,1.069288,0.068222,0.063217
0.924958,0.831987,0.075715,0.068222
0.739035,0.864782,0.083657,0.075715
0.782175,0.992064,0.094503,0.083657
0.917470,0.822039,0.111992,0.094503
0.727438,0.870683,0.132473,0.111992
0.731916,0.962315,0.158902,0.132473
0.869602,0.834464,0.188009,0.158902
0.683836,0.840982,0.202766,0.188009
0.700830,0.981813,0.203270,0.202766
0.876952,0.836453,0.182893,0.203270
0.686386,0.834680,0.149574,0.182893
0.672347,0.977945,0.105106,0.149574
0.865689,0.835776,0.061433,0.105106
0.675545,0.857953,0.057678,0.061433
0.791064,0.965640,0.068772,0.057678
0.850405,0.802131,0.069318,0.068772
0.707573,0.841719,0.060126,0.069318
0.757597,1.021320,0.055111,0.060126
0.892602,0.818605,0.060881,0.055111
0.718792,0.858603,0.067544,0.060881
0.726998,1.005447,0.071186,0.067544
0.921257,0.823181,0.070936,0.071186
0.731803,0.861465,0.068799,0.070936
0.731396,0.994573,0.066875,0.068799
0.914447,0.841421,0.066738,0.066875
0.729914,0.851628,0.069737,0.066738
0.719915,0.977752,0.075714,0.069737
0.904913,0.819849,0.086809,0.075714
0.726375,0.842824,0.099748,0.086809
0.856692,0.967412,0.117671,0.099748
0.888478,0.796879,0.145490,0.117671
0.731023,0.833574,0.169085,0.145490
0.801404,0.987895,0.185709,0.169085
0.926448,0.826486,0.187098,0.185709
0.737967,0.860737,0.170758,0.187098
0.755053,1.002363,0.138467,0.170758
0.944042,0.779902,0.087956,0.138467
0.724031,0.851553,0.054339,0.087956
0.698659,0.993010,0.052123,0.054339
0.867870,0.818383,0.064850,0.052123
0.705717,0.868071,0.064243,0.064850
0.710855,0.979868,0.056314,0.064243
0.880763,0.813593,0.055835,0.056314
0.841492,0.869515,0.062233,0.055835
0.735285,0.980177,0.068564,0.062233
0.831798,0.816862,0.070789,0.068564
0.752462,1.000037,0.068923,0.070789
0.919433,0.996531,0.065467,0.068923
0.873892,0.849547,0.063362,0.065467
0.786909,1.000057,0.064092,0.063362
0.925943,0.800054,0.068519,0.064092
0.740161,0.823280,0.075395,0.068519
0.740048,0.966373,0.085621,0.075395
0.916978,0.831366,0.102025,0.085621
0.723290,0.842313,0.120959,0.102025
0.713635,0.968826,0.146102,0.120959
0.885529,0.837175,0.175784,0.146102
0.704276,0.853929,0.192080,0.175784
0.707010,0.996687,0.194455,0.192080
0.898927,0.771071,0.175905,0.194455
0.718924,0.838994,0.143589,0.175905
0.801600,1.004954,0.099538,0.143589
0.858026,0.812048,0.055433,0.099538
0.683073,0.872049,0.050806,0.055433
0.719153,0.974015,0.061527,0.050806
0.861283,0.814892,0.062315,0.061527
0.707616,0.851793,0.054393,0.062315
0.720644,0.967715,0.051225,0.054393
0.921084,0.830230,0.059027,0.051225
0.737832,0.830190,0.064975,0.059027
0.742684,1.011699,0.052076,0.064975
1.019681,0.820571,0.078627,0.052076
0.857163,0.772203,0.124777,0.078627
0.818354,0.880730,0.146761,0.124777
0.871849,0.671632,0.152257,0.146761
0.608044,0.635002,0.148778,0.152257
0.628687,0.684833,0.142360,0.148778
0.578543,0.493945,0.135520,0.142360
0.419483,0.499413,0.132753,0.135520
0.395811,0.514547,0.133490,0.132753
0.414888,0.423149,0.138655,0.133490
0.315079,0.378166,0.146217,0.138655
0.290509,0.374620,0.156595,0.146217
0.338729,0.261261,0.171402,0.156595
0.247942,0.280365,0.185891,0.171402
0.232989,0.278633,0.202817,0.185891
0.259829,0.186691,0.223981,0.202817
0.192653,0.211230,0.236489,0.223981
0.176977,0.189109,0.238733,0.236489
0.202084,0.152760,0.226977,0.238733
0.153181,0.133791,0.209798,0.226977
0.167954,0.127431,0.192690,0.209798
0.153809,0.102653,0.178943,0.192690
0.112277,0.072135,0.173967,0.178943
0.106601,0.108426,0.174305,0.173967
0.117660,0.090146,0.178596,0.174305
0.088724,0.074364,0.182770,0.178596
0.086572,0.065415,0.186224,0.182770
0.104019,0.019322,0.188274,0.186224
0.075860,0.041731,0.188341,0.188274
0.071619,0.058410,0.187354,0.188341
0.079253,0.021145,0.185650,0.187354
0.058106,0.044417,0.184425,0.185650
0.045691,0.031571,0.183595,0.184425
0.045356,0.018505,0.183264,0.183595
0.030614,0.007789,0.183529,0.183264
0.034647,0.033712,0.183903,0.183529
0.034884,0.025886,0.184347,0.183903
0.030892,0.042623,0.184662,0.184347
0.036479,0.044307,0.184931,0.184662
0.032719,0.002408,0.185068,0.184931
0.021224,0.027296,0.184928,0.185068
0.019107,0.018155,0.184095,0.184928
0.000000,0.037611,0.185259,0.184095
0.000000,0.019222,0.185249,0.185259
0.000000,0.000000,0.000000,0.000000
0.000000,0.036832,2.021240,0.000000
0.025907,0.037124,2.009358,2.021240
0.029488,0.051532,2.000991,2.009358
0.029861,0.046365,1.993885,2.000991
0.021176,0.032538,1.988437,1.993885
0.000000,0.039621,1.989031,1.988437
0.000000,0.023078,1.988375,1.989031
0.000000,0.017345,1.987576,1.988375
0.000000,0.022149,1.986331,1.987576
0.000000,0.034524,1.984573,1.986331
0.024852,0.022589,1.973666,1.984573
0.032557,0.030688,1.975753,1.973666
0.033531,0.040494,1.978997,1.975753
0.038434,0.019832,1.985097,1.978997
0.057622,0.026643,1.988351,1.985097
0.060885,0.053516,1.987899,1.988351
0.056268,0.024243,1.986953,1.987899
0.048854,0.031845,1.985568,1.986953
0.043748,0.013591,1.983950,1.985568
0.032081,0.037869,1.983369,1.983950
0.203274,0.063109,1.938058,1.983369
0.156070,0.112465,1.894266,1.938058
0.098483,0.189124,1.812297,1.894266
0.176260,0.282027,1.695174,1.812297
0.320110,0.420081,1.592178,1.695174
0.533730,0.553317,1.496360,1.592178
0.703656,0.625752,1.417727,1.496360
0.664221,0.613784,1.336651,1.417727
0.539115,0.694960,1.238468,1.336651
0.628458,0.876583,1.103903,1.238468
0.977905,0.765702,0.917720,1.103903
0.570095,0.832812,0.759385,0.917720
0.990828,0.934797,0.615156,0.759385
1.040663,0.806530,0.471121,0.615156
1.102426,0.774689,0.370562,0.471121
0.884442,0.965423,0.286774,0.370562
0.914367,0.769195,0.212185,0.286774
0.777994,0.774525,0.167387,0.212185
0.701434,0.927712,0.133771,0.167387
0.851859,0.744473,0.106456,0.133771
0.669605,0.820945,0.093028,0.106456
0.667015,1.006458,0.086657,0.093028
0.852938,0.767570,0.085429,0.086657
0.688422,0.813544,0.085707,0.085429
0.709929,0.978646,0.083852,0.085707
0.964384,0.793617,0.077598,0.083852
0.799834,0.844518,0.072205,0.077598
0.969535,0.969252,0.068539,0.072205
0.864275,0.831023,0.070858,0.068539
0.952634,0.818786,0.079904,0.070858
0.841898,0.992404,0.090100,0.079904
0.949551,0.787681,0.093581,0.090100
0.853333,0.827626,0.084859,0.093581
0.805197,1.059459,0.069485,0.084859
1.004974,0.932278,0.060676,0.069485
0.797335,0.922796,0.061845,0.060676
0.792844,1.086023,0.061670,0.061845
1.002847,0.918244,0.057716,0.061670
0.800770,0.932151,0.054095,0.057716
0.799658,1.089429,0.052715,0.054095
1.002272,0.904399,0.053809,0.052715
0.804657,0.948944,0.054870,0.053809
0.948702,1.066041,0.054886,0.054870
0.844334,0.908807,0.054275,0.054886
0.930357,0.922040,0.053989,0.054275
0.819143,1.028624,0.054652,0.053989
0.900132,1.074238,0.057134,0.054652
0.921571,1.024655,0.061454,0.057134
0.921737,0.856841,0.068050,0.061454
0.734426,0.901333,0.075815,0.068050
0.778837,1.012545,0.086188,0.075815
0.920651,0.858756,0.102327,0.086188
0.734268,0.862124,0.120531,0.102327
0.743550,0.942886,0.145440,0.120531
0.916326,0.830607,0.177669,0.145440
0.706386,0.853565,0.198809,0.177669
0.715060,0.964134,0.208103,0.198809
0.906179,0.819839,0.198401,0.208103
0.706894,0.873497,0.172963,0.198401
0.700541,0.951240,0.133348,0.172963
0.872075,0.808905,0.081287,0.133348
0.693016,0.821837,0.056124,0.081287
0.864511,0.968602,0.061519,0.056124
0.936417,0.827922,0.070878,0.061519
0.745664,0.860324,0.066169,0.070878
0.774051,1.023550,0.058347,0.066169
0.908173,0.804633,0.059261,0.058347
0.728257,0.836150,0.065870,0.059261
0.736954,0.994321,0.070759,0.065870
0.918093,0.828622,0.071520,0.070759
0.725155,0.863971,0.070165,0.071520
0.723812,1.001156,0.068728,0.070165
0.898744,0.772255,0.068479,0.068728
0.722172,0.847629,0.070197,0.068479
0.722007,0.983800,0.074571,0.070197
0.910805,0.818216,0.082940,0.074571
0.722555,0.863910,0.092851,0.082940
0.851392,1.017691,0.106895,0.092851
0.904640,0.800379,0.130296,0.106895
0.725710,0.846541,0.153751,0.130296
0.807738,0.970930,0.174177,0.153751
0.935183,0.856356,0.183512,0.174177
0.741964,0.835611,0.174481,0.183512
0.751674,0.983769,0.148983,0.174481
0.895785,0.826225,0.102826,0.148983
0.690719,0.849099,0.063789,0.102826
0.689361,1.018970,0.048212,0.063789
0.849040,0.796349,0.059332,0.048212
0.685454,0.873675,0.062217,0.059332
0.698169,0.981305,0.054855,0.062217
0.888745,0.822734,0.048608,0.054855
0.695804,0.850012,0.053057,0.048608
0.828229,0.971289,0.060848,0.053057
0.876329,0.781569,0.066734,0.060848
0.707709,0.841187,0.067791,0.066734
0.767692,0.998961,0.067302,0.067791
0.875102,0.853131,0.067009,0.067302
0.780305,0.833844,0.069221,0.067009
0.734399,0.977139,0.072033,0.069221
0.922753,0.822493,0.076725,0.072033
0.742804,0.825301,0.082773,0.076725
0.740597,1.009015,0.091627,0.082773
0.924610,1.007282,0.106683,0.091627
0.912562,1.020766,0.129814,0.106683
0.917011,0.814553,0.159073,0.129814
0.720562,0.870717,0.180114,0.159073
0.712611,1.000953,0.190647,0.180114
0.891195,0.803072,0.182940,0.190647
0.712584,0.816297,0.159236,0.182940
0.811356,0.970416,0.120930,0.159236
0.845290,0.815242,0.071315,0.120930
0.676760,0.850309,0.051421,0.071315
0.708371,0.965674,0.058875,0.051421
0.846700,0.836370,0.065583,0.058875
0.695485,0.827077,0.059218,0.065583
0.709351,0.978998,0.052016,0.059218
0.899405,0.806680,0.056748,0.052016
0.677672,0.857399,0.066093,0.056748
0.699096,0.956634,0.063489,0.066093
0.959897,1.009854,0.059840,0.063489
1.054525,0.948086,0.111179,0.059840
1.029961,0.740686,0.139383,0.111179
0.734892,0.691787,0.146848,0.139383
0.637937,0.792822,0.146776,0.146848
0.685989,0.553746,0.142011,0.146776
0.493502,0.548206,0.137358,0.142011
0.520012,0.571545,0.134104,0.137358
0.415735,0.427825,0.133962,0.134104
0.421195,0.436285,0.137496,0.133962
0.339917,0.432363,0.144723,0.137496
0.353921,0.320470,0.157306,0.144723
0.285978,0.354450,0.171039,0.157306
0.298780,0.329283,0.191200,0.171039
0.255155,0.247183,0.214281,0.191200
0.203226,0.228542,0.235722,0.214281
0.224424,0.197233,0.254326,0.235722
0.168972,0.189954,0.258680,0.254326
0.163411,0.204892,0.250026,0.258680
0.193823,0.128421,0.225281,0.250026
0.137787,0.111339,0.203133,0.225281
0.130881,0.118001,0.186338,0.203133
0.153886,0.081442,0.177236,0.186338
0.113723,0.092418,0.177430,0.177236
0.099366,0.094486,0.182203,0.177430
0.111333,0.069833,0.189427,0.182203
0.088640,0.052178,0.194377,0.189427
0.100717,0.084483,0.197317,0.194377
0.092971,0.024655,0.197928,0.197317
0.065370,0.043503,0.196841,0.197928
0.061041,0.018398,0.195037,0.196841
0.062105,0.024368,0.193026,0.195037
0.045306,0.022224,0.191953,0.193026
0.042825,0.068443,0.191544,0.191953
0.040649,0.043174,0.191730,0.191544
0.030532,0.040154,0.191954,0.191730
0.030848,0.008173,0.192312,0.191954
0.042226,0.046927,0.192773,0.192312
0.040190,0.039125,0.193172,0.192773
0.032973,0.037667,0.193334,0.193172
0.022128,0.012304,0.193245,0.193334
0.028910,0.056335,0.193090,0.193245
0.025975,0.014784,0.193107,0.193090
0.024683,0.034827,0.193206,0.193107
0.000000,0.025326,0.193134,0.193206
0.000000,0.046379,0.193606,0.193134
0.000000,0.028289,0.193591,0.193606
0.000000,0.023929,0.193663,0.193591
0.000000,0.021747,0.193806,0.193663
0.000000,0.004216,0.194093,0.193806
0.000000,0.000000,0.000000,0.000000
0.000000,0.022283,2.024814,0.000000
0.018999,0.031355,2.009876,2.024814
0.025939,0.029518,2.008884,2.009876
0.035232,0.047948,2.029980,2.008884
0.020559,0.024353,2.044451,2.029980
0.022907,0.019423,2.061677,2.044451
0.000000,0.011354,2.058651,2.061677
0.000000,0.054922,2.056311,2.058651
0.000000,0.021598,2.055279,2.056311
0.000000,0.030746,2.055677,2.055279
0.000000,0.026545,2.056557,2.055677
0.000000,0.032302,2.057696,2.056557
0.000000,0.030207,2.058381,2.057696
0.000000,0.013550,2.058845,2.058381
0.000000,0.008317,2.058852,2.058845
0.000000,0.047334,2.056839,2.058852
0.018127,0.019009,2.053293,2.056839
0.028936,0.023105,2.045718,2.053293
0.039586,0.032856,2.044878,2.045718
0.032867,0.019928,2.046059,2.044878
0.041344,0.023676,2.046420,2.046059
0.047861,0.047476,2.045914,2.046420
0.044580,0.031413,2.045179,2.045914
0.061177,0.038473,2.045469,2.045179
0.078091,0.037124,2.046790,2.045469
0.068236,0.033382,2.048461,2.046790
0.084526,0.036207,2.050709,2.048461
0.115280,0.023512,2.052730,2.050709
0.093056,0.051838,2.053709,2.052730
0.091250,0.056320,2.054143,2.053709
0.114508,0.041434,2.054785,2.054143
0.075097,0.034701,2.056215,2.054785
0.069849,0.055437,2.057609,2.056215
0.074880,0.053987,2.057581,2.057609
0.054198,0.027939,2.055840,2.057581
0.078491,0.046850,2.052695,2.055840
0.080966,0.009108,2.049595,2.052695
0.055447,0.019513,2.047907,2.049595
0.060353,0.047853,2.047028,2.047907
0.098695,0.050442,2.044864,2.047028
0.143929,0.014356,2.036778,2.044864
0.180219,0.056671,2.018793,2.036778
0.176520,0.087481,1.976782,2.018793
0.086944,0.141039,1.913591,1.976782
0.046308,0.303084,1.816200,1.913591
0.295729,0.337648,1.682411,1.816200
0.301568,0.375180,1.582023,1.682411
0.365791,0.582123,1.497905,1.582023
0.537179,0.535898,1.414277,1.497905
0.402679,0.640000,1.336149,1.414277
0.548966,0.837614,1.228915,1.336149
0.706218,0.746883,1.069662,1.228915
0.695308,0.804772,0.917926,1.069662
0.587203,0.973342,0.761430,0.917926
1.112029,0.836456,0.595101,0.761430
0.957695,0.843262,0.473637,0.595101
0.934098,0.941139,0.369157,0.473637
1.085506,0.802289,0.273795,0.369157
0.818400,0.786940,0.212138,0.273795
0.764525,0.956751,0.163703,0.212138
0.882401,0.762753,0.125837,0.163703
0.677269,0.802007,0.106666,0.125837
0.660336,0.926416,0.094940,0.106666
0.822221,0.786918,0.087909,0.094940
0.667005,0.819227,0.085984,0.087909
0.800313,0.978768,0.084881,0.085984
0.865685,0.784961,0.082191,0.084881
0.736707,0.827470,0.078930,0.082191
0.820287,0.985640,0.074510,0.078930
0.982797,0.812177,0.071584,0.074510
0.788441,0.826503,0.074857,0.071584
0.784350,0.949917,0.081687,0.074857
0.994497,0.807924,0.087552,0.081687
0.798819,0.856027,0.084341,0.087552
0.797369,1.081653,0.072496,0.084341
0.981192,0.929192,0.060631,0.072496
0.786975,0.950748,0.059699,0.060631
0.784506,1.093066,0.059641,0.059699
0.996779,0.903201,0.054805,0.059641
0.813939,0.935931,0.049220,0.054805
0.965790,1.083636,0.045395,0.049220
1.000509,0.931695,0.045007,0.045395
0.790318,0.917875,0.046883,0.045007
0.833688,1.057129,0.048329,0.046883
0.975982,0.874012,0.049212,0.048329
0.771888,0.914158,0.050112,0.049212
0.766668,1.020086,0.051581,0.050112
0.942113,0.858797,0.054340,0.051581
0.738741,0.890864,0.057841,0.054340
0.732963,1.039717,0.062476,0.057841
0.914712,0.849952,0.069380,0.062476
0.730659,0.859055,0.076562,0.069380
0.730102,1.006734,0.086257,0.076562
0.922835,0.835045,0.102169,0.086257
0.737319,0.839558,0.121037,0.102169
0.878531,0.998241,0.147190,0.121037
0.935468,0.852584,0.179715,0.147190
0.750634,0.860747,0.199857,0.179715
0.796072,0.945306,0.207213,0.199857
0.912182,0.824826,0.195269,0.207213
0.711465,0.836271,0.168600,0.195269
0.692812,0.963539,0.128405,0.168600
0.850459,0.832612,0.078169,0.128405
0.665349,0.846437,0.057623,0.078169
0.656765,0.978858,0.064263,0.057623
0.839082,0.838121,0.071713,0.064263
0.697046,0.846509,0.066299,0.071713
0.720885,0.995586,0.058378,0.066299
0.890915,0.818197,0.059419,0.058378
0.715053,0.871959,0.066417,0.059419
0.867593,0.959232,0.071875,0.066417
0.917553,0.822052,0.072885,0.071875
0.730948,0.871468,0.070660,0.072885
0.776602,1.006285,0.067562,0.070660
0.911005,0.835224,0.065671,0.067562
0.729326,0.859484,0.066534,0.065671
0.738788,0.988961,0.070376,0.066534
0.921334,0.847192,0.078812,0.070376
0.740386,0.839973,0.089875,0.078812
0.750257,0.983547,0.105660,0.089875
0.937519,0.786990,0.132150,0.105660
0.756099,0.836926,0.157508,0.132150
0.757617,0.963739,0.178786,0.157508
0.922403,0.834247,0.188181,0.178786
0.737535,0.865738,0.179008,0.188181
0.872656,0.938080,0.153685,0.179008
0.876343,0.807127,0.108582,0.153685
0.678179,0.862147,0.071084,0.108582
0.697622,0.989244,0.056858,0.071084
0.842079,0.829017,0.066332,0.056858
0.674739,0.847288,0.068615,0.066332
0.690398,0.987295,0.061243,0.068615
0.883644,0.809771,0.054461,0.061243
0.706371,0.826090,0.058286,0.054461
0.709589,1.005239,0.065726,0.058286
0.884673,0.828560,0.071311,0.065726
0.714611,0.857424,0.072133,0.071311
0.727938,1.007556,0.070676,0.072133
0.927389,0.844526,0.068283,0.070676
0.742309,0.818820,0.067242,0.068283
0.888412,0.992253,0.068207,0.067242
0.934867,0.832288,0.072432,0.068207
0.747219,0.824295,0.078852,0.072432
0.790221,0.999327,0.088564,0.078852
0.917950,0.793422,0.104982,0.088564
0.726217,1.020742,0.124949,0.104982
0.891271,0.974314,0.154104,0.124949
0.870563,0.836928,0.176568,0.154104
0.696834,0.999148,0.182324,0.176568
0.881590,0.770124,0.168543,0.182324
0.720387,0.810547,0.140139,0.168543
0.699931,1.016880,0.099917,0.140139
0.852486,0.765925,0.061243,0.099917
0.694726,0.874535,0.057912,0.061243
0.688231,0.980974,0.066347,0.057912
0.869254,1.023466,0.064590,0.066347
0.897833,0.978206,0.055199,0.064590
0.915967,0.818547,0.055193,0.055199
0.735655,0.861204,0.061655,0.055193
0.739914,1.006117,0.066245,0.061655
0.930053,0.847952,0.050388,0.066245
0.805125,0.843222,0.071988,0.050388
1.015795,0.925175,0.121568,0.071988
1.012524,0.732988,0.148652,0.121568
0.716525,0.737015,0.154356,0.148652
0.648569,0.746394,0.152123,0.154356
0.650264,0.679157,0.144826,0.152123
0.561377,0.604181,0.136897,0.144826
0.466081,0.447642,0.132319,0.136897
0.373856,0.423812,0.132225,0.132319
0.325642,0.455875,0.135990,0.132225
0.378381,0.319835,0.145028,0.135990
0.281212,0.316275,0.155809,0.145028
0.264366,0.333871,0.169395,0.155809
0.299803,0.238890,0.188391,0.169395
0.216755,0.251132,0.206766,0.188391
0.201693,0.265085,0.226435,0.206766
0.225960,0.193934,0.241997,0.226435
0.164889,0.170167,0.243864,0.241997
0.183545,0.127925,0.233195,0.243864
0.157628,0.149378,0.210238,0.233195
0.161584,0.088513,0.191684,0.210238
0.133705,0.126610,0.179143,0.191684
0.138868,0.116944,0.173005,0.179143
0.115821,0.092955,0.173822,0.173005
0.099743,0.087052,0.178171,0.173822
0.111882,0.074276,0.184051,0.178171
0.089425,0.059470,0.187885,0.184051
0.085451,0.048716,0.189973,0.187885
0.093445,0.054821,0.190169,0.189973
0.070340,0.036720,0.189111,0.190169
0.068338,0.050799,0.187574,0.189111
0.072361,0.020210,0.185830,0.187574
0.044036,0.017234,0.184908,0.185830
0.044740,0.051882,0.184533,0.184908
0.038498,0.023133,0.184672,0.184533
0.034825,0.017015,0.184976,0.184672
0.033324,0.027283,0.185448,0.184976
0.040244,0.029935,0.185951,0.185448
0.032511,0.037328,0.186231,0.185951
0.031891,0.010612,0.186421,0.186231
0.029157,0.036789,0.186305,0.186421
0.028735,0.042965,0.186097,0.186305
0.035164,0.010346,0.185888,0.186097
0.027570,0.016593,0.185973,0.185888
0.026907,0.034692,0.186228,0.185973
0.000000,0.014512,0.186823,0.186228
0.000000,0.017165,0.186729,0.186823
0.000000,0.016177,0.186574,0.186729
0.000000,0.026395,0.186553,0.186574
0.000000,0.014122,0.186566,0.186553
0.000000,0.040919,0.186694,0.186566
0.020221,0.026617,0.186873,0.186694
0.000000,0.032507,0.187013,0.186873
0.000000,0.008910,0.187064,0.187013
0.000000,0.000000,0.000000,0.000000
0.000000,0.010620,2.030841,0.000000
0.016464,0.065432,2.029728,2.030841
0.022864,0.054075,2.028898,2.029728
0.036090,0.035992,2.036027,2.028898
0.027566,0.027416,2.040606,2.036027
0.018966,0.060060,2.046262,2.040606
0.000000,0.016432,2.038170,2.046262
0.000000,0.030980,2.038079,2.038170
0.031566,0.046504,2.035748,2.038079
0.034351,0.057292,2.035887,2.035748
0.051940,0.032440,2.035659,2.035887
0.045647,0.019886,2.035564,2.035659
0.052280,0.006153,2.035822,2.035564
0.082796,0.026894,2.036336,2.035822
0.067045,0.023801,2.037269,2.036336
0.066422,0.025098,2.038646,2.037269
0.087292,0.054546,2.040063,2.038646
0.062560,0.022815,2.040226,2.040063
0.074759,0.030130,2.038822,2.040226
0.056747,0.024961,2.036300,2.038822
0.054154,0.018951,2.034728,2.036300
0.160853,0.016253,2.020446,2.034728
0.205852,0.062563,1.992438,2.020446
0.132911,0.106890,1.935816,1.992438
0.049879,0.229967,1.852420,1.935816
0.170549,0.244154,1.718649,1.852420
0.276676,0.477383,1.605601,1.718649
0.498231,0.552335,1.497817,1.605601
0.602746,0.526723,1.424411,1.497817
0.507823,0.681412,1.365592,1.424411
0.578915,0.682670,1.262160,1.365592
0.555345,0.780677,1.139703,1.262160
0.640340,0.934928,0.986734,1.139703
0.743948,0.802442,0.795683,0.986734
0.631815,0.856422,0.646902,0.795683
1.113940,0.975980,0.512553,0.646902
1.198987,0.818863,0.382705,0.512553
0.899976,0.792573,0.298099,0.382705
0.878456,0.966223,0.231067,0.298099
0.950041,0.767407,0.172196,0.231067
0.727961,0.811851,0.136466,0.172196
0.691868,0.941097,0.110678,0.136466
0.825185,0.793528,0.093744,0.110678
0.660772,0.789832,0.087791,0.093744
0.671548,0.984319,0.086273,0.087791
0.857581,0.786317,0.086295,0.086273
0.701750,0.825803,0.084836,0.086295
0.728838,0.935421,0.082315,0.084836
0.968627,0.820813,0.077896,0.082315
0.800439,0.831463,0.075958,0.077896
0.947311,0.982150,0.079181,0.075958
0.982433,0.820148,0.090385,0.079181
0.801544,0.859311,0.099798,0.090385
0.851598,0.970886,0.101975,0.099798
0.997284,0.812528,0.089678,0.101975
0.785814,0.950775,0.071194,0.089678
0.790597,1.072188,0.059302,0.071194
1.006809,0.882291,0.060805,0.059302
0.817899,0.933982,0.061775,0.060805
0.810748,1.106233,0.057508,0.061775
0.996473,0.898458,0.051026,0.057508
0.793896,0.917352,0.049187,0.051026
0.788566,1.087004,0.050419,0.049187
0.983663,0.902523,0.052967,0.050419
0.792209,0.929541,0.054113,0.052967
0.933284,1.067646,0.054280,0.054113
0.969042,0.888764,0.054460,0.054280
0.763706,0.896504,0.055248,0.054460
0.792576,1.022616,0.057053,0.055248
0.928764,0.855416,0.061137,0.057053
0.733491,0.849043,0.066598,0.061137
0.737791,0.985490,0.074195,0.066598
0.922440,0.877635,0.086454,0.074195
0.731814,0.879584,0.099645,0.086454
0.729001,0.979655,0.116799,0.099645
0.912086,0.856583,0.144199,0.116799
0.734065,0.827580,0.171533,0.144199
0.740407,1.010826,0.195511,0.171533
0.941270,0.829241,0.208681,0.195511
0.748803,0.848751,0.203080,0.208681
0.875343,1.029748,0.181113,0.203080
0.895495,0.821654,0.137231,0.181113
0.719809,0.843329,0.092080,0.137231
0.768483,0.992215,0.056794,0.092080
0.896586,0.803715,0.057538,0.056794
0.705137,0.833300,0.067691,0.057538
0.701935,0.989257,0.066365,0.067691
0.901150,0.813845,0.056442,0.066365
0.734948,1.010103,0.055131,0.056442
0.920902,0.985745,0.063306,0.055131
0.917116,0.856245,0.070851,0.063306
0.732839,0.998713,0.073087,0.070851
0.910092,0.837247,0.071782,0.073087
0.726963,0.845643,0.069894,0.071782
0.733722,0.949546,0.069168,0.069894
0.908902,0.840480,0.071063,0.069168
0.726345,0.833147,0.075509,0.071063
0.853779,0.956372,0.083135,0.075509
0.779878,0.814758,0.096264,0.083135
0.876123,0.862710,0.111866,0.096264
0.775049,1.004611,0.134205,0.111866
0.868800,0.809403,0.165178,0.134205
0.779386,0.871621,0.187165,0.165178
0.729389,0.958384,0.198189,0.187165
0.910397,0.792911,0.190374,0.198189
0.749866,0.859830,0.166065,0.190374
0.732757,1.017770,0.127383,0.166065
0.872548,0.818766,0.076097,0.127383
0.675213,0.826899,0.051287,0.076097
0.663002,1.013841,0.056820,0.051287
0.841803,1.006968,0.065338,0.056820
0.857179,0.941416,0.058648,0.065338
0.893923,0.839960,0.051271,0.058648
0.710949,0.850808,0.054681,0.051271
0.694471,0.990843,0.062584,0.054681
0.871866,0.809748,0.068988,0.062584
0.706415,0.826116,0.070523,0.068988
0.865276,1.003819,0.069785,0.070523
0.927225,0.823077,0.068378,0.069785
0.740964,0.862378,0.068647,0.068378
0.785300,0.973332,0.071324,0.068647
0.922125,1.030047,0.078655,0.071324
0.915173,0.980838,0.090845,0.078655
0.864710,0.831471,0.107976,0.090845
0.768166,0.852207,0.127991,0.107976
0.715464,0.948139,0.155020,0.127991
0.897590,0.798474,0.189225,0.155020
0.714017,0.842241,0.210909,0.189225
0.706122,1.006274,0.219344,0.210909
0.894696,0.824595,0.207436,0.219344
0.719415,0.857340,0.180160,0.207436
0.680737,0.984931,0.139110,0.180160
0.843920,0.795755,0.084454,0.139110
0.671205,0.850760,0.055555,0.084454
0.791219,0.985065,0.059329,0.055555
0.714110,0.826833,0.070145,0.059329
0.825615,0.838758,0.066069,0.070145
0.765914,0.957584,0.055501,0.066069
0.880208,0.829579,0.053828,0.055501
0.801828,1.042339,0.061445,0.053828
0.954681,0.969952,0.053443,0.061445
0.965112,0.834671,0.089923,0.053443
0.920423,0.928145,0.132229,0.089923
0.970002,0.722383,0.151581,0.132229
0.678938,0.674526,0.153680,0.151581
0.595823,0.759517,0.149469,0.153680
0.637311,0.552167,0.141501,0.149469
0.452157,0.503478,0.135374,0.141501
0.410240,0.581995,0.131796,0.135374
0.461824,0.499392,0.132767,0.131796
0.413707,0.442524,0.139232,0.132767
0.383114,0.362096,0.149238,0.139232
0.289872,0.314551,0.159664,0.149238
0.271756,0.341041,0.171907,0.159664
0.310382,0.253882,0.188339,0.171907
0.231821,0.220054,0.204096,0.188339
0.247613,0.254557,0.219489,0.204096
0.200192,0.202586,0.228414,0.219489
0.203513,0.149889,0.224835,0.228414
0.167737,0.187681,0.212577,0.224835
0.167880,0.118699,0.195338,0.212577
0.134654,0.138880,0.182675,0.195338
0.144556,0.075462,0.173363,0.182675
0.125056,0.082708,0.171155,0.173363
0.097107,0.093395,0.173192,0.171155
0.109809,0.040328,0.177009,0.173192
0.104611,0.090559,0.180161,0.177009
0.092227,0.037378,0.181691,0.180161
0.076847,0.028822,0.181725,0.181691
0.068763,0.023256,0.180959,0.181725
0.069093,0.030414,0.179725,0.180959
0.052108,0.042506,0.178803,0.179725
0.051695,0.048741,0.178251,0.178803
0.057800,0.037926,0.178082,0.178251
0.035629,0.025961,0.178272,0.178082
0.032220,0.019043,0.178372,0.178272
0.039153,0.026503,0.178608,0.178372
0.034292,0.041920,0.178873,0.178608
0.044101,0.044118,0.179259,0.178873
0.036272,0.035233,0.179682,0.179259
0.000000,0.000000,0.000000,0.000000
0.000000,0.000810,2.026619,0.000000
0.000000,0.070059,2.021787,2.026619
0.026102,0.040194,2.005623,2.021787
0.023012,0.037170,2.003144,2.005623
0.017085,0.041673,2.009320,2.003144
0.000000,0.012059,2.023345,2.009320
0.000000,0.038715,2.030501,2.023345
0.024382,0.042479,2.029034,2.030501
0.000000,0.030766,2.026815,2.029034
0.000000,0.034329,2.025485,2.026815
0.000000,0.021888,2.023952,2.025485
0.000000,0.030483,2.022587,2.023952
0.000000,0.066267,2.021340,2.022587
0.000000,0.034602,2.019434,2.021340
0.000000,0.031122,2.017323,2.019434
0.000000,0.035905,2.014875,2.017323
0.000000,0.032217,2.012335,2.014875
0.000000,0.027850,2.010085,2.012335
0.062407,0.003545,2.003079,2.010085
0.059383,0.032699,2.007190,2.003079
0.057184,0.016535,2.012127,2.007190
0.046280,0.047781,2.013819,2.012127
0.056689,0.031194,2.013531,2.013819
0.071785,0.027713,2.012031,2.013531
0.077821,0.034224,2.011575,2.012031
0.086428,0.053599,2.011859,2.011575
0.122288,0.026734,2.013680,2.011859
0.095530,0.013625,2.016495,2.013680
0.114368,0.050212,2.019509,2.016495
0.109009,0.025254,2.022377,2.019509
0.074634,0.042935,2.023465,2.022377
0.065592,0.020240,2.022794,2.023465
0.044686,0.072241,2.020761,2.022794
0.043494,0.051348,2.017895,2.020761
0.047273,0.052467,2.013367,2.017895
0.054364,0.025094,2.008548,2.013367
0.063385,0.043414,2.006357,2.008548
0.169372,0.027360,1.985290,2.006357
0.174386,0.122121,1.952840,1.985290
0.151362,0.118526,1.888585,1.952840
0.048943,0.242629,1.804822,1.888585
0.179609,0.356716,1.699757,1.804822
0.358733,0.364122,1.584658,1.699757
0.321861,0.478118,1.505275,1.584658
0.419007,0.660155,1.432025,1.505275
0.558501,0.590094,1.339010,1.432025
0.440106,0.698670,1.234988,1.339010
0.505219,0.890002,1.102856,1.234988
0.911141,0.785963,0.925473,1.102856
0.522064,0.806518,0.770589,0.925473
0.822922,0.940191,0.624988,0.770589
1.208876,0.989460,0.478056,0.624988
1.169968,0.915402,0.355817,0.478056
1.080454,0.809338,0.261415,0.355817
0.815750,0.976033,0.201023,0.261415
0.932044,0.936598,0.150377,0.201023
0.879391,0.828784,0.119199,0.150377
0.686495,0.924026,0.100862,0.119199
0.842029,0.956021,0.087787,0.100862
0.842498,0.913561,0.082554,0.087787
0.849323,0.820700,0.082402,0.082554
0.701940,0.820825,0.082490,0.082402
0.747883,0.989388,0.081155,0.082490
0.991976,0.809936,0.077425,0.081155
0.812674,0.817509,0.074354,0.077425
0.970063,0.987428,0.075401,0.074354
0.869687,0.810377,0.084617,0.075401
0.962191,0.869549,0.094648,0.084617
0.854709,0.974774,0.100125,0.094648
0.950535,1.064255,0.092593,0.100125
0.979734,1.122727,0.071068,0.092593
0.967487,0.869724,0.056624,0.071068
0.787780,0.917245,0.057380,0.056624
0.838480,1.092127,0.058149,0.057380
0.998058,0.934581,0.052680,0.058149
0.796924,0.926863,0.046895,0.052680
0.795888,1.077290,0.044774,0.046895
0.981849,0.901047,0.047831,0.044774
0.795273,0.914038,0.051187,0.047831
0.786826,1.054532,0.053483,0.051187
0.977881,1.049062,0.055072,0.053483
0.970487,1.032532,0.056701,0.055072
0.947873,0.846604,0.059830,0.056701
0.749371,1.053676,0.064083,0.059830
0.917481,1.005759,0.071360,0.064083
0.909050,0.865050,0.080773,0.071360
0.730068,1.023227,0.091035,0.080773
0.915828,0.840926,0.105877,0.091035
0.741857,0.873650,0.121341,0.105877
0.739921,0.991399,0.141728,0.121341
0.905927,0.858784,0.173412,0.141728
0.709501,0.826208,0.201483,0.173412
0.832343,0.981710,0.223275,0.201483
0.883051,0.795546,0.231223,0.223275
0.722823,0.857412,0.220297,0.231223
0.754285,0.973791,0.192744,0.220297
0.874021,0.862182,0.143387,0.192744
0.688542,0.841936,0.095138,0.143387
0.712850,1.020887,0.058550,0.095138
0.912823,0.813576,0.059793,0.058550
0.708200,0.880606,0.069872,0.059793
0.711592,1.004236,0.067620,0.069872
0.914017,1.008477,0.053477,0.067620
0.938117,0.997339,0.048702,0.053477
0.917061,0.820652,0.057442,0.048702
0.728484,0.850065,0.064599,0.057442
0.733237,0.958128,0.067593,0.064599
0.912027,0.814270,0.066986,0.067593
0.723807,0.850507,0.065876,0.066986
0.857887,0.969583,0.066142,0.065876
0.762350,0.827287,0.069221,0.066142
0.865225,0.851480,0.074513,0.069221
0.771739,0.987255,0.083028,0.074513
0.868752,0.827727,0.097961,0.083028
0.779956,0.814560,0.116592,0.097961
0.726337,0.994137,0.141329,0.116592
0.944846,0.825942,0.169113,0.141329
0.751275,0.993412,0.182821,0.169113
0.916593,0.976361,0.180044,0.182821
0.912261,0.860699,0.154575,0.180044
0.718106,0.992291,0.117655,0.154575
0.866614,0.819257,0.070854,0.117655
0.686598,0.805879,0.053633,0.070854
0.698053,1.014249,0.060833,0.053633
0.924139,0.816539,0.065233,0.060833
0.726578,0.843297,0.057393,0.065233
0.711086,0.992830,0.049645,0.057393
0.885598,0.825759,0.053547,0.049645
0.692014,0.845959,0.061872,0.053547
0.819804,0.961464,0.067797,0.061872
0.884625,0.872200,0.069631,0.067797
0.711559,0.846756,0.068548,0.069631
0.772602,0.979809,0.066969,0.068548
0.922361,0.984773,0.066223,0.066969
0.923196,0.981999,0.067762,0.066223
0.878506,1.012575,0.072269,0.067762
0.928283,0.991142,0.080210,0.072269
0.925317,0.842839,0.092931,0.080210
0.736628,0.834736,0.108413,0.092931
0.774462,1.013854,0.130960,0.108413
0.901099,0.814821,0.161381,0.130960
0.713579,0.846704,0.181660,0.161381
0.712349,0.938685,0.190142,0.181660
0.894338,0.836889,0.178972,0.190142
0.720232,0.872282,0.152306,0.178972
0.692472,0.969690,0.111974,0.152306
0.845641,0.837861,0.064666,0.111974
0.677484,0.833813,0.051208,0.064666
0.678596,1.003934,0.060543,0.051208
0.852012,0.770876,0.063946,0.060543
0.700923,0.839379,0.055761,0.063946
0.850508,1.001304,0.049954,0.055761
0.903255,0.834975,0.056545,0.049954
0.722479,0.994412,0.064163,0.056545
0.912621,0.932859,0.055463,0.064163
0.994370,0.830493,0.068930,0.055463
0.912839,0.945812,0.119497,0.068930
0.960598,0.750651,0.147583,0.119497
0.765280,0.671714,0.152688,0.147583
0.620767,0.743040,0.150072,0.152688
0.659480,0.574715,0.142855,0.150072
0.463776,0.529361,0.136807,0.142855
0.411429,0.600528,0.132423,0.136807
0.453358,0.499238,0.131385,0.132423
0.410115,0.441710,0.135607,0.131385
0.371923,0.369675,0.144148,0.135607
0.278195,0.330907,0.154051,0.144148
0.258698,0.363623,0.166500,0.154051
0.305280,0.251088,0.184122,0.166500
0.227596,0.227620,0.201588,0.184122
0.217508,0.273733,0.221314,0.201588
0.252226,0.191091,0.239150,0.221314
0.189303,0.170863,0.244260,0.239150
0.207938,0.195027,0.236093,0.244260
0.197342,0.155645,0.214932,0.236093
0.144312,0.118848,0.196049,0.214932
0.137047,0.134826,0.181068,0.196049
0.152732,0.073534,0.172342,0.181068
0.111098,0.083614,0.172149,0.172342
0.103562,0.062237,0.175998,0.172149
0.109292,0.067684,0.181848,0.175998
0.083836,0.055183,0.185926,0.181848
0.080966,0.055473,0.188289,0.185926
0.093108,0.034530,0.188770,0.188289
0.070620,0.031383,0.187891,0.188770
0.065668,0.008851,0.186434,0.187891
0.072590,0.011747,0.184729,0.186434
0.053847,0.051256,0.183684,0.184729
0.055129,0.039699,0.183248,0.183684
0.051262,0.021195,0.183335,0.183248
0.038603,0.026641,0.183600,0.183335
0.034218,0.015628,0.183989,0.183600
0.040032,0.045240,0.184323,0.183989
0.032094,0.023744,0.184579,0.184323
0.029984,0.042504,0.184830,0.184579
0.023587,0.018297,0.185023,0.184830
0.000000,0.033106,0.184980,0.185023
0.000000,0.039065,0.184708,0.184980
0.000000,0.014138,0.184375,0.184708
0.020484,0.022123,0.184173,0.184375
0.023840,0.014925,0.184183,0.184173
0.000000,0.011307,0.185208,0.184183
0.000000,0.014155,0.185282,0.185208
0.000000,0.034255,0.185177,0.185282
0.000000,0.038925,0.185016,0.185177
0.000000,0.041370,0.185006,0.185016
0.000000,0.029189,0.185124,0.185006
0.017192,0.051687,0.185326,0.185124
0.019917,0.013229,0.186303,0.185326
0.000000,0.010626,0.184415,0.186303
0.000000,0.000000,0.000000,0.000000
0.000000,0.042278,2.027146,0.000000
0.020209,0.023156,2.024257,2.027146
0.028247,0.065828,2.009526,2.024257
0.044071,0.038799,1.991374,2.009526
0.035216,0.056486,1.990694,1.991374
0.021929,0.047697,2.006037,1.990694
0.017409,0.026092,2.044968,2.006037
0.000000,0.035686,2.040056,2.044968
0.000000,0.019164,2.035713,2.040056
0.000000,0.019254,2.033671,2.035713
0.000000,0.033290,2.032197,2.033671
0.000000,0.013304,2.030760,2.032197
0.000000,0.026948,2.029854,2.030760
0.000000,0.008944,2.028191,2.029854
0.000000,0.030186,2.025774,2.028191
0.018238,0.002640,2.020700,2.025774
0.023728,0.008041,2.019970,2.020700
0.031679,0.033370,2.018621,2.019970
0.033034,0.050981,2.018401,2.018621
0.039322,0.005348,2.023130,2.018401
0.029607,0.024950,2.025495,2.023130
0.032298,0.021101,2.027245,2.025495
0.044427,0.005875,2.028588,2.027245
0.048138,0.018198,2.029515,2.028588
0.074925,0.046458,2.030009,2.029515
0.089844,0.047248,2.030825,2.030009
0.074306,0.051096,2.031898,2.030825
0.079087,0.034222,2.032662,2.031898
0.088121,0.025057,2.033112,2.032662
0.058178,0.030383,2.032605,2.033112
0.046837,0.042063,2.031096,2.032605
0.070868,0.011632,2.029150,2.031096
0.025264,0.024414,2.028613,2.029150
0.021194,0.046040,2.027929,2.028613
0.000000,0.025558,2.026340,2.027929
0.047053,0.033115,2.025075,2.026340
0.095910,0.012374,2.013932,2.025075
0.173939,0.026984,1.993616,2.013932
0.195321,0.066801,1.947694,1.993616
0.084854,0.145840,1.879495,1.947694
0.050541,0.271425,1.778134,1.879495
0.276069,0.285010,1.643613,1.778134
0.366261,0.439642,1.549900,1.643613
0.359886,0.541200,1.478281,1.549900
0.589103,0.567036,1.408470,1.478281
0.449590,0.636404,1.341721,1.408470
0.476969,0.807137,1.241930,1.341721
0.668724,0.903869,1.085062,1.241930
0.837017,0.972392,0.894339,1.085062
0.576192,0.826957,0.707392,0.894339
0.797644,0.814694,0.569384,0.707392
0.919861,0.936723,0.447980,0.569384
1.112409,0.810113,0.332677,0.447980
0.820815,0.775162,0.257772,0.332677
0.912124,0.939021,0.199989,0.257772
0.776213,0.784265,0.154143,0.199989
0.821890,0.791977,0.127587,0.154143
0.711702,0.899728,0.106993,0.127587
0.796559,0.793620,0.090918,0.106993
0.709702,0.837158,0.083864,0.090918
0.684652,0.970545,0.081823,0.083864
0.874503,0.798189,0.082339,0.081823
0.730398,0.852285,0.081690,0.082339
0.791062,0.963692,0.079683,0.081690
1.021571,0.798063,0.076353,0.079683
0.817913,0.849541,0.077129,0.076353
0.801919,1.009084,0.084776,0.077129
0.989932,0.776457,0.097222,0.084776
0.778993,0.831987,0.104223,0.097222
0.935992,0.973737,0.101405,0.104223
0.839732,0.867329,0.082506,0.101405
0.920672,0.954550,0.063296,0.082506
0.826498,1.103117,0.056012,0.063296
0.942391,0.920988,0.059186,0.056012
0.850501,0.928740,0.057914,0.059186
0.799118,1.113397,0.052606,0.057914
0.998721,0.895070,0.048390,0.052606
0.791803,0.902951,0.048771,0.048390
0.784519,1.084036,0.051200,0.048771
0.978226,0.885902,0.053738,0.051200
0.788321,0.918406,0.054892,0.053738
0.776425,1.047774,0.055600,0.054892
0.966197,0.883618,0.056542,0.055600
0.751735,0.876717,0.058484,0.056542
0.883491,1.003118,0.062053,0.058484
0.774496,0.855913,0.068173,0.062053
0.865498,0.890675,0.075457,0.068173
0.775610,0.994849,0.084864,0.075457
0.864520,0.830161,0.098641,0.084864
0.776383,0.868858,0.112819,0.098641
0.727329,1.000456,0.131964,0.112819
0.920522,0.824245,0.162064,0.131964
0.746890,0.856242,0.188702,0.162064
0.748957,0.989252,0.209012,0.188702
0.930194,0.847041,0.215696,0.209012
0.741425,0.994050,0.204047,0.215696
0.905569,0.996318,0.169065,0.204047
0.854320,0.834290,0.117753,0.169065
0.679508,1.002770,0.073176,0.117753
0.898946,0.867473,0.054001,0.073176
0.732771,0.851971,0.064376,0.054001
0.722536,0.972438,0.068532,0.064376
0.902000,0.824089,0.059717,0.068532
0.732256,0.826579,0.053621,0.059717
0.891035,1.003561,0.056785,0.053621
0.940313,0.823732,0.065504,0.056785
0.746106,0.826307,0.069882,0.065504
0.790645,1.023532,0.070117,0.069882
0.917566,0.835033,0.067877,0.070117
0.729875,0.852132,0.066270,0.067877
0.726201,0.964949,0.065703,0.066270
0.900682,0.803440,0.067585,0.065703
0.717142,0.835306,0.072554,0.067585
0.709061,0.978557,0.080735,0.072554
0.868041,1.014608,0.094705,0.080735
0.886140,0.991597,0.115719,0.094705
0.934888,0.842612,0.143448,0.115719
0.773028,0.988682,0.165380,0.143448
0.964641,0.970699,0.179415,0.165380
0.941131,0.850939,0.172175,0.179415
0.751842,0.971089,0.147982,0.172175
0.915780,0.814879,0.102921,0.147982
0.699099,0.821925,0.064518,0.102921
0.680584,0.993344,0.049825,0.064518
0.867883,0.823788,0.061251,0.049825
0.685256,0.845028,0.064668,0.061251
0.833853,1.021749,0.058404,0.064668
0.877654,0.823730,0.053944,0.058404
0.696825,0.845113,0.058256,0.053944
0.748539,0.993012,0.064730,0.058256
0.892476,0.832142,0.068670,0.064730
0.718086,0.847587,0.068992,0.068670
0.721365,0.980135,0.067829,0.068992
0.915125,0.809305,0.065314,0.067829
0.735817,0.862587,0.064591,0.065314
0.744239,1.003156,0.065715,0.064591
0.934085,0.992897,0.070231,0.065715
0.931322,0.971943,0.079244,0.070231
0.918665,0.823185,0.093348,0.079244
0.727461,1.002347,0.109886,0.093348
0.900511,1.006943,0.138333,0.109886
0.886045,0.833354,0.169801,0.138333
0.702556,0.957164,0.190130,0.169801
0.871953,0.794460,0.196888,0.190130
0.702047,0.870254,0.185168,0.196888
0.850997,0.966415,0.156906,0.185168
0.725201,0.797214,0.108121,0.156906
0.799758,0.855969,0.068148,0.108121
0.736376,0.968536,0.053484,0.068148
0.828003,0.816594,0.063808,0.053484
0.743723,1.014414,0.065626,0.063808
0.899742,1.012816,0.055450,0.065626
0.871407,0.851241,0.049626,0.055450
0.788603,0.980272,0.054364,0.049626
0.924944,0.833246,0.060442,0.054364
0.754320,0.826894,0.050429,0.060442
0.818953,0.960522,0.078261,0.050429
1.084741,0.781136,0.130770,0.078261
0.808615,0.752874,0.149080,0.130770
0.706846,0.779907,0.153263,0.149080
0.741801,0.620524,0.148928,0.153263
0.527551,0.585964,0.142277,0.148928
0.473799,0.629447,0.135777,0.142277
0.511389,0.475653,0.131474,0.135777
0.366026,0.449910,0.131657,0.131474
0.398913,0.457730,0.135648,0.131657
0.388210,0.406211,0.144787,0.135648
0.359612,0.371554,0.158449,0.144787
0.278412,0.299105,0.175602,0.158449
0.283796,0.271696,0.192969,0.175602
0.231601,0.280364,0.213723,0.192969
0.237127,0.201223,0.238642,0.213723
0.199882,0.180052,0.252915,0.238642
0.169253,0.217539,0.256146,0.252915
0.202452,0.162481,0.242600,0.256146
0.143820,0.092605,0.220259,0.242600
0.139230,0.156016,0.197718,0.220259
0.159234,0.097597,0.179197,0.197718
0.116277,0.084286,0.172628,0.179197
0.113164,0.113533,0.173456,0.172628
0.128654,0.045505,0.179740,0.173456
0.097983,0.061201,0.185891,0.179740
0.111497,0.060344,0.190916,0.185891
0.091089,0.041134,0.193911,0.190916
0.094079,0.047579,0.194149,0.193911
0.074110,0.058653,0.192900,0.194149
0.075160,0.040669,0.190793,0.192900
0.059504,0.045436,0.189137,0.190793
0.059338,0.050825,0.187755,0.189137
0.043917,0.028198,0.187351,0.187755
0.038492,0.011907,0.187649,0.187351
0.040458,0.014497,0.188303,0.187649
0.030703,0.028394,0.189079,0.188303
0.025109,0.041906,0.189447,0.189079
0.025583,0.015424,0.189338,0.189447
0.033092,0.034928,0.189131,0.189338
0.026817,0.026688,0.189064,0.189131
0.000000,0.014579,0.189176,0.189064
0.000000,0.033552,0.189280,0.189176
0.000000,0.016110,0.190155,0.189280
0.000000,0.014632,0.190014,0.190155
0.000000,0.000000,0.000000,0.000000
0.000000,0.036035,2.016777,0.000000
0.022263,0.036605,1.993275,2.016777
0.027402,0.026381,1.994786,1.993275
0.027760,0.063128,2.016659,1.994786
0.000000,0.023278,2.037780,2.016659
0.000000,0.023561,2.042305,2.037780
0.000000,0.031270,2.038962,2.042305
0.000000,0.036261,2.035913,2.038962
0.000000,0.039426,2.032685,2.035913
0.000000,0.025642,2.030465,2.032685
0.000000,0.034735,2.028503,2.030465
0.000000,0.052771,2.027087,2.028503
0.000000,0.048714,2.026075,2.027087
0.000000,0.011914,2.025061,2.026075
0.037005,0.024955,2.014834,2.025061
0.033816,0.019819,2.014414,2.014834
0.040226,0.017302,2.015337,2.014414
0.034112,0.027583,2.016961,2.015337
0.045544,0.026599,2.018666,2.016961
0.067945,0.062870,2.020751,2.018666
0.082411,0.051891,2.023137,2.020751
0.089723,0.007843,2.024444,2.023137
0.097534,0.019434,2.024618,2.024444
0.133294,0.049124,2.024900,2.024618
0.121951,0.061381,2.026088,2.024900
0.101027,0.016637,2.027572,2.026088
0.104973,0.039905,2.029460,2.027572
0.071586,0.062826,2.030172,2.029460
0.058882,0.034184,2.029257,2.030172
0.061618,0.052218,2.025884,2.029257
0.046998,0.042590,2.022673,2.025884
0.045103,0.041736,2.019532,2.022673
0.065392,0.017312,2.017017,2.019532
0.065318,0.049657,2.016630,2.017017
0.104086,0.051145,2.014821,2.016630
0.134228,0.024865,2.004329,2.014821
0.135199,0.065773,1.981327,2.004329
0.200870,0.083447,1.936835,1.981327
0.080160,0.159405,1.877119,1.936835
0.100743,0.281899,1.785417,1.877119
0.235571,0.325823,1.658703,1.785417
0.443353,0.403921,1.562454,1.658703
0.454204,0.554385,1.482692,1.562454
0.580959,0.562479,1.402537,1.482692
0.508619,0.765506,1.325071,1.402537
0.615591,0.845076,1.192661,1.325071
0.650363,0.736803,1.027706,1.192661
0.650327,0.970286,0.868241,1.027706
0.824900,0.796769,0.686317,0.868241
0.938873,0.800588,0.552842,0.686317
0.955383,0.952520,0.434958,0.552842
1.110357,0.792902,0.321936,0.434958
0.830932,0.805807,0.248537,0.321936
0.788243,0.898642,0.191915,0.248537
0.912060,0.779840,0.146601,0.191915
0.701827,0.789457,0.120870,0.146601
0.681521,0.946758,0.102255,0.120870
0.834814,0.777222,0.089917,0.102255
0.669602,0.837253,0.085955,0.089917
0.810877,0.949951,0.085630,0.085955
0.868561,0.788694,0.085354,0.085630
0.740994,0.836386,0.082467,0.085354
0.837063,0.987735,0.077434,0.082467
1.020135,0.982739,0.072538,0.077434
1.024613,0.954692,0.072254,0.072538
0.952382,0.787966,0.080982,0.072254
0.833474,0.835373,0.090798,0.080982
0.775761,0.943629,0.096225,0.090798
0.972434,0.828357,0.089248,0.096225
0.790452,0.926174,0.074087,0.089248
0.782071,1.121255,0.062814,0.074087
0.983303,0.884325,0.061902,0.062814
0.789275,0.956705,0.062507,0.061902
0.800518,1.115849,0.058917,0.062507
1.002213,0.907281,0.053404,0.058917
0.792766,0.921384,0.051571,0.053404
0.938320,1.090617,0.052466,0.051571
0.839017,0.904504,0.054483,0.052466
0.923654,0.920625,0.055423,0.054483
0.829073,1.059201,0.055202,0.055423
0.918986,0.900409,0.054345,0.055202
0.817954,0.915739,0.054413,0.054345
0.761715,1.022802,0.055740,0.054413
0.934882,0.880914,0.059691,0.055740
0.743477,0.872701,0.064958,0.059691
0.737924,0.993987,0.072198,0.064958
0.919074,0.856768,0.083584,0.072198
0.730149,0.859190,0.096010,0.083584
0.733523,0.978214,0.112307,0.096010
0.907517,0.825250,0.138600,0.112307
0.718091,0.835861,0.166750,0.138600
0.852880,0.981317,0.194949,0.166750
0.750732,0.831261,0.216872,0.194949
0.854166,0.839146,0.219831,0.216872
0.767679,0.977949,0.206210,0.219831
0.827251,0.839848,0.170448,0.206210
0.720886,1.018710,0.127619,0.170448
0.867940,0.996326,0.073726,0.127619
0.873944,0.829832,0.054918,0.073726
0.786119,0.987639,0.065141,0.054918
0.907605,0.790876,0.068886,0.065141
0.721906,0.862737,0.060707,0.068886
0.722411,0.990966,0.053787,0.060707
0.923376,0.816581,0.058963,0.053787
0.731662,0.853130,0.067140,0.058963
0.722919,0.983264,0.072896,0.067140
0.901439,0.809752,0.074704,0.072896
0.722422,0.840324,0.073525,0.074704
0.719243,1.002767,0.071867,0.073525
0.897409,0.838207,0.071234,0.071867
0.718269,0.838117,0.072972,0.071234
0.855103,1.007922,0.077656,0.072972
0.900555,0.823026,0.087073,0.077656
0.724336,0.833656,0.099045,0.087073
0.789601,0.981044,0.116757,0.099045
0.962149,1.023304,0.144191,0.116757
0.962059,0.955675,0.170146,0.144191
0.905998,0.812994,0.181234,0.170146
0.793735,0.847200,0.174085,0.181234
0.743127,0.975356,0.150289,0.174085
0.923181,0.838987,0.105463,0.150289
0.700462,0.844404,0.066480,0.105463
0.701540,0.989623,0.050224,0.066480
0.899811,0.821907,0.060813,0.050224
0.712496,0.882579,0.063766,0.060813
0.707781,0.982431,0.056466,0.063766
0.895790,0.985967,0.049203,0.056466
0.879279,0.981630,0.055007,0.049203
0.857963,0.839547,0.065419,0.055007
0.691246,0.825656,0.070763,0.065419
0.696584,0.989020,0.071851,0.070763
0.904923,0.843139,0.070520,0.071851
0.734528,0.820498,0.069210,0.070520
0.876879,1.016220,0.068808,0.069210
0.790765,0.840044,0.070128,0.068808
0.886993,0.846208,0.073991,0.070128
0.798013,0.986353,0.081225,0.073991
0.885939,0.796263,0.094187,0.081225
0.786331,0.835806,0.110212,0.094187
0.735613,1.012000,0.133382,0.110212
0.899420,0.813259,0.165684,0.133382
0.700826,0.822867,0.188449,0.165684
0.695797,0.992536,0.199987,0.188449
0.880661,0.841327,0.192789,0.199987
0.711867,1.009168,0.168783,0.192789
0.849058,0.939437,0.121207,0.168783
0.837246,0.834101,0.070452,0.121207
0.671382,0.954652,0.052935,0.070452
0.829816,0.956472,0.064516,0.052935
0.844608,1.013197,0.068076,0.064516
0.883853,0.840602,0.058158,0.068076
0.727918,1.017863,0.053469,0.058158
0.921360,0.992174,0.059185,0.053469
0.931586,0.863098,0.062812,0.059185
0.760531,0.962879,0.053230,0.062812
1.057597,0.848122,0.098225,0.053230
0.861020,0.765974,0.137392,0.098225
0.805949,0.864514,0.153366,0.137392
0.840805,0.654932,0.155180,0.153366
0.587489,0.614473,0.149553,0.155180
0.606552,0.644987,0.141210,0.149553
0.550254,0.473369,0.132378,0.141210
0.397887,0.458237,0.128181,0.132378
0.375040,0.529177,0.127851,0.128181
0.401487,0.356289,0.132433,0.127851
0.298286,0.369649,0.139919,0.132433
0.282405,0.407410,0.150401,0.139919
0.319443,0.267423,0.165821,0.150401
0.237559,0.246629,0.180880,0.165821
0.224468,0.276572,0.197952,0.180880
0.255698,0.232728,0.217571,0.197952
0.235583,0.245338,0.228004,0.217571
0.205774,0.145279,0.222542,0.228004
0.155568,0.159922,0.208605,0.222542
0.173559,0.187938,0.188980,0.208605
0.160824,0.088999,0.174391,0.188980
0.116351,0.090823,0.167635,0.174391
0.126183,0.072864,0.166803,0.167635
0.097606,0.033052,0.169691,0.166803
0.088339,0.087263,0.173454,0.169691
0.098472,0.057927,0.177231,0.173454
0.074151,0.036872,0.179047,0.177231
0.084096,0.054059,0.179507,0.179047
0.085114,0.038839,0.178660,0.179507
0.064464,0.026830,0.177390,0.178660
0.053324,0.029817,0.176127,0.177390
0.050409,0.024009,0.175118,0.176127
0.035191,0.034908,0.174777,0.175118
0.036715,0.056591,0.174836,0.174777
0.042519,0.024963,0.175146,0.174836
0.040226,0.029075,0.175620,0.175146
0.035871,0.060122,0.176052,0.175620
0.040019,0.032992,0.176339,0.176052
0.030035,0.034985,0.176390,0.176339
0.027255,0.017151,0.176210,0.176390
0.034537,0.014329,0.175997,0.176210
0.029167,0.036268,0.175941,0.175997
0.029542,0.052027,0.175947,0.175941
0.018451,0.033559,0.175819,0.175947
0.000000,0.013112,0.175917,0.175819
0.000000,0.039936,0.176521,0.175917
0.000000,0.000000,0.000000,0.000000
0.000000,0.034853,2.026664,0.000000
0.021011,0.051387,2.021629,2.026664
0.023324,0.047910,2.026069,2.021629
0.025745,0.059576,2.030597,2.026069
0.024854,0.019970,2.033913,2.030597
0.000000,0.034467,2.037021,2.033913
0.000000,0.037841,2.012183,2.037021
0.000000,0.022887,2.012111,2.012183
0.000000,0.017219,2.012220,2.012111
0.000000,0.026237,2.012403,2.012220
0.059819,0.025759,2.007740,2.012403
0.060313,0.037639,2.008456,2.007740
0.082850,0.042835,2.008919,2.008456
0.104703,0.041265,2.010148,2.008919
0.095329,0.018459,2.011812,2.010148
0.090837,0.047365,2.012913,2.011812
0.091618,0.010582,2.013551,2.012913
0.074786,0.034689,2.013907,2.013551
0.082810,0.059462,2.013996,2.013907
0.061809,0.042646,2.013130,2.013996
0.071386,0.028624,2.011575,2.013130
0.035038,0.022793,2.009878,2.011575
0.046366,0.008217,2.008521,2.009878
0.157072,0.013769,1.985755,2.008521
0.161712,0.033979,1.956040,1.985755
0.187445,0.097093,1.900366,1.956040
0.083928,0.170441,1.826447,1.900366
0.086924,0.289179,1.722367,1.826447
0.297148,0.345757,1.595051,1.722367
0.276963,0.431585,1.509178,1.595051
0.468490,0.649977,1.442267,1.509178
0.532722,0.567903,1.370134,1.442267
0.557667,0.645387,1.286127,1.370134
0.584085,0.859947,1.166631,1.286127
0.607439,0.780195,0.993261,1.166631
0.463341,0.823864,0.833989,0.993261
0.468032,0.981296,0.680453,0.833989
1.013788,0.827080,0.524555,0.680453
0.892274,0.834046,0.414202,0.524555
0.880807,0.931965,0.319623,0.414202
1.050101,0.768142,0.232231,0.319623
0.798930,0.830271,0.179134,0.232231
0.735235,0.922405,0.141828,0.179134
0.855663,0.789233,0.113955,0.141828
0.666243,0.782818,0.097962,0.113955
0.778348,0.953213,0.087096,0.097962
0.709355,0.833370,0.081611,0.087096
0.791789,0.792593,0.082128,0.081611
0.721531,0.978314,0.083217,0.082128
0.877365,0.780327,0.080923,0.083217
0.848994,0.824508,0.077068,0.080923
0.810159,0.969858,0.073014,0.077068
1.010263,0.822636,0.072686,0.073014
0.797880,0.829264,0.079113,0.072686
0.790738,0.983066,0.087874,0.079113
0.991117,0.796643,0.092181,0.087874
0.802326,0.856191,0.085100,0.092181
0.804256,1.029972,0.070722,0.085100
1.005821,0.898989,0.060749,0.070722
0.796918,0.931281,0.061586,0.060749
0.948192,1.095249,0.062062,0.061586
0.850703,0.909069,0.058637,0.062062
0.943286,1.122059,0.055421,0.058637
0.982078,1.081250,0.054108,0.055421
0.838464,0.943931,0.055072,0.054108
0.940317,1.054804,0.055062,0.055072
0.999546,0.898166,0.054051,0.055062
0.796290,0.923393,0.053127,0.054051
0.835839,1.023383,0.052902,0.053127
0.963520,0.893234,0.054348,0.052902
0.760998,0.861546,0.057245,0.054348
0.751533,1.014367,0.061598,0.057245
0.934583,0.906454,0.068731,0.061598
0.741987,0.863804,0.076747,0.068731
0.735991,1.021750,0.086532,0.076747
0.920616,0.830937,0.101449,0.086532
0.733861,0.865067,0.118624,0.101449
0.739829,1.009908,0.143158,0.118624
0.924436,0.871404,0.178046,0.143158
0.728273,0.832267,0.204275,0.178046
0.843991,0.987328,0.220530,0.204275
0.903883,0.846462,0.219523,0.220530
0.713574,0.824876,0.200714,0.219523
0.737982,0.996939,0.166129,0.200714
0.876009,0.994291,0.111967,0.166129
0.918902,0.972536,0.061974,0.111967
0.903286,0.848768,0.055292,0.061974
0.803430,0.821967,0.065773,0.055292
0.744876,0.977786,0.066222,0.065773
0.917069,0.825998,0.055145,0.066222
0.743207,0.801189,0.051527,0.055145
0.745563,0.971301,0.059024,0.051527
0.926091,0.830425,0.069843,0.059024
0.731495,0.861937,0.075001,0.069843
0.724258,0.993790,0.076102,0.075001
0.899332,1.007448,0.074402,0.076102
0.897583,0.954491,0.072402,0.074402
0.896979,0.824167,0.072331,0.072402
0.721511,0.860509,0.074553,0.072331
0.715768,1.005020,0.079522,0.074553
0.906020,0.812653,0.089700,0.079522
0.717149,0.831193,0.103251,0.089700
0.860973,0.985089,0.123691,0.103251
0.942392,0.835051,0.150657,0.123691
0.760250,0.840363,0.167415,0.150657
0.799390,0.965833,0.172099,0.167415
0.924666,1.026061,0.157035,0.172099
0.951767,0.976020,0.119616,0.157035
0.918524,0.836439,0.073162,0.119616
0.804662,1.027681,0.051245,0.073162
0.963249,0.983890,0.058177,0.051245
0.890908,0.854400,0.061706,0.058177
0.777288,1.015146,0.054112,0.061706
0.920541,0.791364,0.049757,0.054112
0.721064,0.830195,0.056035,0.049757
0.711322,0.984428,0.064440,0.056035
0.884997,0.823486,0.070191,0.064440
0.715191,0.792600,0.070782,0.070191
0.720705,0.995355,0.069045,0.070782
0.918375,0.857726,0.067398,0.069045
0.732850,0.832363,0.067361,0.067398
0.740408,0.996588,0.069240,0.067361
0.930637,0.875386,0.074500,0.069240
0.747240,0.827420,0.081759,0.074500
0.882870,0.973797,0.092020,0.081759
0.929266,0.832408,0.108096,0.092020
0.737804,0.821158,0.127527,0.108096
0.777564,0.995934,0.154030,0.127527
0.902832,1.011680,0.185201,0.154030
0.883269,0.968986,0.204453,0.185201
0.842562,0.797293,0.202360,0.204453
0.757512,1.012034,0.182959,0.202360
0.844927,0.980375,0.140036,0.182959
0.801445,0.883764,0.087236,0.140036
0.723054,0.974521,0.054864,0.087236
0.835495,0.829029,0.055963,0.054864
0.677066,0.856964,0.063579,0.055963
0.699132,0.963871,0.060185,0.063579
0.899312,0.839454,0.050388,0.060185
0.726725,0.853669,0.050234,0.050388
0.725068,0.999655,0.057607,0.050234
0.909746,0.822631,0.051866,0.057607
0.771744,0.850034,0.059700,0.051866
0.825535,0.940874,0.107686,0.059700
1.030915,0.751698,0.139822,0.107686
0.748386,0.709834,0.148743,0.139822
0.762686,0.774959,0.149139,0.148743
0.692718,0.615638,0.144020,0.149139
0.494623,0.519109,0.138449,0.144020
0.463024,0.610827,0.133813,0.138449
0.483838,0.456268,0.131604,0.133813
0.353342,0.425810,0.133152,0.131604
0.327175,0.430120,0.138229,0.133152
0.377256,0.331599,0.148235,0.138229
0.275388,0.295332,0.159675,0.148235
0.251125,0.324589,0.174475,0.159675
0.277384,0.235383,0.195633,0.174475
0.211687,0.242477,0.216317,0.195633
0.189770,0.243341,0.236312,0.216317
0.220934,0.168005,0.249271,0.236312
0.163193,0.187628,0.246865,0.249271
0.180225,0.134012,0.231610,0.246865
0.180415,0.112001,0.207120,0.231610
0.126723,0.102519,0.189255,0.207120
0.122659,0.120850,0.177521,0.189255
0.126466,0.085380,0.173118,0.177521
0.091743,0.064270,0.175625,0.173118
0.090628,0.074340,0.180811,0.175625
0.102938,0.055380,0.186921,0.180811
0.081458,0.060870,0.190400,0.186921
0.078366,0.062596,0.191967,0.190400
0.090865,0.050239,0.191614,0.191967
0.060325,0.014233,0.190275,0.191614
0.049194,0.038262,0.188669,0.190275
0.054126,0.039047,0.187139,0.188669
0.042072,0.023301,0.186418,0.187139
0.041781,0.037765,0.186266,0.186418
0.045806,0.012907,0.186597,0.186266
0.034046,0.027650,0.187157,0.186597
0.031016,0.037918,0.187648,0.187157
0.034708,0.027165,0.188024,0.187648
0.023912,0.041089,0.188198,0.188024
0.024915,0.019606,0.188142,0.188198
0.023837,0.026049,0.187862,0.188142
0.000000,0.034909,0.188430,0.187862
0.000000,0.009814,0.188340,0.188430
0.000000,0.038558,0.188063,0.188340
0.000000,0.016120,0.188355,0.188063
0.000000,0.000000,0.000000,0.000000
0.000000,0.035138,2.026152,0.000000
0.018723,0.033028,2.034869,2.026152
0.029879,0.032443,2.044028,2.034869
0.018062,0.027851,2.037505,2.044028
0.000000,0.033816,2.026217,2.037505
0.022487,0.030128,2.013429,2.026217
0.000000,0.017382,2.012306,2.013429
0.000000,0.037938,2.012446,2.012306
0.000000,0.039223,2.012557,2.012446
0.000000,0.041838,2.011422,2.012557
0.000000,0.009818,2.009417,2.011422
0.000000,0.026926,2.007535,2.009417
0.000000,0.055793,2.005821,2.007535
0.000000,0.014353,2.004887,2.005821
0.033804,0.012283,1.996720,2.004887
0.000000,0.027226,1.995977,1.996720
0.000000,0.031027,1.996141,1.995977
0.000000,0.051632,1.996838,1.996141
0.000000,0.027390,1.998716,1.996838
0.000000,0.043711,2.000558,1.998716
0.029512,0.026026,2.001931,2.000558
0.080501,0.044380,2.002826,2.001931
0.075797,0.030883,2.002954,2.002826
0.078646,0.093122,2.003066,2.002954
0.095031,0.026917,2.003745,2.003066
0.077885,0.035802,2.004627,2.003745
0.076315,0.031400,2.005741,2.004627
0.086073,0.052014,2.007295,2.005741
0.061572,0.008176,2.008116,2.007295
0.051803,0.032661,2.007286,2.008116
0.059962,0.049095,2.004322,2.007286
0.048761,0.000562,2.001350,2.004322
0.133816,0.023447,1.950465,2.001350
0.129216,0.128240,1.911425,1.950465
0.069053,0.162366,1.834168,1.911425
0.100727,0.232180,1.736764,1.834168
0.242152,0.428773,1.625437,1.736764
0.462970,0.543728,1.511583,1.625437
0.518497,0.629348,1.419380,1.511583
0.565327,0.586155,1.331786,1.419380
0.459832,0.703973,1.236801,1.331786
0.515658,0.872632,1.112053,1.236801
0.826042,0.764665,0.939783,1.112053
0.471336,0.811194,0.788010,0.939783
0.666816,0.984807,0.643954,0.788010
1.183533,0.801972,0.495307,0.643954
0.939850,0.807154,0.389287,0.495307
1.020839,0.951660,0.301181,0.389287
0.863044,0.782298,0.223557,0.301181
0.908809,0.792874,0.176658,0.223557
0.750323,0.927658,0.141225,0.176658
0.795597,0.768510,0.112034,0.141225
0.702544,0.954695,0.096681,0.112034
0.823374,0.996665,0.087047,0.096681
0.805318,0.800815,0.085000,0.087047
0.713266,0.932815,0.085235,0.085000
0.892313,0.989451,0.083547,0.085235
0.970723,0.965655,0.078567,0.083547
0.954579,0.809343,0.073115,0.078567
0.864411,0.843006,0.070515,0.073115
0.808614,0.986159,0.073503,0.070515
0.988554,0.796407,0.081893,0.073503
0.782461,0.862033,0.086579,0.081893
0.790674,0.974846,0.083059,0.086579
0.988022,0.875783,0.068934,0.083059
0.780259,0.948021,0.059899,0.068934
0.788875,1.088311,0.059166,0.059899
0.974053,0.903934,0.059777,0.059166
0.782943,0.958756,0.057360,0.059777
0.938079,1.117940,0.054123,0.057360
0.832450,0.899211,0.052046,0.054123
0.937385,0.922886,0.051933,0.052046
0.841784,1.056044,0.052528,0.051933
0.935463,0.907064,0.052917,0.052528
0.841941,1.069759,0.052690,0.052917
0.980034,1.045794,0.052534,0.052690
0.918817,0.902290,0.053624,0.052534
0.805939,1.011909,0.056043,0.053624
0.935364,0.858895,0.060952,0.056043
0.728713,0.875499,0.066407,0.060952
0.730831,1.018336,0.073311,0.066407
0.907234,0.870113,0.083297,0.073311
0.729872,0.862167,0.093381,0.083297
0.731906,0.974128,0.106804,0.093381
0.914191,0.833879,0.129182,0.106804
0.746499,0.881145,0.154568,0.129182
0.727720,0.971385,0.180908,0.154568
0.905318,0.817218,0.201286,0.180908
0.729189,0.876740,0.203392,0.201286
0.850964,0.989116,0.188990,0.203392
0.874940,1.026283,0.152087,0.188990
0.883126,0.977801,0.099448,0.152087
0.809458,0.830265,0.057901,0.099448
0.883927,0.831165,0.055439,0.057901
0.756300,0.971208,0.065145,0.055439
0.836230,0.819101,0.063786,0.065145
0.756064,0.820261,0.055622,0.063786
0.727395,0.956498,0.053247,0.055622
0.910947,0.831886,0.060661,0.053247
0.714598,0.852906,0.067641,0.060661
0.706842,0.973604,0.071842,0.067641
0.898734,0.820208,0.073222,0.071842
0.714500,0.832688,0.072873,0.073222
0.714574,0.988793,0.072675,0.072873
0.904442,0.794931,0.073778,0.072675
0.720554,0.895922,0.076191,0.073778
0.865972,0.981534,0.081182,0.076191
0.787488,0.836160,0.091048,0.081182
0.867240,0.831259,0.103136,0.091048
0.788490,1.035400,0.120625,0.103136
0.921925,0.852606,0.148141,0.120625
0.849384,0.828329,0.170663,0.148141
0.788738,0.974991,0.185154,0.170663
0.957327,0.808059,0.183813,0.185154
0.752890,0.843756,0.165514,0.183813
0.741836,0.989885,0.131919,0.165514
0.859420,0.815790,0.081953,0.131919
0.660620,0.867046,0.051866,0.081953
0.665713,0.995466,0.053923,0.051866
0.825095,0.987062,0.065427,0.053923
0.852639,0.960531,0.061596,0.065427
0.866394,1.025938,0.053911,0.061596
0.875529,0.989067,0.056607,0.053911
0.875306,0.850779,0.063703,0.056607
0.713165,0.846926,0.067263,0.063703
0.716409,0.950799,0.067522,0.067263
0.914220,0.829840,0.065375,0.067522
0.740682,0.838092,0.063398,0.065375
0.879609,0.982344,0.062671,0.063398
0.787187,0.854082,0.064748,0.062671
0.878560,0.858721,0.069357,0.064748
0.782324,0.978956,0.076608,0.069357
0.867904,0.786105,0.088688,0.076608
0.776253,0.865280,0.102846,0.088688
0.722628,0.989618,0.123176,0.102846
0.894949,0.810256,0.152012,0.123176
0.708721,0.847043,0.172726,0.152012
0.704738,0.995656,0.182856,0.172726
0.889756,0.826808,0.174851,0.182856
0.714072,0.816497,0.150969,0.174851
0.694243,1.001585,0.113097,0.150969
0.846168,0.798650,0.067373,0.113097
0.674430,0.843452,0.053175,0.067373
0.801366,1.011361,0.061545,0.053175
0.725763,0.827295,0.065243,0.061545
0.834846,0.791201,0.057665,0.065243
0.765790,1.005806,0.051615,0.057665
0.875405,0.828029,0.056523,0.051615
0.792652,0.852026,0.064011,0.056523
0.741854,0.993127,0.063105,0.064011
0.976519,0.801577,0.057380,0.063105
0.839216,0.821576,0.101097,0.057380
0.850164,0.909965,0.136782,0.101097
0.951038,0.713501,0.150697,0.136782
0.661259,0.642532,0.150910,0.150697
0.586061,0.719271,0.146061,0.150910
0.625515,0.532091,0.137813,0.146061
0.447226,0.610249,0.131545,0.137813
0.490561,0.522781,0.127653,0.131545
0.438424,0.372116,0.129653,0.127653
0.321994,0.443563,0.135879,0.129653
0.365962,0.315198,0.147522,0.135879
0.275000,0.318195,0.160439,0.147522
0.308662,0.344846,0.176013,0.160439
0.299757,0.232020,0.196757,0.176013
0.225098,0.242377,0.215772,0.196757
0.216433,0.217096,0.233034,0.215772
0.226623,0.203823,0.242786,0.233034
0.173166,0.178417,0.238490,0.242786
0.167195,0.186531,0.223510,0.238490
0.186396,0.100908,0.202069,0.223510
0.145506,0.136218,0.188102,0.202069
0.134054,0.153148,0.179500,0.188102
0.143932,0.087727,0.176965,0.179500
0.102096,0.065881,0.179653,0.176965
0.093692,0.065340,0.183988,0.179653
0.106020,0.039178,0.188538,0.183988
0.075178,0.054526,0.190888,0.188538
0.078726,0.055540,0.191667,0.190888
0.075016,0.034951,0.190867,0.191667
0.051433,0.019439,0.189442,0.190867
0.045458,0.013081,0.187935,0.189442
0.044966,0.048190,0.186647,0.187935
0.039349,0.040820,0.186174,0.186647
0.035207,0.016789,0.186375,0.186174
0.033244,0.012505,0.186799,0.186375
0.035411,0.055647,0.187200,0.186799
0.040387,0.008477,0.187671,0.187200
0.034682,0.052958,0.187969,0.187671
0.031026,0.031469,0.188201,0.187969
0.037306,0.034963,0.188252,0.188201
0.033904,0.039993,0.188143,0.188252
0.033589,0.031405,0.187975,0.188143
0.038512,0.021539,0.187835,0.187975
0.028734,0.007808,0.187754,0.187835
0.000000,0.026951,0.188061,0.187754
0.000000,0.000000,0.000000,0.000000
0.000000,0.023174,2.027023,0.000000
0.024365,0.039244,2.021623,2.027023
0.023712,0.054779,2.014333,2.021623
0.025454,0.034752,2.014277,2.014333
0.000000,0.034246,2.015049,2.014277
0.000000,0.015075,2.007798,2.015049
0.000000,0.036240,1.993201,2.007798
0.000000,0.023299,1.995284,1.993201
0.000000,0.037464,1.996370,1.995284
0.000000,0.040411,1.995600,1.996370
0.000000,0.039880,1.993258,1.995600
0.000000,0.045467,1.990192,1.993258
0.000000,0.041597,1.986194,1.990192
0.000000,0.027695,1.982483,1.986194
0.000000,0.013966,1.979404,1.982483
0.036223,0.017724,1.982134,1.979404
0.046166,0.006398,1.978344,1.982134
0.042023,0.007142,1.975778,1.978344
0.043068,0.048779,1.975119,1.975778
0.055517,0.027256,1.975864,1.975119
0.050077,0.036245,1.978109,1.975864
0.048602,0.032496,1.981913,1.978109
0.038159,0.026553,1.987270,1.981913
0.031054,0.036046,1.990749,1.987270
0.051199,0.021384,1.992469,1.990749
0.053794,0.039778,1.991991,1.992469
0.072410,0.018538,1.990973,1.991991
0.066294,0.034897,1.989817,1.990973
0.073160,0.021492,1.988461,1.989817
0.063733,0.032007,1.987964,1.988461
0.053486,0.010530,1.988401,1.987964
0.057106,0.034682,1.988773,1.988401
0.040997,0.034953,1.988434,1.988773
0.180989,0.013369,1.955002,1.988434
0.172231,0.066230,1.920406,1.955002
0.118525,0.148794,1.873160,1.920406
0.035284,0.213066,1.788445,1.873160
0.190395,0.309117,1.695785,1.788445
0.375704,0.434932,1.594006,1.695785
0.549758,0.479305,1.481079,1.594006
0.579482,0.561263,1.397283,1.481079
0.489369,0.737737,1.314058,1.397283
0.637174,0.698161,1.194538,1.314058
0.561659,0.746147,1.071111,1.194538
0.662771,0.932225,0.926144,1.071111
0.580971,0.801872,0.748464,0.926144
0.592470,0.815107,0.608742,0.748464
0.861805,0.987699,0.480046,0.608742
1.116051,0.790385,0.354922,0.480046
0.856611,0.791721,0.272883,0.354922
0.963682,0.944132,0.209104,0.272883
0.814631,0.778683,0.157305,0.209104
0.863643,0.825177,0.128043,0.157305
0.735040,0.936851,0.106717,0.128043
0.802386,0.782997,0.090755,0.106717
0.709162,0.823927,0.084433,0.090755
0.671956,0.922525,0.083161,0.084433
0.854754,0.797518,0.083635,0.083161
0.702681,0.832578,0.082332,0.083635
0.751559,0.974564,0.078030,0.082332
0.995533,0.809578,0.072034,0.078030
0.808822,0.833843,0.068002,0.072034
0.816864,0.969431,0.067466,0.068002
1.011497,0.831920,0.071919,0.067466
0.796043,0.833472,0.075013,0.071919
0.940665,0.983884,0.071805,0.075013
0.848052,0.831936,0.060877,0.071805
0.937619,0.930826,0.055628,0.060877
0.862959,1.103030,0.056633,0.055628
0.975178,1.119450,0.057418,0.056633
1.015033,1.118021,0.055176,0.057418
1.003476,0.893959,0.053250,0.055176
0.801016,0.919437,0.052815,0.053250
0.847994,1.082494,0.052906,0.052815
0.994339,0.917464,0.052562,0.052906
0.791946,0.904011,0.051710,0.052562
0.792064,1.070830,0.050878,0.051710
0.983643,0.865537,0.050492,0.050878
0.777870,0.884163,0.051356,0.050492
0.764233,1.053466,0.053843,0.051356
0.937670,1.069464,0.058914,0.053843
0.910994,1.015245,0.065660,0.058914
0.914775,0.822286,0.073734,0.065660
0.731350,0.854006,0.082847,0.073734
0.736671,1.000370,0.095120,0.082847
0.910829,0.898037,0.114444,0.095120
0.735042,0.844555,0.137083,0.114444
0.887257,0.987362,0.166532,0.137083
0.779232,0.811996,0.200285,0.166532
0.861232,0.855162,0.219341,0.200285
0.769564,0.991148,0.224569,0.219341
0.857674,0.814471,0.209442,0.224569
0.763905,0.857743,0.179956,0.209442
0.725358,0.998133,0.137300,0.179956
0.914166,0.806227,0.082010,0.137300
0.723141,0.866799,0.053649,0.082010
0.723220,0.998585,0.057003,0.053649
0.891054,0.803357,0.065292,0.057003
0.716725,1.023789,0.060307,0.065292
0.925102,1.011332,0.051490,0.060307
0.925444,0.849757,0.055608,0.051490
0.746608,1.001268,0.064368,0.055608
0.928548,0.815427,0.071328,0.064368
0.736003,0.840696,0.072946,0.071328
0.729565,0.946934,0.072148,0.072946
0.911715,0.834324,0.070817,0.072148
0.724879,0.852709,0.071345,0.070817
0.859753,0.957915,0.073982,0.071345
0.901278,0.809860,0.081197,0.073982
0.716066,0.854038,0.090811,0.081197
0.778991,0.959792,0.104931,0.090811
0.941124,0.819680,0.128331,0.104931
0.733808,0.847012,0.152490,0.128331
0.729231,0.987175,0.174900,0.152490
0.920662,0.803940,0.188014,0.174900
0.736874,0.853457,0.182605,0.188014
0.742198,1.031783,0.160357,0.182605
0.911684,0.816917,0.116254,0.160357
0.745903,0.841758,0.073686,0.116254
0.716337,0.976225,0.048376,0.073686
0.947152,0.800104,0.057329,0.048376
0.783598,0.826008,0.064166,0.057329
0.900556,0.992051,0.058825,0.064166
0.915862,1.027416,0.050559,0.058825
0.884898,0.991314,0.054535,0.050559
0.733889,0.799296,0.063320,0.054535
0.843948,0.845039,0.067980,0.063320
0.768247,0.964582,0.069215,0.067980
0.870411,0.824137,0.068282,0.069215
0.786190,0.865142,0.066840,0.068282
0.740831,0.954417,0.066237,0.066840
0.932081,0.818671,0.067741,0.066237
0.745393,0.854931,0.071427,0.067741
0.747394,1.011601,0.077696,0.071427
0.933508,0.811625,0.089207,0.077696
0.739192,0.868503,0.102635,0.089207
0.736879,0.976912,0.121838,0.102635
0.914104,0.852106,0.150237,0.121838
0.718784,0.866450,0.171605,0.150237
0.853974,0.945215,0.183307,0.171605
0.765979,0.823144,0.177274,0.183307
0.864451,0.838302,0.154821,0.177274
0.753574,0.975342,0.117791,0.154821
0.797458,0.985736,0.069420,0.117791
0.845860,0.999563,0.050957,0.069420
0.842936,0.800877,0.062264,0.050957
0.681161,0.856653,0.063871,0.062264
0.748571,0.983093,0.056610,0.063871
0.900100,0.793682,0.051567,0.056610
0.734482,0.862274,0.055843,0.051567
0.738400,0.965049,0.062201,0.055843
0.924308,0.836433,0.055250,0.062201
0.782651,0.844520,0.052314,0.055250
0.835330,0.932503,0.101461,0.052314
1.058186,0.799767,0.141528,0.101461
0.765502,0.739238,0.153267,0.141528
0.662963,0.774414,0.154935,0.153267
0.695718,0.572963,0.150166,0.154935
0.495936,0.548699,0.144341,0.150166
0.519940,0.608891,0.138819,0.144341
0.476607,0.433693,0.135049,0.138819
0.349710,0.389376,0.135161,0.135049
0.336412,0.439245,0.138519,0.135161
0.362132,0.347011,0.146127,0.138519
0.271795,0.308275,0.155266,0.146127
0.255378,0.314681,0.167171,0.155266
0.291166,0.227606,0.184268,0.167171
0.219241,0.254230,0.201058,0.184268
0.199916,0.269336,0.217209,0.201058
0.235654,0.158906,0.226684,0.217209
0.171522,0.205422,0.222955,0.226684
0.166764,0.143591,0.210255,0.222955
0.188265,0.148981,0.192670,0.210255
0.133246,0.114231,0.180529,0.192670
0.146178,0.080401,0.172144,0.180529
0.130843,0.118339,0.169167,0.172144
0.096626,0.059532,0.170890,0.169167
0.095756,0.088874,0.174150,0.170890
0.102216,0.046670,0.177797,0.174150
0.077155,0.047762,0.179874,0.177797
0.073523,0.026413,0.180703,0.179874
0.085918,0.012896,0.180274,0.180703
0.056657,0.046789,0.179208,0.180274
0.052443,0.038101,0.177983,0.179208
0.055273,0.067733,0.176933,0.177983
0.048459,0.006133,0.176486,0.176933
0.038938,0.058864,0.176674,0.176486
0.034973,0.052796,0.177007,0.176674
0.029050,0.046019,0.177267,0.177007
0.023429,0.017882,0.177354,0.177267
0.023490,0.017661,0.177356,0.177354
0.023212,0.041572,0.177400,0.177356
0.018242,0.011057,0.177285,0.177400
0.023885,0.050371,0.177285,0.177285
0.029916,0.047376,0.177420,0.177285
0.020687,0.035568,0.177590,0.177420
0.026203,0.008307,0.177856,0.177590
0.000000,0.021664,0.177908,0.177856
0.000000,0.053952,0.177743,0.177908
0.000000,0.024309,0.178375,0.177743
0.000000,0.000000,0.000000,0.000000
0.000000,0.016555,2.027615,0.000000
0.023852,0.030470,2.029734,2.027615
0.025119,0.045350,2.037311,2.029734
0.027586,0.023969,2.053746,2.037311
0.000000,0.048076,2.077859,2.053746
0.017964,0.041938,2.104137,2.077859
0.000000,0.015384,2.103194,2.104137
0.000000,0.042568,2.102710,2.103194
0.000000,0.033125,2.102740,2.102710
0.000000,0.014608,2.103427,2.102740
0.000000,0.048361,2.103734,2.103427
0.000000,0.038498,2.104085,2.103734
0.000000,0.026865,2.104440,2.104085
0.000000,0.010930,2.105141,2.104440
0.000000,0.025199,2.105286,2.105141
0.020471,0.020813,2.102656,2.105286
0.020078,0.025039,2.098136,2.102656
0.000000,0.017160,2.093918,2.098136
0.000000,0.042070,2.091094,2.093918
0.042632,0.034003,2.091154,2.091094
0.074316,0.052601,2.090314,2.091154
0.063752,0.051690,2.088998,2.090314
0.054762,0.041258,2.088220,2.088998
0.086722,0.011468,2.087968,2.088220
0.042465,0.036248,2.088356,2.087968
0.024764,0.036067,2.090328,2.088356
0.063588,0.050205,2.092866,2.090328
0.069085,0.049137,2.093291,2.092866
0.102987,0.042182,2.092842,2.093291
0.121167,0.067733,2.092440,2.092842
0.104635,0.055476,2.092792,2.092440
0.124407,0.047729,2.093894,2.092792
0.108972,0.026976,2.095953,2.093894
0.086053,0.040414,2.098016,2.095953
0.092350,0.060360,2.099313,2.098016
0.066426,0.042031,2.098773,2.099313
0.059180,0.025619,2.096486,2.098773
0.057239,0.058115,2.094453,2.096486
0.038912,0.035574,2.093635,2.094453
0.032648,0.016947,2.093206,2.093635
0.043675,0.035577,2.088463,2.093206
0.100341,0.011825,2.075938,2.088463
0.091134,0.085822,2.050575,2.075938
0.054352,0.094236,1.994699,2.050575
0.045593,0.191866,1.918272,1.994699
0.179640,0.321024,1.814586,1.918272
0.424710,0.365878,1.683567,1.814586
0.382535,0.469302,1.589718,1.683567
0.426905,0.567484,1.511196,1.589718
0.584926,0.621319,1.425907,1.511196
0.426100,0.678550,1.337526,1.425907
0.483649,0.852976,1.218478,1.337526
0.755888,0.755490,1.047690,1.218478
0.587520,0.814524,0.891057,1.047690
0.638053,0.970121,0.735516,0.891057
1.167991,0.791664,0.573736,0.735516
0.954613,0.829049,0.458293,0.573736
0.906943,0.943532,0.360680,0.458293
1.061489,0.783508,0.269753,0.360680
0.799887,0.811855,0.209195,0.269753
0.881084,0.967939,0.160837,0.209195
0.872491,0.785872,0.121238,0.160837
0.674836,0.800567,0.100123,0.121238
0.702560,0.940872,0.088644,0.100123
0.828092,0.770046,0.084750,0.088644
0.668127,0.778978,0.085154,0.084750
0.685537,0.959078,0.085436,0.085154
0.907528,0.830517,0.083224,0.085436
0.770200,0.858164,0.079826,0.083224
0.796080,0.971409,0.076077,0.079826
0.999937,0.797046,0.074174,0.076077
0.801803,1.002880,0.078058,0.074174
0.996588,0.980979,0.083711,0.078058
1.000251,0.849749,0.081865,0.083711
0.795447,1.040490,0.071305,0.081865
0.995320,1.139637,0.058412,0.071305
1.002023,1.090268,0.056694,0.058412
1.001093,0.899537,0.057256,0.056694
0.798454,0.947515,0.054219,0.057256
0.796461,1.089975,0.049861,0.054219
0.995893,0.904430,0.047577,0.049861
0.807142,0.946901,0.048372,0.047577
0.951166,1.081796,0.049543,0.048372
1.003150,0.878052,0.050602,0.049543
0.788704,0.891427,0.051384,0.050602
0.824799,1.046079,0.052082,0.051384
0.951526,0.880911,0.053832,0.052082
0.749866,0.863236,0.056682,0.053832
0.738136,1.025473,0.060902,0.056682
0.912360,0.876250,0.066779,0.060902
0.724378,0.888626,0.072431,0.066779
0.730231,0.995895,0.079459,0.072431
0.909489,0.820787,0.090013,0.079459
0.732073,0.859333,0.101807,0.090013
0.727748,0.991435,0.118106,0.101807
0.911131,0.819378,0.145133,0.118106
0.739544,0.849545,0.170599,0.145133
0.858834,0.978399,0.191010,0.170599
0.911402,1.021112,0.198737,0.191010
0.908749,1.017190,0.184085,0.198737
0.754758,0.819956,0.148097,0.184085
0.832019,0.831822,0.106394,0.148097
0.738207,0.989386,0.067221,0.106394
0.811448,0.832052,0.056370,0.067221
0.729592,0.861380,0.064939,0.056370
0.699711,0.983584,0.066236,0.064939
0.887207,0.818013,0.057437,0.066236
0.700241,1.014938,0.053623,0.057437
0.860761,0.998627,0.059701,0.053623
0.877042,0.817892,0.067427,0.059701
0.712675,1.020236,0.070319,0.067427
0.901295,0.819318,0.069572,0.070319
0.719220,0.852300,0.067746,0.069572
0.720807,0.999741,0.066352,0.067746
0.898551,0.817981,0.066722,0.066352
0.724057,1.012548,0.068952,0.066722
0.916104,0.960600,0.075302,0.068952
0.910138,0.834336,0.085828,0.075302
0.733876,0.978167,0.099032,0.085828
0.939181,0.816125,0.121682,0.099032
0.741872,0.858459,0.146021,0.121682
0.889636,0.983287,0.169168,0.146021
0.794141,0.826417,0.183542,0.169168
0.866958,0.865369,0.179471,0.183542
0.779629,1.005885,0.158750,0.179471
0.904095,0.795841,0.116570,0.158750
0.815521,0.973362,0.076159,0.116570
0.872251,0.969005,0.052110,0.076159
0.806312,0.835892,0.061697,0.052110
0.713945,0.971723,0.065403,0.061697
0.863344,0.853231,0.057763,0.065403
0.701230,0.821218,0.053495,0.057763
0.717652,0.985586,0.058501,0.053495
0.918386,0.859980,0.067696,0.058501
0.722024,0.827851,0.072445,0.067696
0.727527,0.976902,0.072883,0.072445
0.915307,0.813588,0.069638,0.072883
0.745074,0.857832,0.066450,0.069638
0.749802,1.027024,0.064427,0.066450
0.937733,0.820891,0.065089,0.064427
0.747606,0.820169,0.069090,0.065089
0.886789,0.985294,0.076777,0.069090
0.787106,0.833470,0.090411,0.076777
0.871875,0.829248,0.105997,0.090411
0.775508,0.982580,0.127655,0.105997
0.855148,0.972948,0.158973,0.127655
0.878936,0.969432,0.186967,0.158973
0.879463,0.805365,0.198702,0.186967
0.709484,0.826741,0.191638,0.198702
0.762324,1.000917,0.167858,0.191638
0.868558,0.812278,0.122522,0.167858
0.684467,0.846349,0.079875,0.122522
0.702526,1.003971,0.054156,0.079875
0.879140,0.822232,0.060542,0.054156
0.697625,0.841049,0.066288,0.060542
0.709027,0.987418,0.060590,0.066288
0.906863,0.818543,0.050470,0.060590
0.737317,0.850479,0.051521,0.050470
0.741626,0.998829,0.059222,0.051521
0.922814,0.828661,0.054560,0.059222
0.779204,0.851966,0.059550,0.054560
0.990066,0.954789,0.106468,0.059550
1.035848,0.738200,0.140169,0.106468
0.747650,0.730387,0.150214,0.140169
0.686292,0.769486,0.150974,0.150214
0.691569,0.592956,0.145356,0.150974
0.488850,0.544131,0.138685,0.145356
0.431397,0.599893,0.132740,0.138685
0.474778,0.413051,0.128832,0.132740
0.342742,0.439659,0.129356,0.128832
0.317080,0.452282,0.134108,0.129356
0.360033,0.415291,0.145071,0.134108
0.328555,0.368533,0.161582,0.145071
0.306417,0.242145,0.181970,0.161582
0.232211,0.224396,0.201830,0.181970
0.210685,0.280966,0.224350,0.201830
0.244719,0.179744,0.248188,0.224350
0.187527,0.178310,0.259159,0.248188
0.175053,0.216363,0.257740,0.259159
0.201869,0.152576,0.238721,0.257740
0.151291,0.108476,0.216037,0.238721
0.164729,0.144771,0.196165,0.216037
0.152511,0.094899,0.181811,0.196165
0.111323,0.087487,0.178208,0.181811
0.112596,0.088780,0.180812,0.178208
0.118415,0.059151,0.187603,0.180812
0.086211,0.054920,0.193262,0.187603
0.077621,0.053020,0.197346,0.193262
0.090904,0.067839,0.199253,0.197346
0.068442,0.047819,0.198853,0.199253
0.068372,0.044713,0.197287,0.198853
0.072545,0.049825,0.195117,0.197287
0.044176,0.014183,0.193655,0.195117
0.037289,0.014673,0.192758,0.193655
0.052386,0.024981,0.192568,0.192758
0.040081,0.016350,0.193018,0.192568
0.047909,0.026842,0.193865,0.193018
0.052391,0.004196,0.194692,0.193865
0.047376,0.033183,0.195101,0.194692
0.033759,0.034140,0.194963,0.195101
0.030937,0.003385,0.194552,0.194963
0.026586,0.042431,0.194226,0.194552
0.025380,0.020508,0.194126,0.194226
0.023812,0.022765,0.194234,0.194126
0.000000,0.036149,0.194623,0.194234
0.000000,0.035247,0.195251,0.194623
0.000000,0.016153,0.195098,0.195251
0.000000,0.019533,0.195023,0.195098
0.000000,0.000000,0.000000,0.000000
0.000000,0.015799,2.029384,0.000000
0.000000,0.005561,2.027905,2.029384
0.019356,0.066992,2.024129,2.027905
0.030841,0.025058,2.022054,2.024129
0.021435,0.052069,2.028386,2.022054
0.000000,0.025774,2.047442,2.028386
0.000000,0.025175,2.072178,2.047442
0.000000,0.016656,2.097687,2.072178
0.000000,0.027299,2.096701,2.097687
0.000000,0.033998,2.096746,2.096701
0.000000,0.048453,2.097359,2.096746
0.000000,0.032052,2.098394,2.097359
0.000000,0.027971,2.099865,2.098394
0.000000,0.039232,2.101525,2.099865
0.000000,0.016060,2.102688,2.101525
0.037926,0.030263,2.092333,2.102688
0.060549,0.011777,2.086277,2.092333
0.071059,0.041997,2.079515,2.086277
0.080170,0.065340,2.075564,2.079515
0.064607,0.039749,2.075263,2.075564
0.062713,0.032285,2.079531,2.075263
0.061897,0.052861,2.085788,2.079531
0.066768,0.038713,2.092336,2.085788
0.095098,0.020368,2.097426,2.092336
0.083425,0.037631,2.099252,2.097426
0.104454,0.039099,2.099549,2.099252
0.103540,0.029954,2.099354,2.099549
0.083549,0.028748,2.100019,2.099354
0.085425,0.019568,2.099809,2.100019
0.091268,0.064700,2.098367,2.099809
0.077245,0.017349,2.097370,2.098367
0.062183,0.057477,2.097531,2.097370
0.044227,0.056879,2.098235,2.097531
0.058298,0.012101,2.097520,2.098235
0.039617,0.035695,2.095457,2.097520
0.025665,0.020539,2.094652,2.095457
0.137282,0.048405,2.072138,2.094652
0.177104,0.068864,2.034394,2.072138
0.125547,0.133898,1.976516,2.034394
0.043591,0.208855,1.887146,1.976516
0.216744,0.301999,1.753855,1.887146
0.346563,0.362010,1.644223,1.753855
0.427300,0.542814,1.555474,1.644223
0.519274,0.525776,1.477765,1.555474
0.518963,0.619099,1.416702,1.477765
0.530528,0.792697,1.330979,1.416702
0.624117,0.716046,1.187890,1.330979
0.585722,0.794811,1.039047,1.187890
0.667875,1.006778,0.875167,1.039047
0.836024,0.810570,0.695008,0.875167
0.938958,0.846362,0.560466,0.695008
0.977632,0.954099,0.441987,0.560466
1.124631,0.797780,0.332450,0.441987
0.850234,0.818782,0.261258,0.332450
0.793619,0.925794,0.202774,0.261258
0.924590,0.828136,0.151520,0.202774
0.699322,0.770589,0.121905,0.151520
0.671387,0.931031,0.102563,0.121905
0.817521,0.787944,0.090432,0.102563
0.661273,0.808365,0.085916,0.090432
0.791426,0.971836,0.084488,0.085916
0.851520,0.774267,0.083708,0.084488
0.707532,0.831711,0.081883,0.083708
0.798578,0.989804,0.077265,0.081883
0.982718,0.812730,0.070310,0.077265
0.803340,0.779291,0.066155,0.070310
0.800579,0.991810,0.065757,0.066155
0.992842,0.784772,0.066458,0.065757
0.785838,0.855303,0.064566,0.066458
0.799263,1.028362,0.060684,0.064566
0.997698,0.916118,0.059351,0.060684
0.793706,1.116619,0.060098,0.059351
1.000722,1.114656,0.058822,0.060098
1.014616,0.930932,0.054941,0.058822
0.812592,1.124976,0.051440,0.054941
1.005609,1.116466,0.048842,0.051440
1.000192,1.085824,0.047501,0.048842
1.000324,0.910778,0.047613,0.047501
0.803464,0.883626,0.048303,0.047613
0.789723,1.080948,0.049158,0.048303
0.973682,0.871317,0.050740,0.049158
0.768763,0.927644,0.052683,0.050740
0.895332,1.020613,0.055468,0.052683
0.931565,0.831943,0.060195,0.055468
0.733325,0.872662,0.065532,0.060195
0.777037,1.031126,0.072412,0.065532
0.909617,1.014598,0.082512,0.072412
0.915062,1.012172,0.096072,0.082512
0.859884,0.853612,0.114043,0.096072
0.768287,0.835396,0.134609,0.114043
0.730251,0.975886,0.161290,0.134609
0.914333,0.846356,0.192187,0.161290
0.727344,0.831635,0.209364,0.192187
0.734664,0.963505,0.212563,0.209364
0.922977,0.814090,0.195141,0.212563
0.736155,0.848005,0.163849,0.195141
0.745769,0.972488,0.119686,0.163849
1.002672,0.830639,0.066625,0.119686
0.829748,0.855211,0.049381,0.066625
0.971679,0.994304,0.060364,0.049381
0.810439,0.832704,0.066152,0.060364
0.874106,0.856389,0.058320,0.066152
0.762633,0.984339,0.050854,0.058320
0.855852,0.828281,0.056692,0.050854
0.750602,0.835763,0.066557,0.056692
0.706463,0.951593,0.074124,0.066557
0.903078,0.828571,0.077026,0.074124
0.722891,0.845673,0.076846,0.077026
0.726049,0.975854,0.075552,0.076846
0.908698,0.835827,0.074884,0.075552
0.730010,0.856701,0.076400,0.074884
0.734975,0.980663,0.080717,0.076400
0.914419,0.825531,0.089766,0.080717
0.723686,0.988143,0.101709,0.089766
0.877186,1.020680,0.123626,0.101709
0.843329,0.802855,0.153333,0.123626
0.665200,0.992671,0.178538,0.153333
0.814970,0.826374,0.196486,0.178538
0.675660,0.874661,0.196073,0.196486
0.845767,0.976696,0.178773,0.196073
0.941987,0.827390,0.138787,0.178773
0.782943,0.864429,0.095237,0.138787
0.844335,0.994540,0.058230,0.095237
0.987450,0.838942,0.052445,0.058230
0.768487,0.845046,0.059793,0.052445
0.758128,1.019552,0.056933,0.059793
0.934848,0.819840,0.044938,0.056933
0.719010,0.825505,0.043071,0.044938
0.693129,1.008400,0.051588,0.043071
0.847962,0.807684,0.062153,0.051588
0.702410,0.844819,0.066588,0.062153
0.716585,0.966303,0.067214,0.066588
0.907952,0.800416,0.066283,0.067214
0.726872,0.840356,0.066048,0.066283
0.869774,0.986939,0.067257,0.066048
0.916817,0.819047,0.071040,0.067257
0.736951,0.829945,0.076660,0.071040
0.786407,0.980245,0.085324,0.076660
0.921196,0.835689,0.100423,0.085324
0.730967,0.845538,0.118753,0.100423
0.728628,0.951848,0.144023,0.118753
0.904584,0.814770,0.175223,0.144023
0.716995,0.793775,0.193749,0.175223
0.712075,1.003544,0.198593,0.193749
0.895802,0.829761,0.182772,0.198593
0.713507,0.844901,0.152676,0.182772
0.681447,0.987607,0.109885,0.152676
0.844305,0.823110,0.063332,0.109885
0.688885,0.830649,0.053057,0.063332
0.817147,0.992511,0.062305,0.053057
0.870419,0.835469,0.064274,0.062305
0.709293,0.848897,0.056469,0.064274
0.768953,0.997119,0.052316,0.056469
0.921282,0.782274,0.059267,0.052316
0.749369,0.859523,0.066233,0.059267
0.751613,1.013713,0.056462,0.066233
1.027718,0.783469,0.082065,0.056462
0.873020,0.833549,0.124939,0.082065
0.823391,0.873061,0.146029,0.124939
0.877771,0.672705,0.152451,0.146029
0.612542,0.619455,0.150449,0.152451
0.549340,0.660523,0.145195,0.150449
0.596516,0.522938,0.138092,0.145195
0.427432,0.529554,0.133426,0.138092
0.461499,0.506983,0.131634,0.133426
0.429924,0.371389,0.134114,0.131634
0.318236,0.377603,0.139298,0.134114
0.314156,0.383045,0.147278,0.139298
0.331842,0.300563,0.159573,0.147278
0.246896,0.254341,0.172588,0.159573
0.226210,0.278162,0.188709,0.172588
0.248877,0.237086,0.210167,0.188709
0.193042,0.208808,0.224668,0.210167
0.176509,0.219129,0.230761,0.224668
0.200202,0.188171,0.222673,0.230761
0.194889,0.168322,0.203183,0.222673
0.172913,0.118700,0.184388,0.203183
0.132218,0.126110,0.173284,0.184388
0.127351,0.086303,0.167892,0.173284
0.142244,0.096759,0.168049,0.167892
0.103952,0.038134,0.171429,0.168049
0.114165,0.085322,0.175535,0.171429
0.090205,0.042492,0.179160,0.175535
0.091426,0.014671,0.180567,0.179160
0.071321,0.051001,0.180561,0.180567
0.076563,0.080795,0.179409,0.180561
0.075113,0.022909,0.177895,0.179409
0.067843,0.044895,0.176712,0.177895
0.042281,0.018809,0.176122,0.176712
0.039436,0.054021,0.175894,0.176122
0.052468,0.023778,0.176093,0.175894
0.036560,0.042461,0.176490,0.176093
0.034703,0.018462,0.176976,0.176490
0.041827,0.026978,0.177460,0.176976
0.033253,0.044117,0.177682,0.177460
0.030241,0.017782,0.177767,0.177682
0.029073,0.020369,0.177623,0.177767
0.021202,0.015845,0.177422,0.177623
0.022184,0.009827,0.177236,0.177422
0.023080,0.038513,0.177120,0.177236
0.000000,0.025591,0.177943,0.177120
0.000000,0.013748,0.178231,0.177943
0.000000,0.023317,0.178430,0.178231
0.000000,0.021548,0.178456,0.178430
0.000000,0.015004,0.178324,0.178456
0.023523,0.032935,0.178115,0.178324
0.018965,0.041961,0.178044,0.178115
0.000000,0.000000,0.000000,0.000000
0.000000,0.027823,2.027901,0.000000
0.000000,0.024569,2.025281,2.027901
0.031037,0.034890,2.021187,2.025281
0.026456,0.030595,2.033215,2.021187
0.025246,0.057084,2.051608,2.033215
0.000000,0.047933,2.064721,2.051608
0.000000,0.012274,2.064148,2.064721
0.000000,0.038723,2.064579,2.064148
0.000000,0.032424,2.064736,2.064579
0.000000,0.022646,2.064782,2.064736
0.000000,0.030314,2.064515,2.064782
0.000000,0.018579,2.062812,2.064515
0.029877,0.039187,2.055998,2.062812
0.034568,0.018592,2.055579,2.055998
0.026635,0.013334,2.055217,2.055579
0.034022,0.031272,2.054239,2.055217
0.040169,0.026459,2.054436,2.054239
0.040959,0.030775,2.056392,2.054436
0.069405,0.071501,2.058434,2.056392
0.063150,0.021386,2.058923,2.058434
0.074762,0.045382,2.059500,2.058923
0.128807,0.025886,2.060239,2.059500
0.086764,0.044507,2.061675,2.060239
0.083352,0.026076,2.062850,2.061675
0.094456,0.028756,2.063665,2.062850
0.067241,0.035802,2.063305,2.063665
0.071680,0.042717,2.062039,2.063305
0.063971,0.020629,2.060333,2.062039
0.047568,0.046477,2.059410,2.060333
0.071363,0.009034,2.058172,2.059410
0.047444,0.049943,2.057352,2.058172
0.173251,0.038493,2.041016,2.057352
0.163243,0.103987,2.012925,2.041016
0.170558,0.113010,1.952672,2.012925
0.072526,0.187057,1.868762,1.952672
0.125346,0.348314,1.752196,1.868762
0.425074,0.367228,1.616011,1.752196
0.382667,0.445163,1.525769,1.616011
0.400119,0.675397,1.457435,1.525769
0.605617,0.583013,1.386088,1.457435
0.474427,0.682505,1.302560,1.386088
0.667772,0.864253,1.182578,1.302560
0.737858,0.764307,1.006577,1.182578
0.459604,0.838244,0.847239,1.006577
0.473242,1.005595,0.692707,0.847239
1.021705,0.795471,0.531108,0.692707
0.910676,0.820355,0.417021,0.531108
0.880026,0.985030,0.322921,0.417021
1.020828,0.801172,0.239343,0.322921
0.768376,0.783255,0.187096,0.239343
0.716955,0.902542,0.147008,0.187096
0.856134,0.750796,0.115550,0.147008
0.671627,0.806373,0.099743,0.115550
0.671208,0.934115,0.090260,0.099743
0.833853,0.778009,0.085508,0.090260
0.672144,0.799411,0.085402,0.085508
0.818092,0.934674,0.085868,0.085402
0.901887,1.013982,0.083283,0.085868
0.959311,0.987872,0.078025,0.083283
0.847676,0.843505,0.073760,0.078025
0.947212,0.846715,0.073763,0.073760
0.855167,0.975241,0.078201,0.073763
0.956895,0.803876,0.084152,0.078201
0.861903,0.842809,0.082725,0.084152
0.805060,1.014423,0.072671,0.082725
0.999077,0.924631,0.059917,0.072671
0.792841,0.945700,0.057750,0.059917
0.807829,1.096333,0.058569,0.057750
1.005809,0.907719,0.055790,0.058569
0.807538,0.932198,0.052051,0.055790
0.798398,1.067780,0.049925,0.052051
0.982834,1.080066,0.050641,0.049925
0.979001,1.106026,0.052557,0.050641
0.981036,0.887504,0.053861,0.052557
0.784258,1.083866,0.054505,0.053861
0.967000,1.081594,0.054712,0.054505
0.961677,0.879835,0.055040,0.054712
0.757152,1.035710,0.056239,0.055040
0.926490,0.848390,0.059530,0.056239
0.733220,0.880212,0.064193,0.059530
0.862565,1.008700,0.070705,0.064193
0.771483,0.853608,0.080820,0.070705
0.862027,0.845731,0.091525,0.080820
0.771919,0.998908,0.105969,0.091525
0.858490,0.840368,0.130206,0.105969
0.771493,0.846546,0.157312,0.130206
0.713919,0.980415,0.185375,0.157312
0.883901,0.843241,0.207849,0.185375
0.719239,0.830074,0.211687,0.207849
0.719907,0.984205,0.198824,0.211687
0.913503,0.820986,0.163182,0.198824
0.731657,0.827695,0.120219,0.163182
0.703830,1.012050,0.074934,0.120219
0.871879,0.819546,0.052910,0.074934
0.695088,0.839622,0.062791,0.052910
0.820513,0.995552,0.068997,0.062791
0.743298,0.814338,0.062668,0.068997
0.837013,0.808446,0.057862,0.062668
0.749397,1.020057,0.061849,0.057862
0.844599,0.797804,0.070971,0.061849
0.770063,1.035952,0.075458,0.070971
0.912445,0.971900,0.075939,0.075458
0.869583,0.882327,0.073138,0.075939
0.778681,0.999471,0.070626,0.073138
0.911261,0.822410,0.069572,0.070626
0.729647,0.856021,0.071109,0.069572
0.734597,1.002753,0.075431,0.071109
0.924027,0.807100,0.085031,0.075431
0.745512,0.869160,0.097638,0.085031
0.743214,0.973938,0.116227,0.097638
0.920668,0.843236,0.144796,0.116227
0.735352,0.842381,0.167206,0.144796
0.710642,0.979256,0.180623,0.167206
0.889014,0.799865,0.177110,0.180623
0.723083,0.849131,0.156601,0.177110
0.866673,0.944626,0.121216,0.156601
0.838032,0.859800,0.073709,0.121216
0.657297,0.846050,0.053145,0.073709
0.714315,0.956259,0.059330,0.053145
0.871560,0.997498,0.066463,0.059330
0.895480,0.974477,0.060453,0.066463
0.873128,0.793951,0.056392,0.060453
0.795220,0.864772,0.060407,0.056392
0.726732,1.001731,0.066324,0.060407
0.907217,0.796827,0.069704,0.066324
0.738626,0.863831,0.068753,0.069704
0.741590,1.022375,0.065650,0.068753
0.942019,0.834795,0.061759,0.065650
0.751391,0.828523,0.059948,0.061759
0.751901,1.019597,0.060445,0.059948
0.936482,0.791970,0.064802,0.060445
0.748837,0.852007,0.072125,0.064802
0.882839,0.984621,0.083407,0.072125
0.785344,0.826064,0.102381,0.083407
0.869274,0.799278,0.124540,0.102381
0.765347,0.987710,0.152790,0.124540
0.841928,0.821244,0.183674,0.152790
0.745708,0.857251,0.198943,0.183674
0.703892,0.978640,0.199144,0.198943
0.892245,0.821804,0.177625,0.199144
0.699748,0.882135,0.143491,0.177625
0.674309,0.966070,0.098752,0.143491
0.854669,0.824074,0.055910,0.098752
0.680129,0.844889,0.051891,0.055910
0.678339,0.970833,0.061550,0.051891
0.866497,0.805522,0.060427,0.061550
0.710955,0.858126,0.051723,0.060427
0.860647,0.985982,0.049639,0.051723
0.783823,0.797154,0.059429,0.049639
0.881635,0.826289,0.064964,0.059429
0.801495,0.986109,0.054394,0.064964
0.957711,0.825057,0.090991,0.054394
0.906096,0.914835,0.129081,0.090991
0.957286,0.816940,0.146982,0.129081
0.775720,0.696294,0.148604,0.146982
0.602511,0.747938,0.144396,0.148604
0.609836,0.574433,0.137793,0.144396
0.439180,0.530621,0.133680,0.137793
0.393377,0.511658,0.132399,0.133680
0.440746,0.377530,0.134980,0.132399
0.328452,0.382352,0.139808,0.134980
0.310740,0.416428,0.147068,0.139808
0.353885,0.305101,0.158384,0.147068
0.268196,0.275754,0.169991,0.158384
0.255702,0.308146,0.183865,0.169991
0.293661,0.256237,0.202385,0.183865
0.213407,0.210774,0.217302,0.202385
0.231775,0.231363,0.225359,0.217302
0.216478,0.174047,0.221235,0.225359
0.160328,0.162019,0.209807,0.221235
0.150037,0.151433,0.195741,0.209807
0.155103,0.115834,0.181990,0.195741
0.111814,0.072670,0.174879,0.181990
0.107746,0.105273,0.172279,0.174879
0.121483,0.066198,0.173439,0.172279
0.090076,0.074272,0.176329,0.173439
0.084800,0.040130,0.179306,0.176329
0.101794,0.045837,0.181643,0.179306
0.079614,0.069693,0.182421,0.181643
0.076448,0.053188,0.182164,0.182421
0.085057,0.016656,0.181111,0.182164
0.062556,0.012998,0.180034,0.181111
0.056929,0.014784,0.179112,0.180034
0.044259,0.039984,0.178560,0.179112
0.026265,0.026548,0.178549,0.178560
0.023230,0.058201,0.178727,0.178549
0.026291,0.051305,0.179012,0.178727
0.023480,0.014600,0.179178,0.179012
0.027082,0.023035,0.179384,0.179178
0.044907,0.037274,0.179714,0.179384
0.032826,0.025150,0.180045,0.179714
0.028040,0.043477,0.180208,0.180045
0.036202,0.005222,0.180144,0.180208
0.031412,0.020483,0.180126,0.180144
0.000000,0.021432,0.179470,0.180126
0.000000,0.022857,0.180097,0.179470
0.000000,0.036782,0.180181,0.180097
0.000000,0.012558,0.180563,0.180181
0.000000,0.000000,0.000000,0.000000
0.000000,0.005691,2.029882,0.000000
0.000000,0.037489,2.020494,2.029882
0.029689,0.037270,1.993402,2.020494
0.026821,0.040902,1.979888,1.993402
0.024552,0.039956,1.988493,1.979888
0.000000,0.031913,2.004802,1.988493
0.000000,0.022575,2.002004,2.004802
0.000000,0.009733,2.001344,2.002004
0.000000,0.047141,2.000748,2.001344
0.000000,0.024911,1.999323,2.000748
0.000000,0.014197,1.998044,1.999323
0.000000,0.022902,1.996998,1.998044
0.032918,0.039613,1.986346,1.996998
0.033606,0.032761,1.986778,1.986346
0.039435,0.029172,1.988047,1.986778
0.037846,0.011250,1.989532,1.988047
0.047284,0.038277,1.991654,1.989532
0.068551,0.018089,1.994398,1.991654
0.054614,0.020197,1.996767,1.994398
0.061253,0.035656,1.998338,1.996767
0.091872,0.027749,1.999272,1.998338
0.078719,0.007039,1.999227,1.999272
0.125594,0.061919,1.998983,1.999227
0.084663,0.069231,2.000797,1.998983
0.055613,0.022135,2.000669,2.000797
0.058082,0.012095,1.997997,2.000669
0.040629,0.050874,1.994972,1.997997
0.066817,0.005200,1.992018,1.994972
0.047701,0.049728,1.990118,1.992018
0.130225,0.033398,1.964839,1.990118
0.151595,0.067393,1.918819,1.964839
0.078140,0.144681,1.862551,1.918819
0.041205,0.275180,1.782219,1.862551
0.267255,0.287110,1.668538,1.782219
0.357111,0.390337,1.573676,1.668538
0.408053,0.563605,1.487099,1.573676
0.574814,0.539491,1.395740,1.487099
0.466946,0.605086,1.317650,1.395740
0.431852,0.803098,1.215322,1.317650
0.620074,0.738131,1.061356,1.215322
0.661624,0.794113,0.913225,1.061356
0.640493,0.943134,0.757200,0.913225
1.077400,0.783590,0.591443,0.757200
0.967831,0.824309,0.470040,0.591443
1.116197,0.916656,0.364584,0.470040
1.112307,0.778307,0.267597,0.364584
0.837413,0.830415,0.206478,0.267597
0.818289,0.937936,0.162926,0.206478
0.896231,0.773245,0.129642,0.162926
0.694966,0.802256,0.109189,0.129642
0.676847,0.924094,0.094582,0.109189
0.840419,0.806129,0.086113,0.094582
0.683381,0.821364,0.084474,0.086113
0.689658,0.974851,0.084599,0.084474
0.920137,0.810089,0.082322,0.084599
0.795982,0.975323,0.076488,0.082322
1.032572,0.953516,0.068478,0.076488
1.035377,0.840727,0.064059,0.068478
0.836135,0.986958,0.066670,0.064059
1.016151,0.800664,0.074307,0.066670
0.803454,0.882756,0.078970,0.074307
0.947234,0.973393,0.076133,0.078970
0.842156,0.833149,0.064019,0.076133
0.934550,0.910929,0.057953,0.064019
0.832140,1.102303,0.059748,0.057953
0.924501,0.928159,0.061569,0.059748
0.831740,0.946977,0.060025,0.061569
0.786588,1.097627,0.057320,0.060025
0.988572,0.901097,0.055237,0.057320
0.810970,1.093015,0.054070,0.055237
1.001786,1.075317,0.052179,0.054070
1.003491,0.916607,0.050170,0.052179
0.791260,1.094610,0.048943,0.050170
0.973780,0.901986,0.049187,0.048943
0.776709,0.866272,0.050832,0.049187
0.758093,1.035658,0.054015,0.050832
0.935053,0.868617,0.059492,0.054015
0.738140,0.875106,0.065487,0.059492
0.735986,1.000423,0.073303,0.065487
0.923899,0.841622,0.084461,0.073303
0.738145,0.876576,0.096060,0.084461
0.872931,1.006137,0.111350,0.096060
0.914733,0.825614,0.135631,0.111350
0.726318,0.863270,0.162679,0.135631
0.758561,1.028353,0.191305,0.162679
0.882505,0.803676,0.214812,0.191305
0.727354,0.829213,0.219959,0.214812
0.730372,0.982417,0.208821,0.219959
0.882375,0.825526,0.175464,0.208821
0.693302,0.836283,0.133886,0.175464
0.694389,0.957240,0.087101,0.133886
0.850972,0.840949,0.055643,0.087101
0.675694,0.843540,0.061830,0.055643
0.669245,0.972563,0.070670,0.061830
0.869062,0.856402,0.066239,0.070670
0.710599,0.854397,0.057667,0.066239
0.862804,1.006542,0.056437,0.057667
0.902889,0.814472,0.063124,0.056437
0.724142,0.865268,0.068238,0.063124
0.765791,0.981585,0.070146,0.068238
0.902933,1.014382,0.068957,0.070146
0.903459,0.977376,0.066863,0.068957
0.862715,0.820813,0.066634,0.066863
0.776901,0.841930,0.068883,0.066634
0.739531,1.000875,0.074107,0.068883
0.929499,0.832932,0.084616,0.074107
0.760570,0.853956,0.097764,0.084616
0.776581,0.995776,0.116325,0.097764
0.985574,0.841361,0.144456,0.116325
0.784755,0.826329,0.166929,0.144456
0.771911,0.980301,0.181024,0.166929
0.940581,0.832808,0.179176,0.181024
0.745832,0.857197,0.160463,0.179176
0.855434,0.936550,0.126789,0.160463
0.729380,0.813631,0.078427,0.126789
0.780076,0.855766,0.052573,0.078427
0.677878,1.002418,0.056060,0.052573
0.770567,0.983919,0.065726,0.056060
0.861458,0.947052,0.060889,0.065726
0.883859,0.849308,0.054219,0.060889
0.714762,0.856246,0.056620,0.054219
0.764711,0.959752,0.063286,0.056620
0.893446,0.880838,0.068666,0.063286
0.728853,0.859432,0.069453,0.068666
0.730283,0.966993,0.067704,0.069453
0.927197,0.801393,0.064998,0.067704
0.745482,0.857951,0.063957,0.064998
0.744528,0.970497,0.065105,0.063957
0.930241,1.000753,0.069972,0.065105
0.932002,0.990327,0.079105,0.069972
0.921251,0.808899,0.092592,0.079105
0.730016,0.834275,0.107845,0.092592
0.726164,0.959047,0.129056,0.107845
0.894879,0.812063,0.159276,0.129056
0.711809,0.860197,0.181559,0.159276
0.837765,0.999482,0.193768,0.181559
0.756293,0.805794,0.188354,0.193768
0.853572,0.836160,0.166382,0.188354
0.748817,0.996705,0.129685,0.166382
0.818019,0.837684,0.079335,0.129685
0.745862,0.849350,0.054073,0.079335
0.701720,0.982174,0.057226,0.054073
0.875810,0.850147,0.063578,0.057226
0.707637,0.820468,0.057194,0.063578
0.721399,0.994268,0.048065,0.057194
0.912875,0.800042,0.050253,0.048065
0.728689,0.836634,0.059389,0.050253
0.733235,0.995106,0.061342,0.059389
0.960215,0.814997,0.057712,0.061342
0.815063,0.839117,0.099734,0.057712
0.987265,0.908234,0.133345,0.099734
0.808973,0.692301,0.147337,0.133345
0.778300,0.676079,0.148149,0.147337
0.605399,0.721667,0.144066,0.148149
0.597789,0.550566,0.137398,0.144066
0.474102,0.500597,0.132624,0.137398
0.399440,0.524491,0.129795,0.132624
0.442227,0.414769,0.130173,0.129795
0.326082,0.417358,0.134125,0.130173
0.305159,0.415537,0.141511,0.134125
0.345984,0.287345,0.154280,0.141511
0.259086,0.335283,0.167997,0.154280
0.291637,0.301707,0.187792,0.167997
0.262707,0.238380,0.210249,0.187792
0.196137,0.258675,0.228288,0.210249
0.236261,0.205090,0.239263,0.228288
0.173040,0.146376,0.236160,0.239263
0.158503,0.168296,0.222471,0.236160
0.188358,0.138964,0.201696,0.222471
0.137540,0.094264,0.187449,0.201696
0.145356,0.095144,0.177746,0.187449
0.129947,0.080621,0.173796,0.177746
0.095677,0.081076,0.175649,0.173796
0.088809,0.055962,0.179523,0.175649
0.089876,0.053949,0.184120,0.179523
0.072473,0.055902,0.186682,0.184120
0.068296,0.042996,0.187719,0.186682
0.085898,0.030788,0.187370,0.187719
0.066520,0.053837,0.186230,0.187370
0.063628,0.035993,0.184936,0.186230
0.060434,0.040496,0.183693,0.184936
0.037416,0.051834,0.183133,0.183693
0.030914,0.039665,0.182898,0.183133
0.036080,0.024062,0.183030,0.182898
0.030781,0.045670,0.183301,0.183030
0.039869,0.023693,0.183780,0.183301
0.037299,0.008573,0.184470,0.183780
0.034362,0.040009,0.184928,0.184470
0.024760,0.027306,0.185093,0.184928
0.023403,0.017464,0.184330,0.185093
0.023099,0.028333,0.183906,0.184330
0.032229,0.023426,0.183717,0.183906
0.000000,0.000000,0.000000,0.000000
0.000000,0.036657,2.025527,0.000000
0.000000,0.015835,2.017204,2.025527
0.024694,0.044592,2.005001,2.017204
0.030747,0.057470,2.002220,2.005001
0.025569,0.058732,2.007112,2.002220
0.000000,0.014950,2.015121,2.007112
0.000000,0.032415,2.013981,2.015121
0.000000,0.016680,2.013047,2.013981
0.000000,0.016678,2.010725,2.013047
0.000000,0.039852,2.008037,2.010725
0.000000,0.049498,2.005491,2.008037
0.000000,0.022036,2.003274,2.005491
0.000000,0.049736,2.001608,2.003274
0.000000,0.020772,2.000633,2.001608
0.000000,0.022998,1.999799,2.000633
0.028821,0.027630,1.991199,1.999799
0.042293,0.023777,1.990494,1.991199
0.039514,0.038309,1.989719,1.990494
0.041246,0.038684,1.989052,1.989719
0.064662,0.044305,1.989835,1.989052
0.067841,0.011102,1.992296,1.989835
0.080298,0.060039,1.995773,1.992296
0.122402,0.033864,2.000155,1.995773
0.103730,0.017021,2.003383,2.000155
0.116274,0.055492,2.006117,2.003383
0.113572,0.035785,2.008966,2.006117
0.086216,0.038886,2.010231,2.008966
0.080889,0.031048,2.010190,2.010231
0.080980,0.030627,2.008137,2.010190
0.056614,0.035476,2.005723,2.008137
0.047195,0.030091,2.002984,2.005723
0.047780,0.046201,1.999961,2.002984
0.048136,0.074377,1.998025,1.999961
0.035465,0.004964,1.997110,1.998025
0.085844,0.009836,1.997635,1.997110
0.054862,0.025688,1.997883,1.997635
0.056313,0.017967,1.995360,1.997883
0.125850,0.024104,1.982773,1.995360
0.154837,0.036587,1.956438,1.982773
0.148191,0.108580,1.915068,1.956438
0.071685,0.150269,1.840781,1.915068
0.084908,0.226613,1.750653,1.840781
0.233831,0.405502,1.645653,1.750653
0.357185,0.384873,1.537567,1.645653
0.344334,0.483385,1.463912,1.537567
0.307841,0.703883,1.393013,1.463912
0.505138,0.620622,1.290569,1.393013
0.454446,0.711266,1.172860,1.290569
0.562780,0.876541,1.026911,1.172860
0.757352,0.795748,0.839228,1.026911
0.669756,0.971811,0.690403,0.839228
1.203720,0.954069,0.534031,0.690403
1.203077,0.815247,0.405693,0.534031
0.891643,0.922687,0.316404,0.405693
1.013158,0.784840,0.234601,0.316404
0.768408,0.774008,0.184385,0.234601
0.852862,0.929346,0.146452,0.184385
0.730530,0.764884,0.115173,0.146452
0.789193,0.926347,0.098606,0.115173
0.821126,0.940684,0.088198,0.098606
0.706946,0.816394,0.086193,0.088198
0.805678,0.952792,0.086655,0.086193
0.884536,0.800096,0.084368,0.086655
0.758692,0.815819,0.078771,0.084368
0.847429,0.970331,0.071707,0.078771
1.013488,0.805392,0.066311,0.071707
0.814050,0.863446,0.065753,0.066311
0.808997,1.011492,0.071178,0.065753
0.978283,0.805362,0.080940,0.071178
0.775720,0.823732,0.084402,0.080940
0.776569,1.002196,0.078221,0.084402
0.972208,0.938994,0.064391,0.078221
0.773025,0.918565,0.058710,0.064391
0.770714,1.067378,0.059024,0.058710
0.974998,0.937002,0.057619,0.059024
0.786768,0.927200,0.053541,0.057619
0.949947,1.095579,0.049637,0.053541
1.022421,0.900587,0.048452,0.049637
0.807400,0.952469,0.049443,0.048452
0.861530,1.048609,0.050914,0.049443
1.007458,0.893784,0.051944,0.050914
0.792458,0.935409,0.052925,0.051944
0.780639,1.042061,0.054426,0.052925
0.953755,0.857167,0.057281,0.054426
0.755412,0.884803,0.060853,0.057281
0.737209,1.002937,0.065606,0.060853
0.916234,0.832198,0.072398,0.065606
0.726637,0.872043,0.079697,0.072398
0.725595,0.996076,0.088776,0.079697
0.906824,0.837475,0.101982,0.088776
0.730289,0.865126,0.116673,0.101982
0.861535,1.000144,0.137294,0.116673
0.909614,1.026177,0.168729,0.137294
0.923688,0.996913,0.198857,0.168729
0.772332,0.819451,0.214385,0.198857
0.868057,1.033316,0.210995,0.214385
0.910510,1.009950,0.185211,0.210995
0.743494,0.845724,0.138889,0.185211
0.821273,0.995261,0.091157,0.138889
0.869901,0.815683,0.054501,0.091157
0.706252,0.869064,0.059095,0.054501
0.776179,0.992629,0.069161,0.059095
0.919560,0.831932,0.064224,0.069161
0.724056,0.854145,0.053338,0.064224
0.728575,0.977878,0.049939,0.053338
0.891740,0.873542,0.057759,0.049939
0.714178,0.846696,0.065396,0.057759
0.715554,0.962980,0.069603,0.065396
0.894013,0.803580,0.070844,0.069603
0.717316,0.828742,0.070852,0.070844
0.717340,0.975007,0.071397,0.070852
0.897583,1.003680,0.073979,0.071397
0.897899,0.959762,0.079826,0.073979
0.886424,0.830794,0.089542,0.079826
0.700620,1.010892,0.101276,0.089542
0.877035,0.987737,0.121575,0.101276
0.869229,0.843130,0.149038,0.121575
0.704980,0.986561,0.172611,0.149038
0.938346,0.848889,0.189319,0.172611
0.739796,0.855957,0.187858,0.189319
0.884768,0.968681,0.169714,0.187858
0.916058,1.024657,0.129448,0.169714
0.899882,0.993205,0.077567,0.129448
0.718273,0.837909,0.048405,0.077567
0.763704,0.997911,0.055683,0.048405
0.823919,0.992829,0.063068,0.055683
0.726464,0.856485,0.055346,0.063068
0.848957,0.995793,0.049872,0.055346
0.883668,0.822013,0.055566,0.049872
0.696427,0.833182,0.063001,0.055566
0.745639,0.963937,0.067186,0.063001
0.898842,0.860913,0.066836,0.067186
0.736670,0.852434,0.064292,0.066836
0.740461,0.980269,0.061686,0.064292
0.927635,0.817638,0.060765,0.061686
0.740448,0.869016,0.062362,0.060765
0.738530,0.969284,0.067030,0.062362
0.918924,0.824239,0.076357,0.067030
0.732020,0.831862,0.088021,0.076357
0.724140,0.965296,0.104386,0.088021
0.888808,0.811779,0.131473,0.104386
0.701399,0.860130,0.159190,0.131473
0.818669,0.947130,0.184847,0.159190
0.860202,0.794248,0.201039,0.184847
0.696992,0.831549,0.197563,0.201039
0.753751,0.974555,0.176917,0.197563
0.853639,0.846011,0.133898,0.176917
0.673756,0.854243,0.089476,0.133898
0.670217,0.990455,0.055834,0.089476
0.836381,0.822542,0.056412,0.055834
0.677950,0.853412,0.065393,0.056412
0.689491,0.979473,0.062823,0.065393
0.892669,0.860070,0.051584,0.062823
0.735924,0.841773,0.049737,0.051584
0.747203,0.977400,0.056421,0.049737
0.931243,0.840639,0.056652,0.056421
0.767957,0.824754,0.055661,0.056652
0.830967,0.919105,0.102104,0.055661
1.299329,0.781450,0.140727,0.102104
0.771744,0.738151,0.151555,0.140727
0.658547,0.751065,0.151764,0.151555
0.690737,0.597976,0.145249,0.151764
0.488122,0.553636,0.138475,0.145249
0.436110,0.577900,0.132855,0.138475
0.470729,0.418335,0.130388,0.132855
0.348536,0.413035,0.132535,0.130388
0.323195,0.439520,0.138457,0.132535
0.367710,0.418766,0.149383,0.138457
0.338359,0.349589,0.164075,0.149383
0.306852,0.261504,0.181660,0.164075
0.228732,0.272109,0.198707,0.181660
0.248757,0.237434,0.217832,0.198707
0.201928,0.205169,0.237807,0.217832
0.211542,0.192467,0.245933,0.237807
0.175114,0.217911,0.242867,0.245933
0.186535,0.124849,0.227594,0.242867
0.153620,0.143547,0.211757,0.227594
0.160275,0.127592,0.195524,0.211757
0.144137,0.096367,0.187166,0.195524
0.119272,0.115748,0.185598,0.187166
0.124723,0.075840,0.188598,0.185598
0.091464,0.045964,0.192548,0.188598
0.086748,0.071723,0.196119,0.192548
0.106564,0.047507,0.198510,0.196119
0.096634,0.053674,0.198869,0.198510
0.089895,0.031880,0.197855,0.198869
0.068007,0.015240,0.196673,0.197855
0.060954,0.035865,0.195526,0.196673
0.063740,0.011953,0.194620,0.195526
0.040775,0.056538,0.194234,0.194620
0.034114,0.035111,0.194151,0.194234
0.031017,0.046767,0.194263,0.194151
0.027667,0.025010,0.194528,0.194263
0.034822,0.035207,0.194978,0.194528
0.031640,0.008238,0.195427,0.194978
0.036047,0.058628,0.195675,0.195427
0.033606,0.015887,0.195873,0.195675
0.034386,0.017075,0.195871,0.195873
0.032231,0.050141,0.195762,0.195871
0.036129,0.004598,0.195614,0.195762
0.000000,0.000000,0.000000,0.000000
0.000000,0.030201,2.025373,0.000000
0.017605,0.031279,1.993889,2.025373
0.029612,0.063632,1.969704,1.993889
0.027472,0.052663,1.971802,1.969704
0.020743,0.035058,1.980097,1.971802
0.000000,0.039897,1.983081,1.980097
0.000000,0.020496,1.979549,1.983081
0.000000,0.027286,1.977571,1.979549
0.000000,0.023910,1.976747,1.977571
0.000000,0.013460,1.976299,1.976747
0.000000,0.008870,1.976412,1.976299
0.000000,0.048852,1.976863,1.976412
0.000000,0.031269,1.977952,1.976863
0.027212,0.027130,1.966466,1.977952
0.025425,0.020335,1.964402,1.966466
0.029814,0.046730,1.963516,1.964402
0.034438,0.009855,1.963676,1.963516
0.040258,0.024100,1.967044,1.963676
0.054215,0.007134,1.969991,1.967044
0.067287,0.033996,1.971563,1.969991
0.068012,0.066530,1.972881,1.971563
0.092970,0.026819,1.974111,1.972881
0.082524,0.031098,1.974174,1.974111
0.088359,0.048428,1.974006,1.974174
0.111840,0.031903,1.974237,1.974006
0.086045,0.019340,1.976442,1.974237
0.070830,0.020279,1.979226,1.976442
0.072952,0.034961,1.981117,1.979226
0.049248,0.012493,1.980783,1.981117
0.047890,0.007887,1.978916,1.980783
0.040536,0.044648,1.975082,1.978916
0.057823,0.024557,1.971922,1.975082
0.045428,0.018243,1.969699,1.971922
0.065698,0.055055,1.968826,1.969699
0.209148,0.057282,1.942576,1.968826
0.214300,0.055781,1.909175,1.942576
0.122775,0.178190,1.850800,1.909175
0.039684,0.216941,1.738533,1.850800
0.169033,0.342821,1.621160,1.738533
0.327538,0.506430,1.510885,1.621160
0.477097,0.475063,1.411299,1.510885
0.478593,0.589911,1.343088,1.411299
0.478518,0.762691,1.269595,1.343088
0.516110,0.719467,1.149306,1.269595
0.572823,0.765059,1.016889,1.149306
0.477680,0.951452,0.861002,1.016889
0.602263,0.979551,0.680674,0.861002
0.980935,0.955366,0.518101,0.680674
1.121305,0.787428,0.387269,0.518101
0.856015,0.829924,0.299816,0.387269
0.833284,0.980530,0.229614,0.299816
0.936425,0.942745,0.167849,0.229614
0.877702,0.901401,0.123449,0.167849
0.805445,0.799723,0.098333,0.123449
0.713471,0.779367,0.089644,0.098333
0.671591,0.916461,0.087112,0.089644
0.856360,0.800205,0.086450,0.087112
0.700387,0.834556,0.084953,0.086450
0.730358,0.951510,0.081070,0.084953
0.957677,0.817759,0.074299,0.081070
0.794829,0.841627,0.069285,0.074299
0.804493,0.983758,0.065807,0.069285
1.015615,0.835328,0.067407,0.065807
0.796083,0.858863,0.074426,0.067407
0.962456,0.970667,0.081735,0.074426
0.860677,0.796842,0.082258,0.081735
0.948098,0.844827,0.072812,0.082258
0.836672,1.089977,0.061302,0.072812
0.941648,0.873880,0.058642,0.061302
0.849469,0.957317,0.060714,0.058642
0.802846,1.100846,0.059711,0.060714
0.992314,0.882435,0.055763,0.059711
0.785211,1.088524,0.053180,0.055763
0.978423,1.074360,0.052416,0.053180
0.978531,0.937211,0.052674,0.052416
0.790587,1.087159,0.052766,0.052674
0.979692,1.103240,0.051809,0.052766
0.975834,1.094456,0.050571,0.051809
0.973167,0.848210,0.050027,0.050571
0.768977,0.892920,0.050556,0.050027
0.751802,1.005407,0.052803,0.050556
0.923459,0.874894,0.057686,0.052803
0.735675,0.853470,0.063763,0.057686
0.730688,1.000129,0.071743,0.063763
0.906700,0.868685,0.083522,0.071743
0.721092,0.856441,0.096475,0.083522
0.855378,0.974489,0.114253,0.096475
0.768690,0.838145,0.141752,0.114253
0.857175,0.831336,0.164833,0.141752
0.768390,0.970182,0.180763,0.164833
0.863647,0.841634,0.182005,0.180763
0.769422,0.848843,0.166232,0.182005
0.717137,1.010228,0.134953,0.166232
0.890518,0.826579,0.087150,0.134953
0.713297,0.841110,0.057742,0.087150
0.698414,1.003655,0.056839,0.057742
0.868781,0.843319,0.065968,0.056839
0.699208,1.003388,0.062813,0.065968
0.902109,0.993608,0.053688,0.062813
0.926136,0.851888,0.055466,0.053688
0.748821,0.992189,0.062792,0.055466
0.921037,0.824224,0.069500,0.062792
0.725383,0.824732,0.071490,0.069500
0.721557,0.950129,0.071146,0.071490
0.898318,0.840960,0.069597,0.071146
0.719288,0.838753,0.069060,0.069597
0.856557,1.016700,0.069696,0.069060
0.900758,0.833949,0.072303,0.069696
0.730484,0.843282,0.076629,0.072303
0.786601,1.006895,0.084116,0.076629
0.940690,0.794410,0.098091,0.084116
0.754912,0.812433,0.115722,0.098091
0.766753,0.964257,0.140209,0.115722
0.968738,0.801698,0.169532,0.140209
0.765393,0.844908,0.185915,0.169532
0.738717,1.010958,0.188422,0.185915
0.915561,0.857804,0.169798,0.188422
0.722998,0.816952,0.138141,0.169798
0.705948,0.981071,0.096063,0.138141
0.860168,0.829572,0.057784,0.096063
0.679392,0.872173,0.056090,0.057784
0.808230,0.975901,0.065028,0.056090
0.870612,0.798013,0.063349,0.065028
0.705998,0.847150,0.054954,0.063349
0.750651,1.002386,0.051488,0.054954
0.888348,0.842321,0.057554,0.051488
0.714482,0.853322,0.064092,0.057554
0.723965,0.997439,0.067711,0.064092
0.921992,0.832911,0.067383,0.067711
0.739166,0.820581,0.065255,0.067383
0.738448,1.002594,0.063463,0.065255
0.928336,0.808653,0.063902,0.063463
0.742312,0.850623,0.066650,0.063902
0.740582,0.979983,0.072339,0.066650
0.921243,0.818613,0.082825,0.072339
0.732364,0.840069,0.095315,0.082825
0.858772,1.010631,0.112922,0.095315
0.893589,0.821895,0.141770,0.112922
0.707189,0.816378,0.168214,0.141770
0.739339,0.966468,0.189128,0.168214
0.862210,0.838139,0.196770,0.189128
0.702694,0.846065,0.185732,0.196770
0.711900,0.993310,0.158061,0.185732
0.845797,0.820773,0.109755,0.158061
0.682051,0.801396,0.069131,0.109755
0.703555,0.989916,0.052694,0.069131
0.864470,0.802491,0.062393,0.052694
0.691754,0.835242,0.064388,0.062393
0.702139,0.966177,0.056954,0.064388
0.897900,0.820242,0.051441,0.056954
0.727573,0.851942,0.056345,0.051441
0.856848,0.978165,0.064536,0.056345
0.914505,0.839260,0.054438,0.064536
0.775673,0.836815,0.059998,0.054438
0.911863,0.955781,0.110584,0.059998
1.037583,0.737980,0.143930,0.110584
0.735717,0.702048,0.152426,0.143930
0.637928,0.762582,0.151936,0.152426
0.677925,0.571498,0.145690,0.151936
0.479164,0.554366,0.139290,0.145690
0.431128,0.599388,0.134176,0.139290
0.475888,0.542551,0.132287,0.134176
0.429699,0.471334,0.136236,0.132287
0.393598,0.356402,0.145604,0.136236
0.292942,0.402944,0.157134,0.145604
0.329907,0.304598,0.174935,0.157134
0.299387,0.266323,0.195796,0.174935
0.218433,0.284836,0.215954,0.195796
0.239600,0.204038,0.239221,0.215954
0.175716,0.153183,0.251740,0.239221
0.163817,0.185856,0.253223,0.251740
0.195046,0.159571,0.238171,0.253223
0.149591,0.143695,0.218880,0.238171
0.167149,0.126923,0.200159,0.218880
0.156645,0.102348,0.185563,0.200159
0.118761,0.097365,0.180815,0.185563
0.113419,0.085811,0.181704,0.180815
0.121317,0.056985,0.187056,0.181704
0.091658,0.031901,0.192067,0.187056
0.086900,0.054036,0.195985,0.192067
0.100133,0.042427,0.198109,0.195985
0.078607,0.048333,0.198078,0.198109
0.068219,0.040831,0.197049,0.198078
0.081949,0.055269,0.195343,0.197049
0.055920,0.043033,0.194139,0.195343
0.053164,0.054759,0.193379,0.194139
0.058895,0.023066,0.193180,0.193379
0.041140,0.042620,0.193297,0.193180
0.047348,0.035152,0.193529,0.193297
0.041354,0.012186,0.193890,0.193529
0.034843,0.034962,0.194201,0.193890
0.031997,0.006180,0.194415,0.194201
0.028831,0.031327,0.194677,0.194415
0.025740,0.015142,0.194801,0.194677
0.000000,0.029346,0.195338,0.194801
0.000000,0.033109,0.195576,0.195338
0.000000,0.007297,0.194568,0.195576
0.000000,0.000000,0.000000,0.000000
0.000000,0.056024,2.029314,0.000000
0.025784,0.051650,2.027931,2.029314
0.025940,0.017999,2.037279,2.027931
0.030139,0.028943,2.049965,2.037279
0.016531,0.020056,2.058880,2.049965
0.000000,0.045901,2.066002,2.058880
0.000000,0.015636,2.067622,2.066002
0.000000,0.041531,2.066053,2.067622
0.000000,0.018353,2.065155,2.066053
0.000000,0.035428,2.064740,2.065155
0.000000,0.039792,2.064605,2.064740
0.000000,0.013532,2.065086,2.064605
0.031614,0.027903,2.056853,2.065086
0.037779,0.028097,2.056654,2.056853
0.044098,0.052568,2.056645,2.056654
0.052412,0.039917,2.056076,2.056645
0.069730,0.028568,2.055199,2.056076
0.068854,0.020228,2.055780,2.055199
0.068742,0.046320,2.057495,2.055780
0.089672,0.034954,2.059349,2.057495
0.072794,0.037470,2.060267,2.059349
0.081810,0.022088,2.060427,2.060267
0.098993,0.019224,2.060989,2.060427
0.071221,0.054136,2.062931,2.060989
0.079373,0.058199,2.065720,2.062931
0.072497,0.044627,2.066519,2.065720
0.051489,0.027058,2.065381,2.066519
0.088319,0.012573,2.062023,2.065381
0.089891,0.053196,2.058431,2.062023
0.062169,0.032371,2.055857,2.058431
0.080820,0.040952,2.054492,2.055857
0.078633,0.020728,2.051556,2.054492
0.113005,0.010471,2.043569,2.051556
0.196637,0.063474,2.022316,2.043569
0.138955,0.080662,1.985129,2.022316
0.079178,0.173139,1.900260,1.985129
0.127194,0.313973,1.771851,1.900260
0.369450,0.446823,1.635518,1.771851
0.402428,0.473350,1.530417,1.635518
0.466575,0.638052,1.462156,1.530417
0.510538,0.581601,1.383468,1.462156
0.469504,0.701300,1.291935,1.383468
0.563563,0.870434,1.168088,1.291935
0.812007,0.770532,0.993559,1.168088
0.550110,0.815746,0.837238,0.993559
0.586596,0.985879,0.685540,0.837238
1.108775,0.795403,0.527934,0.685540
0.915128,0.829696,0.417149,0.527934
0.859519,0.938698,0.325553,0.417149
1.015607,0.968720,0.243124,0.325553
0.937516,0.905229,0.179003,0.243124
0.882646,0.781554,0.133527,0.179003
0.685460,0.827228,0.107866,0.133527
0.667048,0.923088,0.093038,0.107866
0.835560,0.771177,0.086666,0.093038
0.674228,0.842144,0.086045,0.086666
0.687556,0.960965,0.087272,0.086045
0.885726,0.815007,0.085450,0.087272
0.743259,0.843416,0.081717,0.085450
0.932261,0.959318,0.077663,0.081717
1.001395,0.812112,0.074473,0.077663
0.803289,0.811074,0.076913,0.074473
0.848126,1.000128,0.084499,0.076913
1.014939,0.819182,0.092367,0.084499
0.810971,0.834614,0.091235,0.092367
0.806099,1.047975,0.080100,0.091235
0.991918,0.919945,0.063609,0.080100
0.785262,0.935481,0.059302,0.063609
0.805964,1.098597,0.060332,0.059302
1.018300,0.909137,0.057097,0.060332
0.817166,0.943519,0.050660,0.057097
0.811673,1.128454,0.045018,0.050660
0.996100,0.873229,0.043898,0.045018
0.787363,0.912837,0.045999,0.043898
0.945312,1.077109,0.048630,0.045999
0.988479,0.870839,0.050605,0.048630
0.780215,0.866188,0.051525,0.050605
0.813559,1.039518,0.052708,0.051525
0.933669,0.884198,0.055409,0.052708
0.738513,0.882836,0.058950,0.055409
0.735061,1.056718,0.063694,0.058950
0.906023,0.824295,0.070639,0.063694
0.727819,0.877905,0.077851,0.070639
0.725287,1.011680,0.087101,0.077851
0.913419,0.829733,0.101507,0.087101
0.732057,0.851502,0.118052,0.101507
0.735242,0.990968,0.141244,0.118052
0.925855,0.816093,0.172657,0.141244
0.726584,0.859724,0.194469,0.172657
0.859128,0.993297,0.205237,0.194469
0.904075,0.827734,0.197776,0.205237
0.710547,0.823028,0.174233,0.197776
0.737845,0.981361,0.136092,0.174233
0.830491,0.839262,0.084381,0.136092
0.659973,0.860165,0.058668,0.084381
0.651204,1.007716,0.063467,0.058668
0.833123,0.803301,0.073302,0.063467
0.693344,0.841016,0.069094,0.073302
0.715850,0.990380,0.059651,0.069094
0.927699,0.794880,0.058484,0.059651
0.744012,0.850526,0.065351,0.058484
0.721091,1.008638,0.071514,0.065351
0.909641,0.813557,0.073797,0.071514
0.730169,0.874092,0.072594,0.073797
0.863858,0.964177,0.070547,0.072594
0.903265,0.830871,0.069113,0.070547
0.723164,0.861993,0.069912,0.069113
0.769036,0.965425,0.073182,0.069912
0.917633,0.797596,0.080221,0.073182
0.738603,0.851232,0.089473,0.080221
0.739278,1.001302,0.102837,0.089473
0.880098,0.838448,0.125247,0.102837
0.681542,0.836811,0.148419,0.125247
0.673208,0.983416,0.169363,0.148419
0.876995,0.840576,0.180348,0.169363
0.725115,0.875207,0.172820,0.180348
0.738876,0.981698,0.148845,0.172820
0.969805,0.836076,0.104055,0.148845
0.807689,0.851874,0.064945,0.104055
0.978968,1.009024,0.047647,0.064945
1.012463,0.968940,0.056239,0.047647
0.969600,0.964280,0.056179,0.056239
0.786133,0.826595,0.045559,0.056179
0.844054,1.000397,0.045351,0.045559
0.856115,0.974137,0.057726,0.045351
0.715918,0.829593,0.068421,0.057726
0.809005,0.989450,0.072496,0.068421
0.883715,0.818633,0.072690,0.072496
0.719364,0.830002,0.071067,0.072690
0.772604,1.017524,0.069450,0.071067
0.919033,0.860179,0.068667,0.069450
0.746592,0.821816,0.069745,0.068667
0.748289,0.982542,0.073973,0.069745
0.933003,0.970679,0.084092,0.073973
0.921260,1.013025,0.100744,0.084092
0.914889,0.800841,0.124931,0.100744
0.725166,0.803348,0.152327,0.124931
0.718967,1.006703,0.182013,0.152327
0.891763,0.814081,0.207757,0.182013
0.713171,0.839921,0.214596,0.207757
0.711605,0.999653,0.204575,0.214596
0.885367,0.849441,0.171587,0.204575
0.673222,0.842161,0.129934,0.171587
0.804790,0.936598,0.083287,0.129934
0.718110,0.833532,0.053896,0.083287
0.816440,0.849369,0.061366,0.053896
0.730108,0.987743,0.069220,0.061366
0.832024,0.827276,0.062971,0.069220
0.766226,0.798588,0.053858,0.062971
0.739265,0.996229,0.054409,0.053858
0.931435,0.835381,0.062501,0.054409
0.754177,0.860310,0.053424,0.062501
0.803248,0.980527,0.077513,0.053424
1.085641,0.769830,0.128967,0.077513
0.812865,0.741731,0.147468,0.128967
0.722264,0.810752,0.152533,0.147468
0.764108,0.630222,0.149779,0.152533
0.542049,0.603629,0.144248,0.149779
0.562395,0.593031,0.138162,0.144248
0.442107,0.503504,0.133447,0.138162
0.437621,0.440981,0.133082,0.133447
0.350204,0.461618,0.136554,0.133082
0.368235,0.344768,0.144991,0.136554
0.305311,0.350020,0.155159,0.144991
0.268571,0.345919,0.168285,0.155159
0.302917,0.242357,0.186807,0.168285
0.215550,0.195966,0.205072,0.186807
0.199599,0.252853,0.225423,0.205072
0.233025,0.181053,0.243668,0.225423
0.175238,0.168566,0.248476,0.243668
0.162157,0.165693,0.240793,0.248476
0.194990,0.166650,0.218922,0.240793
0.148646,0.131559,0.199630,0.218922
0.160889,0.138440,0.184700,0.199630
0.126167,0.091148,0.176140,0.184700
0.126278,0.098122,0.176047,0.176140
0.122871,0.064260,0.180868,0.176047
0.098511,0.071375,0.186822,0.180868
0.096951,0.048929,0.190917,0.186822
0.097849,0.072295,0.193406,0.190917
0.069846,0.035325,0.193589,0.193406
0.054757,0.032266,0.192511,0.193589
0.055434,0.038693,0.190568,0.192511
0.045329,0.051699,0.189046,0.190568
0.043482,0.058458,0.188054,0.189046
0.058921,0.023729,0.187895,0.188054
0.045736,0.049181,0.188353,0.187895
0.042414,0.038902,0.188929,0.188353
0.041723,0.033269,0.189610,0.188929
0.029057,0.022595,0.190003,0.189610
0.025649,0.025422,0.190127,0.190003
0.031774,0.019482,0.190008,0.190127
0.000000,0.011295,0.190019,0.190008
0.000000,0.001562,0.190076,0.190019
0.000000,0.017828,0.190155,0.190076
0.000000,0.013712,0.190138,0.190155
0.000000,0.031950,0.190472,0.190138
0.000000,0.000000,0.000000,0.000000
0.000000,0.047372,2.026342,0.000000
0.000000,0.023271,2.018496,2.026342
0.029930,0.037895,1.996686,2.018496
0.024775,0.043997,1.981754,1.996686
0.019223,0.060968,1.979279,1.981754
0.016631,0.017212,2.000319,1.979279
0.000000,0.054314,1.996897,2.000319
0.000000,0.016754,1.993391,1.996897
0.000000,0.019152,1.991402,1.993391
0.000000,0.023179,1.989886,1.991402
0.021041,0.011870,1.989269,1.989886
0.016730,0.035326,1.989262,1.989269
0.000000,0.027293,1.989247,1.989262
0.000000,0.029934,1.987969,1.989247
0.000000,0.014004,1.980391,1.987969
0.031575,0.031372,1.977386,1.980391
0.056436,0.015436,1.978936,1.977386
0.053685,0.026000,1.981012,1.978936
0.046883,0.042197,1.983620,1.981012
0.062739,0.034426,1.986851,1.983620
0.054226,0.041855,1.989110,1.986851
0.077386,0.037467,1.990878,1.989110
0.096077,0.019286,1.991993,1.990878
0.086776,0.037666,1.992289,1.991993
0.090780,0.032652,1.991843,1.992289
0.106655,0.025880,1.991503,1.991843
0.062928,0.016718,1.992834,1.991503
0.064092,0.009913,1.992151,1.992834
0.034278,0.027449,1.989725,1.992151
0.029664,0.026572,1.985782,1.989725
0.053044,0.038982,1.981821,1.985782
0.046474,0.033262,1.980139,1.981821
0.156807,0.005168,1.972310,1.980139
0.183818,0.042980,1.941689,1.972310
0.150172,0.088264,1.897893,1.941689
0.110008,0.240107,1.832302,1.897893
0.110857,0.241487,1.723492,1.832302
0.240932,0.352589,1.621159,1.723492
0.346827,0.494514,1.526757,1.621159
0.462230,0.480436,1.435326,1.526757
0.421547,0.563838,1.365356,1.435326
0.447810,0.770823,1.280325,1.365356
0.658999,0.700491,1.143976,1.280325
0.686939,0.786542,1.003539,1.143976
0.507177,0.956662,0.845802,1.003539
0.639640,0.784935,0.671390,0.845802
0.766949,0.783057,0.544052,0.671390
1.062450,0.932404,0.430080,0.544052
1.086491,0.771870,0.320811,0.430080
0.821336,0.962704,0.248995,0.320811
0.966586,0.951264,0.183509,0.248995
0.903451,0.796226,0.141045,0.183509
0.730066,0.941041,0.116478,0.141045
0.798657,0.772069,0.097508,0.116478
0.705570,0.792423,0.087571,0.097508
0.665580,0.937099,0.083121,0.087571
0.853356,0.778944,0.082760,0.083121
0.709687,0.848144,0.082869,0.082760
0.756444,0.941919,0.080923,0.082869
1.018099,0.820778,0.077448,0.080923
0.802786,0.854285,0.074551,0.077448
0.810971,0.982100,0.075256,0.074551
0.991713,0.805566,0.084735,0.075256
0.793962,0.840283,0.094648,0.084735
0.944156,0.992915,0.099785,0.094648
0.848563,0.807421,0.091794,0.099785
0.936450,0.888576,0.074932,0.091794
0.832583,1.096956,0.061164,0.074932
0.935506,0.896477,0.061648,0.061164
0.871173,0.943503,0.064777,0.061648
0.807631,1.070195,0.062935,0.064777
0.999955,0.930023,0.056793,0.062935
0.802970,0.906292,0.053094,0.056793
0.806736,1.088856,0.052025,0.053094
1.001180,0.877189,0.051720,0.052025
0.799216,1.101617,0.051122,0.051720
0.998153,1.086968,0.050208,0.051122
0.982088,0.933519,0.049893,0.050208
0.774694,1.031447,0.051023,0.049893
0.950862,1.024890,0.054653,0.051023
0.937535,1.058993,0.061046,0.054653
0.924899,0.860307,0.069522,0.061046
0.736717,0.884162,0.078163,0.069522
0.734546,1.012221,0.088860,0.078163
0.914715,0.836560,0.105070,0.088860
0.725646,0.867573,0.123507,0.105070
0.868325,0.998968,0.149098,0.123507
0.792331,0.819478,0.183856,0.149098
0.882892,0.868221,0.208399,0.183856
0.783547,0.995287,0.221985,0.208399
0.862575,0.839978,0.217378,0.221985
0.774206,0.837765,0.195739,0.217378
0.719471,0.969587,0.158909,0.195739
0.899595,0.831592,0.103761,0.158909
0.702111,0.835264,0.063651,0.103761
0.694977,1.002125,0.055497,0.063651
0.891451,0.806315,0.069564,0.055497
0.711586,0.843315,0.070730,0.069564
0.712727,0.991255,0.061187,0.070730
0.900262,0.787231,0.054346,0.061187
0.727826,1.011240,0.059704,0.054346
0.924966,0.998962,0.069506,0.059704
0.914140,0.869160,0.073957,0.069506
0.724085,0.941856,0.073570,0.073957
0.907316,0.844349,0.071200,0.073570
0.723291,0.874446,0.070042,0.071200
0.855808,1.008352,0.070427,0.070042
0.913481,0.782909,0.073431,0.070427
0.742960,0.844519,0.078602,0.073431
0.784967,0.967422,0.087086,0.078602
0.926307,0.828055,0.102999,0.087086
0.757911,0.807257,0.123066,0.102999
0.753857,1.027164,0.146398,0.123066
0.958348,0.836036,0.166776,0.146398
0.755232,0.853827,0.170711,0.166776
0.745918,0.986450,0.158673,0.170711
0.925963,0.957891,0.124909,0.158673
0.932203,1.018623,0.078839,0.124909
0.906510,0.822735,0.054443,0.078839
0.730006,1.012120,0.061339,0.054443
0.958769,0.976438,0.066894,0.061339
0.919201,0.867446,0.057711,0.066894
0.737456,0.978620,0.051350,0.057711
0.969650,0.994105,0.055275,0.051350
0.953359,0.981398,0.062854,0.055275
0.926518,0.818154,0.066707,0.062854
0.732388,0.852058,0.067302,0.066707
0.729459,0.997168,0.066741,0.067302
0.919134,0.830504,0.066314,0.066741
0.739014,0.848385,0.067459,0.066314
0.878069,0.982885,0.070085,0.067459
0.786418,0.817956,0.075709,0.070085
0.877031,0.838816,0.083060,0.075709
0.783888,1.017579,0.093499,0.083060
0.869932,0.811501,0.110630,0.093499
0.774121,0.816628,0.131357,0.110630
0.724107,0.976098,0.158541,0.131357
0.888378,0.835615,0.188872,0.158541
0.701525,0.857255,0.204188,0.188872
0.703353,0.928051,0.204600,0.204188
0.892221,0.829435,0.183421,0.204600
0.702079,0.838023,0.149464,0.183421
0.670718,0.996293,0.104668,0.149464
0.858272,0.825727,0.060642,0.104668
0.693079,0.861285,0.055557,0.060642
0.813983,0.979391,0.065299,0.055557
0.738754,0.831580,0.064719,0.065299
0.850627,0.854867,0.054841,0.064719
0.780207,0.978998,0.049202,0.054841
0.880168,0.833674,0.055635,0.049202
0.786410,0.844333,0.058352,0.055635
0.770071,0.987175,0.052231,0.058352
1.056589,0.798427,0.100074,0.052231
0.867371,0.787880,0.134851,0.100074
0.790555,0.850585,0.149847,0.134851
0.829070,0.809593,0.153001,0.149847
0.710460,0.727808,0.148242,0.153001
0.617519,0.535070,0.141044,0.148242
0.440724,0.463384,0.136015,0.141044
0.399581,0.540563,0.133176,0.136015
0.440513,0.382667,0.133361,0.133176
0.325339,0.349624,0.136602,0.133361
0.299476,0.398995,0.142713,0.136602
0.342888,0.315617,0.153224,0.142713
0.255022,0.309687,0.164709,0.153224
0.275504,0.298405,0.178738,0.164709
0.268996,0.228214,0.198030,0.178738
0.201384,0.200506,0.212676,0.198030
0.199148,0.197088,0.220035,0.212676
0.212471,0.144947,0.214762,0.220035
0.165205,0.172045,0.202395,0.214762
0.148928,0.118533,0.187634,0.202395
0.159742,0.108565,0.173250,0.187634
0.114574,0.095610,0.165791,0.173250
0.104066,0.099716,0.163228,0.165791
0.113089,0.068585,0.165108,0.163228
0.087958,0.080363,0.168276,0.165108
0.082835,0.070512,0.171398,0.168276
0.094620,0.031254,0.173663,0.171398
0.069698,0.032776,0.174161,0.173663
0.079786,0.051990,0.173622,0.174161
0.076937,0.032849,0.172430,0.173622
0.050879,0.045840,0.171417,0.172430
0.045447,0.048161,0.170551,0.171417
0.046106,0.019885,0.169941,0.170551
0.028360,0.027368,0.169888,0.169941
0.033130,0.012245,0.170212,0.169888
0.048035,0.030625,0.170776,0.170212
0.041113,0.033891,0.171249,0.170776
0.041586,0.014824,0.171698,0.171249
0.049048,0.024138,0.172047,0.171698
0.039935,0.051443,0.172057,0.172047
0.000000,0.035076,0.171641,0.172057
0.000000,0.040693,0.171534,0.171641
0.000000,0.011715,0.171475,0.171534
0.000000,0.009198,0.171936,0.171475
0.000000,0.022132,0.172033,0.171936
0.000000,0.020990,0.171941,0.172033
0.000000,0.000000,0.000000,0.000000
0.000000,0.018963,2.028983,0.000000
0.000000,0.026149,2.025035,2.028983
0.024202,0.037269,2.017058,2.025035
0.034112,0.045574,2.016029,2.017058
0.027536,0.032986,2.016126,2.016029
0.000000,0.040699,2.023984,2.016126
0.000000,0.007843,2.031020,2.023984
0.000000,0.035064,2.028442,2.031020
0.000000,0.048466,2.026577,2.028442
0.000000,0.008210,2.024590,2.026577
0.000000,0.007578,2.023246,2.024590
0.000000,0.022098,2.022481,2.023246
0.000000,0.050749,2.022280,2.022481
0.000000,0.012317,2.021730,2.022280
0.061557,0.037043,2.012696,2.021730
0.072459,0.023664,2.016625,2.012696
0.050024,0.057711,2.019055,2.016625
0.048849,0.028522,2.020298,2.019055
0.039037,0.014419,2.020846,2.020298
0.022208,0.015624,2.021414,2.020846
0.038602,0.043105,2.021872,2.021414
0.043129,0.032154,2.022056,2.021872
0.048579,0.036342,2.022196,2.022056
0.072587,0.023066,2.022323,2.022196
0.063875,0.025484,2.022104,2.022323
0.072014,0.046050,2.021447,2.022104
0.065052,0.057034,2.021024,2.021447
0.059787,0.009276,2.021132,2.021024
0.121743,0.018794,2.000252,2.021132
0.153014,0.037564,1.971548,2.000252
0.153939,0.133562,1.919063,1.971548
0.061708,0.135930,1.851078,1.919063
0.106127,0.299218,1.752772,1.851078
0.304005,0.344947,1.622165,1.752772
0.394018,0.447246,1.528389,1.622165
0.470221,0.596023,1.452667,1.528389
0.494427,0.562543,1.373937,1.452667
0.504168,0.658606,1.292321,1.373937
0.513887,0.900076,1.179153,1.292321
0.647189,0.743727,1.015085,1.179153
0.483363,0.822492,0.861258,1.015085
0.439982,0.944016,0.707629,0.861258
0.993449,0.827112,0.546382,0.707629
0.882920,0.811637,0.430336,0.546382
0.854109,0.954729,0.333498,0.430336
1.010232,0.772133,0.247750,0.333498
0.768194,0.815447,0.195601,0.247750
0.739690,0.933230,0.155324,0.195601
0.876708,0.750874,0.120209,0.155324
0.683816,0.836038,0.099269,0.120209
0.798863,0.953765,0.086370,0.099269
0.702371,0.783794,0.081143,0.086370
0.798184,0.835390,0.081859,0.081143
0.737740,0.929587,0.083016,0.081859
0.885186,0.788930,0.081152,0.083016
0.830792,0.828540,0.077740,0.081152
0.797990,1.000190,0.074173,0.077740
1.014443,0.808137,0.074877,0.074173
0.806636,0.806881,0.083417,0.074877
0.806218,0.996612,0.096020,0.083417
1.000558,0.829420,0.106267,0.096020
0.793303,0.829006,0.103705,0.106267
0.797205,1.066237,0.088126,0.103705
1.004673,0.906861,0.065218,0.088126
0.806160,0.935244,0.058147,0.065218
0.951385,1.107788,0.060578,0.058147
0.854488,0.896453,0.059944,0.060578
0.961840,0.914013,0.055430,0.059944
0.846921,1.109375,0.052077,0.055430
0.940625,0.897478,0.052494,0.052077
0.835523,0.914584,0.054620,0.052494
0.786497,1.090945,0.056600,0.054620
0.979755,0.874877,0.057768,0.056600
0.778308,0.897088,0.058221,0.057768
0.772279,1.092502,0.059280,0.058221
0.951589,0.845325,0.061610,0.059280
0.743887,0.878493,0.064703,0.061610
0.740053,1.046359,0.069016,0.064703
0.917629,0.857063,0.076100,0.069016
0.733656,0.857487,0.084362,0.076100
0.871851,1.004502,0.095242,0.084362
0.776350,0.862022,0.112588,0.095242
0.878479,0.868576,0.132712,0.112588
0.788821,0.986330,0.159255,0.132712
0.853061,0.805791,0.189871,0.159255
0.753381,0.883338,0.206545,0.189871
0.721933,0.981017,0.209284,0.206545
0.897861,0.805350,0.191515,0.209284
0.704352,0.846647,0.160203,0.191515
0.695459,0.955473,0.116478,0.160203
0.875412,0.824340,0.067180,0.116478
0.686026,0.857974,0.054521,0.067180
0.663375,0.984043,0.065137,0.054521
0.846245,0.808966,0.069703,0.065137
0.701966,0.847246,0.061933,0.069703
0.865807,0.981847,0.054571,0.061933
0.793446,0.818719,0.057627,0.054571
0.866937,0.852920,0.064430,0.057627
0.768331,0.977808,0.069089,0.064430
0.848550,0.848839,0.069970,0.069089
0.761767,1.037132,0.068280,0.069970
0.900022,0.968836,0.066234,0.068280
0.854797,0.832078,0.066293,0.066234
0.762823,0.976526,0.068837,0.066293
0.902271,0.788819,0.075603,0.068837
0.726699,0.868244,0.084591,0.075603
0.742070,1.020159,0.097041,0.084591
0.907602,0.788145,0.117637,0.097041
0.718402,0.861205,0.140151,0.117637
0.732683,0.981558,0.162477,0.140151
0.924859,0.865723,0.177419,0.162477
0.740514,0.848191,0.174598,0.177419
0.740214,0.972332,0.155400,0.174598
0.916929,0.831891,0.114442,0.155400
0.696127,0.833015,0.073946,0.114442
0.804083,0.979188,0.049291,0.073946
0.842353,0.841444,0.056995,0.049291
0.678861,1.017319,0.063675,0.056995
0.863768,0.979359,0.057925,0.063675
0.880539,0.837122,0.052192,0.057925
0.738233,0.975734,0.056475,0.052192
0.811953,0.823404,0.064756,0.056475
0.742782,0.844294,0.068560,0.064756
0.710271,0.982300,0.068746,0.068560
0.910649,0.836272,0.065792,0.068746
0.734542,0.874444,0.063283,0.065792
0.740772,1.008986,0.061846,0.063283
0.929491,0.834612,0.062452,0.061846
0.745444,0.877127,0.065630,0.062452
0.742131,0.973039,0.071897,0.065630
0.920389,0.780564,0.083505,0.071897
0.731174,0.845601,0.097475,0.083505
0.856350,0.961992,0.117426,0.097475
0.756572,0.821050,0.147163,0.117426
0.834614,0.864442,0.170070,0.147163
0.738725,0.966128,0.183661,0.170070
0.833576,0.820937,0.180241,0.183661
0.754712,0.828820,0.159755,0.180241
0.687964,0.998835,0.124164,0.159755
0.848492,0.817952,0.074863,0.124164
0.693023,0.843460,0.050864,0.074863
0.686281,0.948080,0.055731,0.050864
0.854657,0.824127,0.062970,0.055731
0.699304,0.831907,0.057310,0.062970
0.714175,0.989049,0.049698,0.057310
0.907247,0.846704,0.052478,0.049698
0.729582,0.831186,0.061164,0.052478
0.862919,0.995248,0.065206,0.061164
0.799394,0.817730,0.052701,0.065206
0.945500,0.775998,0.088096,0.052701
0.900963,0.959958,0.128595,0.088096
0.914610,0.725936,0.147229,0.128595
0.709734,0.824369,0.150317,0.147229
0.714821,0.706661,0.147331,0.150317
0.596812,0.567043,0.142378,0.147331
0.470992,0.560271,0.138751,0.142378
0.486414,0.448146,0.137334,0.138751
0.357573,0.440838,0.139190,0.137334
0.324556,0.435336,0.143765,0.139190
0.369279,0.299970,0.151839,0.143765
0.272270,0.316892,0.160389,0.151839
0.255144,0.357487,0.170941,0.160389
0.290784,0.288972,0.185848,0.170941
0.264096,0.233748,0.204457,0.185848
0.235115,0.183359,0.220153,0.204457
0.172252,0.223580,0.224792,0.220153
0.166342,0.179953,0.218747,0.224792
0.187735,0.163830,0.203682,0.218747
0.165465,0.131685,0.187369,0.203682
0.150317,0.115381,0.175678,0.187369
0.133274,0.111435,0.170560,0.175678
0.119006,0.068864,0.171527,0.170560
0.092866,0.077103,0.174450,0.171527
0.089998,0.080811,0.177557,0.174450
0.100585,0.044896,0.180178,0.177557
0.080181,0.046326,0.181141,0.180178
0.094507,0.063275,0.181041,0.181141
0.079837,0.025226,0.180041,0.181041
0.074737,0.035012,0.178983,0.180041
0.056627,0.027564,0.178074,0.178983
0.045795,0.027500,0.177289,0.178074
0.031262,0.022541,0.176996,0.177289
0.025199,0.037077,0.176988,0.176996
0.034328,0.015987,0.177125,0.176988
0.029997,0.012633,0.177459,0.177125
0.029155,0.039445,0.177905,0.177459
0.032730,0.011697,0.178243,0.177905
0.025488,0.039287,0.178273,0.178243
0.028440,0.032747,0.178124,0.178273
0.000000,0.000000,0.000000,0.000000
0.000000,0.028424,2.031834,0.000000
0.000000,0.038665,2.030337,2.031834
0.022988,0.032109,2.029241,2.030337
0.032868,0.035077,2.031061,2.029241
0.042516,0.045377,2.014645,2.031061
0.028478,0.054331,1.988722,2.014645
0.000000,0.048447,1.955239,1.988722
0.000000,0.027313,1.959635,1.955239
0.000000,0.023936,1.962854,1.959635
0.019212,0.043745,1.963323,1.962854
0.064746,0.014227,1.959036,1.963323
0.052938,0.014674,1.959792,1.959036
0.050215,0.035819,1.961174,1.959792
0.071384,0.043695,1.962479,1.961174
0.058200,0.020379,1.963358,1.962479
0.052335,0.020632,1.964162,1.963358
0.126603,0.030674,1.940359,1.964162
0.164406,0.045342,1.903664,1.940359
0.125653,0.092019,1.859756,1.903664
0.105786,0.229508,1.797140,1.859756
0.133160,0.289636,1.686573,1.797140
0.287912,0.333598,1.577733,1.686573
0.391337,0.547328,1.478797,1.577733
0.629052,0.529723,1.383570,1.478797
0.553454,0.600779,1.310887,1.383570
0.555592,0.808033,1.219360,1.310887
0.826469,0.711111,1.078411,1.219360
0.815374,0.800023,0.937358,1.078411
0.670045,0.968086,0.783571,0.937358
0.935041,0.786552,0.617601,0.783571
0.885840,0.817411,0.493867,0.617601
1.107495,0.935122,0.384231,0.493867
1.115327,0.790921,0.281210,0.384231
0.847731,0.814709,0.215245,0.281210
0.830270,0.894502,0.166579,0.215245
0.905275,0.750645,0.130320,0.166579
0.699428,0.805046,0.111318,0.130320
0.675132,0.930481,0.099019,0.111318
0.831874,0.785566,0.089528,0.099019
0.671498,0.793270,0.084829,0.089528
0.674945,0.955588,0.083071,0.084829
0.874803,0.941945,0.081779,0.083071
0.945982,0.994551,0.077825,0.081779
1.004250,0.839128,0.073400,0.077825
0.822898,1.014157,0.071217,0.073400
1.019266,0.984485,0.073960,0.071217
1.000273,0.838950,0.084795,0.073960
0.788437,1.000689,0.093640,0.084795
1.000488,0.793107,0.093141,0.093640
0.794017,0.836715,0.081023,0.093141
0.782286,1.073510,0.065691,0.081023
0.982894,0.919896,0.060069,0.065691
0.792732,0.953653,0.061564,0.060069
0.943548,1.117904,0.060180,0.061564
0.990711,0.884539,0.054803,0.060180
0.794312,1.110743,0.050770,0.054803
0.995582,1.085006,0.049389,0.050770
0.994644,0.946825,0.050194,0.049389
0.854510,1.064681,0.051244,0.050194
0.947286,1.075807,0.052045,0.051244
0.982936,1.063257,0.052779,0.052045
0.968692,0.870624,0.054250,0.052779
0.764455,0.911487,0.056116,0.054250
0.803670,1.048225,0.059621,0.056116
0.928267,0.852379,0.066477,0.059621
0.737214,0.887233,0.074418,0.066477
0.736382,0.995942,0.085107,0.074418
0.919097,0.849358,0.101451,0.085107
0.731687,0.852916,0.119010,0.101451
0.728568,0.986923,0.142257,0.119010
0.905374,0.831681,0.175012,0.142257
0.734980,0.860640,0.199303,0.175012
0.726777,0.989654,0.213791,0.199303
0.918728,0.817754,0.211574,0.213791
0.734203,0.853635,0.192353,0.211574
0.848932,0.956623,0.157554,0.192353
0.886108,0.830797,0.103683,0.157554
0.688241,0.863040,0.063044,0.103683
0.749268,0.970830,0.051289,0.063044
0.856500,0.832969,0.064323,0.051289
0.690997,0.855677,0.067074,0.064323
0.716345,0.985675,0.059476,0.067074
0.929406,0.828878,0.053660,0.059476
0.733181,0.860068,0.058292,0.053660
0.723719,0.989788,0.065243,0.058292
0.917695,0.797224,0.069651,0.065243
0.735370,0.844538,0.069850,0.069651
0.725466,0.979828,0.068279,0.069850
0.904077,0.836862,0.066694,0.068279
0.724703,0.821812,0.067076,0.066694
0.857276,0.987571,0.069360,0.067076
0.905042,0.802677,0.075400,0.069360
0.734792,0.838381,0.083813,0.075400
0.790010,1.003749,0.096322,0.083813
0.932123,0.996288,0.118033,0.096322
0.943479,0.956372,0.147507,0.118033
0.910079,0.817704,0.173375,0.147507
0.801892,0.849492,0.183959,0.173375
0.736224,0.992106,0.179402,0.183959
0.930159,0.826602,0.152951,0.179402
0.744931,1.001566,0.116000,0.152951
0.841304,0.958763,0.067602,0.116000
0.785166,0.831968,0.052878,0.067602
0.660253,0.971756,0.063434,0.052878
0.866482,0.813785,0.066406,0.063434
0.703078,0.853605,0.059510,0.066406
0.708201,0.976294,0.055943,0.059510
0.878293,0.837502,0.062248,0.055943
0.687157,0.848360,0.068923,0.062248
0.692914,1.005140,0.072105,0.068923
0.903333,0.868153,0.071177,0.072105
0.738939,0.836235,0.068452,0.071177
0.884249,0.993279,0.065857,0.068452
0.937409,0.836783,0.064905,0.065857
0.756087,0.873652,0.066450,0.064905
0.801331,1.009599,0.071028,0.066450
0.935846,0.811656,0.080973,0.071028
0.746144,0.851751,0.093420,0.080973
0.738702,0.949001,0.110692,0.093420
0.913770,0.815434,0.138553,0.110692
0.725312,0.824892,0.166609,0.138553
0.718069,0.959569,0.192322,0.166609
0.893965,0.809651,0.208252,0.192322
0.709283,0.846671,0.205078,0.208252
0.712020,1.005904,0.185046,0.205078
0.864863,0.838361,0.143155,0.185046
0.682805,0.841536,0.099248,0.143155
0.827717,0.987853,0.062918,0.099248
0.861549,0.836267,0.057953,0.062918
0.690094,0.807926,0.066165,0.057953
0.743476,0.963493,0.063989,0.066165
0.906497,0.865722,0.051123,0.063989
0.742664,0.839152,0.047655,0.051123
0.749814,0.991217,0.054821,0.047655
0.930338,0.842378,0.056674,0.054821
0.775837,0.805051,0.056141,0.056674
0.832262,0.981304,0.100332,0.056141
1.062661,0.797039,0.139311,0.100332
0.769545,0.707284,0.150927,0.139311
0.673594,0.744861,0.152757,0.150927
0.714537,0.593175,0.148351,0.152757
0.506779,0.560913,0.142310,0.148351
0.534153,0.587686,0.136159,0.142310
0.489842,0.445666,0.131627,0.136159
0.357236,0.424115,0.131399,0.131627
0.334789,0.448885,0.134857,0.131399
0.365483,0.349373,0.143453,0.134857
0.270315,0.321794,0.154192,0.143453
0.252369,0.339656,0.168468,0.154192
0.291234,0.237613,0.188986,0.168468
0.215615,0.216195,0.209205,0.188986
0.203087,0.276826,0.230243,0.209205
0.229717,0.229603,0.246396,0.230243
0.209116,0.179103,0.246106,0.246396
0.194513,0.138180,0.227140,0.246106
0.147695,0.144240,0.205107,0.227140
0.166171,0.103612,0.182415,0.205107
0.156549,0.110828,0.170367,0.182415
0.111809,0.092432,0.168648,0.170367
0.124328,0.063120,0.172949,0.168648
0.083405,0.043656,0.178545,0.172949
0.076919,0.067893,0.183782,0.178545
0.093869,0.045861,0.187544,0.183782
0.071977,0.021933,0.188455,0.187544
0.083849,0.052659,0.187817,0.188455
0.080590,0.030329,0.185988,0.187817
0.057741,0.038229,0.184353,0.185988
0.051508,0.045972,0.183006,0.184353
0.052154,0.039503,0.182320,0.183006
0.036201,0.040575,0.182432,0.182320
0.028934,0.020234,0.182872,0.182432
0.023189,0.023883,0.183291,0.182872
0.018369,0.036393,0.183600,0.183291
0.021316,0.010979,0.183745,0.183600
0.039574,0.007191,0.183904,0.183745
0.042465,0.026497,0.184145,0.183904
0.000000,0.003007,0.184175,0.184145
0.000000,0.000000,0.000000,0.000000
0.000000,0.026698,2.032020,0.000000
0.021293,0.027276,2.022446,2.032020
0.023978,0.035340,2.006579,2.022446
0.030583,0.059703,1.995048,2.006579
0.032653,0.024586,1.989484,1.995048
0.017968,0.004287,1.987831,1.989484
0.000000,0.002239,1.957655,1.987831
0.000000,0.017588,1.962188,1.957655
0.000000,0.043732,1.967996,1.962188
0.000000,0.039640,1.971476,1.967996
0.000000,0.049105,1.972966,1.971476
0.000000,0.023240,1.972166,1.972966
0.000000,0.013200,1.969528,1.972166
0.018955,0.009459,1.965153,1.969528
0.034529,0.030275,1.960329,1.965153
0.036157,0.004540,1.957631,1.960329
0.051413,0.051494,1.956514,1.957631
0.074441,0.028092,1.957723,1.956514
0.068762,0.020747,1.961085,1.957723
0.086656,0.043434,1.965963,1.961085
0.094647,0.038948,1.971707,1.965963
0.079169,0.012659,1.974339,1.971707
0.078007,0.038512,1.974840,1.974339
0.095051,0.034612,1.973481,1.974840
0.162259,0.039792,1.942625,1.973481
0.189498,0.072058,1.901421,1.942625
0.131264,0.113434,1.854850,1.901421
0.065946,0.244979,1.783412,1.854850
0.136506,0.286493,1.661384,1.783412
0.262413,0.367179,1.551436,1.661384
0.320683,0.550807,1.458735,1.551436
0.551797,0.519809,1.372541,1.458735
0.478414,0.633169,1.302020,1.372541
0.490338,0.827620,1.204503,1.302020
0.715872,0.746179,1.052396,1.204503
0.718736,0.805655,0.903915,1.052396
0.439067,0.950499,0.748730,0.903915
0.943552,0.837843,0.584458,0.748730
0.923206,0.821635,0.463082,0.584458
1.096185,0.955157,0.357895,0.463082
1.061158,0.790861,0.261249,0.357895
0.790557,0.799834,0.200431,0.261249
0.791450,0.932309,0.155893,0.200431
0.884320,0.767382,0.121857,0.155893
0.685436,0.817107,0.103055,0.121857
0.676298,0.916566,0.091359,0.103055
0.841757,0.804090,0.085272,0.091359
0.679060,0.821914,0.084015,0.085272
0.691106,0.939246,0.083554,0.084015
0.927535,0.821763,0.080638,0.083554
0.774029,0.828018,0.076009,0.080638
0.797993,0.955293,0.071828,0.076009
1.029561,0.807090,0.070203,0.071828
0.808933,0.853979,0.074737,0.070203
0.952325,0.990181,0.084518,0.074737
0.985781,0.846388,0.095474,0.084518
0.791364,0.837712,0.096854,0.095474
0.844830,1.005493,0.086362,0.096854
0.973611,0.921345,0.066210,0.086362
0.777508,0.922306,0.057649,0.066210
0.798573,1.066637,0.059122,0.057649
1.010023,0.918984,0.058329,0.059122
0.809977,0.926126,0.053302,0.058329
0.805073,1.074593,0.048170,0.053302
1.000485,0.919988,0.046665,0.048170
0.797270,0.908240,0.048510,0.046665
0.790623,1.078968,0.050774,0.048510
0.985025,0.875003,0.052940,0.050774
0.779050,0.924029,0.054173,0.052940
0.916611,1.072274,0.055302,0.054173
0.948555,0.879693,0.057239,0.055302
0.749119,1.051678,0.060176,0.057239
0.918546,1.004452,0.065897,0.060176
0.909177,0.859826,0.073889,0.065897
0.727645,1.001015,0.082611,0.073889
0.908552,1.044056,0.097085,0.082611
0.905512,0.965570,0.115182,0.097085
0.760253,0.824295,0.139187,0.115182
0.867919,0.851574,0.165631,0.139187
0.757486,1.008409,0.193035,0.165631
0.836221,0.826000,0.214805,0.193035
0.755830,0.829641,0.218164,0.214805
0.715451,1.014272,0.204992,0.218164
0.872620,0.797989,0.169128,0.204992
0.680890,0.886251,0.126068,0.169128
0.682954,0.988633,0.080514,0.126068
0.829046,0.857043,0.056398,0.080514
0.660572,0.843364,0.064618,0.056398
0.684669,1.035935,0.070271,0.064618
0.897225,0.814354,0.061599,0.070271
0.733250,0.830200,0.052041,0.061599
0.882437,0.981937,0.052145,0.052041
0.788395,0.872685,0.060871,0.052145
0.879600,0.853012,0.066618,0.060871
0.784507,0.979104,0.068493,0.066618
0.871727,0.820950,0.067618,0.068493
0.778198,0.832874,0.066814,0.067618
0.726421,0.974765,0.067320,0.066814
0.903908,0.815656,0.070696,0.067320
0.731688,0.859521,0.076653,0.070696
0.735468,0.983924,0.086252,0.076653
0.909527,0.822046,0.102107,0.086252
0.726321,0.867125,0.120139,0.102107
0.725934,0.978682,0.144082,0.120139
0.951673,0.816710,0.173178,0.144082
0.760999,0.862198,0.190259,0.173178
0.893929,0.994980,0.194212,0.190259
0.796447,0.807873,0.177593,0.194212
0.893225,0.795382,0.146821,0.177593
0.829457,0.975766,0.103440,0.146821
0.948975,0.811803,0.056417,0.103440
0.865040,0.867379,0.049869,0.056417
0.798108,0.974878,0.062556,0.049869
0.955618,0.813614,0.064589,0.062556
0.745547,1.032708,0.055468,0.064589
0.921349,0.977485,0.050911,0.055468
0.891003,0.822462,0.060073,0.050911
0.700770,0.967773,0.069094,0.060073
0.879934,0.804964,0.073861,0.069094
0.712561,0.984926,0.073551,0.073861
0.909270,0.987521,0.071259,0.073551
0.918119,0.852331,0.070145,0.071259
0.736928,0.990955,0.072305,0.070145
0.917490,0.828386,0.076480,0.072305
0.739538,0.847836,0.082340,0.076480
0.741792,1.004567,0.091309,0.082340
0.925978,0.805343,0.106910,0.091309
0.739236,0.848087,0.126167,0.106910
0.873034,0.960063,0.152020,0.126167
0.901736,0.820232,0.181506,0.152020
0.712744,0.835832,0.196586,0.181506
0.755991,0.992949,0.197241,0.196586
0.896308,0.818302,0.176427,0.197241
0.698791,0.897995,0.142696,0.176427
0.667843,0.954018,0.097963,0.142696
0.828670,0.963940,0.054929,0.097963
0.841718,1.023401,0.054929,0.054929
0.847397,0.836021,0.065863,0.054929
0.696935,0.834100,0.062088,0.065863
0.714123,0.975158,0.052768,0.062088
0.909745,0.815121,0.052319,0.052768
0.735112,0.834469,0.060456,0.052319
0.737721,1.003239,0.061734,0.060456
0.954998,0.810912,0.057902,0.061734
0.834602,0.858321,0.103271,0.057902
1.001580,0.926244,0.139303,0.103271
0.822104,0.717473,0.154358,0.139303
0.782318,0.659607,0.155511,0.154358
0.606302,0.694361,0.151347,0.155511
0.543830,0.558605,0.143606,0.151347
0.446790,0.521989,0.137187,0.143606
0.381374,0.514291,0.133158,0.137187
0.432080,0.429787,0.133181,0.133158
0.318147,0.367893,0.137241,0.133181
0.300694,0.386977,0.145024,0.137241
0.341547,0.309193,0.157973,0.145024
0.257262,0.284240,0.171470,0.157973
0.241331,0.310038,0.187437,0.171470
0.269867,0.206526,0.208721,0.187437
0.200710,0.210747,0.225937,0.208721
0.216248,0.244463,0.236257,0.225937
0.174800,0.155601,0.233542,0.236257
0.188671,0.166351,0.219708,0.233542
0.149842,0.143536,0.201388,0.219708
0.155535,0.094506,0.182961,0.201388
0.134318,0.085041,0.173173,0.182961
0.115330,0.091973,0.169635,0.173173
0.129718,0.093333,0.172132,0.169635
0.094590,0.066937,0.176503,0.172132
0.087353,0.079466,0.180889,0.176503
0.096746,0.076426,0.184288,0.180889
0.086493,0.063331,0.185383,0.184288
0.087344,0.063565,0.184683,0.185383
0.058481,0.061013,0.183332,0.184683
0.056124,0.023536,0.181842,0.183332
0.060619,0.018079,0.180384,0.181842
0.044553,0.033446,0.179725,0.180384
0.042644,0.031955,0.179626,0.179725
0.051743,0.019177,0.180093,0.179626
0.037159,0.036042,0.180699,0.180093
0.036275,0.035466,0.181359,0.180699
0.041236,0.027787,0.182078,0.181359
0.036151,0.044916,0.182469,0.182078
0.029662,0.010357,0.181971,0.182469
0.020463,0.028427,0.181374,0.181971
0.019648,0.032375,0.181001,0.181374
0.000000,0.040727,0.182153,0.181001
0.000000,0.016007,0.181990,0.182153
0.000000,0.012001,0.181815,0.181990
0.018456,0.044400,0.181779,0.181815
0.019852,0.011392,0.181847,0.181779
0.000000,0.011094,0.182126,0.181847
0.000000,0.009821,0.182278,0.182126
0.000000,0.008519,0.182359,0.182278
0.000000,0.000000,0.000000,0.000000
0.000000,0.053224,2.026536,0.000000
0.021458,0.026232,2.012612,2.026536
0.024584,0.063672,1.991571,2.012612
0.028346,0.026688,1.971732,1.991571
0.017807,0.026217,1.964024,1.971732
0.000000,0.016822,1.953308,1.964024
0.000000,0.018820,1.949511,1.953308
0.000000,0.051731,1.947211,1.949511
0.024028,0.034136,1.941908,1.947211
0.031221,0.031338,1.941213,1.941908
0.034194,0.012596,1.940217,1.941213
0.045599,0.055315,1.939794,1.940217
0.049097,0.009398,1.940736,1.939794
0.040445,0.024460,1.942782,1.940736
0.042663,0.034614,1.945566,1.942782
0.061330,0.044625,1.949775,1.945566
0.055844,0.016902,1.950388,1.949775
0.065110,0.007995,1.950107,1.950388
0.058997,0.016418,1.949189,1.950107
0.060166,0.014615,1.947273,1.949189
0.050648,0.040194,1.945475,1.947273
0.079655,0.002989,1.929212,1.945475
0.140304,0.072866,1.898124,1.929212
0.111834,0.060294,1.854185,1.898124
0.076410,0.152479,1.797041,1.854185
0.073474,0.270286,1.703820,1.797041
0.256675,0.341085,1.605722,1.703820
0.452511,0.515455,1.503198,1.605722
0.604933,0.525280,1.393967,1.503198
0.557166,0.726688,1.310621,1.393967
0.647483,0.799211,1.198348,1.310621
0.741081,0.716564,1.060475,1.198348
0.819625,0.904793,0.920954,1.060475
0.668191,0.962276,0.747880,0.920954
0.985489,0.930490,0.585693,0.747880
1.105569,0.776046,0.446228,0.585693
0.973651,0.850638,0.347268,0.446228
0.850963,0.942676,0.264577,0.347268
0.997903,0.771315,0.192438,0.264577
0.752145,0.813968,0.151543,0.192438
0.705236,0.909236,0.123493,0.151543
0.838673,0.769074,0.103048,0.123493
0.662350,0.823891,0.093653,0.103048
0.665390,0.932104,0.088848,0.093653
0.845243,0.810261,0.085744,0.088848
0.692317,0.817210,0.083515,0.085744
0.834961,0.938443,0.079871,0.083515
0.808451,0.849596,0.073666,0.079871
0.938334,0.840106,0.069023,0.073666
0.856663,0.977418,0.065839,0.069023
0.956209,0.830080,0.067643,0.065839
0.852999,0.857460,0.073818,0.067643
0.783078,0.951150,0.079282,0.073818
0.974691,0.809474,0.077132,0.079282
0.793036,0.844746,0.067834,0.077132
0.800579,1.080187,0.060184,0.067834
1.012655,0.944668,0.058839,0.060184
0.806046,0.926357,0.057730,0.058839
0.805601,1.132140,0.054438,0.057730
1.010346,0.921329,0.050600,0.054438
0.807871,0.970643,0.048888,0.050600
0.953533,1.099595,0.048288,0.048888
0.852618,0.863326,0.048136,0.048288
0.951518,0.922231,0.047902,0.048136
0.840785,1.035077,0.047771,0.047902
0.925986,0.864056,0.048492,0.047771
0.813104,0.907829,0.050270,0.048492
0.714926,1.024728,0.052580,0.050270
0.903942,0.840992,0.056826,0.052580
0.722971,0.872834,0.062025,0.056826
0.725908,1.015860,0.068764,0.062025
0.903819,0.848998,0.077853,0.068764
0.728694,0.843822,0.086634,0.077853
0.734462,0.995661,0.097816,0.086634
0.914424,0.849728,0.115872,0.097816
0.731746,0.868723,0.137753,0.115872
0.856689,0.997695,0.164245,0.137753
0.751002,0.858048,0.190050,0.164245
0.838720,0.830346,0.199680,0.190050
0.769818,0.992163,0.193830,0.199680
0.854800,0.822384,0.166229,0.193830
0.750511,0.841273,0.128603,0.166229
0.731261,1.019196,0.084568,0.128603
0.984022,0.816069,0.054511,0.084568
0.818062,1.012475,0.059988,0.054511
0.984504,0.964875,0.065509,0.059988
0.943414,0.839676,0.056330,0.065509
0.740329,1.004236,0.050675,0.056330
0.907607,0.821905,0.057215,0.050675
0.714601,0.815160,0.065697,0.057215
0.708757,0.940967,0.071145,0.065697
0.897911,0.825411,0.072641,0.071145
0.721946,0.836205,0.071877,0.072641
0.720095,0.990735,0.071051,0.071877
0.898695,0.846267,0.071524,0.071051
0.718987,0.840235,0.073659,0.071524
0.853815,1.002694,0.077683,0.073659
0.886774,0.853749,0.085455,0.077683
0.717493,0.858335,0.095483,0.085455
0.779433,0.994839,0.110518,0.095483
0.954856,0.832970,0.136539,0.110518
0.780243,0.839787,0.162009,0.136539
0.750012,1.014940,0.183337,0.162009
0.917811,0.827371,0.192515,0.183337
0.742041,0.848811,0.183070,0.192515
0.746665,0.969778,0.157213,0.183070
0.904549,0.835563,0.110271,0.157213
0.688554,0.861182,0.067929,0.110271
0.708750,0.958089,0.046595,0.067929
0.972048,0.827813,0.057009,0.046595
0.767398,0.868092,0.061473,0.057009
0.869106,0.994004,0.054779,0.061473
0.863598,0.796785,0.047973,0.054779
0.668115,0.828659,0.052653,0.047973
0.730427,0.966344,0.062160,0.052653
0.867177,1.018965,0.069888,0.062160
0.884917,1.005825,0.071948,0.069888
0.858166,0.787575,0.070322,0.071948
0.781685,0.995332,0.068607,0.070322
0.927922,0.982849,0.068194,0.068607
0.884513,0.853947,0.071104,0.068194
0.790808,0.984532,0.077290,0.071104
0.917892,0.817671,0.088570,0.077290
0.729595,0.821185,0.101902,0.088570
0.702224,0.988894,0.120796,0.101902
0.896346,0.795214,0.150869,0.120796
0.713552,0.866327,0.176680,0.150869
0.709065,0.953138,0.195104,0.176680
0.886610,1.043772,0.198632,0.195104
0.889629,0.984508,0.178477,0.198632
0.874465,0.860356,0.137477,0.178477
0.679563,0.834493,0.093858,0.137477
0.676595,0.978932,0.057960,0.093858
0.842068,0.837289,0.054337,0.057960
0.677882,0.848295,0.062795,0.054337
0.826296,0.969692,0.061011,0.062795
0.761039,0.798879,0.049624,0.061011
0.864819,1.031930,0.047715,0.049624
0.920434,0.973048,0.057162,0.047715
0.778885,0.849772,0.058278,0.057162
0.897146,0.980400,0.053870,0.058278
1.032845,0.773311,0.106125,0.053870
0.840630,0.786891,0.139275,0.106125
0.804122,0.877633,0.151535,0.139275
0.791800,0.620498,0.151391,0.151535
0.555427,0.600647,0.145854,0.151391
0.489911,0.669927,0.139149,0.145854
0.529469,0.505487,0.133666,0.139149
0.383918,0.459285,0.132785,0.133666
0.352195,0.486155,0.135596,0.132785
0.395381,0.373570,0.142801,0.135596
0.302340,0.330128,0.151581,0.142801
0.285037,0.342393,0.162812,0.151581
0.324304,0.279539,0.178435,0.162812
0.236185,0.281683,0.193867,0.178435
0.259606,0.285596,0.212265,0.193867
0.242314,0.193038,0.232846,0.212265
0.181775,0.174683,0.242243,0.232846
0.177634,0.211245,0.240029,0.242243
0.195945,0.157715,0.224179,0.240029
0.145646,0.141738,0.206898,0.224179
0.133492,0.116959,0.191789,0.206898
0.155071,0.097131,0.180915,0.191789
0.117103,0.079066,0.177889,0.180915
0.107182,0.070702,0.179584,0.177889
0.113773,0.052053,0.184138,0.179584
0.081391,0.090391,0.187845,0.184138
0.097959,0.036418,0.190818,0.187845
0.083815,0.056306,0.191526,0.190818
0.063043,0.085165,0.190769,0.191526
0.073748,0.022419,0.189202,0.190769
0.060626,0.032253,0.188020,0.189202
0.063436,0.046787,0.187238,0.188020
0.050859,0.024079,0.186983,0.187238
0.044601,0.032689,0.187178,0.186983
0.052940,0.046607,0.187599,0.187178
0.051990,0.023917,0.188106,0.187599
0.041341,0.021323,0.188421,0.188106
0.035842,0.021124,0.188635,0.188421
0.000000,0.000000,0.000000,0.000000
0.000000,0.010507,2.030057,0.000000
0.000000,0.038740,2.022834,2.030057
0.018792,0.052989,2.004618,2.022834
0.024066,0.052365,1.996360,2.004618
0.032383,0.025526,1.996346,1.996360
0.021793,0.008850,1.996749,1.996346
0.000000,0.019129,1.988911,1.996749
0.000000,0.029269,1.983705,1.988911
0.064473,0.010325,1.982328,1.983705
0.071099,0.018521,1.983566,1.982328
0.063522,0.045240,1.984491,1.983566
0.073515,0.040087,1.984755,1.984491
0.066148,0.021811,1.984698,1.984755
0.059979,0.026959,1.984632,1.984698
0.078807,0.043450,1.984529,1.984632
0.052777,0.028487,1.984474,1.984529
0.051441,0.032651,1.983747,1.984474
0.063229,0.037325,1.982464,1.983747
0.030015,0.015205,1.981275,1.982464
0.156104,0.028548,1.955524,1.981275
0.162845,0.038144,1.921459,1.955524
0.131925,0.125551,1.871415,1.921459
0.031463,0.166984,1.784165,1.871415
0.133180,0.258667,1.686381,1.784165
0.283265,0.433228,1.585096,1.686381
0.515678,0.460510,1.488595,1.585096
0.444502,0.549700,1.420565,1.488595
0.512156,0.698076,1.350157,1.420565
0.586008,0.646588,1.240795,1.350157
0.544119,0.714228,1.116033,1.240795
0.669399,0.943808,0.962918,1.116033
0.745374,0.808871,0.772740,0.962918
0.680073,0.817335,0.628019,0.772740
1.115699,0.979838,0.499969,0.628019
1.004987,0.763343,0.378199,0.499969
1.030981,0.939321,0.298270,0.378199
1.001369,0.956735,0.222505,0.298270
0.806891,0.791960,0.168823,0.222505
0.841515,0.933124,0.135506,0.168823
0.837222,0.763920,0.107716,0.135506
0.660151,0.810563,0.093494,0.107716
0.701828,0.912424,0.087558,0.093494
0.793194,0.795979,0.086663,0.087558
0.723508,0.817076,0.086447,0.086663
0.715228,0.961801,0.083560,0.086447
0.975316,0.782264,0.075920,0.083560
0.797336,0.871353,0.069389,0.075920
0.804187,0.983901,0.065768,0.069389
1.005214,0.812754,0.066615,0.065768
0.800566,0.852896,0.071854,0.066615
0.795267,0.977906,0.077626,0.071854
0.981649,0.837345,0.077282,0.077626
0.779679,0.849945,0.068820,0.077282
0.945216,1.058163,0.060539,0.068820
0.860523,0.911949,0.059249,0.060539
0.980758,0.953334,0.059564,0.059249
0.874424,1.123075,0.057125,0.059564
0.980198,0.894820,0.052768,0.057125
0.873762,0.938018,0.050509,0.052768
0.816437,1.078674,0.049896,0.050509
1.007635,0.904666,0.050406,0.049896
0.807965,0.903398,0.050988,0.050406
0.796891,1.073029,0.051505,0.050988
0.984290,0.881610,0.052242,0.051505
0.773569,0.906697,0.053477,0.052242
0.763147,1.042214,0.055982,0.053477
0.937033,0.851586,0.060625,0.055982
0.734695,0.873642,0.065999,0.060625
0.860471,1.031505,0.072741,0.065999
0.771854,0.871098,0.082727,0.072741
0.865181,0.835005,0.093132,0.082727
0.776918,0.994230,0.106212,0.093132
0.863000,0.847965,0.126187,0.106212
0.774687,0.880115,0.149466,0.126187
0.728881,0.990354,0.178451,0.149466
0.878007,0.861080,0.208984,0.178451
0.707885,0.807004,0.223672,0.208984
0.726141,0.982125,0.223311,0.223672
0.899273,0.790752,0.201274,0.223311
0.697263,0.853754,0.166587,0.201274
0.701607,0.975415,0.119974,0.166587
0.887415,0.859088,0.068177,0.119974
0.695056,0.845568,0.055531,0.068177
0.853449,1.008124,0.067649,0.055531
0.752548,0.830514,0.072541,0.067649
0.850548,0.827084,0.064528,0.072541
0.774377,0.965412,0.056739,0.064528
0.855560,0.832483,0.059154,0.056739
0.785750,0.867001,0.066213,0.059154
0.746546,0.986867,0.071322,0.066213
0.922078,0.823206,0.072283,0.071322
0.732799,0.839539,0.070362,0.072283
0.731710,1.013098,0.068238,0.070362
0.908330,0.855323,0.067630,0.068238
0.726923,0.838609,0.069904,0.067630
0.725788,0.995918,0.075435,0.069904
0.895117,0.823451,0.087081,0.075435
0.714190,0.810555,0.102216,0.087081
0.843075,0.982773,0.123787,0.102216
0.760781,0.820511,0.155751,0.123787
0.872851,0.840148,0.180341,0.155751
0.765567,0.984867,0.195279,0.180341
0.845807,1.011474,0.192096,0.195279
0.911993,0.993823,0.164569,0.192096
0.950904,0.823951,0.117983,0.164569
0.769746,0.855831,0.074156,0.117983
0.828889,0.999591,0.048898,0.074156
0.985136,0.829533,0.057552,0.048898
0.780101,0.814930,0.062757,0.057552
0.755254,0.963863,0.055917,0.062757
0.896260,0.823923,0.046933,0.055917
0.690599,0.841284,0.051190,0.046933
0.675878,0.977986,0.061673,0.051190
0.856836,0.813736,0.071060,0.061673
0.695460,0.856652,0.073854,0.071060
0.708832,0.999957,0.073371,0.073854
0.904708,0.817878,0.071760,0.073371
0.727830,0.822899,0.071048,0.071760
0.875168,0.973797,0.071535,0.071048
0.933567,0.834131,0.075088,0.071535
0.747134,0.827953,0.081211,0.075088
0.790847,0.994966,0.090891,0.081211
0.921246,0.974235,0.107506,0.090891
0.910428,1.000070,0.132828,0.107506
0.858110,0.834485,0.163170,0.132828
0.760840,0.860051,0.184408,0.163170
0.710909,0.954632,0.194593,0.184408
0.894989,0.833833,0.185888,0.194593
0.723190,0.839116,0.161057,0.185888
0.690552,1.019268,0.121755,0.161057
0.842051,0.818249,0.071402,0.121755
0.676782,0.815119,0.051401,0.071402
0.676547,0.996548,0.059339,0.051401
0.856219,0.841750,0.065875,0.059339
0.701026,0.840600,0.058997,0.065875
0.857339,0.930754,0.050636,0.058997
0.790335,0.856855,0.053420,0.050636
0.892256,0.853447,0.061054,0.053420
0.794828,0.982046,0.056762,0.061054
0.931823,0.821452,0.061786,0.056762
0.915231,0.822229,0.108078,0.061786
0.843916,0.896142,0.136443,0.108078
0.910786,0.669250,0.147042,0.136443
0.635664,0.679487,0.146747,0.147042
0.560550,0.736090,0.142596,0.146747
0.613623,0.518111,0.137227,0.142596
0.441473,0.521693,0.134664,0.137227
0.404705,0.501469,0.135098,0.134664
0.450816,0.411929,0.139725,0.135098
0.335378,0.366822,0.146298,0.139725
0.367013,0.424760,0.155031,0.146298
0.296025,0.293513,0.167744,0.155031
0.299745,0.284852,0.180658,0.167744
0.244768,0.307163,0.196384,0.180658
0.254033,0.246351,0.217527,0.196384
0.204804,0.221541,0.233247,0.217527
0.219277,0.208693,0.241282,0.233247
0.196664,0.152155,0.232829,0.241282
0.162609,0.191828,0.217102,0.232829
0.167359,0.083020,0.197409,0.217102
0.123084,0.116549,0.184880,0.197409
0.114038,0.123280,0.177900,0.184880
0.131519,0.078404,0.177435,0.177900
0.094011,0.078286,0.180703,0.177435
0.092435,0.069303,0.185130,0.180703
0.109844,0.066292,0.189377,0.185130
0.109889,0.052726,0.191549,0.189377
0.094960,0.047442,0.191512,0.191549
0.065606,0.031202,0.190410,0.191512
0.062630,0.046739,0.188885,0.190410
0.065214,0.028928,0.187328,0.188885
0.045161,0.032165,0.186435,0.187328
0.046347,0.029102,0.186147,0.186435
0.032751,0.020091,0.186255,0.186147
0.038505,0.018736,0.186633,0.186255
0.030047,0.041558,0.187237,0.186633
0.034504,0.028213,0.187871,0.187237
0.037475,0.016210,0.188282,0.187871
0.033109,0.008400,0.188485,0.188282
0.039267,0.020431,0.188220,0.188485
0.024045,0.052440,0.187898,0.188220
0.021316,0.013353,0.187601,0.187898
0.000000,0.021360,0.187947,0.187601
0.000000,0.038799,0.188425,0.187947
0.000000,0.000000,0.000000,0.000000
0.000000,0.028326,2.026774,0.000000
0.018481,0.055240,2.026380,2.026774
0.031261,0.029828,2.038638,2.026380
0.023685,0.062554,2.046643,2.038638
0.017994,0.030364,2.052603,2.046643
0.000000,0.031736,2.060627,2.052603
0.000000,0.021125,2.061565,2.060627
0.000000,0.024894,2.061937,2.061565
0.000000,0.003112,2.062200,2.061937
0.030255,0.052611,2.052650,2.062200
0.035181,0.045518,2.052526,2.052650
0.052457,0.062745,2.053586,2.052526
0.070301,0.028850,2.053519,2.053586
0.065057,0.019319,2.053729,2.053519
0.058434,0.039995,2.055039,2.053729
0.053867,0.017813,2.055828,2.055039
0.072217,0.024773,2.055678,2.055828
0.068275,0.024251,2.055446,2.055678
0.068083,0.047475,2.055491,2.055446
0.086639,0.024272,2.056473,2.055491
0.059383,0.037249,2.058519,2.056473
0.061270,0.011233,2.060308,2.058519
0.050756,0.005687,2.060447,2.060308
0.037349,0.042953,2.058430,2.060447
0.038515,0.026479,2.055918,2.058430
0.050778,0.030697,2.053554,2.055918
0.065266,0.044209,2.052506,2.053554
0.092378,0.025014,2.049389,2.052506
0.202953,0.040363,2.033181,2.049389
0.154252,0.101760,1.995630,2.033181
0.111909,0.151602,1.933739,1.995630
0.094357,0.235462,1.815813,1.933739
0.199166,0.310426,1.698652,1.815813
0.360947,0.458033,1.594357,1.698652
0.548783,0.478008,1.502780,1.594357
0.524018,0.519606,1.441897,1.502780
0.498471,0.743958,1.373700,1.441897
0.625964,0.702064,1.257561,1.373700
0.546635,0.788998,1.127707,1.257561
0.539958,0.938108,0.972147,1.127707
0.709263,0.827116,0.783830,0.972147
0.823698,0.820768,0.638659,0.783830
1.139452,0.943928,0.507458,0.638659
1.153610,0.778329,0.380538,0.507458
0.854852,0.810799,0.297440,0.380538
0.837112,0.927216,0.230507,0.297440
0.926527,0.771589,0.170646,0.230507
0.713446,0.769696,0.134310,0.170646
0.683466,0.968564,0.109155,0.134310
0.829614,0.798874,0.093814,0.109155
0.666321,0.816167,0.088476,0.093814
0.671999,0.958757,0.086421,0.088476
0.843336,0.815247,0.085272,0.086421
0.686769,0.831600,0.083118,0.085272
0.733309,0.968878,0.079364,0.083118
0.967567,0.823720,0.074362,0.079364
0.816219,0.811229,0.071246,0.074362
0.956421,0.933422,0.072405,0.071246
1.009695,0.834579,0.079837,0.072405
0.805753,0.844505,0.085155,0.079837
0.852593,0.974582,0.083753,0.085155
1.003800,1.098876,0.071572,0.083753
0.989561,1.122193,0.060521,0.071572
0.943554,0.888299,0.059934,0.060521
0.848549,0.953284,0.059649,0.059934
0.814379,1.109556,0.055636,0.059649
1.030033,0.890829,0.049153,0.055636
0.813977,0.965043,0.045697,0.049153
0.800144,1.085266,0.044842,0.045697
1.008828,0.877641,0.045995,0.044842
0.801048,0.899725,0.046961,0.045995
0.790009,1.058708,0.047615,0.046961
0.975910,0.873416,0.048572,0.047615
0.701286,0.880433,0.049661,0.048572
0.856890,1.017575,0.050999,0.049661
0.774999,0.863589,0.055703,0.050999
0.873446,0.872970,0.062021,0.055703
0.776059,1.032771,0.070482,0.062021
0.861463,0.807721,0.082201,0.070482
0.770264,0.877819,0.093535,0.082201
0.731924,0.976997,0.107852,0.093535
0.903539,0.815443,0.129942,0.107852
0.729634,0.830372,0.155275,0.129942
0.738512,0.989126,0.182725,0.155275
0.914063,0.825065,0.206555,0.182725
0.736302,0.868526,0.212933,0.206555
0.731236,0.998310,0.203478,0.212933
0.889315,0.834664,0.171908,0.203478
0.700602,0.854495,0.131440,0.171908
0.834642,0.981516,0.085430,0.131440
0.789559,0.831405,0.054682,0.085430
0.905942,0.841319,0.060384,0.054682
0.792390,0.979670,0.067519,0.060384
0.877083,0.843853,0.060567,0.067519
0.790885,0.820087,0.051334,0.060567
0.743322,0.994688,0.051667,0.051334
0.901506,0.842389,0.061849,0.051667
0.715977,0.847207,0.069219,0.061849
0.717991,0.958944,0.072303,0.069219
0.897994,0.838620,0.071736,0.072303
0.726954,0.820536,0.070561,0.071736
0.723792,1.022289,0.070572,0.070561
0.900853,0.797049,0.073277,0.070572
0.724534,0.861359,0.078234,0.073277
0.865709,0.953430,0.086140,0.078234
0.770237,0.795882,0.099270,0.086140
0.888279,0.855335,0.114680,0.099270
0.786911,0.958272,0.136289,0.114680
0.890274,0.866221,0.165360,0.136289
0.819690,0.860834,0.184830,0.165360
0.768654,0.991710,0.192626,0.184830
0.941369,0.844340,0.180560,0.192626
0.768572,0.846601,0.153306,0.180560
0.779481,1.012929,0.112616,0.153306
0.963724,0.845294,0.063449,0.112616
0.802853,0.855830,0.048019,0.063449
0.785539,0.969643,0.056954,0.048019
0.942950,0.836976,0.058872,0.056954
0.741813,0.882491,0.048931,0.058872
0.885619,0.978836,0.041593,0.048931
0.765330,0.831764,0.048899,0.041593
0.841948,0.817539,0.059260,0.048899
0.737175,1.000219,0.066971,0.059260
0.823424,0.794585,0.071133,0.066971
0.749436,0.819318,0.072330,0.071133
0.715114,0.945006,0.072887,0.072330
0.910066,0.803041,0.073754,0.072887
0.735796,1.007645,0.076415,0.073754
0.925256,0.968477,0.082724,0.076415
0.920438,0.837868,0.092761,0.082724
0.734014,0.992735,0.105278,0.092761
0.910451,0.829411,0.125933,0.105278
0.721031,0.853993,0.150090,0.125933
0.719367,0.981529,0.178116,0.150090
0.894801,0.789116,0.204567,0.178116
0.718269,0.807606,0.213300,0.204567
0.723297,0.979782,0.205664,0.213300
0.921698,0.874325,0.175548,0.205664
0.706444,0.864394,0.135914,0.175548
0.818063,0.993516,0.089137,0.135914
0.853274,0.858068,0.052715,0.089137
0.673495,0.849546,0.055394,0.052715
0.730618,0.975804,0.063865,0.055394
0.880506,1.001995,0.059432,0.063865
0.903977,0.989581,0.049157,0.059432
0.878070,0.806384,0.051896,0.049157
0.797658,0.993459,0.058817,0.051896
0.954314,0.978156,0.049401,0.058817
0.964872,0.844805,0.091416,0.049401
0.912443,0.897991,0.134158,0.091416
0.964728,0.863395,0.152251,0.134158
0.812609,0.766377,0.152261,0.152251
0.669512,0.607081,0.144900,0.152261
0.521931,0.548409,0.137521,0.144900
0.435455,0.622485,0.131674,0.137521
0.481614,0.454464,0.129443,0.131674
0.355279,0.420336,0.131873,0.129443
0.329643,0.425804,0.137717,0.131873
0.376342,0.349270,0.147679,0.137717
0.280423,0.328122,0.158409,0.147679
0.264509,0.315413,0.171680,0.158409
0.296392,0.252379,0.190232,0.171680
0.229054,0.249059,0.208296,0.190232
0.247145,0.242890,0.225367,0.208296
0.202567,0.169010,0.235542,0.225367
0.202179,0.164296,0.231939,0.235542
0.169279,0.196059,0.217966,0.231939
0.175318,0.120617,0.197213,0.217966
0.142091,0.130784,0.182266,0.197213
0.150034,0.071564,0.171479,0.182266
0.129684,0.086178,0.169177,0.171479
0.107975,0.094251,0.171861,0.169177
0.115720,0.081314,0.176908,0.171861
0.082613,0.060256,0.180612,0.176908
0.076100,0.045579,0.182935,0.180612
0.093419,0.034057,0.183570,0.182935
0.070690,0.041616,0.182866,0.183570
0.062261,0.036918,0.181595,0.182866
0.063332,0.034136,0.180150,0.181595
0.042852,0.029337,0.179369,0.180150
0.042332,0.059146,0.179102,0.179369
0.043956,0.011390,0.179225,0.179102
0.032361,0.032064,0.179451,0.179225
0.037512,0.013875,0.179737,0.179451
0.042457,0.025250,0.180111,0.179737
0.036277,0.037217,0.180436,0.180111
0.035240,0.020141,0.180588,0.180436
0.036688,0.054685,0.180633,0.180588
0.027487,0.011833,0.180607,0.180633
0.029971,0.022440,0.180624,0.180607
0.030921,0.023643,0.180668,0.180624
0.000000,0.000000,0.000000,0.000000
0.000000,0.045550,2.027433,0.000000
0.022030,0.037350,2.018317,2.027433
0.036886,0.030481,2.011162,2.018317
0.026904,0.024838,2.007313,2.011162
0.016811,0.050485,2.009577,2.007313
0.000000,0.036899,2.021261,2.009577
0.000000,0.023868,2.020095,2.021261
0.000000,0.040409,2.019327,2.020095
0.000000,0.036194,2.018108,2.019327
0.000000,0.049100,2.016670,2.018108
0.000000,0.027861,2.015608,2.016670
0.000000,0.033438,2.014750,2.015608
0.000000,0.056933,2.013795,2.014750
0.039384,0.003335,2.003216,2.013795
0.037435,0.038651,2.003377,2.003216
0.037868,0.037581,2.003223,2.003377
0.034920,0.034934,2.003989,2.003223
0.027024,0.029447,2.006030,2.003989
0.023709,0.033936,2.009067,2.006030
0.037962,0.026814,2.011172,2.009067
0.051410,0.028515,2.012409,2.011172
0.080900,0.042450,2.012817,2.012409
0.080149,0.029663,2.012733,2.012817
0.091331,0.026896,2.012399,2.012733
0.117678,0.033116,2.012040,2.012399
0.093112,0.030515,2.012628,2.012040
0.101586,0.039665,2.014530,2.012628
0.078406,0.033681,2.016712,2.014530
0.070305,0.019310,2.018152,2.016712
0.051999,0.036300,2.017517,2.018152
0.047018,0.011883,2.014098,2.017517
0.033613,0.029964,2.010637,2.014098
0.041005,0.028055,2.007709,2.010637
0.165074,0.014187,1.981903,2.007709
0.200334,0.082901,1.945732,1.981903
0.108290,0.120930,1.896315,1.945732
0.036582,0.235097,1.815985,1.896315
0.214009,0.285608,1.691733,1.815985
0.291856,0.383150,1.587937,1.691733
0.385348,0.560237,1.498081,1.587937
0.425885,0.510671,1.412773,1.498081
0.450889,0.630042,1.341052,1.412773
0.440215,0.804516,1.242570,1.341052
0.575558,0.744309,1.091792,1.242570
0.638824,0.791361,0.944382,1.091792
0.427063,0.943269,0.786687,0.944382
0.790931,0.798877,0.618071,0.786687
0.872666,0.817554,0.495147,0.618071
0.907121,0.958603,0.388568,0.495147
1.067275,0.780036,0.289106,0.388568
0.830296,0.968690,0.223659,0.289106
0.976871,0.968085,0.165173,0.223659
0.907765,0.788510,0.127215,0.165173
0.697802,0.961288,0.105415,0.127215
0.841102,0.780772,0.090450,0.105415
0.664975,0.800605,0.085153,0.090450
0.669011,0.980573,0.084021,0.085153
0.848055,0.819325,0.084332,0.084021
0.710813,0.814514,0.082995,0.084332
0.895917,0.952514,0.080042,0.082995
0.994141,0.846048,0.075330,0.080042
0.803977,0.803825,0.073208,0.075330
0.860694,0.978754,0.076803,0.073208
1.002397,0.838360,0.086509,0.076803
0.781056,0.809562,0.093365,0.086509
0.776579,0.963653,0.092650,0.093365
0.987338,0.874077,0.078440,0.092650
0.777069,0.953625,0.063553,0.078440
0.774620,1.071631,0.058370,0.063553
0.980782,0.910178,0.060809,0.058370
0.799889,0.936410,0.059711,0.060809
0.800032,1.080296,0.055056,0.059711
0.996663,0.925317,0.050848,0.055056
0.789859,0.933591,0.050854,0.050848
0.929917,1.064991,0.052668,0.050854
0.970957,0.902465,0.054393,0.052668
0.780246,0.901355,0.054825,0.054393
0.824268,1.062446,0.054793,0.054825
0.956238,0.859594,0.055148,0.054793
0.757860,0.877130,0.056361,0.055148
0.748915,1.009970,0.059050,0.056361
0.925633,0.878442,0.064001,0.059050
0.735988,0.869869,0.069720,0.064001
0.734260,1.033498,0.077247,0.069720
0.918364,1.019389,0.088636,0.077247
0.913408,0.960751,0.104866,0.088636
0.917949,0.877284,0.127752,0.104866
0.736210,0.989031,0.153360,0.127752
0.912913,1.001667,0.184314,0.153360
0.912480,0.852773,0.202369,0.184314
0.737667,0.997678,0.201545,0.202369
0.910831,0.836317,0.179474,0.201545
0.720301,0.854291,0.145157,0.179474
0.738329,0.980557,0.100117,0.145157
0.936133,0.822936,0.056695,0.100117
0.750773,0.831985,0.054204,0.056695
0.922953,0.994832,0.065812,0.054204
0.918506,0.788648,0.065799,0.065812
0.726722,0.877303,0.057178,0.065799
0.753139,1.011893,0.054113,0.057178
0.870004,0.834288,0.062227,0.054113
0.708261,0.824365,0.070027,0.062227
0.721189,1.001877,0.074131,0.070027
0.905676,1.006931,0.073892,0.074131
0.905646,0.963543,0.071574,0.073892
0.899001,0.826317,0.069632,0.071574
0.723317,0.857679,0.069664,0.069632
0.730749,0.982504,0.072291,0.069664
0.928134,0.817045,0.079192,0.072291
0.738580,1.008890,0.088324,0.079192
0.930221,0.989717,0.105212,0.088324
0.941945,0.837411,0.130251,0.105212
0.741648,0.996145,0.155979,0.130251
0.895514,0.798806,0.180590,0.155979
0.712164,0.861541,0.188795,0.180590
0.712382,1.009071,0.181224,0.188795
0.925508,0.834893,0.151073,0.181224
0.737896,0.833265,0.111683,0.151073
0.848865,1.000264,0.068406,0.111683
0.897648,0.827280,0.046694,0.068406
0.726307,0.831179,0.056859,0.046694
0.789720,0.972360,0.062109,0.056859
0.908536,0.840920,0.054144,0.062109
0.696498,0.847446,0.048072,0.054144
0.678774,0.997525,0.051493,0.048072
0.846955,0.831834,0.060669,0.051493
0.687889,0.834416,0.065554,0.060669
0.716589,0.981867,0.066650,0.065554
0.916289,0.817891,0.065145,0.066650
0.737498,0.824795,0.063641,0.065145
0.737077,0.978059,0.063746,0.063641
0.918224,0.815068,0.067091,0.063746
0.729081,0.847107,0.072184,0.067091
0.866473,0.971318,0.080120,0.072184
0.910445,0.806847,0.093030,0.080120
0.722860,0.857758,0.107569,0.093030
0.762065,0.985701,0.128181,0.107569
0.887080,0.962853,0.158378,0.128181
0.874716,0.992143,0.184964,0.158378
0.839608,1.007358,0.195105,0.184964
0.894935,0.999541,0.182752,0.195105
0.901437,0.835979,0.148447,0.182752
0.689169,1.027656,0.106965,0.148447
0.852000,0.961829,0.060940,0.106965
0.869688,0.823402,0.054251,0.060940
0.738207,0.977392,0.063542,0.054251
0.832426,0.839502,0.061238,0.063542
0.759657,0.856868,0.051758,0.061238
0.735113,0.982229,0.049179,0.051758
0.921890,0.802990,0.058646,0.049179
0.735946,0.869540,0.064588,0.058646
0.748497,0.973784,0.053355,0.064588
1.023828,0.799692,0.087607,0.053355
0.853092,0.813532,0.126828,0.087607
0.800625,0.886852,0.145175,0.126828
0.864543,0.680387,0.150716,0.145175
0.603881,0.644439,0.148501,0.150716
0.566292,0.657653,0.143248,0.148501
0.469135,0.515288,0.136079,0.143248
0.477899,0.483411,0.132058,0.136079
0.387421,0.480517,0.131830,0.132058
0.404800,0.385913,0.137005,0.131830
0.330686,0.375425,0.145272,0.137005
0.284990,0.363612,0.157157,0.145272
0.321514,0.275688,0.175150,0.157157
0.235198,0.267825,0.193182,0.175150
0.212176,0.272239,0.214126,0.193182
0.230107,0.206660,0.239544,0.214126
0.170631,0.202170,0.254855,0.239544
0.166091,0.196608,0.259441,0.254855
0.194536,0.157171,0.248007,0.259441
0.157220,0.141223,0.227110,0.248007
0.169179,0.147848,0.205244,0.227110
0.141157,0.110298,0.186738,0.205244
0.148871,0.097231,0.179591,0.186738
0.121529,0.098634,0.179979,0.179591
0.122537,0.073280,0.185718,0.179979
0.096327,0.038663,0.191664,0.185718
0.082992,0.062097,0.196580,0.191664
0.094178,0.041663,0.199561,0.196580
0.064332,0.036965,0.199796,0.199561
0.056979,0.050025,0.198548,0.199796
0.056521,0.030316,0.196424,0.198548
0.035193,0.058539,0.194849,0.196424
0.042651,0.039099,0.193597,0.194849
0.040593,0.048045,0.193243,0.193597
0.034802,0.054703,0.193503,0.193243
0.042318,0.014355,0.194216,0.193503
0.033938,0.009871,0.194753,0.194216
0.035351,0.036614,0.195196,0.194753
0.037654,0.018049,0.195435,0.195196
0.027311,0.029174,0.195090,0.195435
0.016829,0.010437,0.194350,0.195090
0.021159,0.037602,0.194399,0.194350
0.000000,0.020034,0.195046,0.194399
0.000000,0.024303,0.195381,0.195046
0.000000,0.019229,0.195702,0.195381
