0.000000,0.000000,0.000000,0.000000
0.000000,0.014668,2.030728,0.000000
0.021724,0.028416,2.028394,2.030728
0.024006,0.052862,2.029318,2.028394
0.030648,0.039773,2.036678,2.029318
0.021055,0.042139,2.044491,2.036678
0.000000,0.032887,2.024605,2.044491
0.000000,0.014642,2.024638,2.024605
0.000000,0.026104,2.025214,2.024638
0.000000,0.031149,2.025675,2.025214
0.000000,0.045960,2.025025,2.025675
0.000000,0.019049,2.023652,2.025025
0.000000,0.014686,2.022289,2.023652
0.000000,0.034153,2.020810,2.022289
0.034376,0.020756,2.007753,2.020810
0.037238,0.046265,2.012663,2.007753
0.000000,0.018125,2.017905,2.012663
0.021918,0.020312,2.022559,2.017905
0.027558,0.033170,2.025262,2.022559
0.021384,0.042669,2.024678,2.025262
0.022869,0.027588,2.022588,2.024678
0.034989,0.042784,2.019502,2.022588
0.000000,0.061200,2.017353,2.019502
0.049769,0.022705,2.016729,2.017353
0.068194,0.048670,2.017418,2.016729
0.084326,0.039952,2.019498,2.017418
0.104482,0.044477,2.022658,2.019498
0.078107,0.043584,2.024468,2.022658
0.086709,0.031431,2.025112,2.024468
0.064673,0.019305,2.023375,2.025112
0.045090,0.022180,2.021233,2.023375
0.050988,0.010450,2.018970,2.021233
0.039974,0.007776,2.015617,2.018970
0.187598,0.017711,1.983050,2.015617
0.156134,0.053272,1.949170,1.983050
0.106925,0.155470,1.898699,1.949170
0.059774,0.262732,1.798486,1.898699
0.300163,0.360356,1.663374,1.798486
0.493719,0.410237,1.541975,1.663374
0.430053,0.491112,1.462112,1.541975
0.506712,0.673384,1.387964,1.462112
0.562065,0.652817,1.290590,1.387964
0.507227,0.705247,1.182926,1.290590
0.587335,0.930791,1.049234,1.182926
0.861845,0.806052,0.871167,1.049234
0.464330,0.827783,0.720461,0.871167
0.612582,0.973360,0.578566,0.720461
1.095504,0.773706,0.433092,0.578566
0.894030,0.804238,0.332883,0.433092
1.013054,0.971286,0.251297,0.332883
0.858602,0.793872,0.180024,0.251297
0.889908,0.803093,0.138742,0.180024
0.755080,0.908908,0.111577,0.138742
0.819593,0.807562,0.093490,0.111577
0.719467,0.808452,0.086953,0.093490
0.678217,0.926086,0.085293,0.086953
0.855295,0.808589,0.084467,0.085293
0.711730,0.810249,0.081890,0.084467
0.751484,0.968914,0.075400,0.081890
0.989027,0.824517,0.066800,0.075400
0.808703,1.005916,0.061077,0.066800
1.013970,0.955534,0.057545,0.061077
1.008196,0.825773,0.057456,0.057545
0.795911,0.948308,0.058119,0.057456
1.002896,0.823856,0.059170,0.058119
0.799918,0.852779,0.060052,0.059170
0.793075,0.948898,0.060891,0.060052
0.988702,0.845663,0.061699,0.060891
0.794734,0.838974,0.062105,0.061699
0.942020,0.965980,0.061867,0.062105
1.008214,0.815412,0.061191,0.061867
0.813930,0.822278,0.060265,0.061191
0.855333,0.995858,0.059300,0.060265
1.000526,0.845131,0.058459,0.059300
0.796386,0.856402,0.058177,0.058459
0.789222,0.960662,0.058479,0.058177
0.998191,0.802836,0.058743,0.058479
0.798169,0.833922,0.059598,0.058743
0.790044,1.005332,0.060749,0.059598
0.977740,0.811296,0.062823,0.060749
0.780660,0.860658,0.064188,0.062823
0.777523,0.948276,0.064588,0.064188
0.978406,0.812274,0.064030,0.064588
0.787065,0.874050,0.042422,0.064030
1.005662,0.988371,0.019603,0.042422
1.134226,0.792167,0.090772,0.019603
0.906825,0.906515,0.120391,0.090772
1.026121,0.829690,0.131736,0.120391
0.895190,0.701850,0.129813,0.131736
0.670597,0.707747,0.123363,0.129813
0.681548,0.676123,0.114353,0.123363
0.646100,0.565407,0.105002,0.114353
0.584336,0.449678,0.097653,0.105002
0.433460,0.453324,0.093113,0.097653
0.418394,0.457243,0.090140,0.093113
0.452843,0.363258,0.089315,0.090140
0.333458,0.345107,0.086682,0.089315
0.293493,0.361321,0.068670,0.086682
0.233834,0.276982,0.073914,0.068670
0.246054,0.308581,0.108150,0.073914
0.342887,0.320224,0.178812,0.108150
0.498051,0.283058,0.266470,0.178812
0.446313,0.292902,0.305438,0.266470
0.295079,0.256128,0.268051,0.305438
0.230211,0.331563,0.225459,0.268051
0.368876,0.308156,0.270544,0.225459
0.274234,0.320526,0.376278,0.270544
0.241373,0.452936,0.494571,0.376278
0.301067,0.534156,0.635966,0.494571
0.317985,0.643058,0.778938,0.635966
0.358521,0.610194,0.921099,0.778938
0.506491,0.690504,1.037383,0.921099
0.636715,0.896947,1.146912,1.037383
0.893817,0.767171,1.254324,1.146912
0.756767,0.806059,1.328058,1.254324
0.999308,0.970588,1.392041,1.328058
0.849812,0.814510,1.453966,1.392041
0.879509,0.792151,1.496691,1.453966
0.765812,0.927416,1.532984,1.496691
0.823788,0.769203,1.565682,1.532984
0.718995,0.796729,1.584462,1.565682
0.691371,0.931917,1.594576,1.584462
0.896680,0.787048,1.594281,1.594576
0.738864,0.819702,1.585056,1.594281
0.760707,0.966932,1.571907,1.585056
0.974552,0.791316,1.557994,1.571907
0.777618,0.812450,1.550483,1.557994
0.779951,0.968489,1.547372,1.550483
0.987124,0.821472,1.548180,1.547372
0.799809,0.827023,1.550912,1.548180
0.963599,0.972863,1.554237,1.550912
0.849362,0.793722,1.557451,1.554237
0.943724,0.833297,1.559007,1.557451
0.842784,0.981075,1.559498,1.559007
0.951180,0.828836,1.559177,1.559498
0.847167,0.841716,1.558548,1.559177
0.807672,0.964549,1.557920,1.558548
1.018951,0.825307,1.557555,1.557920
0.817860,1.007910,1.557794,1.557555
1.023837,0.976857,1.558407,1.557794
1.010408,0.833938,1.558982,1.558407
0.796847,0.996089,1.559336,1.558982
0.991679,0.809610,1.559366,1.559336
0.801880,0.829993,1.559071,1.559366
0.806138,0.996202,1.558674,1.559071
1.018343,0.810486,1.558260,1.558674
0.818555,0.853399,1.558109,1.558260
0.812081,0.983804,1.558171,1.558109
1.000784,0.805787,1.558409,1.558171
0.806123,0.847922,1.558985,1.558409
0.953446,0.988706,1.559811,1.558985
1.001664,0.832171,1.560024,1.559811
0.566233,0.845024,1.560658,1.560024
0.391984,0.955034,1.563461,1.560658
0.891141,0.744696,1.565953,1.563461
0.716132,0.718756,1.566520,1.565953
0.679071,0.756192,1.566296,1.566520
0.773036,0.601124,1.565994,1.566296
0.576570,0.575184,1.566311,1.565994
0.539983,0.619018,1.567708,1.566311
0.603276,0.492717,1.570761,1.567708
0.452305,0.455545,1.574545,1.570761
0.421114,0.497391,1.579323,1.574545
0.475210,0.382287,1.585426,1.579323
0.355985,0.357150,1.590565,1.585426
0.399685,0.359282,1.594567,1.590565
0.327459,0.319550,1.598364,1.594567
0.224890,0.296677,1.598631,1.598364
0.363997,0.329078,1.591438,1.598631
0.514794,0.267791,1.572058,1.591438
0.401744,0.247033,1.542197,1.572058
0.337818,0.290052,1.490364,1.542197
0.305976,0.258177,1.413522,1.490364
0.301827,0.272921,1.336450,1.413522
0.339474,0.362502,1.250768,1.336450
0.322358,0.344693,1.149652,1.250768
0.280892,0.398700,1.062821,1.149652
0.324751,0.504910,0.958064,1.062821
0.448646,0.563494,0.816449,0.958064
0.406072,0.612435,0.683037,0.816449
0.588978,0.831115,0.539921,0.683037
0.777025,0.725603,0.388629,0.539921
0.752780,0.770845,0.281933,0.388629
0.966337,0.972984,0.195662,0.281933
1.140035,0.993297,0.128684,0.195662
1.007606,0.923262,0.084527,0.128684
0.879740,0.770419,0.063959,0.084527
0.745480,0.799408,0.063494,0.063959
0.686572,0.928353,0.071842,0.063494
0.857718,0.774395,0.079368,0.071842
0.704993,0.832592,0.080872,0.079368
0.735023,0.938117,0.078751,0.080872
0.953347,0.786041,0.074976,0.078751
0.779148,0.989573,0.073672,0.074976
0.997252,0.943975,0.073714,0.073672
1.003422,0.838541,0.073102,0.073714
0.803404,0.993740,0.071465,0.073102
1.007972,0.817874,0.068901,0.071465
0.805935,0.826939,0.066760,0.068901
0.800846,0.975816,0.065302,0.066760
0.996473,0.801329,0.064815,0.065302
0.794025,0.857636,0.065214,0.064815
0.944639,0.977498,0.066038,0.065214
0.986221,0.833480,0.066820,0.066038
0.787094,0.812274,0.066892,0.066820
0.853474,0.957344,0.066304,0.066892
1.000107,0.813915,0.065045,0.066304
0.805597,0.856173,0.064003,0.065045
0.803803,0.929980,0.063289,0.064003
1.010245,0.839662,0.063024,0.063289
0.802928,0.852135,0.062963,0.063024
0.801370,0.997077,0.062904,0.062963
0.994769,0.835299,0.062459,0.062904
0.790081,0.842520,0.062098,0.062459
0.782208,0.981901,0.061872,0.062098
0.971735,0.821921,0.062190,0.061872
0.779584,0.817312,0.062235,0.062190
0.931630,0.979792,0.062319,0.062235
0.987343,0.819735,0.062688,0.062319
0.796382,1.042545,0.063001,0.062688
0.994711,0.971467,0.030192,0.063001
1.095814,0.856635,0.047337,0.030192
1.006721,0.936948,0.097664,0.047337
1.054332,0.757390,0.123628,0.097664
0.858226,0.734426,0.130365,0.123628
0.706417,0.756031,0.129802,0.130365
0.775900,0.607284,0.123505,0.129802
0.560657,0.524717,0.115526,0.123505
0.500063,0.601683,0.106416,0.115526
0.565800,0.457530,0.096142,0.106416
0.422960,0.535824,0.088706,0.096142
0.494908,0.486919,0.081102,0.088706
0.444502,0.338767,0.075394,0.081102
0.340069,0.380993,0.066001,0.075394
0.355871,0.328765,0.016892,0.066001
0.253135,0.344906,0.027979,0.016892
0.398465,0.283611,0.121818,0.027979
0.400293,0.301465,0.207708,0.121818
0.518186,0.306458,0.296294,0.207708
0.460475,0.242914,0.315149,0.296294
0.369569,0.299264,0.287436,0.315149
0.563865,0.327525,0.287994,0.287436
0.531028,0.374251,0.380103,0.287994
0.241196,0.323130,0.506443,0.380103
0.176335,0.373198,0.629261,0.506443
0.191407,0.550836,0.755071,0.629261
0.407060,0.555691,0.905158,0.755071
0.477624,0.639196,1.028430,0.905158
0.708241,0.853599,1.144959,1.028430
0.841501,0.729656,1.257254,1.144959
1.016615,0.834472,1.329857,1.257254
0.993900,0.960530,1.389991,1.329857
1.080817,0.795718,1.447964,1.389991
0.891087,0.796456,1.488737,1.447964
0.768447,0.939371,1.524388,1.488737
0.883677,0.777618,1.558055,1.524388
0.699000,0.814216,1.578614,1.558055
0.702751,0.948278,1.591107,1.578614
0.907024,0.784078,1.593034,1.591107
0.744711,0.802317,1.584470,1.593034
0.767059,0.947858,1.571037,1.584470
0.997939,0.827759,1.556306,1.571037
0.821593,0.834239,1.548122,1.556306
0.971916,0.966745,1.544639,1.548122
0.866424,0.822065,1.545621,1.544639
0.948928,0.856323,1.548882,1.545621
0.847000,0.991819,1.552979,1.548882
0.936408,0.789510,1.557058,1.552979
0.838749,0.831767,1.559158,1.557058
0.798699,0.968104,1.560005,1.559158
0.999766,0.808324,1.559713,1.560005
0.800368,0.837719,1.559078,1.559713
0.798624,0.987160,1.558395,1.559078
1.012726,0.821596,1.557907,1.558395
0.810414,0.835323,1.557781,1.557907
0.814913,0.992571,1.557859,1.557781
1.007556,0.810354,1.558228,1.557859
0.802670,0.850009,1.558648,1.558228
0.955314,0.998387,1.559113,1.558648
0.861728,0.826107,1.559657,1.559113
0.962720,0.995165,1.560216,1.559657
1.003360,0.996570,1.560827,1.560216
0.852852,0.836403,1.561245,1.560827
0.950598,0.980251,1.561458,1.561245
0.997029,0.800175,1.561827,1.561458
0.804246,0.827330,1.562300,1.561827
0.858922,1.014530,1.562968,1.562300
1.002139,0.830579,1.563796,1.562968
0.806137,0.842825,1.563809,1.563796
1.022499,0.971120,1.564841,1.563809
1.240808,0.930927,1.568733,1.564841
1.125056,0.875359,1.571058,1.568733
0.938659,0.680657,1.571271,1.571058
0.658180,0.659991,1.570863,1.571271
0.591232,0.703205,1.570222,1.570863
0.679440,0.514922,1.569198,1.570222
0.504207,0.619053,1.568405,1.569198
0.581561,0.523218,1.567490,1.568405
0.532808,0.418486,1.566460,1.567490
0.397097,0.454255,1.565675,1.566460
0.451387,0.367072,1.565404,1.565675
0.339140,0.327805,1.565534,1.565404
0.288580,0.355889,1.566473,1.565534
0.251272,0.276307,1.568596,1.566473
0.292998,0.299654,1.565726,1.568596
0.447253,0.351735,1.556002,1.565726
0.482640,0.273383,1.530727,1.556002
0.357124,0.196369,1.486110,1.530727
0.343637,0.296908,1.425900,1.486110
0.368039,0.255842,1.339054,1.425900
0.353455,0.332262,1.256797,1.339054
0.239372,0.387960,1.169217,1.256797
0.282623,0.340551,1.067680,1.169217
0.237710,0.434553,0.973539,1.067680
0.131970,0.565667,0.858842,0.973539
0.166252,0.608884,0.710027,0.858842
0.237624,0.782536,0.573491,0.710027
0.524777,0.847198,0.416766,0.573491
0.694604,0.771330,0.287660,0.416766
0.688966,0.996996,0.199360,0.287660
1.046695,0.960393,0.130412,0.199360
0.933901,0.963303,0.082712,0.130412
0.843220,0.781172,0.057585,0.082712
0.651441,0.852524,0.055962,0.057585
0.658408,0.932355,0.064397,0.055962
0.834840,0.801584,0.072517,0.064397
0.689259,0.805907,0.074598,0.072517
0.867572,0.941261,0.073614,0.074598
0.949516,0.804290,0.072394,0.073614
0.771381,0.847820,0.072894,0.072394
0.814891,0.960281,0.074032,0.072894
0.984611,0.964620,0.073733,0.074032
0.991082,0.987195,0.071690,0.073733
0.944455,0.832815,0.068817,0.071690
0.832259,0.822438,0.066712,0.068817
0.797940,0.979475,0.065478,0.066712
0.983582,0.835730,0.064860,0.065478
0.788742,0.970150,0.064556,0.064860
0.991801,0.992645,0.063861,0.064556
0.991968,0.811854,0.063038,0.063861
0.794215,0.968113,0.062597,0.063038
0.987534,0.827177,0.062464,0.062597
0.790711,0.830314,0.062658,0.062464
0.793298,1.038346,0.063013,0.062658
0.994517,0.827268,0.063139,0.063013
0.799000,0.849703,0.062380,0.063139
0.805580,0.981380,0.061005,0.062380
1.005208,0.802972,0.059371,0.061005
0.799477,0.839621,0.058413,0.059371
0.948158,0.990884,0.058214,0.058413
0.991747,0.799667,0.058966,0.058214
0.795819,0.850687,0.060162,0.058966
0.841815,0.940947,0.061329,0.060162
0.980720,0.845379,0.062669,0.061329
0.791841,0.844994,0.063640,0.062669
0.788181,0.987769,0.063719,0.063640
1.005275,0.794803,0.028008,0.063719
0.900914,0.837005,0.038532,0.028008
0.936252,0.933998,0.094921,0.038532
1.119738,0.706346,0.122721,0.094921
0.783870,0.737765,0.128048,0.122721
0.698526,0.746900,0.124962,0.128048
0.773332,0.574886,0.116250,0.124962
0.557922,0.600651,0.107735,0.116250
0.597165,0.619364,0.099192,0.107735
0.564817,0.467011,0.090409,0.099192
0.437382,0.483387,0.084773,0.090409
0.502666,0.455837,0.079891,0.084773
0.466822,0.401094,0.076121,0.079891
0.365878,0.377008,0.067440,0.076121
0.346089,0.325894,0.018625,0.067440
0.197947,0.306298,0.027045,0.018625
0.275093,0.323419,0.101354,0.027045
0.505892,0.246260,0.202861,0.101354
0.437088,0.286976,0.280513,0.202861
0.369313,0.268177,0.314791,0.280513
0.403276,0.226042,0.293722,0.314791
0.349780,0.286755,0.270210,0.293722
0.438355,0.366045,0.316265,0.270210
0.545577,0.321714,0.423216,0.316265
0.358298,0.373747,0.538440,0.423216
0.409105,0.522017,0.663984,0.538440
0.423664,0.502744,0.809304,0.663984
0.671726,0.605977,0.932127,0.809304
0.687070,0.814239,1.053454,0.932127
0.878733,0.717174,1.181026,1.053454
0.904189,0.773069,1.269406,1.181026
0.894292,0.934540,1.342677,1.269406
1.117597,0.768886,1.412082,1.342677
0.816885,0.828214,1.459235,1.412082
0.747771,0.906062,1.499574,1.459235
0.865219,0.786302,1.538432,1.499574
0.673230,0.796173,1.564002,1.538432
0.684404,0.923413,1.582656,1.564002
0.902529,0.774617,1.593261,1.582656
0.735027,0.811266,1.591844,1.593261
0.895074,0.936695,1.582339,1.591844
0.813069,0.804834,1.567284,1.582339
0.921304,0.821248,1.556253,1.567284
0.818388,0.948148,1.548927,1.556253
0.919462,0.800801,1.546264,1.548927
0.827210,0.843468,1.547716,1.546264
0.777120,0.953122,1.551055,1.547716
0.975914,0.803581,1.555398,1.551055
0.785544,0.821717,1.558113,1.555398
0.782231,0.991849,1.559610,1.558113
0.987331,0.824462,1.559784,1.559610
0.801791,0.822313,1.558934,1.559784
0.817535,0.966927,1.557690,1.558934
1.016073,0.826794,1.556294,1.557690
0.808330,0.843953,1.555547,1.556294
0.946905,0.982426,1.555196,1.555547
0.851102,0.825377,1.555159,1.555196
0.948008,0.841383,1.555318,1.555159
0.839920,0.953827,1.555724,1.555318
0.934636,0.823799,1.556294,1.555724
0.837332,0.860062,1.556753,1.556294
0.795922,0.980975,1.557169,1.556753
1.003692,0.831221,1.557578,1.557169
0.803637,0.988360,1.557816,1.557578
1.002559,0.985657,1.558146,1.557816
1.020908,0.852355,1.558685,1.558146
0.800435,0.961494,1.559352,1.558685
0.993821,0.806823,1.560340,1.559352
0.784312,0.838026,1.560973,1.560340
0.808969,0.997882,1.561220,1.560973
1.161728,0.796073,1.563888,1.561220
0.929090,0.766657,1.566683,1.563888
0.872962,0.866503,1.568431,1.566683
0.925630,0.682365,1.569394,1.568431
0.671617,0.642393,1.569594,1.569394
0.705368,0.699620,1.569371,1.569594
0.679225,0.531679,1.568728,1.569371
0.502436,0.532935,1.567811,1.568728
0.493335,0.537794,1.566384,1.567811
0.532619,0.418390,1.564095,1.566384
0.401510,0.431120,1.561893,1.564095
0.388349,0.434274,1.559871,1.561893
0.434197,0.346772,1.558253,1.559871
0.296596,0.300282,1.557279,1.558253
0.217312,0.374771,1.559505,1.557279
0.373358,0.313703,1.575729,1.559505
0.403007,0.272648,1.606955,1.575729
0.439513,0.279998,1.654622,1.606955
0.519401,0.233474,1.720756,1.654622
0.318097,0.248386,1.770008,1.720756
0.378345,0.340528,1.822277,1.770008
0.512761,0.282625,1.909978,1.822277
0.379703,0.310052,2.002531,1.909978
0.239494,0.397696,2.108449,2.002531
0.211085,0.418497,2.252853,2.108449
0.208965,0.480115,2.386587,2.252853
0.373036,0.657621,2.528383,2.386587
0.755501,0.766374,2.685802,2.528383
1.091444,0.843655,2.817993,2.685802
1.247140,0.731656,2.912909,2.817993
1.068670,0.834837,2.971246,2.912909
1.071744,0.944062,3.019085,2.971246
1.194337,0.800209,3.065079,3.019085
0.851305,0.774461,3.097471,3.065079
0.789682,0.919676,3.125003,3.097471
0.930840,0.762797,3.135834,3.125003
0.728608,0.771967,3.124596,3.135834
0.847000,0.933907,3.122200,3.124596
0.743793,0.762853,3.130415,3.122200
0.830020,0.935193,3.141993,3.130415
0.861573,0.937033,3.129639,3.141993
0.754063,0.808998,3.121232,3.129639
0.854458,0.986644,3.118581,3.121232
0.966754,0.819117,3.119745,3.118581
0.786050,0.815381,3.122665,3.119745
0.845557,0.993673,3.126048,3.122665
0.998319,0.794301,3.129087,3.126048
0.814277,0.844091,3.130411,3.129087
0.819284,0.974630,3.130701,3.130411
1.014827,0.796314,3.130032,3.130701
0.813481,0.814141,3.129121,3.130032
0.810659,0.968115,3.128368,3.129121
1.016185,0.979954,3.127839,3.128368
1.016869,1.011883,3.127849,3.127839
1.010342,0.833630,3.128114,3.127849
0.799786,0.989553,3.128360,3.128114
0.987692,0.996057,3.128622,3.128360
0.990469,0.846278,3.128898,3.128622
0.788123,0.992542,3.129074,3.128898
0.985035,1.004274,3.129133,3.129074
0.993757,0.985749,3.129272,3.129133
0.976803,0.810692,3.129383,3.129272
0.795406,0.862155,3.129522,3.129383
0.783825,0.980346,3.129699,3.129522
0.978687,0.785737,3.130089,3.129699
0.792255,0.829095,3.130607,3.130089
0.947337,0.982037,3.131243,3.130607
0.780101,0.821328,3.131879,3.131243
0.997190,0.834852,3.133242,3.131879
0.807793,0.941736,3.135306,3.133242
0.334928,0.872681,3.136998,3.135306
0.507591,0.798710,3.137841,3.136998
0.677949,0.608756,3.138280,3.137841
0.545018,0.602830,3.138402,3.138280
0.540379,0.637691,3.138348,3.138402
0.587894,0.490824,3.138054,3.138348
0.438843,0.552583,3.137488,3.138054
0.507274,0.483455,3.136420,3.137488
0.466179,0.363411,3.135094,3.136420
0.349619,0.416615,3.133910,3.135094
0.405026,0.316491,3.132903,3.133910
0.296648,0.317276,3.132422,3.132903
0.271965,0.304468,3.132232,3.132422
0.311503,0.259022,3.132471,3.132232
0.234957,0.221279,3.132834,3.132471
0.220733,0.234498,3.133136,3.132834
0.243783,0.207481,3.133432,3.133136
0.167180,0.144062,3.133519,3.133432
0.160103,0.183879,3.133371,3.133519
0.122913,0.136601,3.133083,3.133371
0.133917,0.128413,3.132813,3.133083
0.096832,0.116246,3.132668,3.132813
0.090896,0.079095,3.132665,3.132668
0.081279,0.087259,3.132779,3.132665
0.069886,0.047960,3.132900,3.132779
0.090242,0.050657,3.133073,3.132900
0.067545,0.026725,3.133155,3.133073
0.049759,0.039912,3.133176,3.133155
0.040752,0.013201,3.133126,3.133176
0.031853,0.026839,3.133070,3.133126
0.029002,0.032502,3.133005,3.133070
0.034163,0.019940,3.132971,3.133005
0.000000,0.000000,0.000000,0.000000
0.000000,0.020358,2.046680,0.000000
0.020953,0.044581,2.040169,2.046680
0.029438,0.067519,2.032212,2.040169
0.043783,0.045131,2.009121,2.032212
0.036675,0.026282,1.977674,2.009121
0.118128,0.015669,1.898401,1.977674
0.209617,0.058554,1.870347,1.898401
0.128502,0.138642,1.825027,1.870347
0.105721,0.210212,1.735075,1.825027
0.096589,0.271152,1.634734,1.735075
0.331375,0.432907,1.528060,1.634734
0.428184,0.456820,1.419953,1.528060
0.610083,0.534660,1.342527,1.419953
0.570578,0.706894,1.267325,1.342527
0.660875,0.669225,1.154229,1.267325
0.739201,0.890062,1.030806,1.154229
1.048908,0.932997,0.854279,1.030806
0.889875,0.853167,0.677900,0.854279
0.913890,0.964679,0.541756,0.677900
1.192278,0.805458,0.403970,0.541756
0.904365,0.804931,0.308992,0.403970
0.859197,0.942233,0.231282,0.308992
0.995242,0.795279,0.161269,0.231282
0.756337,0.763341,0.119551,0.161269
0.712342,0.935173,0.095243,0.119551
0.876119,0.793551,0.087671,0.095243
0.695652,0.782815,0.089193,0.087671
0.696242,0.973805,0.089808,0.089193
0.888659,0.782171,0.086370,0.089808
0.708414,0.826553,0.079668,0.086370
0.866916,0.963405,0.070991,0.079668
0.955618,0.793902,0.063844,0.070991
0.779794,0.824140,0.061072,0.063844
0.840060,0.968718,0.060277,0.061072
0.968276,0.823830,0.060192,0.060277
0.789602,0.870666,0.060334,0.060192
0.789518,0.993605,0.060456,0.060334
0.991812,0.793964,0.060698,0.060456
0.804732,0.840859,0.061219,0.060698
0.801737,0.969588,0.061503,0.061219
1.004273,0.821014,0.061550,0.061503
0.796192,0.850423,0.061252,0.061550
0.802508,0.975734,0.060543,0.061252
1.010815,0.841461,0.059022,0.060543
0.813543,0.831393,0.057951,0.059022
0.954356,0.975198,0.057003,0.057951
0.996349,0.834315,0.056034,0.057003
0.792906,0.853440,0.056233,0.056034
0.842173,1.007294,0.056950,0.056233
0.990722,0.796445,0.057975,0.056950
0.791834,0.819537,0.059143,0.057975
0.780968,0.991227,0.060421,0.059143
0.981931,0.824980,0.061371,0.060421
0.784975,0.816891,0.061473,0.061371
0.783115,0.983455,0.061241,0.061473
1.004031,0.819713,0.055689,0.061241
0.814772,1.007040,0.016253,0.055689
1.136688,0.952261,0.063943,0.016253
1.161127,0.781792,0.113435,0.063943
0.849849,0.868207,0.128564,0.113435
0.945079,0.674394,0.130203,0.128564
0.672298,0.613018,0.124920,0.130203
0.706626,0.668048,0.116672,0.124920
0.576767,0.540602,0.105980,0.116672
0.592087,0.522557,0.097655,0.105980
0.480375,0.520796,0.090610,0.097655
0.496365,0.397821,0.084541,0.090610
0.413553,0.415172,0.080939,0.084541
0.362466,0.403106,0.078437,0.080939
0.426180,0.320759,0.068186,0.078437
0.278850,0.301071,0.045232,0.068186
0.203116,0.374070,0.056357,0.045232
0.380583,0.269130,0.126079,0.056357
0.401884,0.253067,0.203227,0.126079
0.375117,0.316086,0.276753,0.203227
0.409582,0.219513,0.301003,0.276753
0.284233,0.256202,0.267229,0.301003
0.420367,0.319403,0.224301,0.267229
0.454089,0.274393,0.272303,0.224301
0.417071,0.328212,0.365093,0.272303
0.280811,0.420715,0.480392,0.365093
0.328502,0.397669,0.624205,0.480392
0.397374,0.480531,0.741707,0.624205
0.543821,0.703020,0.864256,0.741707
0.893060,0.661861,1.005074,0.864256
0.860693,0.746640,1.116475,1.005074
0.958666,0.904846,1.217008,1.116475
1.237011,0.802928,1.312968,1.217008
0.946461,0.817483,1.378339,1.312968
0.838688,0.945475,1.432966,1.378339
0.850721,0.751073,1.484182,1.432966
0.665245,0.798174,1.519075,1.484182
0.777674,0.922750,1.548401,1.519075
0.685982,0.757442,1.574054,1.548401
0.789587,0.789308,1.587414,1.574054
0.746316,0.932255,1.592093,1.587414
0.871602,0.788617,1.585555,1.592093
0.811002,0.814946,1.573978,1.585555
0.777198,0.980382,1.561376,1.573978
0.980652,0.787398,1.550287,1.561376
0.788852,0.836475,1.545586,1.550287
0.794824,0.993364,1.544890,1.545586
1.000914,0.803176,1.547616,1.544890
0.805471,0.825604,1.551159,1.547616
0.797854,0.968196,1.554523,1.551159
0.988329,0.807092,1.557252,1.554523
0.787693,0.840599,1.558336,1.557252
0.944108,0.977403,1.558464,1.558336
0.844626,0.841959,1.557853,1.558464
0.955241,0.825987,1.557087,1.557853
0.856056,0.961200,1.556423,1.557087
0.957678,0.831357,1.556035,1.556423
0.855528,1.022932,1.556147,1.556035
1.000090,1.001073,1.556641,1.556147
0.940857,0.849733,1.557473,1.556641
0.831817,0.987575,1.558383,1.557473
0.998036,0.825169,1.559467,1.558383
0.801088,0.835222,1.560332,1.559467
0.796434,0.986579,1.561013,1.560332
0.989721,0.829840,1.561509,1.561013
0.799158,0.815789,1.561653,1.561509
0.795515,0.995238,1.561604,1.561653
0.986874,0.814353,1.561322,1.561604
0.790372,0.836608,1.561099,1.561322
0.795261,0.981595,1.560681,1.561099
1.020365,0.810387,1.559733,1.560681
0.892089,0.833796,1.561186,1.559733
1.103683,0.924692,1.563651,1.561186
1.058543,0.719578,1.565296,1.563651
0.758912,0.713212,1.565849,1.565296
0.717977,0.753196,1.566214,1.565849
0.751870,0.583042,1.567169,1.566214
0.551428,0.560972,1.568704,1.567169
0.517581,0.606031,1.570927,1.568704
0.586676,0.452491,1.574016,1.570927
0.428457,0.436944,1.576832,1.574016
0.394073,0.483001,1.579756,1.576832
0.468656,0.355475,1.583297,1.579756
0.358463,0.415620,1.586181,1.583297
0.349703,0.360348,1.589139,1.586181
0.252338,0.320657,1.591580,1.589139
0.274513,0.343890,1.587305,1.591580
0.516974,0.297020,1.571772,1.587305
0.408284,0.241775,1.548632,1.571772
0.423264,0.267782,1.505203,1.548632
0.277703,0.253886,1.433742,1.505203
0.218304,0.310482,1.359922,1.433742
0.311621,0.360872,1.276276,1.359922
0.250090,0.298186,1.174154,1.276276
0.168345,0.358964,1.087880,1.174154
0.129106,0.491143,0.990084,1.087880
0.350944,0.479362,0.853062,0.990084
0.361879,0.586103,0.727074,0.853062
0.443519,0.778430,0.585784,0.727074
0.728282,0.714780,0.428752,0.585784
0.712187,0.775255,0.315495,0.428752
0.820656,0.937030,0.219300,0.315495
1.136139,0.789094,0.142588,0.219300
0.845916,0.814593,0.098865,0.142588
0.923525,0.952275,0.068911,0.098865
0.773098,0.772823,0.057900,0.068911
0.830516,0.804233,0.064106,0.057900
0.742260,0.922128,0.073287,0.064106
0.834595,0.781258,0.078354,0.073287
0.766419,0.782149,0.077763,0.078354
0.748777,0.968878,0.075440,0.077763
0.958289,0.788388,0.074154,0.075440
0.783711,0.810833,0.074756,0.074154
0.792863,0.950061,0.075129,0.074756
1.001955,0.822583,0.074228,0.075129
0.799013,0.840759,0.072645,0.074228
0.795070,0.988241,0.070830,0.072645
0.996261,0.801148,0.069004,0.070830
0.787372,0.831097,0.067749,0.069004
0.934517,0.993441,0.066491,0.067749
0.826210,0.833219,0.065943,0.066491
0.935438,0.839155,0.066069,0.065943
0.837947,0.989279,0.066054,0.066069
0.933276,0.808145,0.065616,0.066054
0.834878,0.841384,0.065007,0.065616
0.798851,1.009254,0.064312,0.065007
1.007473,0.825621,0.063461,0.064312
0.804400,0.842034,0.062457,0.063461
0.806619,0.954450,0.061283,0.062457
1.005269,0.818462,0.060218,0.061283
0.805024,0.808771,0.060162,0.060218
0.800600,0.969034,0.060900,0.060162
0.984129,0.831253,0.062258,0.060900
0.785485,0.856286,0.063343,0.062258
0.926117,0.964610,0.063944,0.063343
0.826843,0.806808,0.064122,0.063944
0.933477,0.875293,0.064123,0.064122
0.836197,0.984230,0.063903,0.064123
0.930696,0.815465,0.062921,0.063903
0.829662,0.851970,0.037141,0.062921
0.852069,1.007053,0.024943,0.037141
1.190244,0.798225,0.094908,0.024943
0.969143,0.771507,0.122461,0.094908
0.801929,0.835440,0.132026,0.122461
0.868515,0.628970,0.130894,0.132026
0.649847,0.618490,0.124566,0.130894
0.587844,0.650493,0.115618,0.124566
0.632201,0.538370,0.104241,0.115618
0.467710,0.469198,0.095241,0.104241
0.508300,0.528313,0.087237,0.095241
0.422875,0.369360,0.079683,0.087237
0.454802,0.374593,0.074987,0.079683
0.369193,0.405848,0.071263,0.074987
0.371246,0.329991,0.037217,0.071263
0.228844,0.296913,0.007658,0.037217
0.202765,0.313980,0.045781,0.007658
0.443840,0.296121,0.145485,0.045781
0.452538,0.281738,0.232483,0.145485
0.438034,0.292042,0.305741,0.232483
0.498485,0.241265,0.326912,0.305741
0.391180,0.237574,0.305750,0.326912
0.446928,0.332495,0.307961,0.305750
0.577518,0.320631,0.392029,0.307961
0.420073,0.324597,0.494349,0.392029
0.370938,0.496550,0.620032,0.494349
0.266466,0.445155,0.768612,0.620032
0.356342,0.536855,0.897957,0.768612
0.627568,0.727019,1.028159,0.897957
0.847386,0.686652,1.166611,1.028159
0.835499,0.771549,1.261543,1.166611
0.972539,0.911170,1.336588,1.261543
1.212272,0.794131,1.403876,1.336588
0.918446,0.832738,1.449909,1.403876
0.848633,0.958117,1.489743,1.449909
0.923815,0.785937,1.528975,1.489743
0.681779,0.779316,1.555843,1.528975
0.669027,0.933713,1.576936,1.555843
0.828642,0.765962,1.591314,1.576936
0.693020,0.799481,1.593069,1.591314
0.725774,0.949258,1.584982,1.593069
0.948776,0.800612,1.569278,1.584982
0.781027,0.823817,1.556852,1.569278
0.943250,0.963482,1.548120,1.556852
0.980891,0.804782,1.544192,1.548120
0.785561,0.827960,1.545183,1.544192
0.834336,0.978639,1.548595,1.545183
0.985539,0.812531,1.553311,1.548595
0.784464,0.980474,1.556566,1.553311
0.999595,0.973860,1.558765,1.556566
1.007871,0.854022,1.559138,1.558765
0.808133,1.008404,1.558693,1.559138
1.004046,0.802173,1.557685,1.558693
0.799311,0.840358,1.556907,1.557685
0.799360,0.985620,1.556422,1.556907
0.991267,1.016189,1.556458,1.556422
0.993632,0.969848,1.557004,1.556458
0.989337,0.820821,1.557856,1.557004
0.788973,0.844360,1.558673,1.557856
0.788094,0.984905,1.559416,1.558673
0.985677,0.837530,1.560031,1.559416
0.811632,0.821631,1.560336,1.560031
0.811642,1.011336,1.560561,1.560336
1.007619,0.817013,1.560741,1.560561
0.804640,0.842561,1.560962,1.560741
0.953453,0.967991,1.561235,1.560962
1.001165,0.793129,1.561619,1.561235
0.803138,0.839787,1.562110,1.561619
0.848740,0.963638,1.562621,1.562110
1.013242,0.833599,1.562304,1.562621
0.874201,0.840766,1.563143,1.562304
0.956433,0.964924,1.566282,1.563143
1.117040,0.913409,1.568764,1.566282
0.944571,0.820588,1.569546,1.568764
0.807291,0.641932,1.570038,1.569546
0.597088,0.596076,1.570649,1.570038
0.556610,0.640998,1.571195,1.570649
0.640132,0.622831,1.571643,1.571195
0.586743,0.536614,1.571730,1.571643
0.537034,0.405559,1.571087,1.571730
0.394002,0.375036,1.569996,1.571087
0.366486,0.394828,1.568767,1.569996
0.419533,0.338315,1.567129,1.568767
0.283534,0.332991,1.566225,1.567129
0.196949,0.337018,1.565600,1.566225
0.376776,0.278474,1.558482,1.565600
0.548361,0.284300,1.545009,1.558482
0.372235,0.286864,1.520185,1.545009
0.387779,0.256069,1.463284,1.520185
0.330087,0.246392,1.400503,1.463284
0.367426,0.305999,1.322830,1.400503
0.483943,0.300429,1.222254,1.322830
0.285970,0.328359,1.135165,1.222254
0.274311,0.436165,1.047093,1.135165
0.289314,0.402341,0.929184,1.047093
0.258922,0.527846,0.812584,0.929184
0.430626,0.725100,0.681903,0.812584
0.872830,0.828288,0.518448,0.681903
1.111436,0.873031,0.367006,0.518448
1.213532,0.770697,0.244863,0.367006
1.007817,0.796921,0.168693,0.244863
0.989641,0.962844,0.116484,0.168693
1.126424,0.774151,0.074787,0.116484
0.806383,0.968110,0.058500,0.074787
0.917867,0.938637,0.062755,0.058500
0.874744,0.800280,0.073911,0.062755
0.716718,0.933820,0.079739,0.073911
0.899763,0.766832,0.079798,0.079739
0.735557,0.818215,0.076423,0.079798
0.904976,0.930421,0.073892,0.076423
0.957943,0.801708,0.074218,0.073892
0.769524,0.795153,0.075200,0.074218
0.829144,0.936735,0.075185,0.075200
0.978676,0.799567,0.073948,0.075185
0.778150,0.810384,0.072775,0.073948
0.778815,0.996888,0.071681,0.072775
0.969775,0.784461,0.070704,0.071681
0.778851,0.842169,0.070078,0.070704
0.782174,0.982671,0.069392,0.070078
0.988816,0.838285,0.068612,0.069392
0.797512,0.865307,0.067933,0.068612
0.793027,1.014248,0.066909,0.067933
0.996750,0.829699,0.064968,0.066909
0.795422,0.840206,0.063014,0.064968
0.946196,0.984125,0.061382,0.063014
1.005407,0.831827,0.060332,0.061382
0.803084,0.849688,0.060048,0.060332
0.858934,0.977333,0.060264,0.060048
1.001373,0.811567,0.060830,0.060264
0.797325,0.852725,0.061356,0.060830
0.794015,0.954232,0.061777,0.061356
0.997290,0.809205,0.061687,0.061777
0.798402,0.836288,0.061301,0.061687
0.804323,1.014430,0.060726,0.061301
0.999901,0.828293,0.060184,0.060726
0.801903,0.896753,0.060110,0.060184
0.793667,0.973670,0.060157,0.060110
0.993523,0.838940,0.047586,0.060157
0.832211,0.817482,0.015804,0.047586
1.073593,0.926164,0.073522,0.015804
1.153754,0.930784,0.119491,0.073522
1.024073,0.855831,0.132371,0.119491
0.752383,0.655818,0.129566,0.132371
0.739673,0.624820,0.121662,0.129566
0.589424,0.678807,0.111682,0.121662
0.597154,0.628181,0.100443,0.111682
0.565043,0.532950,0.090421,0.100443
0.530253,0.502412,0.082561,0.090421
0.494660,0.515203,0.076592,0.082561
0.396814,0.359225,0.072024,0.076592
0.401382,0.307480,0.062955,0.072024
0.300645,0.364299,0.022862,0.062955
0.229988,0.276898,0.021546,0.022862
0.278206,0.294958,0.084111,0.021546
0.402025,0.341465,0.173096,0.084111
0.536727,0.257387,0.273263,0.173096
0.389777,0.242451,0.319506,0.273263
0.343913,0.307881,0.313620,0.319506
0.468810,0.238702,0.288751,0.313620
0.478605,0.291966,0.329761,0.288751
0.514834,0.359865,0.417909,0.329761
0.488052,0.359604,0.552627,0.417909
0.280978,0.439611,0.676913,0.552627
0.392617,0.588110,0.803871,0.676913
0.513087,0.557967,0.954703,0.803871
0.734399,0.694751,1.074597,0.954703
0.846293,0.863781,1.184221,1.074597
1.093483,0.739921,1.288111,1.184221
1.046844,0.805371,1.356150,1.288111
1.021604,0.962781,1.413701,1.356150
1.196889,0.784403,1.468619,1.413701
0.851308,0.809850,1.506726,1.468619
0.756706,0.920503,1.539185,1.506726
0.877748,0.779911,1.568653,1.539185
0.708917,0.777930,1.585278,1.568653
0.720866,0.935303,1.593598,1.585278
0.912566,0.782676,1.591109,1.593598
0.734126,0.805993,1.581056,1.591109
0.884993,0.925706,1.568258,1.581056
0.810154,0.794241,1.555578,1.568258
0.915875,0.790211,1.549293,1.555578
0.834105,0.932597,1.547360,1.549293
0.926019,0.823151,1.549443,1.547360
0.828735,0.844207,1.552922,1.549443
0.779352,0.963388,1.556624,1.552922
0.973455,0.810092,1.559816,1.556624
0.789219,0.835957,1.561109,1.559816
0.786295,0.977737,1.561178,1.561109
0.989738,0.835986,1.560257,1.561178
0.793403,0.974545,1.559071,1.560257
0.996141,0.977823,1.557915,1.559071
1.000103,0.848849,1.557236,1.557915
0.803092,1.014162,1.557106,1.557236
1.006624,0.827939,1.557301,1.557106
0.810086,0.847891,1.557581,1.557301
0.811361,0.984880,1.557885,1.557581
1.009558,0.798377,1.558224,1.557885
0.802827,0.873184,1.558359,1.558224
0.948321,0.976618,1.558441,1.558359
0.999094,0.806614,1.558434,1.558441
0.795269,0.855269,1.558288,1.558434
0.849525,0.959095,1.558082,1.558288
1.010032,0.860039,1.557859,1.558082
0.808450,0.851542,1.557647,1.557859
0.799476,0.981550,1.557559,1.557647
0.996290,0.820446,1.557708,1.557559
0.813412,0.835157,1.557300,1.557708
0.879217,0.967519,1.558330,1.557300
1.196846,0.768067,1.561962,1.558330
0.902928,0.765259,1.563865,1.561962
0.788057,0.843806,1.564513,1.563865
0.832852,0.648070,1.564146,1.564513
0.601983,0.585716,1.563432,1.564146
0.654199,0.628725,1.562979,1.563432
0.620286,0.515400,1.563387,1.562979
0.458497,0.478525,1.564804,1.563387
0.448775,0.494441,1.567228,1.564804
0.487341,0.400569,1.570858,1.567228
0.362904,0.370774,1.574095,1.570858
0.347068,0.392963,1.577198,1.574095
0.386360,0.303466,1.579127,1.577198
0.211092,0.361819,1.581315,1.579127
0.337812,0.361202,1.592925,1.581315
0.517095,0.271510,1.625427,1.592925
0.427243,0.307383,1.670582,1.625427
0.470983,0.191973,1.735102,1.670582
0.315300,0.253293,1.784775,1.735102
0.371475,0.308035,1.838369,1.784775
0.537044,0.291752,1.926230,1.838369
0.408812,0.315427,2.018549,1.926230
0.348772,0.422194,2.121521,2.018549
0.219149,0.395678,2.265113,2.121521
0.153166,0.459797,2.398949,2.265113
0.314428,0.626073,2.541294,2.398949
0.591113,0.766353,2.699452,2.541294
0.937871,0.842079,2.831857,2.699452
1.044610,0.754704,2.925483,2.831857
1.036673,0.946145,2.981480,2.925483
1.274802,0.970197,3.034142,2.981480
1.071945,0.791945,3.075804,3.034142
0.836743,0.963465,3.105637,3.075804
0.888322,0.775396,3.133716,3.105637
0.711003,0.792924,3.134023,3.133716
0.711299,0.937323,3.125118,3.134023
0.883240,0.745546,3.125927,3.125118
0.720497,0.806079,3.134266,3.125927
0.724255,0.916828,3.139334,3.134266
0.894011,0.800078,3.127471,3.139334
0.696388,0.831835,3.121550,3.127471
0.726378,0.957321,3.119735,3.121550
0.928424,0.788101,3.121521,3.119735
0.748095,0.836905,3.124641,3.121521
0.894155,1.000968,3.128402,3.124641
0.990045,0.799548,3.131541,3.128402
0.804298,0.833276,3.132694,3.131541
0.854714,0.977075,3.132664,3.132694
0.981575,0.809249,3.131583,3.132664
0.791479,0.855033,3.130426,3.131583
0.792337,0.996998,3.129496,3.130426
0.987739,0.791235,3.128852,3.129496
0.787183,0.851700,3.128767,3.128852
0.784101,0.967732,3.129011,3.128767
0.984457,1.003808,3.129436,3.129011
0.980686,0.976069,3.129757,3.129436
0.988161,0.837406,3.129833,3.129757
0.798929,1.001617,3.129685,3.129833
0.981667,0.965689,3.129432,3.129685
0.985925,0.846942,3.129077,3.129432
0.795252,1.009965,3.128938,3.129077
0.993471,0.837258,3.129008,3.128938
0.793072,0.828104,3.129288,3.129008
0.789016,0.960891,3.129668,3.129288
0.976636,0.823307,3.130282,3.129668
0.783259,0.842086,3.130795,3.130282
0.951940,0.967618,3.131196,3.130795
1.110202,0.813723,3.132799,3.131196
0.945588,0.969302,3.134877,3.132799
1.120731,0.904725,3.136315,3.134877
0.977267,0.707665,3.136757,3.136315
0.714180,0.778284,3.136877,3.136757
0.697737,0.559554,3.136851,3.136877
0.552739,0.659084,3.136853,3.136851
0.588436,0.572460,3.136744,3.136853
0.512830,0.450820,3.136237,3.136744
0.431544,0.493207,3.135199,3.136237
0.467461,0.361259,3.133103,3.135199
0.354255,0.332311,3.130641,3.133103
0.325619,0.391763,3.127706,3.130641
0.376859,0.310423,3.124356,3.127706
0.282829,0.273033,3.122355,3.124356
0.262375,0.287911,3.121622,3.122355
0.303278,0.277422,3.122171,3.121622
0.281781,0.240748,3.123450,3.122171
0.239044,0.194891,3.124754,3.123450
0.169247,0.136784,3.125418,3.124754
0.153715,0.197144,3.125645,3.125418
0.152096,0.134166,3.125433,3.125645
0.106474,0.118064,3.124995,3.125433
0.105731,0.090283,3.124533,3.124995
0.077969,0.079134,3.124185,3.124533
0.071834,0.102356,3.124073,3.124185
0.050658,0.077716,3.124250,3.124073
0.057979,0.056651,3.124480,3.124250
0.059928,0.036547,3.124617,3.124480
0.059956,0.050641,3.124768,3.124617
0.069452,0.030784,3.124815,3.124768
0.050918,0.014300,3.124791,3.124815
0.047127,0.046455,3.124739,3.124791
0.042880,0.014978,3.124705,3.124739
0.000000,0.000000,0.000000,0.000000
0.000000,0.009732,2.063884,0.000000
0.000000,0.054456,2.060782,2.063884
0.027182,0.023590,2.055725,2.060782
0.029363,0.054974,2.055622,2.055725
0.038345,0.058955,2.056573,2.055622
0.020534,0.040536,2.061157,2.056573
0.000000,0.022419,2.053046,2.061157
0.000000,0.017327,2.053069,2.053046
0.000000,0.016192,2.053029,2.053069
0.000000,0.045770,2.053134,2.053029
0.025656,0.021913,2.045980,2.053134
0.030963,0.025232,2.046862,2.045980
0.047748,0.009684,2.045705,2.046862
0.037127,0.010749,2.044389,2.045705
0.033829,0.027757,2.044332,2.044389
0.065740,0.042337,2.045248,2.044332
0.042026,0.028635,2.046219,2.045248
0.052221,0.053441,2.047364,2.046219
0.070485,0.020794,2.049104,2.047364
0.061183,0.039035,2.050559,2.049104
0.073748,0.044102,2.051541,2.050559
0.074012,0.004657,2.052101,2.051541
0.056701,0.047768,2.051848,2.052101
0.049609,0.045453,2.051669,2.051848
0.053469,0.057552,2.051775,2.051669
0.045403,0.034345,2.051768,2.051775
0.038265,0.017712,2.051646,2.051768
0.145514,0.014229,2.021874,2.051646
0.193486,0.067423,1.978844,2.021874
0.086638,0.139951,1.913814,1.978844
0.061765,0.307044,1.810396,1.913814
0.280381,0.316591,1.670475,1.810396
0.404261,0.429958,1.571564,1.670475
0.562204,0.557405,1.495923,1.571564
0.604449,0.569073,1.422760,1.495923
0.693428,0.645277,1.351765,1.422760
0.655142,0.849301,1.249941,1.351765
0.833721,0.762219,1.094510,1.249941
0.760833,0.794308,0.942787,1.094510
0.663657,0.933475,0.782459,0.942787
1.004783,0.814866,0.607473,0.782459
0.972385,0.826306,0.478033,0.607473
0.942986,0.937498,0.366414,0.478033
1.108650,0.827056,0.265615,0.366414
0.819868,0.794971,0.202075,0.265615
0.745446,0.923750,0.154478,0.202075
0.863319,0.735580,0.119456,0.154478
0.662251,0.969337,0.103165,0.119456
0.823419,0.948608,0.093312,0.103165
0.832561,0.798293,0.089247,0.093312
0.679552,0.952436,0.087366,0.089247
0.883089,0.784146,0.083469,0.087366
0.736634,0.839155,0.076268,0.083469
0.918997,0.988642,0.066562,0.076268
1.006421,0.831187,0.058021,0.066562
0.808456,0.852856,0.054918,0.058021
0.854609,0.963536,0.054318,0.054918
0.996157,0.787509,0.054380,0.054318
0.796434,0.863653,0.055260,0.054380
0.794209,0.956126,0.056844,0.055260
0.990066,0.812291,0.058766,0.056844
0.782498,0.836161,0.059946,0.058766
0.790255,0.991049,0.060531,0.059946
1.010471,1.007357,0.060631,0.060531
1.021342,0.965879,0.060672,0.060631
1.008384,0.808233,0.060349,0.060672
0.806684,0.831955,0.060418,0.060349
0.799191,0.991926,0.060734,0.060418
0.988397,0.823762,0.060188,0.060734
0.788779,0.866583,0.059416,0.060188
0.950427,0.972299,0.058556,0.059416
0.852792,0.835290,0.057930,0.058556
0.946015,0.847510,0.057889,0.057930
0.842298,0.967523,0.058015,0.057889
0.937307,0.817509,0.058400,0.058015
0.829433,0.846125,0.059026,0.058400
0.776603,0.980141,0.059610,0.059026
1.001132,0.790818,0.027562,0.059610
0.874030,0.990389,0.035763,0.027562
1.176057,0.948662,0.097370,0.035763
1.091249,0.778094,0.121151,0.097370
0.779336,0.832815,0.125885,0.121151
0.847761,0.647106,0.122890,0.125885
0.619602,0.622188,0.117057,0.122890
0.573102,0.623461,0.110168,0.117057
0.650090,0.587241,0.102747,0.110168
0.596775,0.527338,0.096229,0.102747
0.544669,0.417089,0.091637,0.096229
0.407082,0.366907,0.089507,0.091637
0.382958,0.418057,0.088761,0.089507
0.426184,0.339092,0.082068,0.088761
0.289573,0.330774,0.059357,0.082068
0.237230,0.313842,0.063219,0.059357
0.266613,0.304217,0.120687,0.063219
0.417795,0.277905,0.195860,0.120687
0.404044,0.281586,0.272302,0.195860
0.354604,0.229012,0.306777,0.272302
0.304566,0.241170,0.279058,0.306777
0.314524,0.296377,0.237371,0.279058
0.501952,0.295250,0.277766,0.237371
0.327718,0.340880,0.365817,0.277766
0.206690,0.451532,0.480574,0.365817
0.237870,0.422386,0.625263,0.480574
0.174437,0.507389,0.744132,0.625263
0.202968,0.698544,0.868137,0.744132
0.372541,0.638659,1.010193,0.868137
0.535167,0.727945,1.121423,1.010193
0.807536,0.931132,1.220097,1.121423
0.857118,0.795714,1.312711,1.220097
0.957740,0.820200,1.375928,1.312711
0.839889,0.937094,1.430016,1.375928
0.813519,0.783382,1.482321,1.430016
0.688507,0.802099,1.518458,1.482321
0.641817,0.903719,1.548933,1.518458
0.812042,0.790432,1.575266,1.548933
0.675272,0.791126,1.588524,1.575266
0.701718,0.957355,1.592735,1.588524
0.902408,0.802522,1.585482,1.592735
0.764653,0.829919,1.573662,1.585482
0.779747,0.977306,1.561341,1.573662
0.982611,0.800021,1.550931,1.561341
0.787158,0.826895,1.546830,1.550931
0.940721,0.961649,1.546619,1.546830
0.846396,0.831677,1.549568,1.546619
0.953585,0.816303,1.553106,1.549568
0.849539,0.993398,1.556358,1.553106
0.940837,0.833308,1.558788,1.556358
0.835800,0.823244,1.559562,1.558788
0.798391,0.990062,1.559334,1.559562
1.009201,0.794008,1.558317,1.559334
0.807168,0.832259,1.557425,1.558317
0.801670,1.005915,1.556651,1.557425
1.008816,0.814366,1.556270,1.556651
0.793583,0.854684,1.556276,1.556270
0.803407,0.975832,1.556626,1.556276
1.007426,0.809462,1.557269,1.556626
0.803836,0.836089,1.557772,1.557269
0.946764,0.976040,1.558136,1.557772
0.857753,0.834689,1.558478,1.558136
0.960303,0.842053,1.558788,1.558478
0.849488,0.955930,1.559251,1.558788
0.954253,0.800191,1.559809,1.559251
0.845989,0.835188,1.560270,1.559809
0.788475,0.981293,1.560736,1.560270
0.988781,0.824457,1.561352,1.560736
0.803609,0.833258,1.561771,1.561352
0.821265,0.968646,1.561211,1.561771
1.116391,0.829653,1.561964,1.561211
0.937015,0.810563,1.564129,1.561964
0.915305,0.886590,1.565132,1.564129
0.987739,0.695833,1.564522,1.565132
0.704085,0.659428,1.563494,1.564522
0.729387,0.692867,1.562791,1.563494
0.599886,0.550824,1.563334,1.562791
0.619366,0.528224,1.565293,1.563334
0.503683,0.567730,1.568610,1.565293
0.510937,0.506470,1.573914,1.568610
0.497283,0.500180,1.580009,1.573914
0.457051,0.347724,1.585974,1.580009
0.346104,0.323584,1.590023,1.585974
0.309333,0.380218,1.592763,1.590023
0.258991,0.312247,1.595021,1.592763
0.287744,0.289327,1.591070,1.595021
0.390446,0.299364,1.579102,1.591070
0.506103,0.242955,1.552886,1.579102
0.348430,0.235772,1.510316,1.552886
0.284677,0.302561,1.451697,1.510316
0.375843,0.270075,1.366737,1.451697
0.359767,0.296071,1.286771,1.366737
0.246552,0.388693,1.201678,1.286771
0.217123,0.336260,1.100393,1.201678
0.244497,0.415446,1.002956,1.100393
0.411019,0.590852,0.885937,1.002956
0.564488,0.576257,0.734410,0.885937
0.568830,0.673046,0.594377,0.734410
0.787664,0.859840,0.457433,0.594377
0.986309,0.765136,0.320394,0.457433
0.852927,0.828044,0.227928,0.320394
0.883555,0.930958,0.160310,0.227928
1.036666,0.793511,0.104060,0.160310
0.784330,0.801834,0.074621,0.104060
0.729431,0.909150,0.064030,0.074621
0.863690,0.793819,0.069668,0.064030
0.682355,0.772354,0.076811,0.069668
0.692607,0.967938,0.081015,0.076811
0.894441,0.795626,0.080332,0.081015
0.737263,0.804151,0.077423,0.080332
0.891472,0.910570,0.075079,0.077423
0.972744,0.783656,0.075499,0.075079
0.783571,0.845974,0.076139,0.075499
0.842636,0.979712,0.075878,0.076139
0.994174,0.807265,0.074229,0.075878
0.797553,0.834028,0.072403,0.074229
0.793245,0.898913,0.070375,0.072403
0.975521,0.829772,0.068861,0.070375
0.778370,0.835073,0.068699,0.068861
0.821826,0.992099,0.069056,0.068699
1.004242,0.798150,0.068885,0.069056
0.803996,0.852646,0.068103,0.068885
0.794086,0.989328,0.067116,0.068103
0.997165,0.796835,0.065355,0.067116
0.801996,0.873554,0.063668,0.065355
0.966108,0.992460,0.062605,0.063668
1.008366,0.834643,0.062082,0.062605
0.801571,0.828726,0.061931,0.062082
0.840046,1.017229,0.062203,0.061931
0.995036,0.800530,0.062169,0.062203
0.793156,0.811047,0.062078,0.062169
0.789321,0.952852,0.062262,0.062078
0.976494,0.843749,0.062641,0.062262
0.779352,0.826566,0.063134,0.062641
0.783418,0.992150,0.063667,0.063134
0.978561,0.838791,0.064044,0.063667
0.790022,0.839056,0.064069,0.064044
0.784977,1.020538,0.063903,0.064069
0.986998,0.844100,0.035403,0.063903
0.837578,0.820249,0.027364,0.035403
1.085349,0.955347,0.087873,0.027364
1.133728,0.738761,0.121239,0.087873
0.820616,0.729175,0.129902,0.121239
0.759913,0.764589,0.129466,0.129902
0.786269,0.604163,0.122060,0.129466
0.568482,0.578603,0.113223,0.122060
0.524120,0.640537,0.103639,0.113223
0.591082,0.450709,0.093889,0.103639
0.448048,0.460567,0.087905,0.093889
0.422856,0.494867,0.083542,0.087905
0.487668,0.379491,0.079472,0.083542
0.360196,0.364242,0.076490,0.079472
0.322681,0.382645,0.052302,0.076490
0.285778,0.262630,0.022825,0.052302
0.215961,0.282070,0.074575,0.022825
0.382670,0.314625,0.161380,0.074575
0.518703,0.266037,0.263277,0.161380
0.393365,0.293896,0.321877,0.263277
0.470639,0.268957,0.332070,0.321877
0.521278,0.262171,0.315014,0.332070
0.519797,0.344873,0.354516,0.315014
0.511580,0.317450,0.463828,0.354516
0.294976,0.352824,0.577711,0.463828
0.242803,0.489074,0.710064,0.577711
0.427588,0.481833,0.866332,0.710064
0.459599,0.550081,0.998180,0.866332
0.591251,0.747129,1.124530,0.998180
0.948398,0.703418,1.249428,1.124530
0.807249,0.771235,1.329232,1.249428
0.827407,0.935045,1.389952,1.329232
1.133063,0.800739,1.444893,1.389952
0.894547,0.809845,1.483145,1.444893
0.977178,0.948288,1.516630,1.483145
0.800358,0.773458,1.549402,1.516630
0.852251,0.798347,1.570665,1.549402
0.750754,0.918360,1.585173,1.570665
0.851348,0.776008,1.590760,1.585173
0.789740,0.809009,1.584895,1.590760
0.767446,0.926857,1.572116,1.584895
0.981828,0.796313,1.556785,1.572116
0.793231,0.997511,1.547850,1.556785
0.988069,0.976727,1.543217,1.547850
0.985031,0.848854,1.544362,1.543217
0.791467,0.955670,1.547890,1.544362
0.995990,0.846619,1.552686,1.547890
0.800399,0.835796,1.555869,1.552686
0.806075,0.992491,1.557705,1.555869
1.009859,0.815015,1.558071,1.557705
0.803788,0.842592,1.557342,1.558071
0.802116,0.947678,1.556242,1.557342
0.994681,0.831138,1.555192,1.556242
0.793364,0.854574,1.554758,1.555192
0.941428,0.980010,1.554844,1.554758
0.991972,0.794094,1.555368,1.554844
0.797000,0.847522,1.556080,1.555368
0.848695,1.005899,1.556956,1.556080
0.995180,0.807656,1.558104,1.556956
0.805278,0.821087,1.559050,1.558104
0.807592,1.010237,1.559858,1.559050
1.012788,0.815022,1.560662,1.559858
0.804473,0.851393,1.561080,1.560662
0.802354,0.986246,1.561242,1.561080
1.001059,1.007863,1.561226,1.561242
1.003949,0.961772,1.561124,1.561226
1.010319,0.853169,1.561239,1.561124
0.803485,0.841573,1.561709,1.561239
0.805086,0.964696,1.562393,1.561709
1.029074,0.836134,1.563194,1.562393
0.882350,0.803766,1.566429,1.563194
1.079911,0.897059,1.570586,1.566429
0.909219,0.725057,1.573532,1.570586
0.877690,0.717249,1.574979,1.573532
0.696460,0.727686,1.575954,1.574979
0.710352,0.561761,1.576483,1.575954
0.583347,0.563062,1.576269,1.576483
0.512052,0.602947,1.575406,1.576269
0.587088,0.454779,1.573727,1.575406
0.440833,0.445663,1.571915,1.573727
0.409657,0.447127,1.569600,1.571915
0.469151,0.371586,1.566634,1.569600
0.350223,0.362414,1.564251,1.566634
0.309482,0.341459,1.562247,1.564251
0.256684,0.307556,1.561936,1.562247
0.267215,0.311490,1.558295,1.561936
0.469387,0.326831,1.548090,1.558295
0.455040,0.240742,1.524820,1.548090
0.434540,0.263105,1.485248,1.524820
0.332046,0.296551,1.427518,1.485248
0.393191,0.274587,1.342752,1.427518
0.516670,0.273636,1.261760,1.342752
0.472874,0.399323,1.174487,1.261760
0.535715,0.364807,1.073255,1.174487
0.318572,0.397819,0.977374,1.073255
0.181776,0.571155,0.861649,0.977374
0.148144,0.596334,0.711180,0.861649
0.225364,0.755543,0.573156,0.711180
0.581718,0.849971,0.415412,0.573156
0.759618,0.805952,0.285030,0.415412
0.706238,0.946460,0.196642,0.285030
1.125089,0.779242,0.128948,0.196642
0.854880,0.846878,0.090623,0.128948
0.748133,0.976607,0.066136,0.090623
0.853727,0.780689,0.059034,0.066136
0.670606,0.817079,0.064624,0.059034
0.799319,0.933580,0.071265,0.064624
0.878702,0.773848,0.074717,0.071265
0.737617,0.971829,0.073588,0.074717
0.944969,0.970981,0.071738,0.073588
0.937600,0.827202,0.072187,0.071738
0.818089,0.952375,0.073548,0.072187
0.910932,0.819514,0.073610,0.073548
0.817261,0.837663,0.072362,0.073610
0.777216,0.973169,0.070369,0.072362
0.977732,0.830475,0.067811,0.070369
0.785191,0.831824,0.065773,0.067811
0.787657,0.983696,0.063889,0.065773
0.993667,0.841400,0.062432,0.063889
0.794335,0.834560,0.061748,0.062432
0.793821,0.929209,0.061209,0.061748
0.989840,0.814547,0.060479,0.061209
0.795974,0.841629,0.060289,0.060479
0.942834,0.993474,0.060539,0.060289
0.833001,0.816840,0.061215,0.060539
0.934530,0.832135,0.062024,0.061215
0.829186,0.981917,0.063099,0.062024
0.930151,0.828065,0.064272,0.063099
0.842284,0.849621,0.064772,0.064272
0.795595,0.989810,0.064902,0.064772
0.992155,0.821884,0.064659,0.064902
0.796643,0.823819,0.064022,0.064659
0.788211,0.995243,0.063167,0.064022
0.987935,0.777106,0.062644,0.063167
0.795687,0.836964,0.061932,0.062644
0.792419,1.018766,0.060943,0.061932
0.994776,0.807177,0.060224,0.060943
0.795538,0.829535,0.049904,0.060224
0.972626,0.970993,0.008113,0.049904
0.983544,0.818987,0.074114,0.008113
1.101250,0.922933,0.110392,0.074114
1.030720,0.866975,0.125279,0.110392
0.758197,0.700302,0.124741,0.125279
0.757250,0.721841,0.118682,0.124741
0.691566,0.553038,0.108842,0.118682
0.501614,0.622014,0.100317,0.108842
0.558193,0.556114,0.090855,0.100317
0.510299,0.432358,0.083211,0.090855
0.406743,0.463601,0.078295,0.083211
0.437098,0.412992,0.074221,0.078295
0.368308,0.356600,0.070868,0.074221
0.320301,0.384478,0.042425,0.070868
0.274737,0.273745,0.006565,0.042425
0.223845,0.355675,0.056600,0.006565
0.359787,0.338271,0.144471,0.056600
0.539877,0.247458,0.246860,0.144471
0.382000,0.241260,0.309585,0.246860
0.335967,0.307767,0.321974,0.309585
0.437749,0.241172,0.291844,0.321974
0.454426,0.275011,0.305449,0.291844
0.555923,0.390509,0.378509,0.305449
0.306412,0.338146,0.500067,0.378509
0.352063,0.409557,0.623060,0.500067
0.367762,0.521909,0.749324,0.623060
0.562881,0.545635,0.898693,0.749324
0.584196,0.631683,1.021282,0.898693
0.642910,0.826249,1.137387,1.021282
0.975572,0.750564,1.251379,1.137387
0.816466,0.805113,1.326789,1.251379
0.831057,0.939588,1.389724,1.326789
1.035689,0.763945,1.449382,1.389724
0.774719,0.814179,1.490074,1.449382
0.732693,0.919632,1.525052,1.490074
0.890349,0.782707,1.558085,1.525052
0.698703,0.805646,1.578284,1.558085
0.835055,0.923297,1.590573,1.578284
0.766632,0.771892,1.592743,1.590573
0.879832,0.821178,1.585106,1.592743
0.801486,0.961266,1.572672,1.585106
0.922514,0.791176,1.558556,1.572672
0.823904,0.843319,1.550463,1.558556
0.784592,0.977615,1.546700,1.550463
0.974150,0.789644,1.547425,1.546700
0.786551,0.829211,1.550599,1.547425
0.782977,0.967556,1.554554,1.550599
0.985679,0.836821,1.558259,1.554554
0.788212,0.853802,1.560137,1.558259
0.782058,0.962051,1.560751,1.560137
0.990096,0.825619,1.560261,1.560751
0.800271,0.853969,1.559333,1.560261
0.954052,0.969637,1.558399,1.559333
0.853852,0.793336,1.557604,1.558399
0.944603,1.011585,1.557347,1.557604
0.992473,1.015888,1.557413,1.557347
0.847574,0.836731,1.557540,1.557413
0.942345,1.016701,1.557581,1.557540
1.004053,0.816709,1.557546,1.557581
0.806288,0.824515,1.557437,1.557546
0.850650,0.960286,1.557314,1.557437
1.001479,0.833028,1.557326,1.557314
0.808801,0.845221,1.557455,1.557326
0.807288,0.986228,1.557720,1.557455
1.007945,0.824971,1.558172,1.557720
0.800819,0.830243,1.558566,1.558172
0.792995,0.977900,1.558909,1.558566
0.996987,0.971979,1.559269,1.558909
1.012818,0.997121,1.558651,1.559269
1.139722,0.802301,1.559755,1.558651
0.932610,0.807222,1.562372,1.559755
0.884533,0.842828,1.564341,1.562372
0.944236,0.683682,1.565994,1.564341
0.677197,0.657254,1.567355,1.565994
0.713452,0.682203,1.568835,1.567355
0.572254,0.528154,1.570653,1.568835
0.596877,0.517110,1.571946,1.570653
0.489888,0.554739,1.572712,1.571946
0.505942,0.453452,1.572736,1.572712
0.416786,0.434974,1.572099,1.572736
0.372674,0.448614,1.571036,1.572099
0.438883,0.340159,1.569679,1.571036
0.317291,0.317815,1.568227,1.569679
0.228009,0.369980,1.568376,1.568227
0.288839,0.303344,1.574672,1.568376
0.351291,0.307050,1.595410,1.574672
0.417924,0.309851,1.632683,1.595410
0.495743,0.229649,1.693069,1.632683
0.363935,0.281317,1.746161,1.693069
0.352091,0.303213,1.794698,1.746161
0.436259,0.263864,1.867715,1.794698
0.514312,0.301108,1.950977,1.867715
0.330204,0.379528,2.048084,1.950977
0.368087,0.356943,2.181907,2.048084
0.269377,0.432833,2.309615,2.181907
0.330778,0.652990,2.448714,2.309615
0.637857,0.612097,2.611485,2.448714
0.711790,0.693426,2.734083,2.611485
0.959594,0.863101,2.836457,2.734083
1.315949,0.771710,2.924961,2.836457
1.060836,0.813715,2.980620,2.924961
1.020613,0.964647,3.027618,2.980620
1.144716,0.803213,3.073402,3.027618
0.841220,0.777348,3.105308,3.073402
0.922359,0.902963,3.131598,3.105308
0.772753,0.780233,3.131645,3.131598
0.846388,0.787908,3.122538,3.131645
0.742239,0.951377,3.122366,3.122538
0.838531,0.794874,3.132223,3.122366
0.757082,0.793757,3.140800,3.132223
0.704742,0.925795,3.129571,3.140800
0.894487,0.819724,3.121049,3.129571
0.750132,0.802711,3.118576,3.121049
0.774766,0.958498,3.119711,3.118576
0.973848,0.790522,3.123567,3.119711
0.772931,0.972980,3.127168,3.123567
0.977814,0.947354,3.130598,3.127168
1.000486,0.847328,3.132375,3.130598
0.801197,1.007243,3.132740,3.132375
0.995832,0.990138,3.132132,3.132740
0.990123,0.987153,3.131062,3.132132
1.011736,0.815390,3.130240,3.131062
0.803518,0.841352,3.129953,3.130240
0.797251,0.969575,3.129873,3.129953
0.998273,0.860252,3.129887,3.129873
0.789783,0.837746,3.130060,3.129887
0.935868,1.004108,3.130323,3.130060
0.829761,0.806379,3.130699,3.130323
0.928237,1.034796,3.130905,3.130699
0.968048,0.988340,3.131140,3.130905
0.823602,0.836816,3.131325,3.131140
0.930072,1.004652,3.131540,3.131325
0.967821,0.802568,3.131965,3.131540
0.778959,0.820471,3.132332,3.131965
0.814884,0.970641,3.132803,3.132332
0.974307,0.827559,3.133292,3.132803
0.732136,0.846138,3.133598,3.133292
0.818405,0.962033,3.133488,3.133598
1.120931,0.784451,3.135026,3.133488
0.940270,0.790115,3.136885,3.135026
0.869225,0.844840,3.137728,3.136885
0.927287,0.687420,3.137793,3.137728
0.670333,0.654639,3.137926,3.137793
0.598102,0.662938,3.138335,3.137926
0.651596,0.514671,3.139294,3.138335
0.474021,0.487780,3.140133,3.139294
0.523584,0.569361,3.140688,3.140133
0.511418,0.409428,3.140782,3.140688
0.381096,0.391371,3.140442,3.140782
0.375432,0.420875,3.139808,3.140442
0.411879,0.323389,3.139067,3.139808
0.306314,0.389611,3.139079,3.139067
0.354903,0.324261,3.140487,3.139079
0.320016,0.265266,3.141455,3.140487
0.242555,0.258237,3.139518,3.141455
0.285911,0.204828,3.138340,3.139518
0.210975,0.205443,3.138186,3.138340
0.194030,0.163182,3.138600,3.138186
0.212562,0.184364,3.139470,3.138600
0.154160,0.112271,3.140230,3.139470
0.142732,0.132076,3.140705,3.140230
0.134028,0.108390,3.140842,3.140705
0.080553,0.079280,3.140673,3.140842
0.092460,0.082551,3.140315,3.140673
0.065181,0.059218,3.139826,3.140315
0.042979,0.023771,3.139527,3.139826
0.030389,0.048024,3.139287,3.139527
0.039706,0.040928,3.139172,3.139287
0.034691,0.045410,3.139167,3.139172
0.039325,0.050517,3.139237,3.139167
0.042529,0.046345,3.139315,3.139237
0.000000,0.030500,3.139215,3.139315
0.000000,0.038867,3.139240,3.139215
0.000000,0.000000,0.000000,0.000000
0.000000,0.029932,2.068045,0.000000
0.027014,0.030991,2.055593,2.068045
0.031687,0.052687,2.044289,2.055593
0.034156,0.036575,2.026561,2.044289
0.027407,0.049270,2.023131,2.026561
0.000000,0.016355,2.021212,2.023131
0.000000,0.027201,2.020480,2.021212
0.000000,0.006646,2.020647,2.020480
0.000000,0.038840,2.021340,2.020647
0.000000,0.008283,2.022530,2.021340
0.000000,0.051018,2.023054,2.022530
0.028356,0.015041,2.016103,2.023054
0.025435,0.025834,2.012353,2.016103
0.037508,0.035212,2.009512,2.012353
0.029303,0.024199,2.011064,2.009512
0.030932,0.029667,2.012912,2.011064
0.045752,0.039153,2.014731,2.012912
0.042191,0.021124,2.015532,2.014731
0.021822,0.029976,2.016023,2.015532
0.058703,0.021248,2.015934,2.016023
0.054347,0.037786,2.015456,2.015934
0.055600,0.020719,2.015408,2.015456
0.084371,0.021319,2.015891,2.015408
0.090250,0.038217,2.017228,2.015891
0.088685,0.025750,2.018661,2.017228
0.060791,0.041614,2.019695,2.018661
0.061936,0.058256,2.020480,2.019695
0.066257,0.009701,2.021370,2.020480
0.063448,0.018087,2.020712,2.021370
0.067279,0.022131,2.018891,2.020712
0.052583,0.030620,2.016844,2.018891
0.064056,0.031589,2.015876,2.016844
0.065378,0.038388,2.015533,2.015876
0.162668,0.025383,1.997350,2.015533
0.183347,0.085169,1.973033,1.997350
0.170398,0.127998,1.921195,1.973033
0.069988,0.183871,1.843133,1.921195
0.111846,0.345395,1.730278,1.843133
0.374142,0.363200,1.592787,1.730278
0.383866,0.559983,1.497164,1.592787
0.582329,0.643726,1.408185,1.497164
0.582020,0.629812,1.329336,1.408185
0.445409,0.839852,1.236408,1.329336
0.693526,0.735682,1.089488,1.236408
0.706728,0.831999,0.941073,1.089488
0.554069,0.956139,0.780374,0.941073
0.948816,0.810650,0.605443,0.780374
0.925474,0.825467,0.475677,0.605443
1.090998,0.949493,0.363557,0.475677
1.065249,0.790019,0.262336,0.363557
0.819623,0.973229,0.198146,0.262336
0.934064,0.929513,0.140484,0.198146
0.879925,0.810965,0.105930,0.140484
0.723604,0.923673,0.091227,0.105930
0.803763,0.803220,0.086028,0.091227
0.723686,0.780788,0.085818,0.086028
0.689912,0.931184,0.084943,0.085818
0.892060,0.790253,0.080198,0.084943
0.746367,0.838178,0.072938,0.080198
0.770900,0.952642,0.065633,0.072938
0.995735,0.821348,0.060309,0.065633
0.797319,0.842183,0.058348,0.060309
0.789844,0.976091,0.058506,0.058348
0.976367,0.805351,0.059471,0.058506
0.777437,0.844298,0.060580,0.059471
0.926311,0.936357,0.061727,0.060580
0.822122,0.818320,0.061631,0.061727
0.928520,0.857909,0.061191,0.061631
0.843522,0.954394,0.060616,0.061191
0.947454,0.842106,0.059828,0.060616
0.856004,0.867932,0.059691,0.059828
0.806598,0.995109,0.059847,0.059691
1.009491,0.806226,0.059628,0.059847
0.804249,0.832955,0.059719,0.059628
0.806791,0.968468,0.059476,0.059719
0.986823,0.800000,0.058824,0.059476
0.809995,0.872829,0.058580,0.058824
0.755008,1.011455,0.058604,0.058580
0.972853,0.826709,0.058734,0.058604
0.780136,0.814434,0.058939,0.058734
0.925843,0.952463,0.059219,0.058939
0.827013,0.845257,0.059915,0.059219
0.927358,0.869840,0.060442,0.059915
0.841631,0.996742,0.049273,0.060442
0.992604,0.802809,0.012653,0.049273
0.975081,0.826985,0.077500,0.012653
0.924848,0.923303,0.116941,0.077500
1.057220,0.664036,0.132761,0.116941
0.747557,0.678400,0.133632,0.132761
0.662177,0.755433,0.128258,0.133632
0.733983,0.576644,0.118001,0.128258
0.533062,0.638448,0.108823,0.118001
0.596839,0.547869,0.097944,0.108823
0.537854,0.538598,0.089084,0.097944
0.498422,0.485519,0.082720,0.089084
0.443409,0.365761,0.079289,0.082720
0.334526,0.351797,0.076438,0.079289
0.372174,0.290377,0.048558,0.076438
0.228702,0.295164,0.045339,0.048558
0.223020,0.335754,0.083067,0.045339
0.429905,0.278768,0.174426,0.083067
0.371190,0.249412,0.253549,0.174426
0.379457,0.297698,0.302754,0.253549
0.275536,0.249245,0.294019,0.302754
0.284257,0.239901,0.258025,0.294019
0.403588,0.316399,0.279707,0.258025
0.428218,0.318918,0.376980,0.279707
0.279009,0.331590,0.487329,0.376980
0.270209,0.472534,0.613616,0.487329
0.444964,0.487477,0.757965,0.613616
0.480876,0.581973,0.881440,0.757965
0.572802,0.759006,1.005231,0.881440
0.830915,0.698256,1.139043,1.005231
0.718411,0.766661,1.233611,1.139043
0.772478,0.930573,1.311638,1.233611
0.978844,0.795712,1.385539,1.311638
0.758645,0.823168,1.437106,1.385539
0.859463,0.918266,1.481898,1.437106
0.709874,0.927012,1.525455,1.481898
0.793689,0.920329,1.560225,1.525455
0.817536,0.791253,1.583140,1.560225
0.679122,0.812050,1.592812,1.583140
0.852075,0.944671,1.593054,1.592812
0.932584,0.798575,1.582635,1.593054
0.770533,0.835341,1.570033,1.582635
0.828592,0.950863,1.558309,1.570033
0.980566,0.816061,1.549521,1.558309
0.778671,0.851835,1.546750,1.549521
0.790749,0.962550,1.547510,1.546750
1.004809,0.778403,1.551027,1.547510
0.802304,0.853377,1.554389,1.551027
0.793743,0.961176,1.557137,1.554389
0.998812,1.009302,1.558784,1.557137
0.993116,0.974689,1.558902,1.558784
1.003329,0.822934,1.557978,1.558902
0.803268,0.867856,1.557041,1.557978
0.809518,0.977426,1.556313,1.557041
1.012475,0.831735,1.556033,1.556313
0.808955,0.822748,1.556253,1.556033
0.969003,0.972771,1.556746,1.556253
0.841109,0.815728,1.557261,1.556746
0.939379,0.856949,1.557622,1.557261
0.811649,0.949933,1.557880,1.557622
0.916596,0.841351,1.558174,1.557880
0.836410,0.854575,1.558513,1.558174
0.808760,0.994464,1.558935,1.558513
1.012158,0.841280,1.559463,1.558935
0.807867,0.829085,1.559937,1.559463
0.805703,0.989007,1.560429,1.559937
1.010381,0.812488,1.560977,1.560429
0.822964,0.820254,1.561334,1.560977
0.818542,1.002168,1.561427,1.561334
1.024925,0.817813,1.560909,1.561427
0.890980,0.977917,1.562576,1.560909
1.159430,0.904954,1.565519,1.562576
1.034616,0.740589,1.566619,1.565519
0.740318,0.773955,1.566888,1.566619
0.790706,0.623677,1.567602,1.566888
0.562610,0.570509,1.568815,1.567602
0.628998,0.605635,1.570738,1.568815
0.595225,0.498694,1.573489,1.570738
0.439446,0.489490,1.575947,1.573489
0.430090,0.482250,1.578449,1.575947
0.476837,0.386090,1.581155,1.578449
0.357951,0.371066,1.582862,1.581155
0.347683,0.401026,1.583148,1.582862
0.329448,0.316573,1.581977,1.583148
0.223061,0.299068,1.579047,1.581977
0.312672,0.324574,1.570000,1.579047
0.522536,0.353070,1.550172,1.570000
0.525567,0.307149,1.512550,1.550172
0.456810,0.214517,1.447674,1.512550
0.300458,0.246455,1.379808,1.447674
0.257810,0.346532,1.299078,1.379808
0.296764,0.307458,1.197963,1.299078
0.095965,0.363626,1.112020,1.197963
0.051276,0.452548,1.020326,1.112020
0.070191,0.471743,0.890432,1.020326
0.296898,0.516412,0.767296,0.890432
0.492297,0.729444,0.631037,0.767296
0.805495,0.665381,0.472063,0.631037
0.859138,0.781777,0.355073,0.472063
0.840651,0.925849,0.254190,0.355073
1.124409,0.772710,0.165997,0.254190
0.895824,0.811285,0.115973,0.165997
0.811457,0.948503,0.078127,0.115973
0.939161,0.801630,0.057773,0.078127
0.706163,0.801816,0.062000,0.057773
0.687513,0.899213,0.071822,0.062000
0.872339,0.758835,0.079056,0.071822
0.712107,0.797995,0.079836,0.079056
0.875634,0.950702,0.077323,0.079836
0.802677,0.774625,0.075788,0.077323
0.924802,0.828317,0.076510,0.075788
0.837768,0.945021,0.077371,0.076510
0.941231,0.816410,0.077032,0.077371
0.830993,0.849530,0.075908,0.077032
0.794528,0.985430,0.074341,0.075908
0.999962,0.796994,0.072483,0.074341
0.801346,0.830836,0.070797,0.072483
0.788134,0.975544,0.069515,0.070797
0.973407,0.812085,0.068545,0.069515
0.777412,0.983591,0.068100,0.068545
0.982852,0.991570,0.067438,0.068100
0.991867,0.832618,0.066431,0.067438
0.799490,0.964791,0.065571,0.066431
0.996306,0.827974,0.064596,0.065571
0.783237,0.868475,0.063825,0.064596
0.797231,0.977005,0.063396,0.063825
1.001312,0.836436,0.062981,0.063396
0.801856,0.859264,0.062428,0.062981
0.951954,0.983298,0.061490,0.062428
1.003023,0.818778,0.060696,0.061490
0.794461,0.833145,0.060200,0.060696
0.833367,1.049266,0.060014,0.060200
0.979031,0.822971,0.060046,0.060014
0.783369,0.862735,0.059487,0.060046
0.788055,0.958880,0.058400,0.059487
0.983002,0.836709,0.057023,0.058400
0.782922,0.838129,0.056262,0.057023
0.764488,0.942258,0.041522,0.056262
1.057062,0.807939,0.023326,0.041522
0.902763,0.821896,0.082602,0.023326
0.928018,0.883018,0.115047,0.082602
1.035821,0.701564,0.127370,0.115047
0.735735,0.685561,0.127048,0.127370
0.784092,0.740727,0.121129,0.127048
0.737855,0.699848,0.111315,0.121129
0.656606,0.583847,0.101084,0.111315
0.503418,0.468713,0.092573,0.101084
0.521968,0.456649,0.086893,0.092573
0.430518,0.481885,0.082371,0.086893
0.449772,0.372473,0.078732,0.082371
0.381399,0.386434,0.076153,0.078732
0.332237,0.397961,0.053638,0.076153
0.284478,0.275811,0.021716,0.053638
0.209602,0.289770,0.049491,0.021716
0.335317,0.314711,0.134709,0.049491
0.543027,0.226810,0.239215,0.134709
0.406043,0.254364,0.310015,0.239215
0.366278,0.291856,0.332161,0.310015
0.466295,0.262650,0.310147,0.332161
0.454785,0.307076,0.314912,0.310147
0.544999,0.357896,0.383969,0.314912
0.384701,0.339821,0.503476,0.383969
0.354952,0.384442,0.626252,0.503476
0.369579,0.532896,0.756271,0.626252
0.587520,0.517375,0.909133,0.756271
0.636449,0.623489,1.034507,0.909133
0.733023,0.816001,1.152308,1.034507
0.916988,0.719965,1.266714,1.152308
0.835098,0.786141,1.340025,1.266714
0.889125,0.944087,1.398934,1.340025
1.098885,0.797174,1.454834,1.398934
0.808493,0.957066,1.493123,1.454834
0.909789,0.943865,1.531891,1.493123
0.856021,0.810229,1.562181,1.531891
0.691479,0.931628,1.580788,1.562181
0.873570,0.764613,1.591703,1.580788
0.710854,0.810033,1.590311,1.591703
0.758876,0.964186,1.579727,1.590311
0.979388,0.800443,1.563212,1.579727
0.791321,0.809044,1.551505,1.563212
0.940249,0.959060,1.544256,1.551505
0.979101,0.799661,1.542136,1.544256
0.784791,0.865987,1.544254,1.542136
0.839026,0.978346,1.548286,1.544254
0.985046,0.804221,1.553303,1.548286
0.796547,0.844087,1.556422,1.553303
0.801628,0.987047,1.558232,1.556422
1.003028,0.809882,1.558747,1.558232
0.795505,0.988103,1.558438,1.558747
0.991374,0.988803,1.557700,1.558438
0.994061,0.835130,1.557074,1.557700
0.804173,0.981101,1.556914,1.557074
1.006431,0.807246,1.557055,1.556914
0.799563,0.848537,1.557493,1.557055
0.798071,0.985061,1.558090,1.557493
0.997534,0.833052,1.558895,1.558090
0.803129,0.862573,1.559485,1.558895
0.951589,0.977767,1.559921,1.559485
0.850930,0.833344,1.560146,1.559921
0.948130,0.829432,1.560287,1.560146
0.850302,0.985130,1.560252,1.560287
0.955807,0.810115,1.560154,1.560252
0.855784,0.857992,1.560092,1.560154
0.800449,0.961108,1.560162,1.560092
1.005304,0.839305,1.560565,1.560162
0.797350,0.820155,1.561162,1.560565
0.795223,0.963867,1.561198,1.561162
1.106870,0.826645,1.562638,1.561198
0.957419,0.947366,1.566329,1.562638
1.116778,0.860511,1.570099,1.566329
0.942918,0.856983,1.572265,1.570099
0.814204,0.753936,1.573974,1.572265
0.736417,0.581884,1.575250,1.573974
0.552595,0.632895,1.575883,1.575250
0.627527,0.618810,1.576047,1.575883
0.580013,0.524003,1.575742,1.576047
0.531149,0.428214,1.574863,1.575742
0.399836,0.410396,1.573519,1.574863
0.377574,0.430060,1.571573,1.573519
0.431695,0.335256,1.567937,1.571573
0.276129,0.335597,1.564918,1.567937
0.208112,0.320332,1.561353,1.564918
0.427078,0.293154,1.551346,1.561353
0.399310,0.290647,1.536018,1.551346
0.502410,0.288277,1.499642,1.536018
0.396371,0.268035,1.435768,1.499642
0.318591,0.303406,1.366291,1.435768
0.400537,0.271772,1.270279,1.366291
0.540697,0.291241,1.183881,1.270279
0.449507,0.418987,1.095296,1.183881
0.442850,0.390522,0.986932,1.095296
0.238003,0.487330,0.877924,0.986932
0.328334,0.651902,0.753457,0.877924
0.712867,0.598922,0.593224,0.753457
0.721422,0.696655,0.460051,0.593224
0.863524,0.903266,0.339874,0.460051
1.056460,0.770143,0.224229,0.339874
0.829912,0.839961,0.154801,0.224229
0.787998,0.929637,0.107105,0.154801
0.897233,0.790532,0.071789,0.107105
0.662307,0.790884,0.062203,0.071789
0.773509,0.902203,0.066723,0.062203
0.687253,0.775460,0.076407,0.066723
0.790735,0.799396,0.081806,0.076407
0.743064,0.922136,0.083101,0.081806
0.880831,0.795137,0.081253,0.083101
0.800980,0.826243,0.079620,0.081253
0.767010,0.980458,0.078304,0.079620
0.971208,0.792949,0.076208,0.078304
0.788370,0.848406,0.073560,0.076208
0.787235,0.975528,0.070728,0.073560
0.988494,0.814215,0.068175,0.070728
0.779939,0.837505,0.066503,0.068175
0.777193,0.993637,0.065385,0.066503
0.976133,0.826541,0.064356,0.065385
0.779909,0.833623,0.063853,0.064356
0.943208,0.989989,0.063596,0.063853
0.847300,0.829177,0.063168,0.063596
0.937052,0.811409,0.062821,0.063168
0.841872,0.973719,0.062618,0.062821
0.942515,0.831449,0.062905,0.062618
0.839520,0.881265,0.063284,0.062905
0.794186,0.942907,0.063356,0.063284
0.987082,0.825316,0.062686,0.063356
0.792089,0.847751,0.062005,0.062686
0.790568,0.989210,0.061353,0.062005
0.981584,0.819997,0.061124,0.061353
0.797531,0.844555,0.061338,0.061124
0.795476,1.007317,0.061515,0.061338
0.991116,0.833819,0.061448,0.061515
0.798580,0.837636,0.061157,0.061448
0.940902,0.957566,0.060687,0.061157
0.842393,0.810169,0.060471,0.060687
0.941127,0.848321,0.060531,0.060471
0.839356,0.986567,0.049215,0.060531
0.984749,0.824395,0.016234,0.049215
0.983967,0.819356,0.075350,0.016234
0.933016,0.907880,0.110685,0.075350
1.020885,0.701567,0.124435,0.110685
0.721446,0.687785,0.124542,0.124435
0.650219,0.766182,0.119146,0.124542
0.701556,0.559447,0.110039,0.119146
0.515791,0.519587,0.102145,0.110039
0.480975,0.603418,0.094570,0.102145
0.546042,0.426997,0.086792,0.094570
0.411962,0.428099,0.081420,0.086792
0.452846,0.441257,0.077113,0.081420
0.375657,0.367572,0.073468,0.077113
0.398434,0.347379,0.059397,0.073468
0.285075,0.369096,0.014003,0.059397
0.231210,0.263783,0.028285,0.014003
0.319406,0.277109,0.103468,0.028285
0.421854,0.323940,0.193187,0.103468
0.532758,0.256622,0.289735,0.193187
0.366221,0.223268,0.327264,0.289735
0.316831,0.276650,0.315841,0.327264
0.472317,0.268316,0.302321,0.315841
0.475274,0.364866,0.358019,0.302321
0.505700,0.396883,0.473706,0.358019
0.409118,0.413416,0.617846,0.473706
0.338084,0.533628,0.746706,0.617846
0.483581,0.525455,0.898957,0.746706
0.388139,0.652827,1.023736,0.898957
0.543437,0.810444,1.141058,1.023736
0.961369,0.737283,1.255732,1.141058
0.917229,0.789090,1.330877,1.255732
1.072938,0.959987,1.392483,1.330877
1.104123,0.775570,1.450901,1.392483
0.809967,0.975425,1.490709,1.450901
0.910671,0.939732,1.530666,1.490709
0.875505,0.795858,1.561377,1.530666
0.732137,0.910868,1.580335,1.561377
0.850889,0.765736,1.592074,1.580335
0.609593,0.814716,1.591734,1.592074
0.674875,0.924355,1.583090,1.591734
0.920188,0.780571,1.568520,1.583090
0.757692,0.838245,1.557599,1.568520
0.743394,0.938762,1.550170,1.557599
0.951478,0.794502,1.546932,1.550170
0.771643,0.822248,1.547927,1.546932
0.780157,0.995714,1.550837,1.547927
0.979914,0.813640,1.554773,1.550837
0.790469,0.835661,1.557438,1.554773
0.932178,0.966998,1.559038,1.557438
0.836090,0.820315,1.559335,1.559038
0.949537,0.863391,1.558715,1.559335
0.850277,0.958185,1.557809,1.558715
0.954029,0.809174,1.556838,1.557809
0.855853,0.831742,1.556389,1.556838
0.804076,0.951314,1.556235,1.556389
1.004727,0.843965,1.556471,1.556235
0.796588,0.848631,1.556967,1.556471
0.788788,1.008271,1.557627,1.556967
0.981394,0.816932,1.558286,1.557627
0.782735,0.835357,1.558784,1.558286
0.783941,0.992761,1.559157,1.558784
0.991801,0.827704,1.559430,1.559157
0.805847,0.847255,1.559555,1.559430
0.950409,0.990594,1.559620,1.559555
0.838206,0.815931,1.559602,1.559620
0.937834,0.849452,1.559518,1.559602
0.844003,0.978058,1.559535,1.559518
0.954061,0.811025,1.559800,1.559535
0.850909,0.834339,1.559762,1.559800
0.861423,0.981937,1.560292,1.559762
1.169504,0.809572,1.564051,1.560292
0.931081,0.910646,1.567097,1.564051
1.010462,0.840614,1.568949,1.567097
0.891640,0.680861,1.569306,1.568949
0.643930,0.729413,1.569043,1.569306
0.702164,0.536290,1.568781,1.569043
0.515683,0.526385,1.568827,1.568781
0.473773,0.570572,1.569124,1.568827
0.543979,0.428384,1.569466,1.569124
0.410929,0.431440,1.569723,1.569466
0.390958,0.446665,1.569907,1.569723
0.445443,0.343908,1.570458,1.569907
0.338612,0.320369,1.570716,1.570458
0.298845,0.389011,1.571816,1.570716
0.255681,0.303621,1.578521,1.571816
0.332128,0.280906,1.598287,1.578521
0.453061,0.277992,1.634139,1.598287
0.528304,0.205945,1.692988,1.634139
0.344560,0.233466,1.745769,1.692988
0.311988,0.290218,1.793481,1.745769
0.580283,0.296577,1.864232,1.793481
0.474052,0.315103,1.947148,1.864232
0.369073,0.402874,2.045923,1.947148
0.274699,0.362012,2.177925,2.045923
0.152260,0.401012,2.304456,2.177925
0.196609,0.581385,2.443202,2.304456
0.460931,0.615669,2.606830,2.443202
0.602889,0.662341,2.731657,2.606830
1.016143,0.873181,2.836434,2.731657
1.226853,0.793691,2.926682,2.836434
1.028715,0.792304,2.981939,2.926682
1.151618,0.912300,3.027790,2.981939
1.240209,0.775044,3.072094,3.027790
0.866908,0.803081,3.102974,3.072094
0.786188,0.931802,3.128794,3.102974
0.917974,0.766778,3.134468,3.128794
0.718677,0.806166,3.125388,3.134468
0.713599,0.920409,3.124879,3.125388
0.889461,0.772284,3.133927,3.124879
0.707938,0.792282,3.140084,3.133927
0.720041,0.945624,3.129737,3.140084
0.901700,0.816597,3.122029,3.129737
0.734963,0.817240,3.119774,3.122029
0.889187,0.952683,3.120741,3.119774
0.949122,0.805706,3.124130,3.120741
0.768177,0.811574,3.127247,3.124130
0.822185,0.979813,3.129874,3.127247
0.980578,0.822873,3.131530,3.129874
0.785788,0.803455,3.131757,3.131530
0.790959,1.012070,3.131249,3.131757
0.998571,0.842715,3.130285,3.131249
0.795164,0.849759,3.129564,3.130285
0.794654,0.984048,3.129128,3.129564
0.982926,0.797149,3.128990,3.129128
0.782971,0.827953,3.129111,3.128990
0.788837,1.019319,3.129475,3.129111
0.985403,0.819632,3.130027,3.129475
0.784962,0.842348,3.130548,3.130027
0.924641,0.970014,3.131021,3.130548
0.980368,0.783971,3.131511,3.131021
0.780943,0.828509,3.131830,3.131511
0.844335,1.037476,3.132161,3.131830
0.994303,0.814629,3.132514,3.132161
0.794125,0.832887,3.132640,3.132514
0.783864,0.996100,3.132575,3.132640
0.969196,0.806576,3.132387,3.132575
0.757420,0.839991,3.132294,3.132387
0.773151,1.011869,3.132270,3.132294
1.070418,1.003076,3.132161,3.132270
1.197205,0.954754,3.133355,3.132161
1.149815,0.764135,3.134202,3.133355
0.816192,0.700146,3.133980,3.134202
0.712856,0.785586,3.133106,3.133980
0.784234,0.610082,3.131847,3.133106
0.562884,0.580238,3.130951,3.131847
0.596513,0.595499,3.130517,3.130951
0.479275,0.476221,3.130911,3.130517
0.502324,0.456860,3.132163,3.130911
0.428048,0.488749,3.134068,3.132163
0.440570,0.454019,3.136655,3.134068
0.422498,0.388164,3.139374,3.136655
0.392834,0.290095,3.142135,3.139374
0.295471,0.294544,3.140049,3.142135
0.285640,0.329195,3.137399,3.140049
0.306010,0.247440,3.134863,3.137399
0.229538,0.229093,3.133926,3.134863
0.214031,0.258292,3.134092,3.133926
0.240724,0.192786,3.135110,3.134092
0.184799,0.161454,3.136227,3.135110
0.169007,0.140819,3.137191,3.136227
0.180901,0.119485,3.137844,3.137191
0.108580,0.138911,3.137959,3.137844
0.095083,0.116938,3.137690,3.137959
0.096710,0.066801,3.137127,3.137690
0.073638,0.065587,3.136691,3.137127
0.102339,0.039973,3.136334,3.136691
0.102427,0.052232,3.136116,3.136334
0.073360,0.011213,3.136012,3.136116
0.073847,0.052731,3.136023,3.136012
0.082949,0.029486,3.135996,3.136023
0.048571,0.029346,3.135962,3.135996
0.000000,0.000000,0.000000,0.000000
0.000000,0.038296,2.061793,0.000000
0.025794,0.041903,2.027349,2.061793
0.025710,0.049403,2.012756,2.027349
0.028924,0.028117,2.019658,2.012756
0.000000,0.022674,2.024321,2.019658
0.000000,0.004390,2.020335,2.024321
0.020659,0.007704,2.017999,2.020335
0.000000,0.018150,2.019491,2.017999
0.000000,0.029871,2.019492,2.019491
0.000000,0.032102,2.019228,2.019492
0.016837,0.054392,2.019706,2.019228
0.022125,0.043334,2.020365,2.019706
0.021860,0.017575,2.020851,2.020365
0.017307,0.046703,2.020749,2.020851
0.044068,0.038332,2.011993,2.020749
0.052406,0.024973,2.012488,2.011993
0.043608,0.038132,2.012275,2.012488
0.054263,0.037803,2.012119,2.012275
0.046434,0.019573,2.012300,2.012119
0.055515,0.029362,2.013208,2.012300
0.064233,0.056444,2.014955,2.013208
0.079394,0.054103,2.017485,2.014955
0.084139,0.047768,2.018940,2.017485
0.081265,0.006413,2.019284,2.018940
0.060647,0.025623,2.019257,2.019284
0.071249,0.032945,2.019665,2.019257
0.073184,0.023563,2.020321,2.019665
0.060236,0.020368,2.019284,2.020321
0.053847,0.034066,2.017156,2.019284
0.058743,0.026361,2.015055,2.017156
0.053337,0.044006,2.013938,2.015055
0.039495,0.035423,2.013647,2.013938
0.041788,0.023059,2.013626,2.013647
0.122350,0.015429,2.001180,2.013626
0.202111,0.043663,1.978064,2.001180
0.155094,0.127884,1.942837,1.978064
0.099251,0.180350,1.880961,1.942837
0.065702,0.269153,1.765607,1.880961
0.295100,0.417804,1.650019,1.765607
0.429741,0.538639,1.525358,1.650019
0.400799,0.504099,1.429577,1.525358
0.534198,0.715093,1.358289,1.429577
0.484839,0.680939,1.256542,1.358289
0.444437,0.750852,1.142879,1.256542
0.700287,0.908692,1.000367,1.142879
0.570028,0.809298,0.816324,1.000367
0.485940,0.813838,0.668191,0.816324
0.801510,0.963888,0.529644,0.668191
1.178134,0.814964,0.391616,0.529644
0.931711,0.824715,0.297589,0.391616
0.888623,0.927538,0.220544,0.297589
1.019825,0.756568,0.153115,0.220544
0.762434,0.787378,0.115390,0.153115
0.718899,0.874459,0.094705,0.115390
0.864142,0.827309,0.087421,0.094705
0.687930,0.816937,0.087799,0.087421
0.824500,0.949398,0.087997,0.087799
0.879103,0.970737,0.085038,0.087997
0.887420,0.987242,0.078815,0.085038
0.785007,0.813635,0.069832,0.078815
0.916047,0.821110,0.063290,0.069832
0.839449,0.960413,0.059966,0.063290
0.937439,0.837054,0.058075,0.059966
0.835862,0.834779,0.057384,0.058075
0.781585,0.997500,0.057696,0.057384
0.981428,0.853091,0.057876,0.057696
0.794159,0.836512,0.057650,0.057876
0.794375,0.966163,0.057461,0.057650
0.991995,0.804880,0.057532,0.057461
0.788611,0.832059,0.057704,0.057532
0.800702,0.987644,0.057844,0.057704
1.017858,0.807852,0.058008,0.057844
0.804137,0.868947,0.057982,0.058008
0.939064,0.987781,0.058032,0.057982
0.838444,0.786179,0.058536,0.058032
0.956785,0.859696,0.059198,0.058536
0.856431,0.979731,0.059185,0.059198
0.954268,0.840247,0.058871,0.059185
0.847464,0.832088,0.058554,0.058871
0.791589,0.956463,0.058298,0.058554
0.988360,0.798220,0.058227,0.058298
0.794817,0.838178,0.058478,0.058227
0.788530,1.002168,0.059305,0.058478
0.983786,0.826940,0.056485,0.059305
0.803679,0.836745,0.020231,0.056485
0.881164,0.957876,0.046726,0.020231
1.147193,0.765234,0.101718,0.046726
0.862521,0.737701,0.119774,0.101718
0.920698,0.844043,0.124273,0.119774
0.732457,0.604201,0.120584,0.124273
0.735021,0.734786,0.114245,0.120584
0.696120,0.637471,0.105236,0.114245
0.544433,0.518117,0.096681,0.105236
0.561210,0.543573,0.090607,0.096681
0.541454,0.403174,0.085480,0.090607
0.406197,0.386249,0.082813,0.085480
0.400884,0.427508,0.081452,0.082813
0.434866,0.342382,0.074698,0.081452
0.298366,0.330504,0.047676,0.074698
0.217026,0.354479,0.048329,0.047676
0.347859,0.276893,0.106288,0.048329
0.367640,0.284707,0.186953,0.106288
0.383015,0.282897,0.268291,0.186953
0.443146,0.226760,0.315845,0.268291
0.311937,0.229577,0.298244,0.315845
0.331762,0.326807,0.260463,0.298244
0.525528,0.289639,0.295331,0.260463
0.365643,0.322820,0.380830,0.295331
0.356035,0.444177,0.494618,0.380830
0.373822,0.515423,0.645203,0.494618
0.377826,0.610233,0.796490,0.645203
0.367730,0.558585,0.946345,0.796490
0.490433,0.756392,1.065809,0.946345
0.645079,0.863127,1.195056,1.065809
0.705923,0.785741,1.296561,1.195056
0.863002,0.965703,1.365158,1.296561
0.949916,0.782724,1.429062,1.365158
0.722176,0.806374,1.472238,1.429062
0.714970,0.927258,1.509216,1.472238
0.795502,0.786726,1.544868,1.509216
0.644988,0.787948,1.568188,1.544868
0.658638,0.943621,1.584733,1.568188
0.859410,0.790962,1.592523,1.584733
0.725015,0.813018,1.588744,1.592523
0.751850,0.991724,1.577795,1.588744
0.969098,0.788116,1.562735,1.577795
0.794906,0.831752,1.552782,1.562735
0.792000,0.959720,1.546973,1.552782
0.996014,0.818671,1.545644,1.546973
0.807240,0.823593,1.547741,1.545644
0.961243,0.992242,1.551174,1.547741
1.009083,0.805506,1.555073,1.551174
0.797980,0.826840,1.557369,1.555073
0.842052,0.970207,1.558533,1.557369
0.990582,0.826483,1.558592,1.558533
0.802093,0.831668,1.558019,1.558592
0.806001,0.964885,1.557225,1.558019
1.011911,0.811371,1.556468,1.557225
0.811626,1.010691,1.556141,1.556468
1.001819,0.994777,1.556182,1.556141
1.009032,0.828650,1.556481,1.556182
0.802016,0.992700,1.556901,1.556481
1.000176,0.829404,1.557454,1.556901
0.802139,0.984854,1.557993,1.557454
1.011064,0.949825,1.558546,1.557993
1.000131,1.017103,1.559186,1.558546
0.999219,0.973530,1.560064,1.559186
1.000987,0.848473,1.561235,1.560064
0.798395,0.985774,1.562331,1.561235
0.994607,0.826800,1.563432,1.562331
0.800314,0.832609,1.564089,1.563432
0.820434,1.010190,1.564375,1.564089
1.030114,0.793392,1.563121,1.564375
0.884564,0.825916,1.563099,1.563121
1.122878,0.968572,1.564931,1.563099
0.971332,0.741234,1.566059,1.564931
0.936489,0.742613,1.566412,1.566059
0.729910,0.715901,1.567069,1.566412
0.724402,0.584207,1.568561,1.567069
0.583204,0.539453,1.570621,1.568561
0.497535,0.594731,1.573098,1.570621
0.565617,0.467537,1.576096,1.573098
0.425439,0.438784,1.578105,1.576096
0.397025,0.469661,1.579517,1.578105
0.467418,0.369909,1.580515,1.579517
0.357402,0.339841,1.580693,1.580515
0.326141,0.380161,1.579831,1.580693
0.291353,0.305217,1.579543,1.579831
0.267415,0.312882,1.575537,1.579543
0.428558,0.328979,1.564913,1.575537
0.432819,0.264753,1.541186,1.564913
0.421613,0.280810,1.500494,1.541186
0.395710,0.297748,1.429546,1.500494
0.281509,0.274418,1.341204,1.429546
0.364078,0.351189,1.256548,1.341204
0.287090,0.295411,1.153264,1.256548
0.094400,0.366483,1.067054,1.153264
0.033697,0.529349,0.967684,1.067054
0.173580,0.497237,0.828503,0.967684
0.345108,0.594589,0.700568,0.828503
0.589629,0.786257,0.559475,0.700568
0.967256,0.704385,0.407218,0.559475
0.813909,0.757353,0.299433,0.407218
0.849984,0.967352,0.209089,0.299433
1.112149,0.769831,0.137126,0.209089
0.842108,0.833050,0.094844,0.137126
0.908264,0.918456,0.068705,0.094844
0.739327,0.775580,0.062922,0.068705
0.809697,0.786975,0.070073,0.062922
0.719224,0.942340,0.078161,0.070073
0.817038,0.794948,0.081783,0.078161
0.759121,0.784749,0.079196,0.081783
0.761406,0.949689,0.075699,0.079196
0.981986,0.797237,0.074676,0.075699
0.791080,0.832365,0.075555,0.074676
0.793564,0.949808,0.075631,0.075555
1.000146,0.803135,0.074323,0.075631
0.800943,0.826874,0.072377,0.074323
0.793130,0.928928,0.070029,0.072377
0.980003,0.854969,0.067823,0.070029
0.786946,0.851306,0.066593,0.067823
0.927097,0.975647,0.065718,0.066593
0.819558,0.836651,0.065307,0.065718
0.930415,0.849407,0.065472,0.065307
0.841196,0.980992,0.065420,0.065472
0.940332,0.806128,0.064212,0.065420
0.854472,0.824028,0.063272,0.064212
0.803676,0.999428,0.062673,0.063272
1.005820,0.991824,0.062308,0.062673
0.998479,0.962838,0.062435,0.062308
0.993195,0.841565,0.062967,0.062435
0.796435,0.845054,0.063489,0.062967
0.794696,0.979345,0.063706,0.063489
0.988748,0.822820,0.063489,0.063706
0.781411,0.999938,0.063039,0.063489
0.970297,0.968591,0.062292,0.063039
0.979577,0.851642,0.061929,0.062292
0.784792,0.965765,0.061984,0.061929
0.981590,0.877661,0.062041,0.061984
0.782319,0.830226,0.061587,0.062041
0.777550,0.977556,0.052729,0.061587
1.022990,0.803217,0.012237,0.052729
0.898237,0.834182,0.071418,0.012237
1.092602,0.941345,0.110714,0.071418
0.910434,0.698307,0.127092,0.110714
0.878474,0.710007,0.128772,0.127092
0.705240,0.747367,0.124087,0.128772
0.724603,0.583376,0.114677,0.124087
0.578323,0.540620,0.106114,0.114677
0.494930,0.591598,0.097887,0.106114
0.566391,0.411448,0.089603,0.097887
0.420696,0.399462,0.083916,0.089603
0.399696,0.488567,0.079082,0.083916
0.448620,0.334741,0.074860,0.079082
0.332051,0.321867,0.064650,0.074860
0.291419,0.407341,0.026911,0.064650
0.249537,0.301935,0.036125,0.026911
0.264588,0.271583,0.106956,0.036125
0.477281,0.337126,0.198116,0.106956
0.471918,0.253401,0.297640,0.198116
0.456566,0.254050,0.340432,0.297640
0.409667,0.281909,0.336843,0.340432
0.499513,0.269130,0.326090,0.336843
0.539043,0.381667,0.380757,0.326090
0.495273,0.392067,0.497493,0.380757
0.290805,0.402010,0.642474,0.497493
0.269856,0.515384,0.775341,0.642474
0.509660,0.507459,0.932310,0.775341
0.525538,0.608225,1.060896,0.932310
0.491832,0.812470,1.179730,1.060896
0.798805,0.729581,1.290483,1.179730
0.767214,0.793880,1.358929,1.290483
0.858788,0.949911,1.412699,1.358929
1.129666,0.808540,1.464244,1.412699
0.860215,0.804193,1.500118,1.464244
0.811528,0.919560,1.531413,1.500118
0.953686,0.781445,1.561372,1.531413
0.718261,0.777756,1.579868,1.561372
0.833612,0.950971,1.590901,1.579868
0.886274,0.785638,1.591354,1.590901
0.737661,0.788411,1.581379,1.591354
0.810006,0.962757,1.566882,1.581379
0.961436,0.797130,1.552024,1.566882
0.782480,0.838219,1.544404,1.552024
0.786893,0.968285,1.541739,1.544404
0.994935,0.825925,1.543949,1.541739
0.794055,0.847007,1.548187,1.543949
0.790488,0.969834,1.552901,1.548187
0.996661,0.801451,1.557097,1.552901
0.800616,0.872980,1.559014,1.557097
0.792592,0.988768,1.559603,1.559014
0.995526,0.820293,1.559098,1.559603
0.796215,0.845253,1.558360,1.559098
0.940999,0.993700,1.557676,1.558360
0.997654,0.827596,1.557268,1.557676
0.799754,0.830956,1.557291,1.557268
0.852772,0.974690,1.557519,1.557291
0.997599,0.790272,1.558041,1.557519
0.791671,0.840202,1.558620,1.558041
0.800364,0.979744,1.559232,1.558620
1.009700,0.842112,1.559922,1.559232
0.804969,0.826883,1.560345,1.559922
0.800034,0.989565,1.560681,1.560345
0.993535,0.817819,1.561008,1.560681
0.795273,0.826352,1.561163,1.561008
0.794146,0.972570,1.561250,1.561163
0.988767,0.819245,1.561168,1.561250
0.796627,0.868134,1.560933,1.561168
0.944221,0.996242,1.560621,1.560933
1.001849,0.820542,1.559892,1.560621
0.822904,0.838770,1.558705,1.559892
0.981939,0.977601,1.559970,1.558705
1.184230,0.764398,1.563109,1.559970
0.857408,0.729461,1.564119,1.563109
0.737539,0.792897,1.563901,1.564119
0.786552,0.618988,1.563104,1.563901
0.584907,0.602136,1.562447,1.563104
0.543320,0.642129,1.562026,1.562447
0.617965,0.602955,1.562108,1.562026
0.579294,0.527844,1.562827,1.562108
0.534511,0.418049,1.563962,1.562827
0.409226,0.428364,1.565441,1.563962
0.387864,0.440531,1.567642,1.565441
0.444091,0.306451,1.570703,1.567642
0.277879,0.309365,1.574225,1.570703
0.254817,0.355653,1.577937,1.574225
0.337791,0.268994,1.575011,1.577937
0.451038,0.267496,1.563919,1.575011
0.416269,0.276284,1.541374,1.563919
0.407062,0.263580,1.487246,1.541374
0.358349,0.247935,1.426826,1.487246
0.379834,0.310252,1.352046,1.426826
0.541620,0.339374,1.255798,1.352046
0.352849,0.337188,1.173429,1.255798
0.342002,0.438362,1.087685,1.173429
0.328756,0.425299,0.967205,1.087685
0.251642,0.503389,0.849472,0.967205
0.450096,0.711973,0.712964,0.849472
0.930397,0.667563,0.543079,0.712964
0.877468,0.776697,0.412952,0.543079
1.114892,0.931396,0.299855,0.412952
1.088321,0.830958,0.199901,0.299855
1.070856,0.794401,0.142728,0.199901
0.822506,0.930192,0.099244,0.142728
0.812973,0.942559,0.070051,0.099244
0.807700,0.929784,0.067129,0.070051
0.816399,0.772939,0.076018,0.067129
0.668124,0.797649,0.082055,0.076018
0.723903,0.937587,0.082637,0.082055
0.916844,0.816948,0.077447,0.082637
0.763764,0.992006,0.072852,0.077447
0.952685,0.954335,0.071799,0.072852
0.957011,0.821201,0.073116,0.071799
0.775175,0.985501,0.073806,0.073116
0.975989,0.817597,0.072594,0.073806
0.775450,0.829889,0.070292,0.072594
0.775873,0.984507,0.067677,0.070292
0.971135,0.828290,0.065271,0.067677
0.778798,0.824867,0.064048,0.065271
0.779199,0.976237,0.063525,0.064048
0.984940,0.806397,0.063779,0.063525
0.784141,0.818645,0.064299,0.063779
0.927489,0.952620,0.064907,0.064299
0.831001,0.817343,0.065545,0.064907
0.938422,0.857859,0.066140,0.065545
0.848276,0.977397,0.065988,0.066140
0.948601,0.811574,0.064908,0.065988
0.856267,0.838789,0.063872,0.064908
0.805396,1.000672,0.062812,0.063872
1.000317,0.842319,0.061553,0.062812
0.798570,0.857081,0.060739,0.061553
0.802062,0.981925,0.060150,0.060739
0.997842,0.815985,0.059658,0.060150
0.790886,1.033298,0.059391,0.059658
0.985057,0.963191,0.059547,0.059391
0.983540,0.832103,0.059860,0.059547
0.791339,1.004189,0.060263,0.059860
0.988530,0.807619,0.058883,0.060263
0.797577,0.861849,0.029222,0.058883
0.872727,0.942429,0.038621,0.029222
1.187791,0.766844,0.102598,0.038621
0.904568,0.749270,0.124475,0.102598
0.922559,0.841102,0.129663,0.124475
0.825968,0.621012,0.125011,0.129663
0.589744,0.594198,0.116804,0.125011
0.569450,0.648943,0.107094,0.116804
0.600486,0.535547,0.096319,0.107094
0.444331,0.480586,0.088573,0.096319
0.425903,0.509260,0.082338,0.088573
0.501589,0.397764,0.077234,0.082338
0.371643,0.392630,0.074227,0.077234
0.354061,0.409356,0.071031,0.074227
0.391167,0.290339,0.034917,0.071031
0.235732,0.314212,0.011075,0.034917
0.206387,0.382374,0.060106,0.011075
0.463600,0.244154,0.163575,0.060106
0.420168,0.278467,0.248324,0.163575
0.456564,0.283049,0.308679,0.248324
0.402712,0.304756,0.309464,0.308679
0.450407,0.314768,0.266823,0.309464
0.527693,0.284777,0.300246,0.266823
0.518871,0.323639,0.387408,0.300246
0.348308,0.429201,0.499035,0.387408
0.375289,0.407255,0.645108,0.499035
0.344887,0.503954,0.766177,0.645108
0.439341,0.696481,0.892505,0.766177
0.726853,0.642767,1.035804,0.892505
0.687629,0.711466,1.146255,1.035804
0.860540,0.906366,1.243547,1.146255
1.217803,0.801865,1.334044,1.243547
1.025370,0.958741,1.395233,1.334044
1.114369,0.939502,1.455392,1.395233
0.970880,0.782154,1.502210,1.455392
0.732459,0.915983,1.535108,1.502210
0.863635,0.759423,1.565369,1.535108
0.694350,0.778875,1.583230,1.565369
0.705835,0.924394,1.593257,1.583230
0.900496,0.788766,1.592685,1.593257
0.731088,0.812419,1.583337,1.592685
0.882817,0.969276,1.570180,1.583337
0.943733,0.801123,1.556260,1.570180
0.745122,0.807250,1.548645,1.556260
0.817483,0.964772,1.545458,1.548645
0.974112,0.791155,1.546643,1.545458
0.777589,0.816379,1.549922,1.546643
0.775271,0.977099,1.553627,1.549922
0.966149,0.831907,1.556978,1.553627
0.777702,0.831354,1.558355,1.556978
0.778962,0.974525,1.558468,1.558355
0.612481,0.828985,1.557567,1.558468
0.562883,0.853688,1.556601,1.557567
0.706896,0.980715,1.555686,1.556601
0.978104,0.763515,1.555029,1.555686
0.796689,0.850736,1.554973,1.555029
0.954502,1.008263,1.555341,1.554973
0.997004,0.823668,1.556036,1.555341
0.789459,1.012709,1.556703,1.556036
0.981870,0.989814,1.557390,1.556703
0.995110,0.843793,1.558041,1.557390
0.848714,1.013577,1.558554,1.558041
0.949881,0.813330,1.559304,1.558554
0.843842,0.856918,1.559914,1.559304
0.786761,0.983313,1.560408,1.559914
0.990032,0.823993,1.560873,1.560408
0.790648,0.848922,1.561257,1.560873
0.793305,0.977500,1.561581,1.561257
0.983053,0.814467,1.561828,1.561581
0.807572,1.010287,1.561609,1.561828
1.175187,0.957829,1.563999,1.561609
1.170013,0.762985,1.567227,1.563999
0.846456,0.870430,1.568889,1.567227
0.911251,0.687051,1.569885,1.568889
0.638498,0.630972,1.570312,1.569885
0.589015,0.641519,1.570399,1.570312
0.670235,0.536060,1.570119,1.570399
0.494705,0.505268,1.569702,1.570119
0.533033,0.525131,1.569335,1.569702
0.519434,0.515022,1.569445,1.569335
0.488012,0.424962,1.570267,1.569445
0.387666,0.324350,1.571239,1.570267
0.399396,0.339331,1.570869,1.571239
0.258263,0.363889,1.569736,1.570869
0.231001,0.291726,1.572394,1.569736
0.366753,0.277738,1.588901,1.572394
0.426380,0.309737,1.623175,1.588901
0.534007,0.236824,1.682354,1.623175
0.365886,0.241609,1.737247,1.682354
0.286869,0.279748,1.786172,1.737247
0.465422,0.276754,1.855404,1.786172
0.403866,0.293779,1.936735,1.855404
0.326153,0.407532,2.033538,1.936735
0.366619,0.372911,2.163394,2.033538
0.240904,0.421435,2.289087,2.163394
0.298092,0.571031,2.427853,2.289087
0.442409,0.568879,2.592607,2.427853
0.764283,0.691545,2.719464,2.592607
0.900967,0.845004,2.826786,2.719464
1.127135,0.748975,2.920036,2.826786
1.141977,0.803972,2.977164,2.920036
1.061533,0.932178,3.023837,2.977164
1.181379,0.819229,3.068427,3.023837
0.849112,0.787309,3.099646,3.068427
0.765177,0.950602,3.126157,3.099646
0.899202,0.756677,3.135683,3.126157
0.707620,0.784130,3.125230,3.135683
0.695090,0.902456,3.123310,3.125230
0.875667,0.782862,3.131548,3.123310
0.705884,0.799427,3.142215,3.131548
0.859186,0.921428,3.131114,3.142215
0.769248,0.988811,3.122290,3.131114
0.925204,0.952973,3.119248,3.122290
0.965791,0.820902,3.120881,3.119248
0.765456,0.826442,3.124093,3.120881
0.923942,0.965494,3.127606,3.124093
0.981199,0.972845,3.130551,3.127606
1.003642,0.958688,3.131747,3.130551
0.852819,0.832539,3.131297,3.131747
0.948788,0.998834,3.130260,3.131297
0.996718,0.976279,3.128898,3.130260
0.838627,0.835089,3.127965,3.128898
0.931085,0.993173,3.127549,3.127965
0.976892,0.986764,3.127601,3.127549
0.984369,1.000389,3.128043,3.127601
0.835445,0.839884,3.128614,3.128043
0.938970,0.845121,3.129090,3.128614
0.836406,0.954465,3.129498,3.129090
0.938900,1.003892,3.129774,3.129498
0.985786,0.979483,3.129873,3.129774
0.971661,0.816113,3.130075,3.129873
0.784454,0.859076,3.130393,3.130075
0.826863,0.964021,3.130823,3.130393
0.964699,0.819455,3.131248,3.130823
0.772158,0.851976,3.131496,3.131248
0.772918,0.990525,3.131483,3.131496
0.961533,0.807069,3.130754,3.131483
0.859103,0.858798,3.129979,3.130754
0.914821,0.931310,3.130193,3.129979
1.149467,0.742754,3.130633,3.130193
0.837217,0.743914,3.130364,3.130633
0.738432,0.829125,3.129857,3.130364
0.796970,0.592056,3.129306,3.129857
0.572100,0.562426,3.129306,3.129306
0.613440,0.634463,3.129986,3.129306
0.591773,0.505376,3.131792,3.129986
0.440045,0.473268,3.133945,3.131792
0.441471,0.476693,3.136517,3.133945
0.482936,0.377710,3.139752,3.136517
0.355006,0.359598,3.142415,3.139752
0.329892,0.409747,3.139710,3.142415
0.379734,0.315421,3.136332,3.139710
0.281378,0.286838,3.133582,3.136332
0.264629,0.305341,3.130910,3.133582
0.305541,0.207405,3.129205,3.130910
0.230361,0.251009,3.129167,3.129205
0.219802,0.206870,3.130014,3.129167
0.253814,0.165670,3.131506,3.130014
0.198017,0.168547,3.132693,3.131506
0.219336,0.131876,3.133504,3.132693
0.199465,0.111630,3.133829,3.133504
0.138875,0.081533,3.133560,3.133829
0.101648,0.097339,3.133068,3.133560
0.101285,0.066579,3.132453,3.133068
0.068392,0.076182,3.132042,3.132453
0.062783,0.046877,3.131765,3.132042
0.070609,0.041168,3.131636,3.131765
0.047578,0.030227,3.131546,3.131636
0.053386,0.023602,3.131551,3.131546
0.000000,0.028672,3.131361,3.131551
0.000000,0.000000,0.000000,0.000000
0.000000,0.019204,2.067681,0.000000
0.016971,0.039091,2.058815,2.067681
0.029113,0.040215,2.048526,2.058815
0.021770,0.022843,2.042361,2.048526
0.000000,0.016863,2.046246,2.042361
0.000000,0.039714,2.063578,2.046246
0.000000,0.030504,2.061536,2.063578
0.000000,0.044161,2.059672,2.061536
0.000000,0.030973,2.058922,2.059672
0.022694,0.030662,2.058493,2.058922
0.020031,0.026714,2.058356,2.058493
0.016271,0.043733,2.058022,2.058356
0.000000,0.021991,2.057359,2.058022
0.000000,0.014419,2.056025,2.057359
0.023071,0.032930,2.049326,2.056025
0.027604,0.017069,2.045956,2.049326
0.039240,0.032898,2.043163,2.045956
0.032675,0.029282,2.041927,2.043163
0.039363,0.020009,2.041520,2.041927
0.041381,0.024536,2.042802,2.041520
0.055784,0.022690,2.044870,2.042802
0.044133,0.037824,2.047012,2.044870
0.054481,0.021130,2.049557,2.047012
0.037432,0.029296,2.051427,2.049557
0.045178,0.052451,2.053466,2.051427
0.068236,0.024299,2.054473,2.053466
0.059610,0.032075,2.054420,2.054473
0.062387,0.034415,2.054241,2.054420
0.071087,0.044514,2.054956,2.054241
0.054476,0.017500,2.056083,2.054956
0.051324,0.053088,2.056573,2.056083
0.055018,0.025727,2.056943,2.056573
0.032014,0.028697,2.057474,2.056943
0.053093,0.043770,2.056668,2.057474
0.075526,0.011562,2.054137,2.056668
0.063914,0.030229,2.052037,2.054137
0.052106,0.027507,2.050436,2.052037
0.052527,0.016313,2.050234,2.050436
0.036196,0.022579,2.050999,2.050234
0.176648,0.030419,2.031531,2.050999
0.143543,0.081467,2.002981,2.031531
0.130598,0.147505,1.949308,2.002981
0.027518,0.203255,1.845905,1.949308
0.131561,0.299534,1.738707,1.845905
0.250688,0.444695,1.632664,1.738707
0.472670,0.469091,1.528911,1.632664
0.434528,0.524186,1.455144,1.528911
0.579225,0.706480,1.381495,1.455144
0.462446,0.666047,1.269323,1.381495
0.644374,0.732986,1.148116,1.269323
0.680717,0.953428,1.002958,1.148116
0.651691,0.799750,0.819441,1.002958
0.659829,0.823141,0.672399,0.819441
0.899762,0.991260,0.535799,0.672399
1.143150,0.821802,0.399802,0.535799
0.842420,0.805121,0.307542,0.399802
0.782530,0.940168,0.233100,0.307542
0.946324,0.781417,0.167824,0.233100
0.713824,0.799725,0.129519,0.167824
0.685126,0.920209,0.105003,0.129519
0.831439,0.760673,0.091304,0.105003
0.663372,0.772371,0.087320,0.091304
0.806953,0.997891,0.085673,0.087320
0.733041,0.800649,0.083128,0.085673
0.872446,0.842246,0.078192,0.083128
0.831785,0.965819,0.071212,0.078192
0.944317,0.835433,0.062053,0.071212
0.854630,0.850022,0.057868,0.062053
0.803045,0.983946,0.056609,0.057868
0.996705,0.816672,0.056030,0.056609
0.795888,0.855937,0.055242,0.056030
0.792920,0.949241,0.054538,0.055242
0.995376,0.811675,0.054502,0.054538
0.785609,0.845107,0.055311,0.054502
0.787985,0.986387,0.056471,0.055311
0.992970,0.831025,0.058077,0.056471
0.799281,0.828122,0.058994,0.058077
0.958002,0.971157,0.059134,0.058994
0.847908,0.823740,0.058906,0.059134
0.933291,0.857728,0.058629,0.058906
0.834447,0.953466,0.058360,0.058629
0.934458,0.809738,0.057800,0.058360
0.844292,0.846856,0.057543,0.057800
0.795242,1.016579,0.057772,0.057543
0.981132,0.802358,0.058458,0.057772
0.782527,0.843149,0.059420,0.058458
0.776284,0.968390,0.060464,0.059420
0.969800,0.788248,0.061524,0.060464
0.771248,0.852754,0.061889,0.061524
0.778762,0.964884,0.060044,0.061889
1.019248,0.828374,0.018180,0.060044
0.854979,0.823729,0.047510,0.018180
1.085042,0.954167,0.097480,0.047510
0.932877,0.713635,0.122340,0.097480
0.934430,0.718664,0.127960,0.122340
0.742991,0.778849,0.126595,0.127960
0.743749,0.571368,0.120380,0.126595
0.598503,0.581269,0.113435,0.120380
0.523684,0.601709,0.106461,0.113435
0.595895,0.440728,0.099572,0.106461
0.436319,0.445879,0.094961,0.099572
0.407869,0.466389,0.091394,0.094961
0.464506,0.368526,0.088647,0.091394
0.341736,0.349360,0.086113,0.088647
0.311638,0.356580,0.064416,0.086113
0.266452,0.284880,0.057034,0.064416
0.217421,0.282638,0.090602,0.057034
0.396105,0.358672,0.165276,0.090602
0.456213,0.243615,0.257940,0.165276
0.458048,0.214064,0.305019,0.257940
0.329623,0.260079,0.300158,0.305019
0.382019,0.276079,0.257972,0.300158
0.450364,0.376920,0.274716,0.257972
0.410717,0.341916,0.372256,0.274716
0.309104,0.362369,0.504194,0.372256
0.231601,0.504162,0.631420,0.504194
0.290265,0.498040,0.778238,0.631420
0.263640,0.691695,0.903678,0.778238
0.494604,0.782925,1.050757,0.903678
0.702415,0.715533,1.179111,1.050757
0.683844,0.936765,1.269822,1.179111
1.042852,0.790704,1.354246,1.269822
0.855811,0.824759,1.411247,1.354246
0.821120,0.949381,1.459123,1.411247
0.925270,0.787427,1.504734,1.459123
0.673410,0.801333,1.536020,1.504734
0.655367,0.955041,1.561688,1.536020
0.813758,0.756204,1.582596,1.561688
0.678603,0.828475,1.591257,1.582596
0.851558,0.912444,1.590594,1.591257
0.787445,0.794333,1.579556,1.590594
0.899826,0.819922,1.567068,1.579556
0.822783,0.940075,1.555729,1.567068
0.930262,0.777252,1.547655,1.555729
0.829165,0.846510,1.545346,1.547655
0.789735,0.965684,1.546350,1.545346
1.000556,0.801500,1.549909,1.546350
0.807432,0.840780,1.553249,1.549909
0.801271,0.976994,1.555969,1.553249
0.992217,0.794628,1.557768,1.555969
0.793914,0.846235,1.558320,1.557768
0.795974,0.967620,1.558268,1.558320
1.007611,0.836656,1.557870,1.558268
0.808214,0.863312,1.557568,1.557870
0.975226,0.970862,1.557363,1.557568
0.867696,0.837918,1.557234,1.557363
0.968278,0.846919,1.557341,1.557234
0.864339,0.971947,1.557464,1.557341
0.957966,0.835949,1.557585,1.557464
0.851759,0.994222,1.557507,1.557585
0.994905,0.954984,1.557235,1.557507
0.942444,0.846549,1.556874,1.557235
0.851477,0.985809,1.556631,1.556874
0.998916,0.823949,1.556475,1.556631
0.798473,1.011882,1.556444,1.556475
0.986462,0.991303,1.556852,1.556444
0.994807,0.841117,1.557896,1.556852
0.813329,0.981442,1.559012,1.557896
1.011697,1.015355,1.559892,1.559012
1.088102,0.958135,1.561199,1.559892
1.186195,0.774164,1.564804,1.561199
0.941925,0.753002,1.566471,1.564804
0.547120,0.841188,1.566583,1.566471
0.641719,0.673006,1.566133,1.566583
0.537999,0.624645,1.566034,1.566133
0.527779,0.675855,1.566500,1.566034
0.618774,0.476272,1.567956,1.566500
0.474710,0.444564,1.569892,1.567956
0.434706,0.524920,1.572409,1.569892
0.500078,0.415125,1.575908,1.572409
0.376287,0.378419,1.579111,1.575908
0.414102,0.422533,1.582366,1.579111
0.397381,0.292827,1.584619,1.582366
0.243201,0.341021,1.586516,1.584619
0.230336,0.335309,1.585473,1.586516
0.444078,0.270982,1.574974,1.585473
0.428351,0.250231,1.557294,1.574974
0.423818,0.308746,1.526611,1.557294
0.473182,0.231572,1.464114,1.526611
0.333322,0.253149,1.398258,1.464114
0.305895,0.308511,1.318860,1.398258
0.343312,0.315613,1.218298,1.318860
0.154421,0.337881,1.132977,1.218298
0.103886,0.443115,1.042842,1.132977
0.152057,0.468222,0.917067,1.042842
0.351670,0.538592,0.797740,0.917067
0.699200,0.708148,0.663696,0.797740
0.930585,0.672349,0.501069,0.663696
0.851490,0.724988,0.378867,0.501069
0.978594,0.922261,0.272958,0.378867
1.138291,0.828271,0.178934,0.272958
0.889666,0.834160,0.124894,0.178934
0.810699,0.929244,0.084313,0.124894
0.907669,0.789203,0.061811,0.084313
0.695220,0.789001,0.064136,0.061811
0.674558,0.909385,0.072815,0.064136
0.854936,0.785819,0.080116,0.072815
0.711282,0.803911,0.081218,0.080116
0.736196,0.926608,0.078645,0.081218
0.957861,0.812142,0.075897,0.078645
0.794063,0.790289,0.075316,0.075897
0.957348,0.970114,0.075687,0.075316
1.004888,0.812244,0.075237,0.075687
0.804572,0.835736,0.073766,0.075237
0.857040,0.975971,0.071657,0.073766
1.011072,0.793298,0.068931,0.071657
0.799225,0.864544,0.067109,0.068931
0.786659,0.988581,0.066141,0.067109
0.963744,0.787209,0.065976,0.066141
0.776525,0.797644,0.066301,0.065976
0.791501,0.991227,0.066686,0.066301
0.992271,1.007694,0.066948,0.066686
0.975879,0.974049,0.066650,0.066948
0.983900,0.849815,0.065731,0.066650
0.799914,0.831597,0.064860,0.065731
0.807102,0.967759,0.063593,0.064860
1.005888,0.863443,0.061755,0.063593
0.807043,0.822352,0.060724,0.061755
0.949324,1.019232,0.060083,0.060724
0.851398,0.842037,0.059205,0.060083
0.948780,0.854777,0.058272,0.059205
0.843883,0.971090,0.057513,0.058272
0.930610,0.780057,0.057278,0.057513
0.832794,0.834095,0.057800,0.057278
0.780586,0.987089,0.058842,0.057800
0.983052,0.835853,0.060337,0.058842
0.779605,0.802381,0.061698,0.060337
0.779338,0.987827,0.055836,0.061698
1.036364,0.803627,0.012245,0.055836
0.908236,0.797668,0.064259,0.012245
0.932392,0.904953,0.106377,0.064259
1.058021,0.740128,0.123844,0.106377
0.758571,0.687191,0.125513,0.123844
0.786642,0.758976,0.121421,0.125513
0.643571,0.560708,0.113239,0.121421
0.652737,0.523200,0.105398,0.113239
0.513379,0.591292,0.097223,0.105398
0.517041,0.470266,0.088475,0.097223
0.431530,0.449952,0.082265,0.088475
0.378688,0.465830,0.077368,0.082265
0.448422,0.358309,0.073088,0.077368
0.330598,0.322141,0.060176,0.073088
0.279352,0.369494,0.015801,0.060176
0.258004,0.293055,0.033039,0.015801
0.305461,0.296034,0.110528,0.033039
0.389640,0.318484,0.199186,0.110528
0.517279,0.220223,0.292610,0.199186
0.373220,0.298705,0.325429,0.292610
0.472408,0.297149,0.307037,0.325429
0.549907,0.358282,0.301736,0.307037
0.658629,0.373616,0.386489,0.301736
0.486317,0.355201,0.509460,0.386489
0.340234,0.495001,0.634767,0.509460
0.383100,0.442627,0.784643,0.634767
0.414325,0.571669,0.913072,0.784643
0.703577,0.750671,1.041303,0.913072
0.833567,0.709468,1.176658,1.041303
0.976408,0.760819,1.269401,1.176658
0.985420,0.915214,1.343073,1.269401
1.150504,0.813297,1.409858,1.343073
0.994517,0.787755,1.455118,1.409858
0.819532,0.955977,1.493997,1.455118
0.910531,0.756426,1.532193,1.493997
0.694218,0.796716,1.558259,1.532193
0.689186,0.896272,1.578232,1.558259
0.869463,0.775007,1.591010,1.578232
0.716477,0.813181,1.591500,1.591010
0.762264,0.923431,1.582256,1.591500
0.979411,0.826097,1.565909,1.582256
0.780879,0.826450,1.553725,1.565909
0.935270,0.983042,1.545530,1.553725
0.832344,0.802277,1.542280,1.545530
0.936423,0.827800,1.543627,1.542280
0.840325,0.969621,1.547152,1.543627
0.939010,0.817950,1.551943,1.547152
0.835263,0.992642,1.555106,1.551943
1.001612,0.968882,1.557233,1.555106
0.951434,0.846835,1.557587,1.557233
0.847884,0.985025,1.556922,1.557587
1.001905,0.831306,1.555901,1.556922
0.795566,0.985860,1.555208,1.555901
0.994011,1.001300,1.554771,1.555208
0.993881,0.839111,1.554973,1.554771
0.796093,0.977196,1.555465,1.554973
0.988635,0.829132,1.556151,1.555465
0.790536,0.836813,1.556799,1.556151
0.793321,0.972837,1.557471,1.556799
0.984545,0.825859,1.558260,1.557471
0.795088,0.828933,1.558929,1.558260
0.794925,0.982020,1.559667,1.558929
0.995438,0.820770,1.560495,1.559667
0.787749,0.827680,1.561310,1.560495
0.937778,0.997114,1.562281,1.561310
0.839391,0.833202,1.563374,1.562281
0.959831,0.848034,1.564197,1.563374
0.856370,0.974410,1.564746,1.564197
0.973331,0.842055,1.564299,1.564746
0.975750,0.816049,1.565703,1.564299
0.954019,0.935903,1.568520,1.565703
1.079426,0.744457,1.570142,1.568520
0.755682,0.841304,1.570202,1.570142
0.827787,0.753164,1.569769,1.570202
0.749511,0.590969,1.568897,1.569769
0.554827,0.638948,1.568120,1.568897
0.629034,0.493969,1.567230,1.568120
0.466622,0.454309,1.566436,1.567230
0.431696,0.520634,1.565594,1.566436
0.492970,0.381161,1.564691,1.565594
0.367333,0.359492,1.563801,1.564691
0.340524,0.382756,1.562654,1.563801
0.355266,0.333259,1.561648,1.562654
0.199627,0.287185,1.561623,1.561648
0.315031,0.374174,1.557336,1.561623
0.501202,0.269955,1.543769,1.557336
0.392515,0.255489,1.522156,1.543769
0.390500,0.272849,1.478581,1.522156
0.421589,0.220828,1.407848,1.478581
0.311307,0.258114,1.334333,1.407848
0.422487,0.356766,1.249830,1.334333
0.512494,0.355220,1.146092,1.249830
0.352657,0.326641,1.060211,1.146092
0.298452,0.445394,0.964603,1.060211
0.270751,0.494459,0.830664,0.964603
0.451430,0.566473,0.707146,0.830664
0.654489,0.750531,0.568179,0.707146
1.045570,0.741520,0.413358,0.568179
0.949388,0.775801,0.301724,0.413358
1.170230,0.927854,0.206934,0.301724
1.234616,0.817993,0.132269,0.206934
0.870373,0.819491,0.090717,0.132269
0.771343,0.961806,0.063992,0.090717
0.827659,0.770297,0.059088,0.063992
0.645989,0.780635,0.067675,0.059088
0.661230,0.893147,0.076731,0.067675
0.857297,0.781534,0.082334,0.076731
0.703692,0.791873,0.081989,0.082334
0.739156,0.965401,0.079508,0.081989
0.957690,0.816864,0.076820,0.079508
0.773231,0.821124,0.075908,0.076820
0.783599,0.935830,0.075437,0.075908
0.991349,0.795736,0.074023,0.075437
0.788563,0.833436,0.072451,0.074023
0.939470,0.949149,0.071134,0.072451
0.984586,0.848617,0.069975,0.071134
0.785400,0.836508,0.069340,0.069975
0.835824,0.951836,0.068667,0.069340
0.975026,0.847333,0.068169,0.068667
0.790490,0.856568,0.067871,0.068169
0.795841,0.990441,0.067447,0.067871
1.010529,0.823530,0.066495,0.067447
0.809359,0.839162,0.065113,0.066495
0.805683,0.983073,0.062906,0.065113
1.010107,0.835262,0.060042,0.062906
0.811869,1.003187,0.058343,0.060042
1.016438,0.988761,0.057219,0.058343
1.014931,0.855967,0.056985,0.057219
0.805171,0.983492,0.057269,0.056985
0.998987,0.806628,0.058008,0.057269
0.793942,0.839283,0.058814,0.058008
0.929755,0.986659,0.059943,0.058814
0.828362,0.804388,0.061640,0.059943
0.935131,0.864127,0.062856,0.061640
0.836390,0.974909,0.063759,0.062856
0.936485,0.821758,0.064137,0.063759
0.834533,1.008190,0.062445,0.064137
1.024036,0.934768,0.021865,0.062445
1.068098,0.835667,0.059326,0.021865
1.007107,0.914903,0.106310,0.059326
1.075357,0.732920,0.127515,0.106310
0.756546,0.723966,0.130290,0.127515
0.679973,0.786099,0.125980,0.130290
0.738375,0.576350,0.116683,0.125980
0.517323,0.541096,0.107937,0.116683
0.476767,0.565315,0.099058,0.107937
0.555156,0.459221,0.089681,0.099058
0.413175,0.414635,0.082894,0.089681
0.394248,0.522239,0.077243,0.082894
0.457483,0.363958,0.072567,0.077243
0.345251,0.347267,0.063658,0.072567
0.345842,0.370629,0.025197,0.063658
0.243280,0.291417,0.031278,0.025197
0.253410,0.292967,0.101665,0.031278
0.422492,0.323524,0.189358,0.101665
0.523063,0.253986,0.284226,0.189358
0.371139,0.234100,0.319807,0.284226
0.349786,0.284227,0.305677,0.319807
0.499898,0.267510,0.279170,0.305677
0.479526,0.281451,0.325420,0.279170
0.378621,0.390151,0.414956,0.325420
0.475089,0.362386,0.549981,0.414956
0.404645,0.444332,0.673517,0.549981
0.497484,0.604242,0.799391,0.673517
0.679640,0.559403,0.948762,0.799391
0.642834,0.667584,1.068268,0.948762
0.844546,0.836299,1.178168,1.068268
1.024523,0.781859,1.283044,1.178168
0.835138,0.797398,1.352176,1.283044
0.971069,0.958930,1.410679,1.352176
1.058973,0.798848,1.466215,1.410679
0.762623,0.792061,1.504335,1.466215
0.721211,0.912028,1.536837,1.504335
0.883375,0.792529,1.566645,1.536837
0.710810,0.797337,1.583997,1.566645
0.719131,0.921552,1.593119,1.583997
0.922212,0.817959,1.591096,1.593119
0.744350,0.805281,1.581031,1.591096
0.748263,0.944695,1.567928,1.581031
0.958500,0.792725,1.554724,1.567928
0.780523,0.845774,1.548132,1.554724
0.940574,0.959146,1.545958,1.548132
0.984780,0.809129,1.547829,1.545958
0.787647,0.807653,1.551185,1.547829
0.831594,0.945193,1.554870,1.551185
0.974821,0.837413,1.557971,1.554870
0.784857,0.837726,1.559238,1.557971
0.791120,0.998897,1.559422,1.559238
1.006037,0.823596,1.558648,1.559422
0.801372,0.864066,1.557777,1.558648
0.802155,0.990462,1.557124,1.557777
0.996375,0.831847,1.556712,1.557124
0.793174,0.823393,1.556734,1.556712
0.792210,0.964314,1.557005,1.556734
0.986338,0.813469,1.557526,1.557005
0.781709,0.856894,1.557830,1.557526
0.923606,1.009097,1.558087,1.557830
0.981724,0.828487,1.558179,1.558087
0.785454,0.834543,1.558194,1.558179
0.850685,0.985822,1.558256,1.558194
1.014725,0.812403,1.558632,1.558256
0.809105,0.837269,1.559203,1.558632
0.811572,0.964977,1.559942,1.559203
1.000451,0.803347,1.560949,1.559942
0.801549,0.862001,1.561935,1.560949
0.792861,0.955535,1.562849,1.561935
1.012122,0.820062,1.562923,1.562849
0.881480,0.802482,1.564213,1.562923
0.939837,0.919911,1.567046,1.564213
1.100013,0.756413,1.569284,1.567046
0.778499,0.726977,1.570256,1.569284
0.801320,0.780372,1.570813,1.570256
0.761635,0.601899,1.571291,1.570813
0.568891,0.561724,1.571473,1.571291
0.548347,0.584584,1.571468,1.571473
0.587453,0.588496,1.570840,1.571468
0.530265,0.538888,1.569032,1.570840
0.481044,0.481065,1.565953,1.569032
0.459289,0.399660,1.561944,1.565953
0.425514,0.348395,1.557975,1.561944
0.288691,0.316976,1.555472,1.557975
0.205292,0.308909,1.556902,1.555472
0.402112,0.301818,1.574741,1.556902
0.431446,0.254046,1.607825,1.574741
0.444289,0.281555,1.657520,1.607825
0.446426,0.221951,1.723688,1.657520
0.304022,0.245389,1.771737,1.723688
0.365213,0.302613,1.827569,1.771737
0.537548,0.310085,1.919731,1.827569
0.339299,0.315946,2.013080,1.919731
0.303491,0.435599,2.120783,2.013080
0.365862,0.400849,2.266897,2.120783
0.307219,0.466756,2.400568,2.266897
0.522904,0.697878,2.541481,2.400568
0.814796,0.614384,2.696503,2.541481
0.807011,0.730047,2.805046,2.696503
1.006251,0.902184,2.891680,2.805046
1.276691,0.779602,2.966111,2.891680
1.066464,0.796708,3.014473,2.966111
1.022207,0.957630,3.055546,3.014473
1.128462,0.780564,3.095057,3.055546
0.801075,0.789897,3.122129,3.095057
0.750069,0.930713,3.141008,3.122129
0.904712,0.756887,3.126260,3.141008
0.716256,0.775920,3.123084,3.126260
0.707948,0.900061,3.128527,3.123084
0.890519,0.755007,3.141189,3.128527
0.731653,0.808978,3.132848,3.141189
0.878262,0.937420,3.124385,3.132848
0.959532,0.832772,3.119787,3.124385
0.775764,0.852710,3.119952,3.119787
0.826658,0.949427,3.122373,3.119952
0.967161,0.811183,3.126211,3.122373
0.768370,0.829121,3.129028,3.126211
0.777108,0.974904,3.130843,3.129028
0.973546,0.841082,3.131504,3.130843
0.785590,0.833658,3.131133,3.131504
0.790040,0.970942,3.130414,3.131133
0.971472,0.825151,3.129582,3.130414
0.798560,0.973964,3.129269,3.129582
0.992125,1.009849,3.129314,3.129269
0.994547,0.831999,3.129741,3.129314
0.795606,0.980632,3.130154,3.129741
0.995099,0.845719,3.130432,3.130154
0.800518,1.011524,3.130544,3.130432
0.994513,0.961297,3.130507,3.130544
0.999145,0.843086,3.130427,3.130507
0.805610,0.988227,3.130395,3.130427
0.998491,0.843797,3.130383,3.130395
0.796269,0.832597,3.130231,3.130383
0.945397,0.953155,3.130172,3.130231
0.836089,0.854416,3.130257,3.130172
0.924912,0.829754,3.130413,3.130257
0.810375,0.973467,3.130580,3.130413
0.823779,0.846968,3.130730,3.130580
0.857240,0.841385,3.130732,3.130730
0.904690,0.926322,3.131730,3.130732
1.042323,0.750298,3.133570,3.131730
0.775445,0.729184,3.134787,3.133570
0.692776,0.779358,3.135349,3.134787
0.771946,0.616507,3.135530,3.135349
0.561007,0.606467,3.135654,3.135530
0.515145,0.606469,3.136056,3.135654
0.583190,0.479000,3.136924,3.136056
0.436468,0.462953,3.138063,3.136924
0.478634,0.511417,3.139517,3.138063
0.396508,0.329919,3.141470,3.139517
0.415123,0.345057,3.141836,3.141470
0.334942,0.383946,3.140442,3.141836
0.351120,0.300210,3.139580,3.140442
0.287874,0.267034,3.139678,3.139580
0.249358,0.312557,3.140462,3.139678
0.288708,0.205398,3.141570,3.140462
0.217875,0.220126,3.142208,3.141570
0.205551,0.219436,3.141823,3.142208
0.232261,0.141800,3.141766,3.141823
0.173929,0.175257,3.141911,3.141766
0.171513,0.144550,3.141814,3.141911
0.188510,0.113416,3.141413,3.141814
0.136763,0.108764,3.141163,3.141413
0.132577,0.091379,3.141015,3.141163
0.101113,0.091836,3.140994,3.141015
0.120480,0.049930,3.140995,3.140994
0.095012,0.052656,3.140979,3.140995
0.089785,0.038353,3.140959,3.140979
0.070020,0.030619,3.140955,3.140959
0.058017,0.055228,3.140847,3.140955
0.058815,0.026765,3.140625,3.140847
0.000000,0.010426,3.140000,3.140625
0.000000,0.000000,0.000000,0.000000
0.000000,0.023960,2.068536,0.000000
0.019146,0.041848,2.062918,2.068536
0.023576,0.044365,2.053788,2.062918
0.035878,0.064755,2.045244,2.053788
0.030018,0.023157,2.041058,2.045244
0.000000,0.029424,2.009072,2.041058
0.000000,0.043363,2.008810,2.009072
0.000000,0.028953,2.008891,2.008810
0.000000,0.010633,2.008686,2.008891
0.036531,0.017553,2.003160,2.008686
0.021877,0.033790,2.004524,2.003160
0.032692,0.040311,2.005113,2.004524
0.042669,0.032979,2.004779,2.005113
0.051710,0.034505,2.004445,2.004779
0.090260,0.021357,2.004728,2.004445
0.065913,0.055858,2.006048,2.004728
0.063890,0.048703,2.006789,2.006048
0.072868,0.039656,2.007004,2.006789
0.066496,0.022274,2.006520,2.007004
0.056983,0.030852,2.006132,2.006520
0.048188,0.013903,2.005844,2.006132
0.053373,0.034455,2.005109,2.005844
0.051605,0.022976,2.003409,2.005109
0.043122,0.023541,2.002001,2.003409
0.137009,0.030867,1.984758,2.002001
0.217818,0.060062,1.957358,1.984758
0.181346,0.112479,1.914722,1.957358
0.095040,0.193345,1.839433,1.914722
0.144220,0.288890,1.711293,1.839433
0.269528,0.377258,1.597771,1.711293
0.396278,0.559271,1.497412,1.597771
0.545293,0.540750,1.402469,1.497412
0.561478,0.609651,1.332122,1.402469
0.594984,0.807337,1.245661,1.332122
0.675085,0.748089,1.109286,1.245661
0.497765,0.776561,0.969238,1.109286
0.489055,0.957054,0.812877,0.969238
0.630202,0.829846,0.638092,0.812877
0.764711,0.814153,0.505311,0.638092
0.878695,0.938237,0.387814,0.505311
1.042182,0.789508,0.277762,0.387814
0.797134,0.818746,0.207450,0.277762
0.757673,0.929833,0.153337,0.207450
0.881899,0.742099,0.112777,0.153337
0.694167,0.827134,0.095333,0.112777
0.692163,0.928008,0.088290,0.095333
0.860109,0.804122,0.086955,0.088290
0.692392,0.817810,0.086712,0.086955
0.819929,0.950853,0.084957,0.086712
0.887683,0.806014,0.079223,0.084957
0.745744,0.828960,0.071284,0.079223
0.835253,0.967994,0.064097,0.071284
0.996634,0.997645,0.058792,0.064097
1.001737,0.970272,0.056652,0.058792
0.942174,0.845924,0.056390,0.056652
0.855399,0.884753,0.056472,0.056390
0.803232,0.985969,0.056403,0.056472
1.002578,0.827898,0.056356,0.056403
0.795012,0.835820,0.056464,0.056356
0.802636,0.941285,0.056765,0.056464
1.004932,0.814559,0.057106,0.056765
0.796842,0.869410,0.057468,0.057106
0.790908,0.986014,0.057900,0.057468
0.982700,0.805552,0.057667,0.057900
0.781215,0.847021,0.057443,0.057667
0.929004,0.998482,0.057052,0.057443
0.832958,0.794788,0.056982,0.057052
0.934275,0.846292,0.057136,0.056982
0.835945,0.976135,0.057428,0.057136
0.932909,0.799828,0.058249,0.057428
0.829354,0.995515,0.058830,0.058249
0.970422,0.952973,0.059458,0.058830
0.922725,0.851917,0.060218,0.059458
0.822703,0.968023,0.061046,0.060218
0.974461,0.833706,0.049150,0.061046
0.832391,0.831120,0.009248,0.049150
0.908959,0.959356,0.066627,0.009248
1.140468,0.753750,0.111374,0.066627
0.843428,0.749294,0.124294,0.111374
0.753821,0.774767,0.126218,0.124294
0.822875,0.613030,0.121069,0.126218
0.597970,0.593725,0.113900,0.121069
0.545228,0.636348,0.106170,0.113900
0.626327,0.508721,0.098233,0.106170
0.466373,0.457653,0.092828,0.098233
0.513701,0.491291,0.088577,0.092828
0.496529,0.377592,0.085256,0.088577
0.361738,0.369978,0.083579,0.085256
0.363685,0.388505,0.075043,0.083579
0.341825,0.354409,0.041343,0.075043
0.259414,0.367958,0.058260,0.041343
0.352115,0.259964,0.142598,0.058260
0.401103,0.287849,0.223008,0.142598
0.390125,0.255796,0.293111,0.223008
0.367369,0.242005,0.311330,0.293111
0.201981,0.232150,0.282929,0.311330
0.221947,0.340738,0.268012,0.282929
0.340409,0.311523,0.341336,0.268012
0.232889,0.339849,0.439410,0.341336
0.260114,0.446577,0.562940,0.439410
0.370546,0.443108,0.711646,0.562940
0.352789,0.537365,0.835981,0.711646
0.526964,0.713978,0.963321,0.835981
0.588987,0.682754,1.102753,0.963321
0.766499,0.772310,1.204778,1.102753
0.822817,0.909789,1.291407,1.204778
1.006216,0.796685,1.372163,1.291407
0.937552,0.982765,1.426433,1.372163
0.983225,0.926318,1.479202,1.426433
0.849387,0.797967,1.519828,1.479202
0.702966,0.900725,1.548117,1.519828
0.806650,0.923948,1.573520,1.548117
0.831582,0.937518,1.588828,1.573520
0.828657,0.812177,1.591151,1.588828
0.768023,0.977079,1.583526,1.591151
0.940310,0.933206,1.568559,1.583526
0.920287,0.810743,1.555179,1.568559
0.833178,0.973157,1.547951,1.555179
0.983546,0.806593,1.545146,1.547951
0.793321,0.821599,1.546574,1.545146
0.797366,0.982514,1.549898,1.546574
0.997102,0.802434,1.554229,1.549898
0.792521,0.849982,1.556921,1.554229
0.794753,0.993191,1.558323,1.556921
0.993041,0.844607,1.558376,1.558323
0.801605,0.829912,1.557635,1.558376
0.808156,0.974508,1.556590,1.557635
1.008755,0.817517,1.555540,1.556590
0.803905,0.851371,1.555154,1.555540
0.948228,0.963195,1.555302,1.555154
0.998005,0.830485,1.556130,1.555302
0.803335,0.826183,1.557066,1.556130
0.848486,1.004910,1.558045,1.557066
0.998425,0.785010,1.558862,1.558045
0.792945,0.850047,1.559209,1.558862
0.785955,0.970715,1.559373,1.559209
0.990102,0.818221,1.559343,1.559373
0.792685,0.846206,1.559196,1.559343
0.807625,0.972804,1.559010,1.559196
1.001859,0.835057,1.559109,1.559010
0.796469,0.834053,1.559363,1.559109
0.793939,0.963043,1.559776,1.559363
0.986741,0.831524,1.560119,1.559776
0.805308,0.854437,1.559549,1.560119
1.022755,0.976099,1.560583,1.559549
1.172075,0.788349,1.563880,1.560583
0.873823,0.740464,1.565553,1.563880
0.810272,0.825422,1.566414,1.565553
0.823245,0.619638,1.567346,1.566414
0.586122,0.589328,1.568592,1.567346
0.546038,0.658673,1.570225,1.568592
0.623626,0.496902,1.571938,1.570225
0.459315,0.477507,1.572846,1.571938
0.430535,0.523072,1.573021,1.572846
0.499526,0.422651,1.572657,1.573021
0.370940,0.423002,1.572201,1.572657
0.435539,0.393696,1.571539,1.572201
0.356104,0.294667,1.570524,1.571539
0.222888,0.354373,1.570317,1.570524
0.383579,0.314624,1.564618,1.570317
0.385341,0.281995,1.552728,1.564618
0.473393,0.299309,1.531314,1.552728
0.386537,0.224882,1.480289,1.531314
0.307470,0.239980,1.420577,1.480289
0.235074,0.330413,1.346099,1.420577
0.359689,0.304158,1.247871,1.346099
0.260208,0.341256,1.161443,1.247871
0.268252,0.432163,1.073278,1.161443
0.411657,0.396735,0.960010,1.073278
0.425426,0.483867,0.846900,0.960010
0.536482,0.664263,0.720492,0.846900
0.856948,0.663679,0.558556,0.720492
0.788869,0.733874,0.429764,0.558556
0.809735,0.927034,0.314815,0.429764
1.115556,0.764433,0.205178,0.314815
0.926248,0.792636,0.142097,0.205178
1.024047,0.972620,0.096480,0.142097
0.818918,0.776335,0.065140,0.096480
0.848552,0.807635,0.060051,0.065140
0.724361,0.953762,0.067667,0.060051
0.801481,0.757903,0.076442,0.067667
0.733960,0.792150,0.079757,0.076442
0.710732,0.959984,0.078456,0.079757
0.949331,0.771840,0.075847,0.078456
0.763427,0.832939,0.074822,0.075847
0.770347,0.947568,0.074554,0.074822
0.980772,0.807986,0.073985,0.074554
0.788248,0.858767,0.072940,0.073985
0.798488,0.944721,0.071501,0.072940
1.002313,0.800968,0.069728,0.071501
0.804734,0.862674,0.068266,0.069728
0.941064,0.965174,0.067195,0.068266
0.820554,0.816485,0.066720,0.067195
0.908459,0.824690,0.066796,0.066720
0.819096,0.937644,0.067045,0.066796
0.938097,0.804352,0.067238,0.067045
0.842668,0.862042,0.067150,0.067238
0.793209,1.014728,0.066714,0.067150
0.989538,0.817446,0.065672,0.066714
0.798823,0.827774,0.064380,0.065672
0.812759,0.975793,0.063105,0.064380
1.010930,0.822721,0.061898,0.063105
0.802338,0.851441,0.061132,0.061898
0.797960,0.999007,0.060732,0.061132
0.993533,0.805653,0.060826,0.060732
0.789845,0.855104,0.061027,0.060826
0.943173,0.977065,0.061324,0.061027
0.831586,0.826164,0.061779,0.061324
0.931147,0.844530,0.062367,0.061779
0.834041,0.963182,0.062835,0.062367
0.929747,0.827371,0.063465,0.062835
0.834735,0.984076,0.063812,0.063465
0.947368,0.994325,0.031783,0.063812
0.976782,0.865028,0.045247,0.031783
0.966534,0.929348,0.096660,0.045247
1.602925,0.723466,0.122186,0.096660
0.742389,0.709925,0.128095,0.122186
0.637425,0.783417,0.126784,0.128095
0.734700,0.564009,0.120498,0.126784
0.550035,0.602174,0.113356,0.120498
0.515134,0.598240,0.105628,0.113356
0.591398,0.440282,0.096946,0.105628
0.438088,0.436441,0.090243,0.096946
0.408723,0.504084,0.084245,0.090243
0.471599,0.337360,0.078901,0.084245
0.351755,0.333331,0.073517,0.078901
0.367289,0.355333,0.042605,0.073517
0.239335,0.287465,0.031025,0.042605
0.216567,0.320352,0.081768,0.031025
0.408326,0.332288,0.169057,0.081768
0.537764,0.260805,0.272093,0.169057
0.403000,0.250871,0.328490,0.272093
0.392065,0.296395,0.336536,0.328490
0.536047,0.272828,0.320512,0.336536
0.541373,0.268981,0.353479,0.320512
0.443165,0.358160,0.437869,0.353479
0.224246,0.335543,0.567145,0.437869
0.100144,0.396769,0.696169,0.567145
0.194025,0.548661,0.830215,0.696169
0.513756,0.540921,0.988474,0.830215
0.568736,0.668068,1.113316,0.988474
0.800946,0.831001,1.224425,1.113316
1.032440,0.742481,1.323945,1.224425
0.860069,0.802996,1.384354,1.323945
0.974770,0.939051,1.432899,1.384354
1.084183,0.792567,1.479554,1.432899
0.781165,0.794048,1.512209,1.479554
0.720945,0.916236,1.540757,1.512209
0.861754,0.775733,1.567530,1.540757
0.674326,0.781376,1.583111,1.567530
0.677512,0.946515,1.590729,1.583111
0.883128,0.773477,1.586800,1.590729
0.739884,0.815494,1.575680,1.586800
0.762716,0.955582,1.562616,1.575680
0.977267,0.804764,1.550697,1.562616
0.801229,0.817737,1.545467,1.550697
0.936959,0.972568,1.544410,1.545467
0.988620,0.825501,1.546981,1.544410
0.789313,0.837004,1.550559,1.546981
0.836225,0.965137,1.554061,1.550559
0.979549,1.020473,1.556890,1.554061
0.973592,0.962602,1.558140,1.556890
0.937916,0.841621,1.558083,1.558140
0.841377,0.845904,1.557558,1.558083
0.799580,0.964427,1.556918,1.557558
0.994541,0.822370,1.556415,1.556918
0.796291,0.861500,1.556345,1.556415
0.791991,0.956558,1.556618,1.556345
1.011987,0.802541,1.557261,1.556618
0.798734,0.860114,1.557894,1.557261
0.799527,1.004818,1.558599,1.557894
1.015302,0.997745,1.559267,1.558599
1.014461,0.996958,1.559566,1.559267
1.008735,1.001758,1.559548,1.559566
1.007327,0.995730,1.559298,1.559548
1.000359,0.815846,1.558861,1.559298
0.796841,0.840862,1.558390,1.558861
0.794159,0.999041,1.557990,1.558390
1.002197,0.836147,1.557638,1.557990
0.798840,0.853056,1.557478,1.557638
0.946182,0.967728,1.557283,1.557478
0.879787,0.802218,1.556716,1.557283
1.058188,0.833406,1.558725,1.556716
0.998371,0.890307,1.562369,1.558725
1.015725,0.750841,1.565291,1.562369
0.777674,0.675906,1.566867,1.565291
0.652449,0.757417,1.568378,1.566867
0.728638,0.597866,1.570283,1.568378
0.545008,0.559688,1.571809,1.570283
0.502970,0.575651,1.573293,1.571809
0.561302,0.441074,1.575057,1.573293
0.424069,0.418070,1.576337,1.575057
0.399966,0.455005,1.577637,1.576337
0.458607,0.336383,1.579615,1.577637
0.346960,0.351330,1.581526,1.579615
0.350709,0.374751,1.583354,1.581526
0.219208,0.262957,1.585539,1.583354
0.336181,0.290504,1.581634,1.585539
0.427119,0.335321,1.569804,1.581634
0.471362,0.265635,1.543641,1.569804
0.363052,0.238341,1.500816,1.543641
0.333063,0.261966,1.441051,1.500816
0.456550,0.277685,1.355239,1.441051
0.455630,0.297025,1.273421,1.355239
0.402633,0.400467,1.185840,1.273421
0.479838,0.331901,1.083743,1.185840
0.322111,0.397982,0.988418,1.083743
0.332852,0.589846,0.873119,0.988418
0.524942,0.591893,0.722745,0.873119
0.638962,0.648364,0.583576,0.722745
0.957825,0.831695,0.446835,0.583576
1.030616,0.767815,0.309951,0.446835
1.241018,0.804812,0.217711,0.309951
1.142843,0.937888,0.151521,0.217711
1.071596,0.800745,0.098568,0.151521
0.766595,0.803385,0.070822,0.098568
0.652145,0.941535,0.062125,0.070822
0.798359,0.774125,0.069488,0.062125
0.643339,0.789913,0.078254,0.069488
0.668932,0.941022,0.083508,0.078254
0.893219,0.787126,0.082623,0.083508
0.738199,0.808941,0.078705,0.082623
0.753849,0.934960,0.075287,0.078705
0.970470,0.799185,0.074587,0.075287
0.774386,0.826847,0.075128,0.074587
0.928663,0.972086,0.074851,0.075128
0.842221,0.820476,0.073102,0.074851
0.937842,1.004134,0.070735,0.073102
0.979987,0.966626,0.067499,0.070735
0.836549,0.812318,0.064791,0.067499
0.923777,0.992170,0.063765,0.064791
0.984776,0.829535,0.064196,0.063765
0.794959,0.834987,0.064925,0.064196
0.842976,1.004774,0.065406,0.064925
0.999981,0.794496,0.065534,0.065406
0.804399,0.866184,0.065251,0.065534
0.799748,0.945187,0.064734,0.065251
1.000155,0.825486,0.064368,0.064734
0.797749,0.882339,0.064235,0.064368
0.796928,1.028779,0.063769,0.064235
1.008441,0.810537,0.062371,0.063769
0.809189,1.008368,0.060638,0.062371
1.014116,1.021321,0.058696,0.060638
1.005789,0.857377,0.057284,0.058696
0.807114,0.982540,0.056521,0.057284
1.012357,0.817509,0.055743,0.056521
0.800016,0.856588,0.055240,0.055743
0.954770,0.962996,0.055160,0.055240
0.846409,0.812042,0.055638,0.055160
0.937718,0.832470,0.051026,0.055638
0.870594,0.987513,0.013178,0.051026
1.052963,0.770542,0.065442,0.013178
1.002093,0.797846,0.107994,0.065442
0.859134,0.879174,0.124854,0.107994
0.910090,0.681835,0.127487,0.124854
0.649013,0.622617,0.122789,0.127487
0.575840,0.675228,0.114838,0.122789
0.636369,0.526486,0.104017,0.114838
0.468627,0.618773,0.095367,0.104017
0.537139,0.522511,0.086579,0.095367
0.498729,0.423836,0.080281,0.086579
0.375217,0.484804,0.076319,0.080281
0.432011,0.309738,0.072825,0.076319
0.324823,0.331246,0.056383,0.072825
0.273691,0.381559,0.011411,0.056383
0.235282,0.306564,0.039706,0.011411
0.289311,0.289252,0.119537,0.039706
0.467673,0.303498,0.207167,0.119537
0.484086,0.234387,0.295144,0.207167
0.333588,0.280473,0.318603,0.295144
0.327317,0.284602,0.295943,0.318603
0.467260,0.285217,0.280016,0.295943
0.445090,0.278635,0.339353,0.280016
0.378695,0.408896,0.435641,0.339353
0.405139,0.361741,0.575895,0.435641
0.299628,0.451954,0.698705,0.575895
0.303060,0.612268,0.824415,0.698705
0.481789,0.598798,0.972335,0.824415
0.539899,0.683717,1.089902,0.972335
0.727985,0.863067,1.196999,1.089902
1.083079,0.750980,1.297905,1.196999
0.952669,0.833024,1.364593,1.297905
1.226754,0.945147,1.421357,1.364593
1.214433,0.770812,1.475265,1.421357
0.707208,0.774637,1.511971,1.475265
0.726414,0.935465,1.542457,1.511971
0.857421,0.757779,1.569531,1.542457
0.683238,0.793381,1.584600,1.569531
0.692795,0.939789,1.591621,1.584600
0.906170,0.784588,1.587889,1.591621
0.742604,0.800523,1.577456,1.587889
0.761196,0.938469,1.564831,1.577456
0.953067,0.796632,1.552974,1.564831
0.770430,0.827037,1.547491,1.552974
0.780507,0.956179,1.546197,1.547491
0.981250,0.838295,1.548533,1.546197
0.780805,0.832775,1.552002,1.548533
0.920689,0.981680,1.555425,1.552002
0.974326,0.805771,1.558077,1.555425
0.782797,0.829142,1.558963,1.558077
0.837778,0.974331,1.558882,1.558963
0.992459,0.994487,1.557967,1.558882
0.997837,0.969732,1.556897,1.557967
0.950010,0.850809,1.556131,1.556897
0.857565,0.835201,1.555948,1.556131
0.807884,1.004006,1.556171,1.555948
1.003627,0.835061,1.556773,1.556171
0.797949,0.852586,1.557356,1.556773
0.791427,0.962843,1.557996,1.557356
0.991885,0.834205,1.558521,1.557996
0.798466,1.008848,1.558746,1.558521
0.998069,0.984538,1.558841,1.558746
1.005406,0.862289,1.558901,1.558841
0.791158,0.994771,1.558957,1.558901
0.979324,0.794625,1.558893,1.558957
0.788415,0.845892,1.558864,1.558893
0.805315,0.970744,1.558859,1.558864
0.999981,0.817752,1.559191,1.558859
0.800804,0.860670,1.559011,1.559191
1.020505,0.958994,1.559667,1.559011
1.166681,0.794923,1.563303,1.559667
0.901675,0.765999,1.566026,1.563303
0.839850,0.840692,1.567737,1.566026
0.851162,0.663314,1.568714,1.567737
0.622257,0.610050,1.568947,1.568714
0.579014,0.670083,1.568955,1.568947
0.650114,0.513423,1.568956,1.568955
0.483483,0.498938,1.568932,1.568956
0.449004,0.559775,1.569000,1.568932
0.519137,0.505642,1.569524,1.569000
0.471734,0.450668,1.570637,1.569524
0.449844,0.327156,1.572094,1.570637
0.324081,0.338826,1.572551,1.572094
0.250597,0.338624,1.573674,1.572551
0.325000,0.278176,1.583676,1.573674
0.365479,0.289732,1.607152,1.583676
0.463722,0.289567,1.647398,1.607152
0.425263,0.240924,1.708637,1.647398
0.375371,0.217826,1.759134,1.708637
0.364080,0.339868,1.809308,1.759134
0.485336,0.270791,1.889461,1.809308
0.435287,0.330990,1.977888,1.889461
0.296745,0.381912,2.079523,1.977888
0.259550,0.371363,2.215757,2.079523
0.192066,0.478059,2.344751,2.215757
0.259312,0.574696,2.484681,2.344751
0.537293,0.601394,2.646128,2.484681
0.632423,0.660392,2.765370,2.646128
0.845960,0.892515,2.862999,2.765370
1.267174,0.767993,2.946133,2.862999
1.037693,0.807848,2.997472,2.946133
1.231311,0.948788,3.040165,2.997472
0.988610,0.764648,3.081726,3.040165
1.005785,0.801946,3.110668,3.081726
0.816805,0.912744,3.134200,3.110668
0.880705,0.767344,3.132001,3.134200
0.768639,0.796140,3.125546,3.132001
0.706303,0.925244,3.127873,3.125546
0.867751,0.754963,3.139102,3.127873
0.698731,0.800509,3.134683,3.139102
0.706945,0.939355,3.124959,3.134683
0.911547,0.801630,3.118632,3.124959
0.768922,0.827270,3.117521,3.118632
0.781698,0.960334,3.119322,3.117521
0.989598,0.814961,3.123197,3.119322
0.794295,0.841577,3.126516,3.123197
0.797034,0.979285,3.128999,3.126516
1.011080,0.835671,3.130430,3.128999
0.794982,0.816589,3.130383,3.130430
0.932157,0.977005,3.129651,3.130383
0.990238,0.807400,3.128642,3.129651
0.790547,0.823728,3.127984,3.128642
0.835606,0.965610,3.127560,3.127984
0.979209,0.833272,3.127499,3.127560
0.787325,0.843847,3.127699,3.127499
0.793980,1.003276,3.127849,3.127699
0.995068,0.796629,3.128230,3.127849
0.796079,0.848963,3.128551,3.128230
0.793414,0.996828,3.128817,3.128551
1.003389,0.841250,3.129071,3.128817
0.800451,0.871205,3.129145,3.129071
0.799581,0.971481,3.129132,3.129145
0.999751,0.827139,3.129301,3.129132
0.788947,0.850040,3.129460,3.129301
0.948221,0.983543,3.129546,3.129460
0.978764,0.831645,3.129696,3.129546
0.777167,0.833340,3.129893,3.129696
0.835234,0.982687,3.129941,3.129893
1.091887,0.838444,3.130445,3.129941
0.933590,0.798971,3.131922,3.130445
0.917068,0.904219,3.133065,3.131922
0.992984,0.687706,3.133166,3.133065
0.690492,0.675018,3.132662,3.133166
0.615650,0.701301,3.132121,3.132662
0.683057,0.698611,3.131761,3.132121
0.609514,0.592841,3.131983,3.131761
0.556009,0.484378,3.132740,3.131983
0.424136,0.447353,3.133604,3.132740
0.404874,0.521276,3.134577,3.133604
0.475078,0.371217,3.135810,3.134577
0.349394,0.321541,3.136747,3.135810
0.375553,0.389008,3.137578,3.136747
0.318191,0.270755,3.138413,3.137578
0.326379,0.255773,3.139117,3.138413
0.266568,0.297355,3.139879,3.139117
0.274036,0.214980,3.140414,3.139879
0.226753,0.211628,3.140523,3.140414
0.188088,0.243172,3.140362,3.140523
0.183938,0.155823,3.139878,3.140362
0.121557,0.154210,3.139325,3.139878
0.095678,0.126527,3.138863,3.139325
0.082052,0.070769,3.138575,3.138863
0.051114,0.092414,3.138584,3.138575
0.060516,0.107566,3.138737,3.138584
0.056417,0.046962,3.139023,3.138737
0.040161,0.089039,3.139249,3.139023
0.049662,0.048054,3.139420,3.139249
0.045192,0.027467,3.139492,3.139420
0.045753,0.036551,3.139434,3.139492
0.036931,0.055381,3.139381,3.139434
0.040909,0.021876,3.139300,3.139381
0.039392,0.016719,3.139316,3.139300
0.000000,0.041972,3.139302,3.139316
0.021009,0.047701,3.139241,3.139302
0.000000,0.000000,0.000000,0.000000
0.000000,0.033832,2.069770,0.000000
0.000000,0.008891,2.065989,2.069770
0.020920,0.036939,2.052628,2.065989
0.030563,0.053513,2.051931,2.052628
0.029645,0.039042,2.061415,2.051931
0.000000,0.038500,2.072495,2.061415
0.000000,0.027580,2.068441,2.072495
0.000000,0.029645,2.066785,2.068441
0.000000,0.023008,2.065908,2.066785
0.000000,0.056677,2.066101,2.065908
0.000000,0.014529,2.068470,2.066101
0.000000,0.026204,2.069691,2.068470
0.000000,0.022160,2.069037,2.069691
0.020389,0.011076,2.060946,2.069037
0.031558,0.008919,2.056697,2.060946
0.035753,0.021948,2.053900,2.056697
0.040068,0.017024,2.052817,2.053900
0.070792,0.004200,2.054063,2.052817
0.061438,0.037800,2.056159,2.054063
0.045453,0.035141,2.059122,2.056159
0.062720,0.060687,2.065664,2.059122
0.092178,0.029314,2.067190,2.065664
0.095468,0.011677,2.067887,2.067190
0.106673,0.021017,2.067855,2.067887
0.114238,0.041973,2.067589,2.067855
0.088890,0.016893,2.067682,2.067589
0.091281,0.033484,2.068336,2.067682
0.082103,0.028463,2.068911,2.068336
0.056152,0.033528,2.068876,2.068911
0.044812,0.080203,2.068541,2.068876
0.065053,0.032311,2.067403,2.068541
0.079876,0.046880,2.055811,2.067403
0.126227,0.036451,2.032839,2.055811
0.162530,0.116591,1.980854,2.032839
0.103507,0.161936,1.903468,1.980854
0.026456,0.257611,1.787734,1.903468
0.202112,0.349936,1.638321,1.787734
0.403713,0.396194,1.541916,1.638321
0.454475,0.598059,1.480398,1.541916
0.612231,0.549275,1.428275,1.480398
0.492887,0.672395,1.366182,1.428275
0.535658,0.884756,1.263458,1.366182
0.786717,0.723840,1.097527,1.263458
0.671169,0.801958,0.935221,1.097527
0.535935,1.008127,0.767147,0.935221
1.115041,0.832848,0.586991,0.767147
0.972912,0.834251,0.458302,0.586991
0.918022,0.927685,0.352023,0.458302
1.042248,0.792686,0.258058,0.352023
0.784583,0.789578,0.198340,0.258058
0.881082,0.942307,0.152206,0.198340
0.749309,0.789770,0.116059,0.152206
0.803466,0.813655,0.098164,0.116059
0.712362,0.942231,0.089393,0.098164
0.803301,0.788003,0.085956,0.089393
0.731189,0.783804,0.084454,0.085956
0.704468,0.980455,0.081428,0.084454
0.927670,0.835917,0.074429,0.081428
0.769488,0.831913,0.067452,0.074429
0.786019,0.982238,0.061063,0.067452
0.989275,0.802643,0.058400,0.061063
0.778241,0.829028,0.058484,0.058400
0.775094,0.971285,0.058715,0.058484
0.997055,0.818646,0.058910,0.058715
0.807400,0.841280,0.059158,0.058910
0.953529,0.983953,0.059324,0.059158
0.842807,0.815195,0.059631,0.059324
0.950315,0.839098,0.059755,0.059631
0.861548,0.956691,0.059598,0.059755
0.964100,0.828865,0.059363,0.059598
0.863774,0.833630,0.058793,0.059363
0.804467,0.989836,0.058038,0.058793
1.010261,0.853861,0.057272,0.058038
0.802026,0.822433,0.057048,0.057272
0.807431,0.974841,0.057396,0.057048
1.009018,0.842832,0.058434,0.057396
0.801395,0.822440,0.059249,0.058434
0.791380,0.990156,0.059869,0.059249
0.980020,0.801896,0.060626,0.059869
0.780759,0.828230,0.060951,0.060626
0.927690,0.980516,0.061278,0.060951
0.834717,0.827600,0.061222,0.061278
0.939195,0.829378,0.046927,0.061222
0.895259,1.004693,0.010533,0.046927
1.072699,0.781197,0.085993,0.010533
0.979655,0.792830,0.121803,0.085993
0.855893,0.880983,0.134734,0.121803
0.928695,0.649435,0.134492,0.134734
0.658281,0.611254,0.128186,0.134492
0.593850,0.667113,0.119218,0.128186
0.660927,0.513874,0.108292,0.119218
0.488625,0.460019,0.100163,0.108292
0.448868,0.536509,0.093498,0.100163
0.513345,0.405828,0.088026,0.093498
0.385114,0.399578,0.085451,0.088026
0.408575,0.421987,0.084359,0.085451
0.335236,0.302835,0.072763,0.084359
0.313209,0.301207,0.058941,0.072763
0.208255,0.325483,0.068471,0.058941
0.341136,0.331549,0.133692,0.068471
0.496403,0.274355,0.229634,0.133692
0.497813,0.237712,0.302776,0.229634
0.310857,0.221783,0.306811,0.302776
0.328029,0.302312,0.266385,0.306811
0.516287,0.262315,0.244786,0.266385
0.407886,0.319687,0.308601,0.244786
0.278201,0.383560,0.410270,0.308601
0.299861,0.374056,0.556578,0.410270
0.216992,0.446375,0.679272,0.556578
0.255983,0.632073,0.804363,0.679272
0.389759,0.598232,0.950029,0.804363
0.394516,0.723582,1.066532,0.950029
0.531701,0.875655,1.174239,1.066532
0.889362,0.769607,1.277888,1.174239
0.767620,0.808719,1.346839,1.277888
0.961887,0.958296,1.405478,1.346839
0.917981,0.797995,1.461634,1.405478
0.673891,0.809815,1.500557,1.461634
0.693181,0.951163,1.534245,1.500557
0.822909,0.763152,1.565287,1.534245
0.681733,0.795115,1.583104,1.565287
0.707814,0.954102,1.592487,1.583104
0.922484,0.785744,1.591001,1.592487
0.761217,0.847157,1.581269,1.591001
0.779849,0.958280,1.568200,1.581269
0.988896,0.802539,1.554858,1.568200
0.790418,0.815513,1.547990,1.554858
0.789583,0.960520,1.545328,1.547990
0.993148,0.801975,1.546708,1.545328
0.799454,0.830649,1.549922,1.546708
0.941275,0.981801,1.553578,1.549922
0.986323,0.804214,1.556936,1.553578
0.782278,0.848425,1.558433,1.556936
0.832001,0.976707,1.558843,1.558433
0.987889,0.830203,1.558231,1.558843
0.804022,0.834734,1.557498,1.558231
0.810160,0.986427,1.556760,1.557498
1.032053,0.821973,1.556266,1.556760
0.816401,0.856538,1.556190,1.556266
0.808986,0.978803,1.556509,1.556190
1.010936,0.840357,1.557179,1.556509
0.790065,0.852926,1.557842,1.557179
0.783812,0.964448,1.558555,1.557842
0.978255,0.821951,1.559239,1.558555
0.777659,0.837496,1.559588,1.559239
0.947062,0.971245,1.559823,1.559588
0.998782,0.834927,1.560023,1.559823
0.796823,0.810825,1.560258,1.560023
0.841061,0.976118,1.560651,1.560258
0.983058,0.817896,1.561388,1.560651
0.786464,0.851690,1.562267,1.561388
0.786136,0.962069,1.562994,1.562267
1.048009,0.824010,1.563696,1.562994
0.910745,0.828043,1.566427,1.563696
0.936822,0.910627,1.569337,1.566427
1.057580,0.745997,1.570758,1.569337
0.743577,0.672861,1.570904,1.570758
0.648774,0.714656,1.570894,1.570904
0.709031,0.550021,1.571259,1.570894
0.535082,0.564149,1.572106,1.571259
0.592163,0.558819,1.573528,1.572106
0.567131,0.452779,1.575488,1.573528
0.425481,0.410204,1.577055,1.575488
0.416077,0.479408,1.578125,1.577055
0.452979,0.357187,1.578649,1.578125
0.343525,0.340783,1.578331,1.578649
0.283518,0.385363,1.577955,1.578331
0.270469,0.274731,1.577893,1.577955
0.306246,0.315789,1.572834,1.577893
0.389816,0.319934,1.560757,1.572834
0.526608,0.256405,1.533606,1.560757
0.360201,0.232709,1.488024,1.533606
0.341026,0.278380,1.427217,1.488024
0.349357,0.271664,1.339416,1.427217
0.289631,0.318577,1.257421,1.339416
0.272069,0.389624,1.169948,1.257421
0.264078,0.343798,1.068437,1.169948
0.351641,0.445346,0.970546,1.068437
0.390379,0.616358,0.851897,0.970546
0.679529,0.589567,0.699519,0.851897
0.759500,0.663848,0.561092,0.699519
0.788875,0.896690,0.428012,0.561092
1.007986,0.780917,0.296329,0.428012
0.880072,0.804272,0.207352,0.296329
0.917640,0.929286,0.142733,0.207352
1.040597,0.805101,0.090888,0.142733
0.753506,0.780530,0.066603,0.090888
0.701341,0.928866,0.061811,0.066603
0.849325,0.790855,0.070300,0.061811
0.671709,0.805498,0.077461,0.070300
0.829273,0.903962,0.080438,0.077461
0.760413,0.804312,0.078501,0.080438
0.881647,0.991336,0.076123,0.078501
0.945520,0.937573,0.075458,0.076123
0.823488,0.800705,0.076505,0.075458
0.931989,0.924604,0.076902,0.076505
0.991199,0.815785,0.075382,0.076902
0.794492,0.856921,0.072670,0.075382
0.844387,0.989157,0.069916,0.072670
0.990102,0.799875,0.067673,0.069916
0.790069,0.832118,0.066317,0.067673
0.787259,0.995749,0.065408,0.066317
0.979155,0.988134,0.064670,0.065408
0.991368,0.966033,0.064433,0.064670
0.995494,0.836857,0.064649,0.064433
0.792000,0.839640,0.064650,0.064649
0.792943,0.972833,0.064512,0.064650
0.984514,0.844185,0.063861,0.064512
0.783805,0.825615,0.063143,0.063861
0.795035,0.939726,0.062521,0.063143
1.001334,0.832827,0.062182,0.062521
0.804461,0.848483,0.062158,0.062182
0.948188,0.997358,0.062183,0.062158
0.840110,0.792908,0.062215,0.062183
0.936996,0.847980,0.062082,0.062215
0.831507,1.000401,0.061763,0.062082
0.930698,0.804623,0.061003,0.061763
0.832914,0.877105,0.060391,0.061003
0.785811,0.975216,0.059992,0.060391
0.979031,0.805948,0.060121,0.059992
0.783966,0.830693,0.050113,0.060121
0.813255,0.972924,0.010422,0.050113
1.142770,0.766895,0.075016,0.010422
0.920735,0.813264,0.110100,0.075016
0.866240,0.862903,0.123324,0.110100
0.934133,0.678339,0.124672,0.123324
0.665289,0.623913,0.120119,0.124672
0.723588,0.700068,0.113098,0.120119
0.569433,0.536639,0.104490,0.113098
0.575944,0.520189,0.098014,0.104490
0.476374,0.549203,0.092694,0.098014
0.495999,0.476371,0.088072,0.092694
0.486785,0.461993,0.084444,0.088072
0.450843,0.352208,0.081014,0.084444
0.332096,0.326621,0.060812,0.081014
0.257162,0.368332,0.028787,0.060812
0.245250,0.286271,0.051219,0.028787
0.354225,0.247027,0.132096,0.051219
0.460263,0.340976,0.222614,0.132096
0.549728,0.227440,0.312723,0.222614
0.381670,0.247563,0.339120,0.312723
0.391131,0.336404,0.323823,0.339120
0.567705,0.284794,0.329861,0.323823
0.500957,0.305656,0.399538,0.329861
0.375362,0.385952,0.500266,0.399538
0.252144,0.378474,0.645661,0.500266
0.156641,0.454975,0.773102,0.645661
0.392515,0.651977,0.904982,0.773102
0.683245,0.599400,1.056827,0.904982
0.722214,0.670619,1.172046,1.056827
0.891568,0.908619,1.270060,1.172046
1.121054,0.774401,1.355332,1.270060
0.951848,0.810232,1.409259,1.355332
0.953402,0.944126,1.455201,1.409259
1.058905,0.790563,1.499879,1.455201
0.781811,0.934554,1.531239,1.499879
0.868170,0.908862,1.562023,1.531239
0.842557,0.805498,1.582948,1.562023
0.672314,0.918587,1.592024,1.582948
0.872517,0.771640,1.590097,1.592024
0.734922,0.824123,1.579323,1.590097
0.760121,0.962738,1.565410,1.579323
0.978220,0.796047,1.551645,1.565410
0.790110,0.822696,1.544822,1.551645
0.930385,0.964903,1.542632,1.544822
0.875152,0.793438,1.544836,1.542632
0.958655,0.826307,1.548833,1.544836
0.847945,0.970853,1.552955,1.548833
0.947492,0.822866,1.556499,1.552955
0.842304,0.871334,1.558093,1.556499
0.792511,0.984922,1.558570,1.558093
0.986966,0.826223,1.558227,1.558570
0.795881,1.009939,1.557730,1.558227
0.993735,0.997369,1.557316,1.557730
0.996979,0.859967,1.557146,1.557316
0.800768,0.980481,1.557315,1.557146
1.004761,0.787338,1.557889,1.557315
0.804940,0.855626,1.558498,1.557889
0.799398,0.986391,1.559053,1.558498
0.993442,0.818675,1.559511,1.559053
0.803378,0.847872,1.559744,1.559511
0.802299,0.954887,1.559891,1.559744
0.996816,0.792025,1.559908,1.559891
0.793983,0.827360,1.559849,1.559908
0.941883,0.981310,1.559756,1.559849
1.003570,0.820736,1.559619,1.559756
0.801338,0.840963,1.559464,1.559619
0.848204,0.999670,1.559357,1.559464
0.985171,0.812307,1.559427,1.559357
0.797106,0.803580,1.558923,1.559427
0.975791,1.002350,1.559807,1.558923
1.207162,0.809642,1.564562,1.559807
0.913306,0.774479,1.568156,1.564562
0.806277,0.823423,1.570616,1.568156
0.860970,0.646234,1.572745,1.570616
0.623725,0.608594,1.573975,1.572745
0.580567,0.670152,1.574579,1.573975
0.658806,0.516434,1.574656,1.574579
0.468707,0.486211,1.574454,1.574656
0.526514,0.511023,1.574268,1.574454
0.526808,0.414250,1.574192,1.574268
0.397355,0.383929,1.574249,1.574192
0.392533,0.421314,1.574568,1.574249
0.409035,0.352653,1.574094,1.574568
0.229070,0.285165,1.574134,1.574094
0.216102,0.356962,1.572297,1.574134
0.457184,0.292553,1.562355,1.572297
0.386537,0.245023,1.546209,1.562355
0.365702,0.271087,1.515904,1.546209
0.383990,0.253162,1.452515,1.515904
0.364585,0.267072,1.385714,1.452515
0.391675,0.361608,1.304709,1.385714
0.596207,0.311259,1.202277,1.304709
0.428231,0.335411,1.116291,1.202277
0.488249,0.424168,1.026781,1.116291
0.182611,0.547816,0.901086,1.026781
0.156714,0.640328,0.752418,0.901086
0.237158,0.624193,0.589806,0.752418
0.685673,0.724212,0.457220,0.589806
0.879318,0.911851,0.337718,0.457220
1.001267,0.823009,0.222457,0.337718
0.911630,0.828269,0.154820,0.222457
0.869770,0.941709,0.107604,0.154820
0.980321,0.785943,0.069876,0.107604
0.720027,0.831517,0.056317,0.069876
0.683331,0.948574,0.060198,0.056317
0.844127,0.784121,0.070467,0.060198
0.678255,0.833079,0.075450,0.070467
0.703071,0.898663,0.076005,0.075450
0.921171,0.789125,0.073842,0.076005
0.751181,0.780690,0.072907,0.073842
0.901955,0.987337,0.073447,0.072907
0.815306,0.813322,0.074372,0.073447
0.929751,0.837170,0.074080,0.074372
0.832069,0.981345,0.072742,0.074080
0.928677,0.770653,0.070563,0.072742
0.823303,0.824767,0.068691,0.070563
0.790474,0.977588,0.067266,0.068691
0.992246,0.828585,0.066316,0.067266
0.783266,1.014498,0.065492,0.066316
0.984246,0.982347,0.064007,0.065492
0.987704,0.838836,0.062924,0.064007
0.789141,1.001032,0.062632,0.062924
0.987144,0.814636,0.062849,0.062632
0.792223,0.856015,0.062850,0.062849
0.795364,0.983653,0.062656,0.062850
1.006633,0.836113,0.062194,0.062656
0.788501,0.848565,0.061750,0.062194
0.788306,0.964843,0.061532,0.061750
0.984739,0.816312,0.061547,0.061532
0.790246,0.829273,0.061654,0.061547
0.940993,0.988206,0.061790,0.061654
0.987540,0.826557,0.061777,0.061790
0.792532,0.797783,0.061462,0.061777
0.845497,0.978732,0.061195,0.061462
0.985100,0.811097,0.061471,0.061195
0.792186,0.823108,0.062396,0.061471
0.787861,1.008368,0.063566,0.062396
0.986443,1.051886,0.036074,0.063566
1.115563,0.986223,0.041854,0.036074
1.200034,0.750298,0.102259,0.041854
0.897566,0.772572,0.122677,0.102259
0.774571,0.804191,0.128558,0.122677
0.830591,0.628955,0.126065,0.128558
0.601222,0.728998,0.119665,0.126065
0.672646,0.636507,0.109323,0.119665
0.597050,0.508747,0.099011,0.109323
0.439141,0.532777,0.091177,0.099011
0.505343,0.439282,0.083599,0.091177
0.381972,0.384043,0.078474,0.083599
0.358696,0.443164,0.074761,0.078474
0.406481,0.306393,0.060437,0.074761
0.275245,0.318179,0.020439,0.060437
0.229961,0.355214,0.031873,0.020439
0.361891,0.275163,0.119671,0.031873
0.396468,0.249258,0.203832,0.119671
0.452098,0.291654,0.281691,0.203832
0.432279,0.230863,0.311842,0.281691
0.328433,0.245806,0.285160,0.311842
0.399513,0.333702,0.258507,0.285160
0.570429,0.354269,0.321203,0.258507
0.425348,0.405376,0.438635,0.321203
0.390527,0.387861,0.580567,0.438635
0.256900,0.461780,0.700151,0.580567
0.273067,0.637527,0.823759,0.700151
0.520928,0.634884,0.968642,0.823759
0.567121,0.713234,1.084763,0.968642
0.758419,0.875058,1.191306,1.084763
1.056447,0.780965,1.293143,1.191306
0.937265,0.808052,1.361531,1.293143
1.077797,0.919574,1.419385,1.361531
0.868024,0.764692,1.473618,1.419385
0.892471,0.791844,1.510472,1.473618
0.744058,0.921630,1.541706,1.510472
0.812784,0.792788,1.569921,1.541706
0.746054,0.792713,1.585705,1.569921
0.719275,0.961788,1.593095,1.585705
0.924245,0.788666,1.589275,1.593095
0.756755,0.794062,1.578474,1.589275
0.762197,0.965963,1.565370,1.578474
0.958400,0.800316,1.552684,1.565370
0.768309,0.815802,1.546494,1.552684
0.767008,0.979404,1.544661,1.546494
0.989442,0.812106,1.546715,1.544661
0.783476,0.822800,1.550125,1.546715
0.928711,0.954246,1.553635,1.550125
0.838248,0.829257,1.556528,1.553635
0.926464,0.978844,1.557579,1.556528
0.987433,0.991243,1.557649,1.557579
0.840222,0.824336,1.556940,1.557649
0.949680,0.972104,1.556201,1.556940
1.004604,0.825092,1.555664,1.556201
0.805379,0.828416,1.555549,1.555664
0.854601,0.979530,1.555735,1.555549
1.000270,0.827217,1.556224,1.555735
0.795141,0.854097,1.556747,1.556224
0.786964,0.995501,1.557273,1.556747
1.018307,0.831999,1.557801,1.557273
0.798549,0.860456,1.558172,1.557801
0.626876,0.980261,1.558462,1.558172
0.893267,1.019821,1.558809,1.558462
0.973060,0.986124,1.559097,1.558809
1.015245,0.804809,1.559365,1.559097
0.812590,0.850038,1.559570,1.559365
0.806623,0.979507,1.559797,1.559570
0.999685,0.831817,1.559948,1.559797
0.803870,0.840111,1.559333,1.559948
1.034024,0.937762,1.560110,1.559333
1.019254,0.798275,1.563453,1.560110
1.063623,0.766591,1.565269,1.563453
0.848769,0.807002,1.566027,1.565269
0.826844,0.640069,1.566223,1.566027
0.657219,0.616006,1.566404,1.566223
0.568304,0.634171,1.566754,1.566404
0.636022,0.523757,1.567511,1.566754
0.468356,0.480258,1.568400,1.567511
0.432346,0.539835,1.569619,1.568400
0.496706,0.390993,1.571718,1.569619
0.374382,0.411248,1.574093,1.571718
0.353391,0.415402,1.577086,1.574093
0.416966,0.325839,1.579630,1.577086
0.247718,0.291234,1.581765,1.579630
0.255747,0.319434,1.588419,1.581765
0.392972,0.286966,1.614365,1.588419
0.489038,0.263039,1.652589,1.614365
0.411614,0.265800,1.704249,1.652589
0.368084,0.242967,1.766898,1.704249
0.356194,0.276384,1.815716,1.766898
0.451087,0.342450,1.881150,1.815716
0.532131,0.257115,1.983982,1.881150
0.286101,0.351717,2.082428,1.983982
0.244603,0.467161,2.198959,2.082428
0.253596,0.443534,2.353281,2.198959
0.276491,0.541993,2.490453,2.353281
0.403891,0.744065,2.629699,2.490453
0.793177,0.675806,2.772980,2.629699
0.860199,0.747757,2.867031,2.772980
1.177025,0.929744,2.939258,2.867031
1.120545,0.752879,3.001392,2.939258
1.199765,0.813848,3.042558,3.001392
0.955084,0.903789,3.078081,3.042558
0.958170,0.772897,3.112791,3.078081
0.792959,0.791714,3.135811,3.112791
0.723634,0.878483,3.132097,3.135811
0.908448,0.815112,3.123113,3.132097
0.713172,0.788589,3.125234,3.123113
0.706701,0.924130,3.134613,3.125234
0.909277,0.761084,3.136440,3.134613
0.757672,0.849356,3.126645,3.136440
0.765996,0.944702,3.120698,3.126645
0.991199,0.778138,3.118954,3.120698
0.790589,0.784162,3.120679,3.118954
0.943342,0.978652,3.123867,3.120679
0.840098,0.812336,3.127466,3.123867
0.935961,0.963468,3.129478,3.127466
0.976918,0.950178,3.130364,3.129478
0.822470,0.840045,3.129916,3.130364
0.933511,1.004421,3.129033,3.129916
0.992501,1.004582,3.128101,3.129033
0.989567,0.992078,3.127620,3.128101
0.833443,0.800338,3.127605,3.127620
0.933519,0.877481,3.127849,3.127605
0.719250,0.964141,3.128156,3.127849
0.462226,0.824214,3.128483,3.128156
0.682434,0.831309,3.128925,3.128483
0.731758,1.018115,3.129428,3.128925
0.949261,0.810431,3.129738,3.129428
0.781861,0.883813,3.129766,3.129738
0.790746,0.995067,3.129798,3.129766
0.999296,0.829930,3.129953,3.129798
0.810640,0.836439,3.130068,3.129953
0.790558,0.977703,3.130166,3.130068
0.964579,0.836648,3.130206,3.130166
0.769575,0.816514,3.130230,3.130206
0.924717,0.980237,3.130171,3.130230
0.863507,0.835357,3.129909,3.130171
0.958521,0.840745,3.131056,3.129909
0.944832,0.933732,3.133682,3.131056
0.958226,0.703788,3.136193,3.133682
0.769997,0.726582,3.137067,3.136193
0.654349,0.766151,3.137372,3.137067
0.722951,0.570825,3.137584,3.137372
0.529241,0.547522,3.137752,3.137584
0.484098,0.579144,3.137811,3.137752
0.559683,0.452682,3.137494,3.137811
0.421611,0.418365,3.136743,3.137494
0.402866,0.504740,3.135439,3.136743
0.468617,0.351347,3.133359,3.135439
0.354589,0.326575,3.131502,3.133359
0.389885,0.393909,3.129876,3.131502
0.319879,0.258389,3.128341,3.129876
0.324045,0.306399,3.127478,3.128341
0.305393,0.249159,3.127165,3.127478
0.240678,0.226634,3.127413,3.127165
0.254888,0.220548,3.127805,3.127413
0.233008,0.161669,3.128342,3.127805
0.156389,0.153804,3.128628,3.128342
0.134496,0.215953,3.128752,3.128628
0.131843,0.092209,3.128663,3.128752
0.087981,0.121243,3.128526,3.128663
0.077239,0.087673,3.128374,3.128526
0.099337,0.084049,3.128232,3.128374
0.077834,0.050015,3.128162,3.128232
0.088892,0.047219,3.128187,3.128162
0.067051,0.025582,3.128240,3.128187
0.055331,0.050742,3.128299,3.128240
0.067823,0.026580,3.128358,3.128299
0.046769,0.030495,3.128419,3.128358
0.045822,0.044463,3.128480,3.128419
0.000000,0.000000,0.000000,0.000000
0.000000,0.034233,2.067027,0.000000
0.026025,0.007315,2.061060,2.067027
0.026646,0.040979,2.059352,2.061060
0.026108,0.054382,2.063292,2.059352
0.000000,0.045471,2.072109,2.063292
0.000000,0.044736,2.078005,2.072109
0.000000,0.026716,2.082574,2.078005
0.000000,0.042058,2.080203,2.082574
0.000000,0.046486,2.078260,2.080203
0.000000,0.025903,2.076328,2.078260
0.000000,0.032641,2.075348,2.076328
0.000000,0.034404,2.075012,2.075348
0.000000,0.013683,2.074915,2.075012
0.000000,0.032917,2.074682,2.074915
0.000000,0.028974,2.074487,2.074682
0.019281,0.042829,2.069229,2.074487
0.029007,0.048146,2.064204,2.069229
0.032107,0.022934,2.059478,2.064204
0.030194,0.041696,2.057513,2.059478
0.045318,0.020842,2.056789,2.057513
0.018653,0.024806,2.056385,2.056789
0.027507,0.037306,2.057632,2.056385
0.060922,0.025083,2.060653,2.057632
0.047212,0.039456,2.062551,2.060653
0.061839,0.061356,2.063832,2.062551
0.085735,0.026395,2.064312,2.063832
0.075727,0.047145,2.063700,2.064312
0.102655,0.051747,2.063009,2.063700
0.103086,0.027722,2.063864,2.063009
0.079658,0.039503,2.065603,2.063864
0.095713,0.032823,2.067836,2.065603
0.071652,0.064392,2.070038,2.067836
0.070132,0.036371,2.072751,2.070038
0.055052,0.033086,2.074714,2.072751
0.040961,0.040092,2.075119,2.074714
0.032615,0.014145,2.074406,2.075119
0.031582,0.042612,2.072533,2.074406
0.028729,0.004591,2.070165,2.072533
0.157306,0.009714,2.043869,2.070165
0.150515,0.046496,2.018772,2.043869
0.122922,0.141852,1.966031,2.018772
0.045190,0.175706,1.889809,1.966031
0.137602,0.314194,1.781067,1.889809
0.398913,0.374145,1.646214,1.781067
0.381928,0.576327,1.551427,1.646214
0.528296,0.638371,1.457073,1.551427
0.628912,0.633882,1.370652,1.457073
0.474649,0.826919,1.274010,1.370652
0.719927,0.718444,1.123751,1.274010
0.641082,0.761978,0.975927,1.123751
0.468970,0.960865,0.816759,0.975927
0.589028,0.827585,0.641788,0.816759
0.792998,0.839126,0.510356,0.641788
1.106142,0.970309,0.394229,0.510356
0.952319,0.791005,0.285938,0.394229
1.019244,0.835270,0.216583,0.285938
0.839782,0.944333,0.161777,0.216583
0.871691,0.788797,0.118761,0.161777
0.738158,0.955005,0.098648,0.118761
0.838981,0.921326,0.088597,0.098648
0.788760,0.799606,0.086281,0.088597
0.718636,0.920699,0.085448,0.086281
0.863317,0.998361,0.082228,0.085448
0.894398,0.956836,0.074700,0.082228
0.899102,0.814216,0.067035,0.074700
0.835724,0.841532,0.062375,0.067035
0.792629,0.984555,0.059399,0.062375
0.986257,0.796046,0.058144,0.059399
0.793466,0.836209,0.057972,0.058144
0.789520,0.983816,0.057801,0.057972
0.979259,0.813941,0.058008,0.057801
0.788572,0.850202,0.058517,0.058008
0.778974,0.973645,0.059383,0.058517
0.990599,0.829706,0.060310,0.059383
0.795302,0.818797,0.060206,0.060310
0.949567,0.971330,0.059777,0.060206
0.856759,0.829408,0.059272,0.059777
0.945094,0.835230,0.058977,0.059272
0.835055,1.012271,0.059152,0.058977
0.930122,0.777028,0.059860,0.059152
0.830100,1.009783,0.059802,0.059860
0.992388,0.995098,0.059290,0.059802
0.938673,0.843076,0.059055,0.059290
0.837237,1.020862,0.059076,0.059055
0.968831,0.786498,0.059156,0.059076
0.782196,0.861064,0.058785,0.059156
0.778353,0.949323,0.058446,0.058785
0.977929,0.822345,0.057093,0.058446
0.798836,0.851150,0.027504,0.057093
0.873262,0.990927,0.036079,0.027504
1.161755,0.756642,0.099022,0.036079
0.886122,0.749191,0.121610,0.099022
0.801779,0.837082,0.128075,0.121610
0.873451,0.653150,0.124699,0.128075
0.630698,0.590675,0.117392,0.124699
0.676262,0.688562,0.108664,0.117392
0.644088,0.501088,0.099271,0.108664
0.474780,0.474378,0.092909,0.099271
0.465490,0.528209,0.088233,0.092909
0.505017,0.427512,0.085453,0.088233
0.384882,0.369108,0.084705,0.085453
0.362312,0.409157,0.084597,0.084705
0.409791,0.312623,0.063301,0.084597
0.232943,0.292942,0.052806,0.063301
0.216803,0.331683,0.078969,0.052806
0.448735,0.271447,0.163462,0.078969
0.392122,0.245851,0.240301,0.163462
0.395442,0.279147,0.297451,0.240301
0.393390,0.252378,0.298038,0.297451
0.276286,0.254053,0.256971,0.298038
0.450526,0.352186,0.254155,0.256971
0.488395,0.308683,0.337316,0.254155
0.298160,0.320201,0.438895,0.337316
0.272392,0.475390,0.562957,0.438895
0.299308,0.472778,0.706956,0.562957
0.274872,0.544437,0.829175,0.706956
0.335936,0.739986,0.954192,0.829175
0.666070,0.704708,1.093236,0.954192
0.744945,0.747824,1.195923,1.093236
0.825201,0.916319,1.282403,1.195923
1.052419,0.792306,1.362094,1.282403
0.795173,0.822784,1.416422,1.362094
0.740457,0.919382,1.463192,1.416422
0.855124,0.765412,1.508675,1.463192
0.654237,0.785336,1.540046,1.508675
0.769311,0.917066,1.565632,1.540046
0.845900,0.801803,1.585537,1.565632
0.707617,0.836787,1.592579,1.585537
0.789986,0.965117,1.589975,1.592579
0.957213,0.818971,1.577739,1.589975
0.780829,0.801547,1.565298,1.577739
0.792951,0.981552,1.554715,1.565298
0.986438,0.819990,1.547837,1.554715
0.798269,0.833011,1.546629,1.547837
0.795268,0.974430,1.548551,1.546629
0.998967,0.801053,1.552789,1.548551
0.803358,0.843375,1.556308,1.552789
0.797696,0.981663,1.558870,1.556308
0.970744,0.812627,1.560081,1.558870
0.788325,0.824678,1.559907,1.560081
0.962093,0.970404,1.558973,1.559907
1.022285,0.827203,1.557632,1.558973
0.823880,0.842166,1.556867,1.557632
0.864895,0.975974,1.556349,1.556867
1.026632,0.824612,1.556395,1.556349
0.824285,0.840166,1.556764,1.556395
0.822611,0.990347,1.557162,1.556764
0.989062,0.838876,1.557752,1.557162
0.783519,0.828164,1.558207,1.557752
0.779628,0.958751,1.558574,1.558207
0.992609,0.850554,1.558961,1.558574
0.804590,0.833664,1.559229,1.558961
0.804386,0.963502,1.559400,1.559229
0.999250,0.826245,1.559532,1.559400
0.794166,0.844267,1.559583,1.559532
0.946625,1.006105,1.559623,1.559583
0.994759,0.820031,1.559604,1.559623
0.790462,0.830366,1.558968,1.559604
0.906189,0.978584,1.558299,1.558968
1.178496,0.779006,1.560602,1.558299
0.922940,0.771919,1.562786,1.560602
0.821904,0.855340,1.564147,1.562786
0.880998,0.680072,1.565157,1.564147
0.632966,0.639121,1.566123,1.565157
0.563409,0.655613,1.567599,1.566123
0.650431,0.536628,1.569989,1.567599
0.480642,0.505568,1.572571,1.569989
0.447209,0.553135,1.575495,1.572571
0.524865,0.500118,1.578876,1.575495
0.488705,0.449620,1.581927,1.578876
0.438532,0.349435,1.584435,1.581927
0.326536,0.321415,1.585339,1.584435
0.309576,0.334727,1.586331,1.585339
0.238807,0.300811,1.584212,1.586331
0.380205,0.282605,1.575027,1.584212
0.436224,0.311200,1.557137,1.575027
0.445467,0.247217,1.518484,1.557137
0.346621,0.223987,1.464632,1.518484
0.262350,0.331371,1.396783,1.464632
0.331534,0.277883,1.303042,1.396783
0.248321,0.304778,1.218130,1.303042
0.154511,0.422460,1.130116,1.218130
0.215061,0.384608,1.023356,1.130116
0.184723,0.441434,0.916928,1.023356
0.394270,0.633797,0.793870,0.916928
0.765530,0.632172,0.636070,0.793870
0.723858,0.691872,0.501071,0.636070
0.949769,0.865753,0.376228,0.501071
0.952536,0.797531,0.253880,0.376228
1.057990,0.827938,0.177382,0.253880
0.895089,0.945380,0.123705,0.177382
0.916789,0.755298,0.079117,0.123705
0.758302,0.795744,0.060392,0.079117
0.678381,0.916117,0.061742,0.060392
0.833245,0.730101,0.073462,0.061742
0.679314,0.794823,0.080129,0.073462
0.696779,0.965556,0.081695,0.080129
0.917064,0.767966,0.078930,0.081695
0.749211,0.826576,0.076146,0.078930
0.776947,0.958766,0.074726,0.076146
0.989349,0.809898,0.074661,0.074726
0.792271,0.833467,0.074138,0.074661
0.939418,0.979098,0.072655,0.074138
0.850342,0.819834,0.070408,0.072655
0.953710,0.820765,0.068488,0.070408
0.852757,0.971224,0.066737,0.068488
0.948889,0.831822,0.064626,0.066737
0.833243,0.826496,0.063637,0.064626
0.782609,0.976031,0.063519,0.063637
0.988085,0.818691,0.063855,0.063519
0.786681,0.837107,0.064252,0.063855
0.778944,0.956589,0.064886,0.064252
0.967390,0.826879,0.065576,0.064886
0.780629,0.836143,0.065695,0.065576
0.717863,0.978366,0.065415,0.065695
0.535380,0.825574,0.064604,0.065415
0.219742,0.847310,0.063859,0.064604
0.684522,0.971374,0.063604,0.063859
0.750805,0.826867,0.063960,0.063604
0.899864,0.841943,0.064624,0.063960
0.816597,0.988496,0.065146,0.064624
0.923316,0.822488,0.065056,0.065146
0.834069,0.845550,0.064330,0.065056
0.784817,0.982631,0.062802,0.064330
0.988726,0.802579,0.061078,0.062802
0.787044,0.861455,0.059939,0.061078
0.779270,0.977806,0.053334,0.059939
1.034428,0.810799,0.010230,0.053334
0.880041,0.841768,0.065057,0.010230
0.916181,0.938586,0.106811,0.065057
1.042198,0.737863,0.125570,0.106811
0.730114,0.690569,0.128493,0.125570
0.765248,0.762243,0.124957,0.128493
0.615729,0.559605,0.116415,0.124957
0.626634,0.555756,0.107753,0.116415
0.506306,0.586793,0.099347,0.107753
0.522276,0.453236,0.091174,0.099347
0.440616,0.428652,0.085898,0.091174
0.377989,0.477645,0.081594,0.085898
0.439824,0.359991,0.078348,0.081594
0.331386,0.340054,0.070833,0.078348
0.282800,0.378785,0.039417,0.070833
0.238103,0.266705,0.044387,0.039417
0.276780,0.305901,0.105580,0.044387
0.390132,0.308819,0.193389,0.105580
0.526838,0.249728,0.292955,0.193389
0.374513,0.249758,0.338610,0.292955
0.440928,0.273348,0.337890,0.338610
0.448495,0.301847,0.326055,0.337890
0.553804,0.302292,0.377011,0.326055
0.463952,0.384995,0.471805,0.377011
0.342847,0.363878,0.609143,0.471805
0.252581,0.495489,0.737988,0.609143
0.477234,0.598373,0.897666,0.737988
0.618276,0.598912,1.052783,0.897666
0.706411,0.829356,1.172359,1.052783
0.966583,0.742963,1.285998,1.172359
0.875433,0.800291,1.356524,1.285998
0.955387,0.918586,1.411089,1.356524
1.187014,0.808332,1.462255,1.411089
0.885465,0.800682,1.497641,1.462255
0.831614,0.910932,1.528761,1.497641
0.949367,0.951097,1.558878,1.528761
0.906665,0.904960,1.580805,1.558878
0.890535,0.771157,1.591016,1.580805
0.732883,0.795756,1.589048,1.591016
0.743351,0.931412,1.578505,1.589048
0.954593,0.979051,1.562836,1.578505
0.979829,0.970151,1.550215,1.562836
0.997800,0.969785,1.544246,1.550215
0.986693,0.967505,1.544136,1.544246
0.990883,0.832867,1.547747,1.544136
0.789837,0.842278,1.551586,1.547747
0.787536,0.957792,1.554948,1.551586
0.990302,0.802410,1.557481,1.554948
0.797871,0.822835,1.558299,1.557481
0.950509,0.994470,1.558257,1.558299
0.846761,0.809344,1.557566,1.558257
0.944838,0.835590,1.556928,1.557566
0.849726,0.998705,1.556520,1.556928
0.941821,0.829827,1.556432,1.556520
0.841338,0.844435,1.556705,1.556432
0.796625,0.990746,1.557175,1.556705
1.020801,0.831301,1.557714,1.557175
0.807421,0.859283,1.558083,1.557714
0.808073,0.990578,1.558326,1.558083
0.995557,0.813168,1.558429,1.558326
0.795900,0.820936,1.558351,1.558429
0.797539,0.962202,1.558260,1.558351
0.997887,0.823665,1.558103,1.558260
0.801175,0.848133,1.558070,1.558103
0.959367,0.991837,1.558279,1.558070
0.847439,0.824012,1.558815,1.558279
0.947377,1.037225,1.559383,1.558815
1.006430,0.983661,1.559970,1.559383
0.876892,0.838954,1.559820,1.559970
1.063627,0.971010,1.561872,1.559820
1.184983,0.776256,1.566097,1.561872
0.878259,0.758625,1.568560,1.566097
0.807376,0.807876,1.569917,1.568560
0.811553,0.625680,1.570926,1.569917
0.595061,0.632492,1.571619,1.570926
0.549163,0.635251,1.572428,1.571619
0.623088,0.502515,1.573632,1.572428
0.464035,0.454711,1.574714,1.573632
0.435838,0.530511,1.575598,1.574714
0.499023,0.371410,1.576111,1.575598
0.368832,0.364992,1.576261,1.576111
0.346147,0.369929,1.576002,1.576261
0.375790,0.304048,1.574850,1.576002
0.210005,0.287244,1.574345,1.574850
0.298685,0.362446,1.569741,1.574345
0.469491,0.290632,1.556047,1.569741
0.387412,0.261400,1.535791,1.556047
0.399312,0.306073,1.495885,1.535791
0.357609,0.224433,1.426646,1.495885
0.225014,0.278302,1.354660,1.426646
0.333940,0.350609,1.270646,1.354660
0.395381,0.324474,1.166586,1.270646
0.331216,0.345626,1.080654,1.166586
0.265379,0.466629,0.986491,1.080654
0.042622,0.459565,0.853608,0.986491
0.093027,0.551033,0.730441,0.853608
0.202332,0.753180,0.592153,0.730441
0.543525,0.707929,0.436153,0.592153
0.561893,0.756295,0.322969,0.436153
0.760732,0.967707,0.225779,0.322969
0.931522,0.959139,0.146337,0.225779
0.961591,0.989318,0.094067,0.146337
0.750200,0.794929,0.063074,0.094067
0.800387,0.799954,0.056554,0.063074
0.713876,0.957411,0.063123,0.056554
0.802456,0.935822,0.071705,0.063123
0.871272,0.942054,0.074817,0.071705
0.914947,0.789174,0.073220,0.074817
0.751660,0.838282,0.071794,0.073220
0.812896,0.954283,0.072267,0.071794
0.960434,0.808687,0.073782,0.072267
0.772069,0.811382,0.074035,0.073782
0.765888,0.961990,0.072600,0.074035
0.977044,0.798064,0.070131,0.072600
0.771393,0.874170,0.068247,0.070131
0.778330,0.984054,0.066968,0.068247
0.978754,0.982302,0.065907,0.066968
0.982764,0.997421,0.064693,0.065907
0.996855,0.805906,0.063248,0.064693
0.794646,0.829602,0.062432,0.063248
0.790603,0.986292,0.062281,0.062432
0.990607,0.808163,0.062435,0.062281
0.789515,0.842556,0.062632,0.062435
0.940423,1.008179,0.062686,0.062632
0.844058,0.848066,0.062346,0.062686
0.942240,0.848726,0.061882,0.062346
0.851141,0.973572,0.061394,0.061882
0.957785,0.811683,0.060843,0.061394
0.848115,0.848878,0.060506,0.060843
0.797963,0.962067,0.060471,0.060506
0.992071,0.819270,0.061043,0.060471
0.783972,0.835663,0.061482,0.061043
0.791102,0.967000,0.061753,0.061482
0.985364,0.815029,0.062018,0.061753
0.794398,0.811968,0.062257,0.062018
0.794366,0.963847,0.062790,0.062257
0.988348,0.850342,0.050057,0.062790
0.825541,0.850948,0.012640,0.050057
1.061922,0.971919,0.069004,0.012640
0.994416,0.742146,0.114222,0.069004
0.981164,0.722884,0.126697,0.114222
0.761345,0.802654,0.127658,0.126697
0.751893,0.612011,0.121039,0.127658
0.595339,0.745532,0.112313,0.121039
0.602330,0.611852,0.101109,0.112313
0.536929,0.452705,0.091782,0.101109
0.452710,0.555255,0.085438,0.091782
0.504099,0.424463,0.079457,0.085438
0.369507,0.360887,0.075316,0.079457
0.344787,0.407822,0.072063,0.075316
0.394883,0.369593,0.042712,0.072063
0.221438,0.297618,0.002674,0.042712
0.189824,0.356294,0.037810,0.002674
0.429662,0.272590,0.135508,0.037810
0.412553,0.265239,0.222099,0.135508
0.383044,0.287584,0.298966,0.222099
0.405837,0.226622,0.327847,0.298966
0.331784,0.288921,0.307893,0.327847
0.484075,0.331921,0.308570,0.307893
0.579166,0.338663,0.389662,0.308570
0.369035,0.334355,0.489125,0.389662
0.342797,0.445243,0.612507,0.489125
0.474265,0.474073,0.762273,0.612507
0.532417,0.535207,0.889405,0.762273
0.554248,0.687088,1.017338,0.889405
0.890326,0.689144,1.153472,1.017338
0.904491,0.753440,1.249031,1.153472
1.012210,0.916840,1.327031,1.249031
1.334184,0.791064,1.398872,1.327031
1.023369,0.801806,1.448457,1.398872
0.962498,0.944202,1.490756,1.448457
1.003043,0.774241,1.530950,1.490756
0.736314,0.792063,1.557657,1.530950
0.833709,0.936521,1.578219,1.557657
0.875733,0.758938,1.592016,1.578219
0.583391,0.811846,1.593757,1.592016
0.714704,0.903938,1.586614,1.593757
0.906765,0.810791,1.572346,1.586614
0.755585,0.782723,1.560639,1.572346
0.757813,0.956805,1.551976,1.560639
0.959520,0.802127,1.547626,1.551976
0.769905,0.815944,1.548110,1.547626
0.773917,0.996361,1.550880,1.548110
0.971870,0.801167,1.555001,1.550880
0.784886,0.822059,1.557844,1.555001
0.784621,0.958620,1.559635,1.557844
0.984561,0.820913,1.560114,1.559635
0.793169,0.823560,1.559503,1.560114
0.943077,0.977472,1.558649,1.559503
0.990507,0.832668,1.557801,1.558649
0.786241,0.840409,1.557465,1.557801
0.837538,0.967360,1.557609,1.557465
0.990811,0.844294,1.558063,1.557609
0.801133,0.856018,1.558529,1.558063
0.809441,0.977061,1.558982,1.558529
1.009229,0.818904,1.559277,1.558982
0.809869,0.852989,1.559354,1.559277
0.806894,0.999556,1.559224,1.559354
1.003088,0.833974,1.559056,1.559224
0.797486,0.832464,1.558913,1.559056
0.786545,0.950290,1.558770,1.558913
0.969473,0.800636,1.558814,1.558770
0.779116,0.834637,1.559026,1.558814
0.920410,0.989326,1.559447,1.559026
0.985352,0.834702,1.560119,1.559447
0.788275,1.010135,1.560389,1.560119
1.037280,0.971114,1.559666,1.560389
1.156443,0.816014,1.561445,1.559666
1.008067,0.917098,1.563720,1.561445
0.997638,0.723087,1.564908,1.563720
0.764379,0.696584,1.565281,1.564908
0.642083,0.753857,1.565706,1.565281
0.730734,0.550343,1.566846,1.565706
0.536014,0.540995,1.568218,1.566846
0.491203,0.592239,1.569720,1.568218
0.553943,0.438244,1.571076,1.569720
0.417244,0.517038,1.571717,1.571076
0.484032,0.468280,1.571882,1.571717
0.443236,0.366326,1.571579,1.571882
0.331640,0.430747,1.570200,1.571579
0.300279,0.305456,1.567959,1.570200
0.211754,0.289068,1.570896,1.567959
0.328989,0.355900,1.588935,1.570896
0.511864,0.214333,1.632022,1.588935
0.410847,0.253071,1.682650,1.632022
0.370189,0.280048,1.737549,1.682650
0.371483,0.253997,1.795247,1.737549
0.397716,0.279943,1.856462,1.795247
0.489552,0.396725,1.940800,1.856462
0.380505,0.320695,2.055494,1.940800
0.241601,0.360438,2.165065,2.055494
0.244906,0.511001,2.293236,2.165065
0.369102,0.513867,2.454966,2.293236
0.395932,0.579486,2.592117,2.454966
0.548302,0.786938,2.721243,2.592117
1.021448,0.711379,2.843383,2.721243
0.964544,0.792448,2.919432,2.843383
1.008454,0.931565,2.978236,2.919432
1.232512,0.791735,3.032218,2.978236
0.888784,0.791133,3.069402,3.032218
0.986428,0.913847,3.101552,3.069402
0.950807,0.939436,3.131638,3.101552
0.934324,0.920779,3.132201,3.131638
0.786417,0.756436,3.123510,3.132201
0.873638,0.779457,3.125867,3.123510
0.773977,0.953974,3.135310,3.125867
0.851191,0.796679,3.135554,3.135310
0.761952,0.827213,3.125582,3.135554
0.718587,0.955885,3.119445,3.125582
0.953768,0.787327,3.117618,3.119445
0.788970,0.797015,3.119463,3.117618
0.799742,0.966443,3.122883,3.119463
1.009198,0.823460,3.126859,3.122883
0.805211,0.865186,3.129278,3.126859
0.813080,0.963075,3.130431,3.129278
1.015324,0.837126,3.130417,3.130431
0.809859,0.850677,3.129636,3.130417
0.959915,0.965167,3.128653,3.129636
0.852240,0.816860,3.127557,3.128653
0.945661,0.843741,3.126961,3.127557
0.841973,0.990654,3.126614,3.126961
0.944356,0.803053,3.126536,3.126614
0.848097,0.853281,3.126740,3.126536
0.795555,0.980892,3.127058,3.126740
0.994690,0.845499,3.127337,3.127058
0.796090,0.838953,3.127610,3.127337
0.795387,1.015655,3.127787,3.127610
0.994060,0.813658,3.127908,3.127787
0.796759,0.851007,3.128022,3.127908
0.803846,0.971705,3.128305,3.128022
0.985081,0.799804,3.128916,3.128305
0.781645,0.840788,3.129590,3.128916
0.924931,0.983660,3.130331,3.129590
0.819325,0.812722,3.131267,3.130331
0.927278,0.830511,3.131823,3.131267
0.920528,0.968244,3.132686,3.131823
1.093971,0.836198,3.134552,3.132686
0.950020,0.746064,3.135278,3.134552
0.801298,0.860843,3.135124,3.135278
0.862636,0.638556,3.134612,3.135124
0.621435,0.627090,3.134297,3.134612
0.563025,0.653261,3.134539,3.134297
0.631577,0.500655,3.135709,3.134539
0.463257,0.471240,3.137121,3.135709
0.438007,0.540037,3.138697,3.137121
0.498919,0.411530,3.140581,3.138697
0.373193,0.402234,3.142087,3.140581
0.422429,0.392227,3.141200,3.142087
0.338695,0.356466,3.139045,3.141200
0.350912,0.270189,3.136989,3.139045
0.288864,0.301552,3.134691,3.136989
0.293496,0.248999,3.132082,3.134691
0.247949,0.265953,3.130845,3.132082
0.270832,0.221868,3.130648,3.130845
0.235917,0.190751,3.131384,3.130648
0.200425,0.240774,3.132363,3.131384
0.242170,0.128853,3.133439,3.132363
0.185529,0.117933,3.134005,3.133439
0.171726,0.118459,3.134141,3.134005
0.148716,0.088011,3.133906,3.134141
0.096868,0.123308,3.133553,3.133906
0.090735,0.063739,3.133138,3.133553
0.114436,0.054527,3.132775,3.133138
0.089386,0.073842,3.132539,3.132775
0.092894,0.007620,3.132381,3.132539
0.087694,0.058238,3.132374,3.132381
0.000000,0.005086,3.132295,3.132374
0.000000,0.019233,3.132349,3.132295
0.000000,0.035851,3.132415,3.132349
0.000000,0.000000,0.000000,0.000000
0.000000,0.029702,2.065982,0.000000
0.017650,0.029616,2.062341,2.065982
0.023870,0.045068,2.061553,2.062341
0.029945,0.045479,2.072582,2.061553
0.016486,0.029008,2.087518,2.072582
0.019347,0.030643,2.096476,2.087518
0.000000,0.056410,2.091996,2.096476
0.000000,0.020588,2.091219,2.091996
0.000000,0.034564,2.091393,2.091219
0.000000,0.039394,2.092064,2.091393
0.000000,0.042072,2.092725,2.092064
0.000000,0.032141,2.092805,2.092725
0.000000,0.025441,2.092550,2.092805
0.000000,0.035389,2.090690,2.092550
0.000000,0.042201,2.088398,2.090690
0.028415,0.030398,2.082392,2.088398
0.031935,0.020753,2.079743,2.082392
0.037554,0.043423,2.076643,2.079743
0.042038,0.044363,2.075743,2.076643
0.053460,0.010451,2.076224,2.075743
0.040755,0.051017,2.077401,2.076224
0.060434,0.029784,2.079615,2.077401
0.075726,0.028174,2.080556,2.079615
0.072442,0.053452,2.080362,2.080556
0.090407,0.040746,2.080437,2.080362
0.100792,0.047857,2.080943,2.080437
0.102675,0.042717,2.082087,2.080943
0.125303,0.038658,2.084698,2.082087
0.097057,0.053111,2.086977,2.084698
0.076934,0.018377,2.089973,2.086977
0.091120,0.037268,2.091686,2.089973
0.064092,0.044791,2.091160,2.091686
0.051865,0.055351,2.089198,2.091160
0.066094,0.024301,2.085929,2.089198
0.046861,0.029510,2.083417,2.085929
0.048104,0.044464,2.083002,2.083417
0.041972,0.014579,2.084484,2.083002
0.039953,0.028890,2.084313,2.084484
0.096412,0.030528,2.078268,2.084313
0.109901,0.043762,2.057657,2.078268
0.108920,0.092550,2.022770,2.057657
0.049402,0.185212,1.959414,2.022770
0.109097,0.229911,1.845482,1.959414
0.229008,0.274870,1.735866,1.845482
0.379539,0.476840,1.633251,1.735866
0.485240,0.459014,1.541188,1.633251
0.451110,0.566250,1.478583,1.541188
0.439508,0.738590,1.406941,1.478583
0.545359,0.705872,1.284304,1.406941
0.492180,0.767585,1.149073,1.284304
0.646984,0.913577,0.989262,1.149073
0.617624,0.827801,0.797214,0.989262
0.967429,0.820276,0.649019,0.797214
1.060325,0.953214,0.514640,0.649019
1.137730,0.998208,0.385868,0.514640
1.091093,0.954908,0.284800,0.385868
1.005298,0.796490,0.208981,0.284800
0.751363,0.799732,0.159385,0.208981
0.742090,0.938428,0.122082,0.159385
0.833871,0.764689,0.095575,0.122082
0.661680,0.809802,0.087111,0.095575
0.669444,0.983404,0.086059,0.087111
0.866785,0.793133,0.086128,0.086059
0.698954,0.827761,0.083429,0.086128
0.715826,0.940397,0.077075,0.083429
0.955968,0.812485,0.068368,0.077075
0.777210,0.834712,0.062282,0.068368
0.786270,0.966508,0.059254,0.062282
0.999221,0.783671,0.058778,0.059254
0.800784,0.851918,0.058701,0.058778
0.958321,0.985795,0.058501,0.058701
1.005032,0.794577,0.058515,0.058501
0.790612,0.849477,0.059111,0.058515
0.834415,0.983685,0.059920,0.059111
0.976159,0.817050,0.060166,0.059920
0.789698,0.847975,0.060073,0.060166
0.794172,0.970850,0.059380,0.060073
1.006535,0.830714,0.058048,0.059380
0.798609,0.842100,0.056886,0.058048
0.793427,0.971381,0.056257,0.056886
0.999577,0.839344,0.056476,0.056257
0.792461,0.851091,0.057078,0.056476
0.797944,1.003675,0.057848,0.057078
0.987590,0.772742,0.058569,0.057848
0.794162,0.839775,0.059107,0.058569
0.929368,0.968522,0.059811,0.059107
0.971356,0.816458,0.060435,0.059811
0.779237,0.834976,0.060996,0.060435
0.817022,0.964915,0.060968,0.060996
0.984534,0.819987,0.046591,0.060968
0.840477,0.835362,0.009295,0.046591
0.909539,0.949684,0.071947,0.009295
1.148837,0.789271,0.116548,0.071947
0.855375,0.709827,0.128990,0.116548
0.767962,0.821045,0.129949,0.128990
0.825395,0.620554,0.123583,0.129949
0.601116,0.557002,0.115362,0.123583
0.546181,0.639284,0.106037,0.115362
0.617261,0.478686,0.095526,0.106037
0.456017,0.440212,0.088230,0.095526
0.500921,0.501947,0.083028,0.088230
0.486401,0.392729,0.080751,0.083028
0.360818,0.365678,0.081621,0.080751
0.362274,0.389611,0.075435,0.081621
0.319233,0.287956,0.056208,0.075435
0.194663,0.278282,0.063769,0.056208
0.276293,0.340610,0.110560,0.063769
0.508925,0.250752,0.201458,0.110560
0.404154,0.257972,0.276138,0.201458
0.350119,0.270595,0.310346,0.276138
0.351094,0.329501,0.284349,0.310346
0.428423,0.301496,0.249268,0.284349
0.480576,0.285842,0.312810,0.249268
0.298982,0.343674,0.408307,0.312810
0.248194,0.447031,0.530896,0.408307
0.326506,0.447315,0.675165,0.530896
0.286535,0.511017,0.796062,0.675165
0.399753,0.748218,0.919763,0.796062
0.510695,0.692484,1.058494,0.919763
0.865684,0.743169,1.162783,1.058494
0.871238,0.947088,1.252424,1.162783
0.969318,0.794232,1.337880,1.252424
0.901479,0.845878,1.398832,1.337880
0.802670,0.946623,1.452182,1.398832
0.931748,0.782306,1.503045,1.452182
0.688926,0.798014,1.536867,1.503045
0.663678,0.940661,1.563855,1.536867
0.840063,0.782530,1.585016,1.563855
0.679415,0.793346,1.593613,1.585016
0.712887,0.929891,1.593077,1.593613
0.924013,0.784756,1.582456,1.593077
0.760005,0.830577,1.570012,1.582456
0.915535,0.966823,1.558638,1.570012
0.828142,0.796580,1.550398,1.558638
0.934396,0.829372,1.548022,1.550398
0.856441,0.969980,1.549130,1.548022
0.968853,0.838606,1.552901,1.549130
0.860214,0.857608,1.556423,1.552901
0.808945,0.967390,1.559377,1.556423
1.000478,0.806327,1.561213,1.559377
0.801329,0.848524,1.561474,1.561213
0.802619,0.987306,1.560872,1.561474
1.005102,0.837732,1.559701,1.560872
0.797285,0.810053,1.558821,1.559701
0.802522,0.986655,1.558327,1.558821
1.007009,0.814020,1.558305,1.558327
0.803019,0.832205,1.558600,1.558305
0.944809,0.998734,1.559054,1.558600
0.836622,0.801327,1.559454,1.559054
0.914608,0.820646,1.559466,1.559454
0.828604,0.975659,1.559327,1.559466
0.944403,0.817135,1.559287,1.559327
0.851718,0.841839,1.559261,1.559287
0.800482,1.001728,1.559214,1.559261
0.994066,0.817937,1.559089,1.559214
0.788849,0.831874,1.558998,1.559089
0.785043,0.985369,1.558925,1.558998
0.987758,0.825354,1.558998,1.558925
0.792516,0.853020,1.558875,1.558998
0.809929,0.974488,1.558397,1.558875
1.111631,0.803030,1.560688,1.558397
0.957741,0.787789,1.563179,1.560688
1.053414,0.856527,1.564262,1.563179
0.827397,0.684270,1.564592,1.564262
0.805304,0.626306,1.564964,1.564592
0.639797,0.704087,1.566046,1.564964
0.651156,0.513728,1.568654,1.566046
0.523476,0.589754,1.572103,1.568654
0.555179,0.545230,1.577596,1.572103
0.489302,0.431280,1.583445,1.577596
0.401142,0.453997,1.588192,1.583445
0.452583,0.344675,1.593181,1.588192
0.334912,0.326706,1.595989,1.593181
0.255900,0.356033,1.598423,1.595989
0.285149,0.283738,1.598806,1.598423
0.348071,0.286672,1.592144,1.598806
0.396728,0.285441,1.576842,1.592144
0.501661,0.238409,1.542746,1.576842
0.329433,0.259196,1.492467,1.542746
0.273330,0.319598,1.428448,1.492467
0.298278,0.282811,1.338587,1.428448
0.242219,0.279847,1.255943,1.338587
0.168808,0.446418,1.169243,1.255943
0.083012,0.382603,1.065150,1.169243
0.096199,0.445023,0.960532,1.065150
0.183248,0.613696,0.837684,0.960532
0.426260,0.598387,0.676751,0.837684
0.504611,0.717256,0.535679,0.676751
0.642947,0.879108,0.404218,0.535679
1.014576,0.797463,0.276470,0.404218
0.872268,0.805873,0.196488,0.276470
0.841435,0.956424,0.140572,0.196488
0.995273,0.777648,0.093801,0.140572
0.742796,0.773689,0.070185,0.093801
0.703754,0.942251,0.063316,0.070185
0.850900,0.773765,0.070000,0.063316
0.691422,0.796203,0.076163,0.070000
0.850842,0.935602,0.078946,0.076163
0.919390,0.763099,0.077715,0.078946
0.752566,0.802986,0.076182,0.077715
0.827264,0.970709,0.076326,0.076182
0.980340,0.816006,0.077570,0.076326
0.788350,0.840911,0.077733,0.077570
0.791047,0.929646,0.076502,0.077733
0.984616,0.989212,0.074306,0.076502
0.983414,0.983798,0.072033,0.074306
0.972160,0.788477,0.070327,0.072033
0.783770,0.815793,0.069744,0.070327
0.789293,1.015514,0.069965,0.069744
0.983882,0.812998,0.070041,0.069965
0.788027,1.013147,0.069424,0.070041
0.982274,0.998622,0.067819,0.069424
0.985593,0.845402,0.065540,0.067819
0.783808,0.957861,0.063695,0.065540
0.990695,0.995244,0.062330,0.063695
1.002897,0.998818,0.061525,0.062330
1.007888,1.007173,0.060745,0.061525
1.000802,0.977333,0.060195,0.060745
0.995062,0.807862,0.060320,0.060195
0.797040,0.828730,0.060622,0.060320
0.784560,0.983226,0.060831,0.060622
0.980194,0.803754,0.061060,0.060831
0.781465,0.865950,0.061473,0.061060
0.775051,0.997936,0.062287,0.061473
0.975069,0.840808,0.063593,0.062287
0.783686,0.807993,0.064402,0.063593
0.931915,0.975179,0.060283,0.064402
1.015585,0.815752,0.016053,0.060283
0.885885,0.994982,0.058847,0.016053
1.124874,0.917010,0.109919,0.058847
0.938555,0.723513,0.127122,0.109919
0.742562,0.797679,0.129106,0.127122
0.776528,0.608128,0.124144,0.129106
0.635362,0.575984,0.116671,0.124144
0.535706,0.654040,0.107752,0.116671
0.585838,0.512863,0.097226,0.107752
0.432848,0.456927,0.089329,0.097226
0.399149,0.497345,0.082763,0.089329
0.484398,0.374080,0.076789,0.082763
0.360767,0.363605,0.073293,0.076789
0.335333,0.397402,0.058835,0.073293
0.339260,0.293385,0.007207,0.058835
0.193739,0.319881,0.028691,0.007207
0.346810,0.299788,0.106813,0.028691
0.468544,0.297259,0.211238,0.106813
0.516437,0.201352,0.291266,0.211238
0.413351,0.278726,0.329047,0.291266
0.447961,0.267086,0.314028,0.329047
0.448913,0.285167,0.301506,0.314028
0.447268,0.334896,0.355004,0.301506
0.431636,0.330377,0.468155,0.355004
0.270642,0.366193,0.584956,0.468155
0.242035,0.511755,0.713406,0.584956
0.441739,0.496924,0.865813,0.713406
0.486433,0.596377,0.994119,0.865813
0.657240,0.776259,1.117184,0.994119
0.890762,0.741002,1.239912,1.117184
0.808064,0.809687,1.319641,1.239912
1.067537,0.956037,1.382586,1.319641
0.994548,0.809613,1.441158,1.382586
1.013137,0.794723,1.480978,1.441158
0.824542,0.942935,1.515263,1.480978
0.861782,0.772823,1.548636,1.515263
0.731508,0.819616,1.570293,1.548636
0.690396,0.932382,1.585197,1.570293
0.882713,0.781994,1.591258,1.585197
0.730628,0.798627,1.585734,1.591258
0.761284,0.958640,1.573055,1.585734
0.979379,0.788991,1.557328,1.573055
0.787665,0.804680,1.547774,1.557328
0.784342,0.976533,1.543026,1.547774
0.985925,0.814878,1.543289,1.543026
0.783543,0.855722,1.546635,1.543289
0.932145,0.985696,1.551119,1.546635
0.493103,0.808301,1.555928,1.551119
0.377606,0.831410,1.558480,1.555928
0.297841,0.984733,1.559588,1.558480
0.642421,0.809058,1.559345,1.559588
0.743607,1.019700,1.558596,1.559345
0.960163,0.979992,1.557698,1.558596
0.942449,0.858239,1.557159,1.557698
0.861633,0.952816,1.557093,1.557159
1.032353,0.817926,1.557385,1.557093
0.812754,0.845139,1.557835,1.557385
0.801723,1.002821,1.558371,1.557835
0.995040,0.833020,1.558997,1.558371
0.792371,0.847936,1.559428,1.558997
0.787891,0.980647,1.559696,1.559428
0.989350,0.821481,1.559982,1.559696
0.789096,0.846520,1.560249,1.559982
0.804800,1.010553,1.560494,1.560249
1.023395,0.826671,1.560709,1.560494
0.818200,0.817974,1.560892,1.560709
0.967690,0.955186,1.561195,1.560892
1.007295,0.823913,1.561668,1.561195
0.797276,0.824208,1.561774,1.561668
0.883374,0.984757,1.561491,1.561774
1.161722,0.783991,1.563918,1.561491
0.927869,0.797604,1.566707,1.563918
0.843492,0.869891,1.568167,1.566707
0.895668,0.644134,1.568739,1.568167
0.649161,0.643833,1.568912,1.568739
0.606969,0.674268,1.569031,1.568912
0.681772,0.541236,1.569236,1.569031
0.505804,0.516417,1.569333,1.569236
0.472624,0.555108,1.569403,1.569333
0.534973,0.427692,1.569939,1.569403
0.401748,0.390897,1.571062,1.569939
0.449163,0.425496,1.572699,1.571062
0.435527,0.316010,1.574584,1.572699
0.289171,0.322874,1.575767,1.574584
0.207800,0.339476,1.576669,1.575767
0.415180,0.287674,1.570794,1.576669
0.444442,0.299778,1.557827,1.570794
0.421590,0.277591,1.534821,1.557827
0.443579,0.254799,1.481550,1.534821
0.338129,0.284222,1.420823,1.481550
0.346717,0.313583,1.345540,1.420823
0.563990,0.309106,1.247668,1.345540
0.364609,0.328392,1.163354,1.247668
0.446741,0.428786,1.077249,1.163354
0.372149,0.417692,0.959231,1.077249
0.254545,0.498852,0.841967,0.959231
0.470792,0.701207,0.708362,0.841967
0.780275,0.666602,0.540891,0.708362
0.797589,0.725759,0.411877,0.540891
1.065400,0.954410,0.298508,0.411877
1.229479,0.768982,0.195027,0.298508
0.968870,0.818693,0.137244,0.195027
0.823790,0.918009,0.094835,0.137244
0.861449,0.783504,0.065915,0.094835
0.640902,0.809706,0.062554,0.065915
0.656445,0.960665,0.070877,0.062554
0.827720,0.764554,0.081644,0.070877
0.683203,0.801922,0.085874,0.081644
0.704416,0.913902,0.084964,0.085874
0.923415,0.776893,0.080864,0.084964
0.748333,0.812153,0.077673,0.080864
0.926319,0.970365,0.075290,0.077673
0.989126,0.995517,0.073568,0.075290
0.987936,0.962962,0.072552,0.073568
0.836159,0.796878,0.071486,0.072552
0.928864,0.846067,0.070488,0.071486
0.834217,0.992139,0.069395,0.070488
0.932089,0.816957,0.067516,0.069395
0.841822,0.839483,0.065349,0.067516
0.795260,1.007544,0.062968,0.065349
0.988891,0.824202,0.060949,0.062968
0.795513,1.002846,0.060421,0.060949
0.996164,0.985838,0.060450,0.060421
0.990543,0.856865,0.060896,0.060450
0.790494,1.007323,0.061792,0.060896
0.995297,0.816786,0.063076,0.061792
0.790207,0.822400,0.063781,0.063076
0.789462,0.987224,0.063839,0.063781
1.001858,0.815066,0.063259,0.063839
0.797327,0.878258,0.062526,0.063259
0.800037,0.960747,0.061775,0.062526
0.997029,0.835954,0.061119,0.061775
0.805251,0.860459,0.060847,0.061119
0.954448,0.976358,0.060538,0.060847
0.994872,0.833205,0.060081,0.060538
0.798780,0.814674,0.059368,0.060081
0.854252,0.968222,0.058241,0.059368
0.998472,0.842662,0.042874,0.058241
0.849720,0.833032,0.013605,0.042874
0.928641,0.980018,0.075294,0.013605
1.165528,0.758955,0.117436,0.075294
0.825381,0.688498,0.128161,0.117436
0.724803,0.852528,0.127619,0.128161
0.771430,0.603693,0.120122,0.127619
0.564710,0.583459,0.111753,0.120122
0.515523,0.610148,0.102933,0.111753
0.571105,0.494912,0.093599,0.102933
0.430342,0.461779,0.087230,0.093599
0.479885,0.457753,0.082145,0.087230
0.472467,0.403495,0.077836,0.082145
0.351027,0.371171,0.074790,0.077836
0.347298,0.356691,0.060047,0.074790
0.313787,0.305134,0.013142,0.060047
0.193934,0.333182,0.040462,0.013142
0.304428,0.342577,0.120205,0.040462
0.531322,0.271920,0.223819,0.120205
0.421160,0.232485,0.300641,0.223819
0.349673,0.281011,0.333451,0.300641
0.408377,0.257469,0.318522,0.333451
0.384170,0.285465,0.318566,0.318522
0.558759,0.366519,0.383427,0.318566
0.600442,0.326090,0.500410,0.383427
0.400550,0.356853,0.622323,0.500410
0.456657,0.544904,0.753176,0.622323
0.513179,0.514411,0.907091,0.753176
0.508789,0.603676,1.033604,0.907091
0.678545,0.803134,1.151538,1.033604
1.046685,0.749149,1.265451,1.151538
0.953714,0.778842,1.339081,1.265451
0.988686,0.938451,1.398434,1.339081
1.178708,0.775380,1.454590,1.398434
0.841279,0.834711,1.492964,1.454590
0.766418,0.923199,1.526265,1.492964
0.888895,0.922659,1.557866,1.526265
0.855242,0.923024,1.580730,1.557866
0.886999,0.785453,1.591838,1.580730
0.726239,0.791245,1.591156,1.591838
0.739037,0.917466,1.582505,1.591156
0.932925,0.815805,1.568403,1.582505
0.763841,0.818936,1.557777,1.568403
0.906982,0.949841,1.550403,1.557777
0.835502,0.805403,1.547127,1.550403
0.920684,0.828394,1.548010,1.547127
0.833740,0.960387,1.550786,1.548010
0.923646,0.812355,1.554658,1.550786
0.821509,0.838612,1.557341,1.554658
0.781809,0.992518,1.559041,1.557341
0.997720,0.836081,1.559607,1.559041
0.794484,0.835986,1.559227,1.559607
0.796189,0.994330,1.558558,1.559227
0.996393,0.805259,1.557885,1.558558
0.795980,0.839278,1.557581,1.557885
0.799062,0.983018,1.557618,1.557581
0.989456,0.812750,1.557871,1.557618
0.786522,0.838558,1.558173,1.557871
0.929935,0.983524,1.558451,1.558173
0.833242,0.834624,1.558659,1.558451
0.937211,0.979895,1.558789,1.558659
0.989166,0.956448,1.559005,1.558789
0.849848,0.854120,1.559203,1.559005
0.951285,0.984976,1.559325,1.559203
1.001166,0.840265,1.559384,1.559325
0.799751,0.827078,1.559443,1.559384
0.847337,0.992614,1.559411,1.559443
1.013389,0.829209,1.559328,1.559411
0.803742,0.849038,1.559399,1.559328
0.795681,0.981979,1.558968,1.559399
1.092616,0.835546,1.558647,1.558968
0.960336,0.817615,1.560977,1.558647
0.941868,0.883716,1.563513,1.560977
1.017293,0.739272,1.565222,1.563513
0.705918,0.657871,1.566203,1.565222
0.628304,0.736708,1.567352,1.566203
0.699962,0.591470,1.569137,1.567352
0.512834,0.524799,1.571046,1.569137
0.554393,0.572873,1.573407,1.571046
0.533228,0.436080,1.576244,1.573407
0.408678,0.421057,1.578212,1.576244
0.403659,0.463460,1.579486,1.578212
0.434647,0.359373,1.580358,1.579486
0.331725,0.317161,1.580623,1.580358
0.259688,0.364135,1.581875,1.580623
0.295571,0.300695,1.591934,1.581875
0.375450,0.262475,1.615980,1.591934
0.389398,0.286637,1.657197,1.615980
0.518569,0.281497,1.721981,1.657197
0.377627,0.294093,1.791486,1.721981
0.361244,0.267573,1.856288,1.791486
0.377103,0.271786,1.926979,1.856288
0.408508,0.364552,2.019380,1.926979
0.347674,0.326565,2.142089,2.019380
0.164004,0.379487,2.259474,2.142089
0.222265,0.537114,2.395061,2.259474
0.310863,0.524551,2.561433,2.395061
0.572808,0.647010,2.694369,2.561433
0.717989,0.788524,2.810766,2.694369
1.014636,0.737343,2.912792,2.810766
1.035134,0.801697,2.973196,2.912792
1.063140,0.948850,3.019647,2.973196
1.254310,0.764383,3.063261,3.019647
0.888786,0.838279,3.093802,3.063261
0.783657,0.943334,3.120218,3.093802
0.932227,0.756537,3.140533,3.120218
0.745694,0.803525,3.128793,3.140533
0.741966,0.948381,3.125299,3.128793
0.918484,0.754506,3.132382,3.125299
0.734616,0.813388,3.141580,3.132382
0.879093,0.947337,3.130011,3.141580
0.788589,0.786271,3.120342,3.130011
0.895849,0.799647,3.116632,3.120342
0.818275,0.978710,3.116667,3.116632
0.918029,0.789703,3.119723,3.116667
0.824060,0.817568,3.123107,3.119723
0.768646,0.970025,3.126152,3.123107
0.961981,0.814208,3.128386,3.126152
0.779260,0.848748,3.128988,3.128386
0.789673,0.970890,3.128754,3.128988
0.977779,0.811487,3.127967,3.128754
0.786541,0.828733,3.127294,3.127967
0.786795,0.986366,3.126970,3.127294
0.995760,0.838888,3.127111,3.126970
0.800772,0.846342,3.127529,3.127111
0.944331,0.997077,3.128067,3.127529
0.844556,0.827587,3.128742,3.128067
0.945868,0.842592,3.129105,3.128742
0.846560,1.020977,3.129298,3.129105
0.945424,0.800687,3.129342,3.129298
0.844878,0.827461,3.129273,3.129342
0.791093,0.982467,3.129082,3.129273
0.990079,0.839117,3.129059,3.129082
0.790306,0.856463,3.129230,3.129059
0.789227,0.965689,3.129726,3.129230
0.979519,0.824175,3.130691,3.129726
0.775763,0.843323,3.131608,3.130691
0.779079,0.976257,3.132496,3.131608
0.964336,0.810821,3.132719,3.132496
0.847324,0.832793,3.133022,3.132719
1.069048,0.928831,3.134018,3.133022
0.957062,0.743446,3.134515,3.134018
0.934397,0.695018,3.134095,3.134515
0.723723,0.790669,3.133477,3.134095
0.730092,0.602680,3.133050,3.133477
0.587609,0.591620,3.133260,3.133050
0.499047,0.624502,3.133948,3.133260
0.565755,0.464138,3.135257,3.133948
0.426709,0.462488,3.136621,3.135257
0.404429,0.470205,3.138324,3.136621
0.475313,0.365786,3.140716,3.138324
0.359756,0.392143,3.141957,3.140716
0.335042,0.374430,3.139332,3.141957
0.382014,0.266067,3.136720,3.139332
0.283759,0.265795,3.135372,3.136720
0.305211,0.299609,3.134923,3.135372
0.254816,0.210550,3.135355,3.134923
0.265574,0.212362,3.136063,3.135355
0.242604,0.236674,3.137032,3.136063
0.190907,0.156247,3.137648,3.137032
0.174447,0.183107,3.137829,3.137648
0.160512,0.133599,3.137617,3.137829
0.098901,0.136923,3.137265,3.137617
0.101468,0.088965,3.136846,3.137265
0.115471,0.074365,3.136426,3.136846
0.091144,0.047716,3.136119,3.136426
0.093074,0.040157,3.135940,3.136119
0.114337,0.048535,3.135898,3.135940
0.078462,0.058591,3.135934,3.135898
0.071050,0.041589,3.135982,3.135934
0.071183,0.011689,3.135974,3.135982
0.000000,0.015286,3.136053,3.135974
0.000000,0.037602,3.136031,3.136053
0.000000,0.028006,3.135941,3.136031
0.000000,0.030741,3.135892,3.135941
0.000000,0.000000,0.000000,0.000000
0.000000,0.030704,2.068473,0.000000
0.000000,0.016119,2.064655,2.068473
0.021919,0.047079,2.052735,2.064655
0.037225,0.022412,2.043926,2.052735
0.029021,0.035072,2.040558,2.043926
0.018240,0.048360,2.055619,2.040558
0.025269,0.010670,2.098628,2.055619
0.017884,0.020195,2.096020,2.098628
0.000000,0.024969,2.092771,2.096020
0.000000,0.040291,2.090518,2.092771
0.000000,0.013617,2.090548,2.090518
0.000000,0.018486,2.091639,2.090548
0.000000,0.055159,2.093226,2.091639
0.000000,0.045466,2.094712,2.093226
0.000000,0.027622,2.095924,2.094712
0.000000,0.063968,2.096474,2.095924
0.000000,0.034618,2.096594,2.096474
0.021593,0.001337,2.088611,2.096594
0.031392,0.036800,2.084628,2.088611
0.033353,0.044898,2.080075,2.084628
0.038329,0.047973,2.081775,2.080075
0.056628,0.025962,2.082636,2.081775
0.056624,0.039759,2.081124,2.082636
0.068965,0.037822,2.078860,2.081124
0.088752,0.032197,2.077914,2.078860
0.075399,0.020258,2.080051,2.077914
0.071481,0.011547,2.084836,2.080051
0.069397,0.051972,2.088582,2.084836
0.087761,0.024338,2.091077,2.088582
0.086796,0.063516,2.091323,2.091077
0.076469,0.049788,2.092242,2.091323
0.081711,0.032575,2.094144,2.092242
0.062625,0.059060,2.094025,2.094144
0.057511,0.058721,2.092267,2.094025
0.063871,0.010143,2.088744,2.092267
0.047699,0.025269,2.085995,2.088744
0.050333,0.028291,2.084840,2.085995
0.074647,0.031626,2.085221,2.084840
0.059120,0.025487,2.085980,2.085221
0.057189,0.059357,2.084423,2.085980
0.138363,0.028718,2.073707,2.084423
0.129774,0.047645,2.054526,2.073707
0.083994,0.105841,2.019832,2.054526
0.045444,0.163262,1.944376,2.019832
0.203322,0.300183,1.819995,1.944376
0.323565,0.385077,1.683073,1.819995
0.475844,0.405268,1.585393,1.683073
0.390389,0.628235,1.508734,1.585393
0.507133,0.594408,1.433671,1.508734
0.455170,0.670156,1.354342,1.433671
0.468638,0.833890,1.241786,1.354342
0.746691,0.748622,1.075064,1.241786
0.698418,0.830226,0.917359,1.075064
0.551446,0.965359,0.757427,0.917359
1.047147,0.820252,0.588919,0.757427
0.959416,0.849551,0.466504,0.588919
0.946546,0.943684,0.361204,0.466504
1.098401,0.952960,0.264018,0.361204
1.045729,0.913811,0.188304,0.264018
0.950106,0.786582,0.135796,0.188304
0.703724,0.770627,0.109667,0.135796
0.676770,0.938458,0.096637,0.109667
0.827390,0.797791,0.091629,0.096637
0.665448,0.831497,0.089891,0.091629
0.797211,0.969784,0.087451,0.089891
0.847532,0.787382,0.081458,0.087451
0.699741,0.857209,0.073954,0.081458
0.784573,0.960274,0.066914,0.073954
0.972996,0.800104,0.061118,0.066914
0.780427,0.868382,0.058465,0.061118
0.787837,0.963035,0.058328,0.058465
0.988307,0.831051,0.059019,0.058328
0.794305,0.822789,0.059509,0.059019
0.805336,1.003280,0.059857,0.059509
1.007918,0.834550,0.059736,0.059857
0.799769,0.845466,0.059266,0.059736
0.811844,0.972437,0.058577,0.059266
1.007725,0.818307,0.057711,0.058577
0.808619,0.871836,0.057009,0.057711
0.962000,0.975903,0.056699,0.057009
1.004819,0.813798,0.056485,0.056699
0.793314,0.841363,0.056412,0.056485
0.849512,0.968740,0.056641,0.056412
0.995287,0.804647,0.057104,0.056641
0.790294,0.846335,0.057582,0.057104
0.792657,0.966405,0.058546,0.057582
0.978667,0.829894,0.059406,0.058546
0.779221,0.833477,0.059581,0.059406
0.772537,1.012618,0.059582,0.059581
0.981909,0.824545,0.059852,0.059582
0.783071,0.820982,0.060113,0.059852
0.789614,0.979842,0.039562,0.060113
1.064002,0.815865,0.029563,0.039562
0.900328,0.804218,0.090006,0.029563
1.056287,0.905737,0.120490,0.090006
1.011822,0.686945,0.130714,0.120490
0.712848,0.679173,0.129152,0.130714
0.677879,0.694183,0.122917,0.129152
0.706747,0.556561,0.112940,0.122917
0.521993,0.520998,0.104037,0.112940
0.472186,0.547028,0.095601,0.104037
0.546603,0.416580,0.087985,0.095601
0.406932,0.418092,0.083887,0.087985
0.382306,0.451795,0.081653,0.083887
0.448423,0.327359,0.081213,0.081653
0.327122,0.416095,0.065646,0.081213
0.283522,0.339593,0.057419,0.065646
0.280836,0.275731,0.090953,0.057419
0.333607,0.300882,0.162873,0.090953
0.529915,0.233826,0.253127,0.162873
0.372958,0.233235,0.299435,0.253127
0.354039,0.279830,0.290099,0.299435
0.305952,0.283739,0.229757,0.290099
0.426173,0.286241,0.230630,0.229757
0.384642,0.340400,0.299461,0.230630
0.327941,0.334912,0.420751,0.299461
0.302706,0.399053,0.539553,0.420751
0.348602,0.560710,0.656472,0.539553
0.539475,0.558499,0.794482,0.656472
0.505315,0.775574,0.909825,0.794482
0.827221,0.830779,1.049039,0.909825
0.989293,0.777414,1.173126,1.049039
0.893619,0.953314,1.263473,1.173126
1.149697,0.794953,1.351322,1.263473
0.887159,0.805446,1.411163,1.351322
0.792439,0.932998,1.461082,1.411163
0.863977,0.782591,1.507507,1.461082
0.653913,0.773631,1.538749,1.507507
0.643541,0.925763,1.564138,1.538749
0.822016,0.773065,1.584422,1.564138
0.681886,0.805296,1.592461,1.584422
0.842585,0.950225,1.591143,1.592461
0.929364,0.777969,1.579654,1.591143
0.767166,0.809040,1.567130,1.579654
0.823438,0.960096,1.556211,1.567130
0.977558,0.819030,1.548669,1.556211
0.781082,0.829024,1.546859,1.548669
0.788005,0.976514,1.548448,1.546859
0.995715,0.798901,1.552465,1.548448
0.795367,0.843499,1.555939,1.552465
0.801529,0.977575,1.558437,1.555939
0.997419,0.841396,1.559640,1.558437
0.808132,0.861920,1.559321,1.559640
0.813711,0.966256,1.558306,1.559321
0.999251,0.795063,1.556916,1.558306
0.798270,0.852187,1.555936,1.556916
0.959483,0.993270,1.555444,1.555936
1.011983,1.001192,1.555473,1.555444
1.005614,0.977064,1.555916,1.555473
0.842490,0.811518,1.556809,1.555916
0.924654,0.828134,1.557747,1.556809
0.827708,0.975993,1.558716,1.557747
0.941377,0.845603,1.559851,1.558716
0.841396,0.860233,1.560558,1.559851
0.747867,0.974827,1.560916,1.560558
0.778673,0.833768,1.560275,1.560916
0.647187,0.846262,1.558864,1.560275
0.730759,0.966247,1.558059,1.558864
0.956824,0.841266,1.558246,1.558059
0.782265,0.842872,1.558795,1.558246
0.798145,0.968469,1.558576,1.558795
1.135497,0.813149,1.560192,1.558576
0.944582,0.806397,1.562956,1.560192
1.023455,0.874047,1.564721,1.562956
0.814951,0.690220,1.565723,1.564721
0.805216,0.669777,1.566491,1.565723
0.649311,0.680417,1.567771,1.566491
0.666847,0.556334,1.569854,1.567771
0.546920,0.541091,1.571879,1.569854
0.464640,0.543450,1.574196,1.571879
0.523121,0.442638,1.577193,1.574196
0.400232,0.393156,1.579892,1.577193
0.385156,0.439730,1.582711,1.579892
0.435265,0.335353,1.585691,1.582711
0.298350,0.343469,1.587220,1.585691
0.228119,0.333036,1.589069,1.587220
0.326532,0.292872,1.585513,1.589069
0.362992,0.270962,1.574392,1.585513
0.463322,0.305272,1.553947,1.574392
0.393867,0.251171,1.506977,1.553947
0.365305,0.245039,1.449437,1.506977
0.278668,0.309390,1.377418,1.449437
0.318540,0.269917,1.281385,1.377418
0.249666,0.334908,1.195545,1.281385
0.190845,0.436072,1.107758,1.195545
0.197092,0.407032,0.997787,1.107758
0.125540,0.521406,0.886333,0.997787
0.309229,0.628441,0.759959,0.886333
0.664248,0.614971,0.597548,0.759959
0.697409,0.727523,0.464146,0.597548
0.804694,0.861039,0.344016,0.464146
1.068906,0.788764,0.230010,0.344016
0.858597,0.795197,0.162374,0.230010
0.984780,0.965722,0.112783,0.162374
0.815139,0.811743,0.073017,0.112783
0.858178,0.801629,0.060871,0.073017
0.733966,0.901438,0.065413,0.060871
0.808528,0.784344,0.075353,0.065413
0.748934,0.805611,0.079286,0.075353
0.721642,0.948909,0.078793,0.079286
0.935025,0.782921,0.075353,0.078793
0.757436,0.808261,0.074090,0.075353
0.767074,0.967028,0.074451,0.074090
0.966582,0.792637,0.075081,0.074451
0.790250,0.808745,0.074598,0.075081
0.794434,0.948292,0.073350,0.074598
1.004735,0.824713,0.071913,0.073350
0.805831,0.863742,0.070861,0.071913
0.950097,0.984163,0.069545,0.070861
0.836910,0.809155,0.067507,0.069545
0.923476,1.040052,0.066094,0.067507
0.975213,0.966897,0.065106,0.066094
0.828556,0.858962,0.064739,0.065106
0.930725,0.987649,0.064821,0.064739
0.985259,0.790628,0.065372,0.064821
0.794954,0.842728,0.065913,0.065372
0.842968,0.988331,0.066029,0.065913
0.999411,0.824249,0.065452,0.066029
0.796337,0.851697,0.064514,0.065452
0.797325,0.979552,0.063094,0.064514
1.001402,0.829240,0.061464,0.063094
0.797473,0.835432,0.060532,0.061464
0.790566,0.991500,0.059979,0.060532
0.977963,0.799556,0.059848,0.059979
0.779106,0.839109,0.059961,0.059848
0.780791,1.011796,0.060336,0.059961
0.980751,0.788435,0.060925,0.060336
0.786078,0.820778,0.061178,0.060925
0.934788,0.953207,0.060987,0.061178
0.968035,0.821234,0.029411,0.060987
0.853445,0.820967,0.035433,0.029411
0.886921,0.941733,0.092524,0.035433
1.068422,0.751618,0.121399,0.092524
0.775096,0.710385,0.127191,0.121399
0.691228,0.791073,0.124706,0.127191
0.766051,0.601172,0.116346,0.124706
0.563821,0.585853,0.107737,0.116346
0.518986,0.609916,0.099127,0.107737
0.588377,0.439369,0.090347,0.099127
0.442546,0.427874,0.084443,0.090347
0.416327,0.473069,0.079815,0.084443
0.472320,0.387959,0.075545,0.079815
0.345146,0.375063,0.071571,0.075545
0.371342,0.349918,0.041767,0.071571
0.287090,0.289766,0.008411,0.041767
0.215884,0.337314,0.050571,0.008411
0.474380,0.353033,0.155104,0.050571
0.562342,0.295105,0.259545,0.155104
0.511032,0.295387,0.328756,0.259545
0.416212,0.241337,0.324747,0.328756
0.477234,0.343420,0.305410,0.324747
0.644926,0.285070,0.356688,0.305410
0.468182,0.324382,0.446741,0.356688
0.372156,0.407715,0.563631,0.446741
0.302607,0.412244,0.716554,0.563631
0.307921,0.506395,0.845229,0.716554
0.469368,0.709398,0.978579,0.845229
0.818029,0.653370,1.123710,0.978579
0.788176,0.731363,1.227250,1.123710
0.938305,0.901924,1.310721,1.227250
1.173127,0.987179,1.383301,1.310721
1.179669,0.953772,1.441901,1.383301
1.079401,0.796748,1.489127,1.441901
0.786615,0.779412,1.522429,1.489127
0.740345,0.919832,1.551020,1.522429
0.887580,0.769429,1.576306,1.551020
0.704118,0.820057,1.589178,1.576306
0.840711,0.910736,1.592956,1.589178
0.776478,0.773815,1.584526,1.592956
0.895484,0.825861,1.571139,1.584526
0.817516,0.945758,1.557549,1.571139
0.930876,0.824336,1.546677,1.557549
0.840260,0.842409,1.543016,1.546677
0.794324,0.963358,1.543629,1.543016
0.990399,0.796729,1.547732,1.543629
0.784034,0.829930,1.552022,1.547732
0.790203,0.994788,1.555889,1.552022
0.989672,0.818076,1.558756,1.555889
0.785742,0.827082,1.559721,1.558756
0.789376,0.983993,1.559597,1.559721
0.994341,0.814276,1.558786,1.559597
0.794522,0.853959,1.558166,1.558786
0.947342,0.961641,1.557898,1.558166
0.849196,0.831579,1.558164,1.557898
0.947361,0.837244,1.558696,1.558164
0.850985,1.002530,1.559322,1.558696
0.950308,0.802790,1.559989,1.559322
0.844147,0.843856,1.560469,1.559989
0.794341,1.005068,1.560768,1.560469
1.000354,0.812171,1.560950,1.560768
0.797277,0.834143,1.561084,1.560950
0.799718,0.983093,1.561102,1.561084
0.994224,0.833898,1.561168,1.561102
0.791101,0.845902,1.561106,1.561168
0.794846,0.966476,1.561148,1.561106
1.000489,0.804519,1.561292,1.561148
0.815288,0.829668,1.561454,1.561292
0.953148,0.992683,1.561465,1.561454
0.867580,0.820371,1.560672,1.561465
1.064238,0.823770,1.561980,1.560672
0.989504,0.934967,1.564714,1.561980
1.015404,0.701484,1.566399,1.564714
0.790419,0.842911,1.566669,1.566399
0.811362,0.722588,1.566323,1.566669
0.704042,0.601526,1.566103,1.566323
0.571624,0.638786,1.566361,1.566103
0.611449,0.584893,1.567509,1.566361
0.566611,0.543238,1.569577,1.567509
0.507684,0.413356,1.571788,1.569577
0.424375,0.392368,1.573101,1.571788
0.373957,0.427462,1.573711,1.573101
0.415492,0.335591,1.572533,1.573711
0.250250,0.287641,1.571201,1.572533
0.215663,0.340398,1.568516,1.571201
0.452854,0.259327,1.558272,1.568516
0.416060,0.270841,1.541930,1.558272
0.393104,0.285817,1.511721,1.541930
0.421969,0.251953,1.449110,1.511721
0.281414,0.239948,1.383079,1.449110
0.355939,0.347418,1.303085,1.383079
0.367991,0.303286,1.201029,1.303085
0.333927,0.359199,1.115429,1.201029
0.335066,0.464537,1.027415,1.115429
0.292495,0.431645,0.904725,1.027415
0.335640,0.528633,0.786386,0.904725
0.529432,0.722862,0.650802,0.786386
0.924607,0.671067,0.486738,0.650802
0.916187,0.726445,0.363839,0.486738
1.003718,0.927234,0.257579,0.363839
1.162287,0.794121,0.165581,0.257579
0.929029,0.829768,0.115811,0.165581
0.823137,0.939718,0.080183,0.115811
0.856629,0.812386,0.060570,0.080183
0.641068,0.783960,0.062718,0.060570
0.774764,0.936745,0.071428,0.062718
0.709965,0.746398,0.079365,0.071428
0.836563,0.946725,0.081059,0.079365
0.915397,0.950714,0.078819,0.081059
0.794385,0.834742,0.076370,0.078819
0.901468,0.954901,0.075490,0.076370
0.968667,0.836438,0.075664,0.075490
0.783230,0.819541,0.075091,0.075664
0.834283,0.972463,0.073627,0.075091
0.981300,0.796527,0.071182,0.073627
0.780898,0.814947,0.069303,0.071182
0.786655,0.983664,0.068244,0.069303
0.993228,0.803033,0.066936,0.068244
0.790421,0.844811,0.066106,0.066936
0.794448,0.996495,0.065602,0.066106
0.991313,0.795190,0.065121,0.065602
0.802809,0.824962,0.064549,0.065121
0.808808,1.020482,0.063820,0.064549
0.999172,0.857389,0.062877,0.063820
0.792876,0.855404,0.062158,0.062877
0.939292,0.998216,0.061431,0.062158
0.997815,0.818786,0.060185,0.061431
0.805996,0.836495,0.059078,0.060185
0.861053,0.975473,0.058512,0.059078
0.997390,0.815444,0.058791,0.058512
0.791860,0.831191,0.059752,0.058791
0.780388,0.979775,0.061084,0.059752
0.975903,0.805957,0.062448,0.061084
0.784960,0.867141,0.063433,0.062448
0.783912,0.953693,0.064064,0.063433
0.991489,0.838713,0.064068,0.064064
0.796322,0.840436,0.063904,0.064068
0.795732,0.993886,0.051717,0.063904
1.045274,0.812324,0.016560,0.051717
0.931083,0.817297,0.076969,0.016560
1.107171,0.927275,0.114882,0.076969
1.028129,0.716073,0.129545,0.114882
0.725031,0.695222,0.129704,0.129545
0.678324,0.718360,0.124305,0.129704
0.705066,0.543347,0.114761,0.124305
0.514134,0.542575,0.106117,0.114761
0.468942,0.575655,0.097430,0.106117
0.529344,0.439590,0.088300,0.097430
0.399149,0.415386,0.081442,0.088300
0.374405,0.450597,0.075348,0.081442
0.423308,0.361177,0.069281,0.075348
0.320010,0.344454,0.048983,0.069281
0.267758,0.384424,0.003305,0.048983
0.233793,0.275821,0.031166,0.003305
0.286753,0.303589,0.105673,0.031166
0.494412,0.328021,0.197659,0.105673
0.536454,0.247208,0.296300,0.197659
0.387450,0.222449,0.334984,0.296300
0.411377,0.305700,0.323706,0.334984
0.607184,0.295589,0.309177,0.323706
0.579697,0.314607,0.362452,0.309177
0.473472,0.372879,0.454583,0.362452
0.445772,0.355205,0.596261,0.454583
0.271878,0.440719,0.725780,0.596261
0.272503,0.603777,0.858199,0.725780
0.472873,0.568407,1.011928,0.858199
0.497954,0.671664,1.129828,1.011928
0.635625,0.867180,1.233218,1.129828
1.021542,0.760140,1.327281,1.233218
0.858104,0.805850,1.387507,1.327281
1.083378,0.914033,1.438667,1.387507
1.063520,0.954425,1.487530,1.438667
0.944742,0.941517,1.527927,1.487530
0.755943,0.746221,1.559592,1.527927
0.823300,0.784940,1.579383,1.559592
0.738891,0.950704,1.591795,1.579383
0.841020,0.792481,1.594350,1.591795
0.767955,0.803899,1.586933,1.594350
0.746113,0.931457,1.574514,1.586933
0.963586,0.787679,1.560424,1.574514
0.767214,0.829785,1.552222,1.560424
0.763661,0.938623,1.548114,1.552222
0.970367,0.814167,1.548160,1.548114
0.778667,0.832218,1.550653,1.548160
0.785881,0.965764,1.553865,1.550653
0.978088,0.811118,1.557004,1.553865
0.779798,0.816427,1.558465,1.557004
0.932205,0.986336,1.558871,1.558465
0.843282,0.825915,1.558318,1.558871
0.947956,0.835469,1.557476,1.558318
0.842310,0.997736,1.556704,1.557476
0.933003,0.813695,1.556231,1.556704
0.839045,0.861936,1.556275,1.556231
0.797541,0.993363,1.556684,1.556275
1.010081,0.815172,1.557320,1.556684
0.802242,0.848097,1.557862,1.557320
0.803135,0.969421,1.558387,1.557862
0.986457,0.825386,1.558893,1.558387
0.788055,0.863902,1.559265,1.558893
0.793525,0.981549,1.559523,1.559265
0.413883,0.827011,1.559851,1.559523
0.607721,0.851322,1.559996,1.559851
0.865544,0.986325,1.560038,1.559996
0.812914,0.806149,1.560106,1.560038
0.922554,0.828564,1.560348,1.560106
0.837165,0.968454,1.560820,1.560348
0.943490,0.828508,1.561252,1.560820
0.891758,0.847232,1.560992,1.561252
0.921947,0.968226,1.562374,1.560992
1.195016,0.780664,1.565217,1.562374
0.878129,0.745336,1.566269,1.565217
0.779174,0.807543,1.566342,1.566269
0.845195,0.642139,1.566154,1.566342
0.611324,0.730982,1.566580,1.566154
0.686407,0.617010,1.568191,1.566580
0.603485,0.506786,1.570899,1.568191
0.440802,0.564672,1.573525,1.570899
0.514730,0.389462,1.576442,1.573525
0.395179,0.428827,1.578441,1.576442
0.461171,0.427931,1.580240,1.578441
0.413139,0.350975,1.580772,1.580240
0.272841,0.378052,1.580682,1.580772
0.245160,0.306211,1.584076,1.580682
0.294917,0.260095,1.599831,1.584076
0.372730,0.331288,1.632498,1.599831
0.357943,0.224495,1.689240,1.632498
0.396747,0.240263,1.743486,1.689240
0.323923,0.303260,1.792775,1.743486
0.462220,0.273563,1.861598,1.792775
0.504782,0.315854,1.941527,1.861598
0.363105,0.380892,2.036964,1.941527
0.281158,0.326856,2.164746,2.036964
0.164552,0.432044,2.289044,2.164746
0.198937,0.588283,2.426840,2.289044
0.457406,0.568071,2.591070,2.426840
0.584183,0.771624,2.718174,2.591070
1.092287,0.844694,2.844057,2.718174
1.272893,0.825916,2.933148,2.844057
1.065379,0.951117,2.989197,2.933148
1.279034,0.766289,3.041093,2.989197
0.868920,0.795065,3.076852,3.041093
0.781196,0.928948,3.107430,3.076852
0.903544,0.790806,3.135587,3.107430
0.709655,0.760616,3.132815,3.135587
0.855637,0.926611,3.124510,3.132815
0.893111,0.763031,3.126391,3.124510
0.707183,0.822599,3.135615,3.126391
0.764536,0.935086,3.137659,3.135615
0.904488,0.801018,3.125861,3.137659
0.736917,0.800064,3.120120,3.125861
0.774997,0.962438,3.118402,3.120120
1.001448,0.832138,3.120420,3.118402
0.806019,0.810290,3.123643,3.120420
0.799340,0.967589,3.126927,3.123643
0.993855,0.803799,3.129515,3.126927
0.804586,0.984208,3.130418,3.129515
1.014593,0.996654,3.130230,3.130418
0.996136,0.833317,3.129415,3.130230
0.791478,0.981778,3.128623,3.129415
0.995265,0.806235,3.127999,3.128623
0.795200,0.854188,3.127799,3.127999
0.948106,1.009010,3.127838,3.127799
0.845622,0.838929,3.128213,3.127838
0.945885,0.843457,3.128562,3.128213
0.846640,0.993698,3.128914,3.128562
0.942793,0.826840,3.129290,3.128914
0.841607,1.026734,3.129580,3.129290
0.996918,0.967417,3.129931,3.129580
0.940687,0.854314,3.130354,3.129931
0.842072,0.993338,3.130659,3.130354
0.982444,1.001071,3.131089,3.130659
0.979836,0.977902,3.131508,3.131089
0.924346,0.804386,3.131779,3.131508
0.827466,1.024984,3.131962,3.131779
0.912456,0.971457,3.132132,3.131962
0.966669,0.832091,3.132216,3.132132
0.962050,0.963092,3.133504,3.132216
1.152175,0.901725,3.135218,3.133504
1.005815,0.825988,3.135918,3.135218
0.816577,0.783667,3.136037,3.135918
0.751385,0.734120,3.136166,3.136037
0.664016,0.555241,3.136433,3.136166
0.488628,0.494739,3.136836,3.136433
0.477669,0.550411,3.137368,3.136836
0.521054,0.399562,3.137946,3.137368
0.390638,0.419419,3.138371,3.137946
0.363105,0.380212,3.138938,3.138371
0.423582,0.350671,3.139652,3.138938
0.317648,0.326738,3.140133,3.139652
0.293799,0.339336,3.140110,3.140133
0.329609,0.271580,3.139404,3.140110
0.244487,0.239474,3.138566,3.139404
0.224981,0.236814,3.137787,3.138566
0.254695,0.217594,3.137308,3.137787
0.209337,0.192090,3.137252,3.137308
0.173140,0.176214,3.137393,3.137252
0.113626,0.122161,3.137523,3.137393
0.096734,0.158446,3.137645,3.137523
0.069545,0.111649,3.137768,3.137645
0.074620,0.077869,3.137873,3.137768
0.066323,0.093681,3.137916,3.137873
0.081101,0.064363,3.137947,3.137916
0.076662,0.058110,3.137891,3.137947
0.076890,0.050126,3.137865,3.137891
0.095364,0.064317,3.137859,3.137865
0.075430,0.050644,3.137915,3.137859
0.070799,0.030981,3.137962,3.137915
0.063847,0.034254,3.138085,3.137962
0.033211,0.029977,3.138176,3.138085
0.000000,0.023920,3.137925,3.138176
0.000000,0.010334,3.137388,3.137925
0.000000,0.000000,0.000000,0.000000
0.000000,0.022255,2.070717,0.000000
0.000000,0.039081,2.066628,2.070717
0.000000,0.052853,2.062724,2.066628
0.026110,0.024479,2.051579,2.062724
0.031007,0.053968,2.039430,2.051579
0.029604,0.024491,2.040363,2.039430
0.000000,0.059966,2.055005,2.040363
0.000000,0.049118,2.055371,2.055005
0.000000,0.044269,2.054074,2.055371
0.000000,0.040579,2.054587,2.054074
0.000000,0.033547,2.056251,2.054587
0.000000,0.033456,2.058479,2.056251
0.000000,0.005536,2.059703,2.058479
0.000000,0.026692,2.059827,2.059703
0.022679,0.019196,2.053533,2.059827
0.026060,0.017555,2.049638,2.053533
0.029180,0.009706,2.045322,2.049638
0.041948,0.023453,2.052200,2.045322
0.039146,0.048707,2.054283,2.052200
0.034769,0.053168,2.054072,2.054283
0.034092,0.015542,2.052063,2.054072
0.047647,0.034487,2.050386,2.052063
0.045571,0.026749,2.049748,2.050386
0.065792,0.012036,2.050320,2.049748
0.089502,0.033374,2.051827,2.050320
0.097402,0.045331,2.054036,2.051827
0.113629,0.032754,2.056304,2.054036
0.099460,0.018728,2.057894,2.056304
0.084851,0.035683,2.058960,2.057894
0.087607,0.015516,2.059978,2.058960
0.060500,0.036393,2.060830,2.059978
0.050714,0.043768,2.060619,2.060830
0.064072,0.029983,2.057899,2.060619
0.094028,0.011946,2.042327,2.057899
0.163142,0.037922,2.023411,2.042327
0.139134,0.094354,1.980095,2.023411
0.097096,0.174193,1.915080,1.980095
0.059227,0.269743,1.812091,1.915080
0.266044,0.351124,1.669353,1.812091
0.387635,0.505754,1.564405,1.669353
0.448780,0.593701,1.472593,1.564405
0.544831,0.605454,1.398814,1.472593
0.493210,0.801290,1.318730,1.398814
0.699768,0.750274,1.187385,1.318730
0.632190,0.791246,1.047523,1.187385
0.534641,0.943802,0.887970,1.047523
0.831719,0.819851,0.704562,0.887970
0.871718,0.812475,0.564610,0.704562
0.955779,0.954838,0.439176,0.564610
1.116705,0.794105,0.319999,0.439176
0.840897,0.817126,0.244245,0.319999
0.798051,0.919525,0.184868,0.244245
0.919738,0.774753,0.134113,0.184868
0.696421,0.934864,0.106903,0.134113
0.846007,0.960989,0.090517,0.106903
0.832023,0.812245,0.087010,0.090517
0.807310,0.935953,0.087171,0.087010
0.742748,0.790840,0.085499,0.087171
0.848388,0.819756,0.080331,0.085499
0.809899,0.946856,0.072069,0.080331
0.942119,1.009330,0.063712,0.072069
0.998389,0.993166,0.058821,0.063712
0.988775,0.826515,0.057647,0.058821
0.789192,0.835558,0.058114,0.057647
0.830133,0.970760,0.058713,0.058114
0.982450,0.996485,0.058597,0.058713
0.990248,0.962408,0.058455,0.058597
0.935156,0.842252,0.058179,0.058455
0.835860,0.869249,0.057921,0.058179
0.791404,0.981323,0.057425,0.057921
0.994233,0.808206,0.056613,0.057425
0.790787,0.837672,0.056086,0.056613
0.788751,0.990694,0.056062,0.056086
0.980513,0.848128,0.056817,0.056062
0.782622,0.849542,0.057946,0.056817
0.787948,0.946547,0.058935,0.057946
0.985666,0.836083,0.059375,0.058935
0.784239,0.822246,0.059368,0.059375
0.934864,0.977713,0.059195,0.059368
0.831451,0.819410,0.059386,0.059195
0.922749,0.842049,0.059936,0.059386
0.824377,0.942951,0.060782,0.059936
0.922907,0.824690,0.062095,0.060782
0.828142,0.849889,0.048255,0.062095
0.841119,0.948069,0.009509,0.048255
1.157626,0.767825,0.079897,0.009509
0.916186,0.799946,0.113660,0.079897
0.833296,0.845202,0.126268,0.113660
0.901455,0.670014,0.126595,0.126268
0.650806,0.652875,0.121079,0.126595
0.587111,0.679623,0.113303,0.121079
0.661436,0.525260,0.104139,0.113303
0.481410,0.477399,0.097565,0.104139
0.528339,0.538829,0.091986,0.097565
0.443950,0.429860,0.087367,0.091986
0.470569,0.409651,0.085249,0.087367
0.387714,0.403263,0.084675,0.085249
0.397201,0.341405,0.073744,0.084675
0.280968,0.293143,0.053519,0.073744
0.196179,0.324628,0.061036,0.053519
0.372371,0.270264,0.124376,0.061036
0.402337,0.279117,0.202241,0.124376
0.425950,0.280667,0.278612,0.202241
0.413086,0.228548,0.311003,0.278612
0.306179,0.233875,0.281509,0.311003
0.358458,0.315915,0.246117,0.281509
0.558456,0.384796,0.297075,0.246117
0.438800,0.385095,0.409786,0.297075
0.347093,0.349764,0.553493,0.409786
0.257743,0.466169,0.674978,0.553493
0.258534,0.620035,0.799964,0.674978
0.332339,0.591312,0.946287,0.799964
0.280293,0.712139,1.063435,0.946287
0.497002,0.880892,1.171955,1.063435
0.757796,0.784992,1.276435,1.171955
0.749355,0.812885,1.346583,1.276435
0.888219,0.947461,1.406710,1.346583
1.005944,0.958645,1.463948,1.406710
0.895152,0.936694,1.510162,1.463948
0.810596,0.802215,1.545452,1.510162
0.708427,0.944645,1.568160,1.545452
0.861794,0.937424,1.586555,1.568160
0.849428,0.814656,1.592523,1.586555
0.780014,0.943553,1.587509,1.592523
0.947602,0.800207,1.574410,1.587509
0.768224,0.825601,1.562752,1.574410
0.775712,0.951936,1.553503,1.562752
0.979416,0.822372,1.548299,1.553503
0.676783,0.841541,1.547928,1.548299
0.745683,0.970536,1.549831,1.547928
0.984765,0.826455,1.553375,1.549831
0.789598,0.822675,1.556304,1.553375
0.786993,0.981091,1.558357,1.556304
0.984928,0.811412,1.559322,1.558357
0.792890,0.826368,1.559100,1.559322
0.950107,0.985681,1.558342,1.559100
1.011399,0.834274,1.557367,1.558342
0.815026,0.835820,1.556841,1.557367
0.867917,1.002935,1.556738,1.556841
1.007334,0.811465,1.557074,1.556738
0.806828,0.816303,1.557557,1.557074
0.805956,0.998831,1.557948,1.557557
0.997995,0.813370,1.558156,1.557948
0.799526,0.830774,1.558195,1.558156
0.798476,0.971258,1.558124,1.558195
1.009737,0.842551,1.558122,1.558124
0.809257,0.860250,1.558288,1.558122
0.803474,0.984421,1.558656,1.558288
0.996264,0.813779,1.559153,1.558656
0.795392,0.846809,1.559668,1.559153
0.931613,0.968540,1.560159,1.559668
0.988681,0.819525,1.560717,1.560159
0.803309,0.811053,1.560329,1.560717
0.919694,0.970950,1.560628,1.560329
1.164995,0.780314,1.563478,1.560628
0.894023,0.742272,1.565215,1.563478
0.808883,0.845111,1.565928,1.565215
0.863255,0.666152,1.566373,1.565928
0.625381,0.623405,1.567002,1.566373
0.569908,0.670295,1.567955,1.567002
0.636882,0.508299,1.569424,1.567955
0.470550,0.484794,1.570846,1.569424
0.429677,0.523772,1.572456,1.570846
0.502656,0.403112,1.574422,1.572456
0.375630,0.361853,1.575894,1.574422
0.415743,0.393773,1.577064,1.575894
0.396689,0.336354,1.576810,1.577064
0.248201,0.331906,1.576893,1.576810
0.244536,0.351077,1.574825,1.576893
0.450276,0.289896,1.564376,1.574825
0.406823,0.267139,1.547041,1.564376
0.387423,0.276990,1.515486,1.547041
0.399212,0.244011,1.452404,1.515486
0.273381,0.245388,1.385954,1.452404
0.275055,0.339256,1.306275,1.385954
0.307217,0.287426,1.205411,1.306275
0.130407,0.336343,1.120266,1.205411
0.127774,0.479099,1.029817,1.120266
0.254060,0.447176,0.902342,1.029817
0.398281,0.550200,0.781716,0.902342
0.699945,0.718185,0.644749,0.781716
0.881930,0.723515,0.482663,0.644749
0.770524,0.768675,0.362267,0.482663
0.941767,0.929951,0.257768,0.362267
1.175991,0.815198,0.167723,0.257768
0.883421,0.815591,0.116723,0.167723
0.811500,0.919277,0.079377,0.116723
0.913570,0.775636,0.059802,0.079377
0.692028,0.782214,0.063510,0.059802
0.675683,0.917764,0.072780,0.063510
0.856700,0.790858,0.079636,0.072780
0.695668,0.777251,0.080486,0.079636
0.730036,0.979909,0.078337,0.080486
0.951850,0.810041,0.075819,0.078337
0.768851,0.796060,0.075541,0.075819
0.926751,0.968306,0.076447,0.075541
0.973682,0.818654,0.076457,0.076447
0.782015,0.817737,0.075928,0.076457
0.848660,0.938408,0.074788,0.075928
0.990075,0.816601,0.073207,0.074788
0.785877,0.840829,0.071760,0.073207
0.787343,0.987327,0.070180,0.071760
0.971421,0.805360,0.068273,0.070180
0.786279,0.838503,0.066490,0.068273
0.788807,0.988688,0.065295,0.066490
0.980880,1.016709,0.064264,0.065295
0.982237,0.967729,0.063337,0.064264
0.974416,0.841153,0.062754,0.063337
0.804598,0.860449,0.062617,0.062754
0.406161,0.989982,0.062323,0.062617
0.550410,0.823679,0.061536,0.062323
0.649707,0.860359,0.060821,0.061536
0.884721,0.976692,0.059955,0.060821
0.822907,0.815790,0.059053,0.059955
0.932235,0.818167,0.058696,0.059053
0.828802,0.975550,0.058859,0.058696
0.919418,0.825824,0.059559,0.058859
0.825282,0.838120,0.060394,0.059559
0.775705,0.979502,0.061146,0.060394
0.981443,0.827641,0.062424,0.061146
0.788326,0.851995,0.063212,0.062424
0.784714,0.985381,0.045644,0.063212
1.073456,0.790870,0.024501,0.045644
0.934935,0.801358,0.083602,0.024501
0.916430,0.926111,0.116179,0.083602
1.053638,0.674732,0.128997,0.116179
0.741112,0.679063,0.128700,0.128997
0.783761,0.715334,0.122871,0.128700
0.628031,0.600909,0.112631,0.122871
0.620057,0.540150,0.103680,0.112631
0.496284,0.552895,0.095437,0.103680
0.518958,0.423279,0.087555,0.095437
0.434779,0.450199,0.082261,0.087555
0.372420,0.427593,0.078060,0.082261
0.438992,0.351413,0.074302,0.078060
0.331335,0.323680,0.053040,0.074302
0.253055,0.365076,0.015697,0.053040
0.253767,0.283439,0.039836,0.015697
0.325880,0.345627,0.119858,0.039836
0.582423,0.311324,0.227139,0.119858
0.567988,0.249072,0.312914,0.227139
0.400816,0.287096,0.334002,0.312914
0.499218,0.237211,0.312401,0.334002
0.462970,0.302374,0.326094,0.312401
0.506433,0.370252,0.399442,0.326094
0.549070,0.327897,0.521728,0.399442
0.329502,0.408330,0.645587,0.521728
0.411436,0.545904,0.773924,0.645587
0.635328,0.576840,0.926734,0.773924
0.599259,0.654211,1.050850,0.926734
0.634889,0.829542,1.166892,1.050850
1.005592,0.904991,1.277086,1.166892
1.105715,0.943746,1.360469,1.277086
1.072954,0.785138,1.424020,1.360469
0.906154,0.811680,1.467442,1.424020
0.790854,0.964867,1.504899,1.467442
0.921760,0.767636,1.541443,1.504899
0.722900,0.827935,1.565894,1.541443
0.712214,0.909916,1.583739,1.565894
0.899158,0.773758,1.593326,1.583739
0.734713,0.807940,1.590525,1.593326
0.759846,0.925467,1.578574,1.590525
0.969947,0.802271,1.561428,1.578574
0.790150,0.816419,1.550028,1.561428
0.933895,0.968968,1.543308,1.550028
0.832256,0.802280,1.541966,1.543308
0.936215,0.830839,1.544803,1.541966
0.833698,0.960464,1.549384,1.544803
0.936851,0.827259,1.554603,1.549384
0.839643,0.987693,1.557657,1.554603
0.997377,0.992875,1.559358,1.557657
0.949535,0.842135,1.559370,1.559358
0.849295,0.999320,1.558762,1.559370
0.993026,0.816526,1.558176,1.558762
0.799260,0.812822,1.558028,1.558176
0.805727,0.987354,1.558173,1.558028
1.009514,0.837343,1.558598,1.558173
0.804669,0.841142,1.559083,1.558598
0.807609,0.980307,1.559633,1.559083
0.999390,0.795475,1.560055,1.559633
0.800533,0.832438,1.560320,1.560055
0.808614,0.992044,1.560535,1.560320
1.012258,0.821263,1.560748,1.560535
0.806127,0.831915,1.560973,1.560748
0.950676,1.002163,1.561138,1.560973
1.003120,0.828071,1.561308,1.561138
0.800875,0.862420,1.561405,1.561308
0.851685,1.004356,1.561469,1.561405
1.014747,0.809827,1.561622,1.561469
0.810386,0.824345,1.561729,1.561622
0.817587,0.996038,1.561087,1.561729
1.146735,0.802734,1.562423,1.561087
0.958353,0.806950,1.565421,1.562423
0.900357,0.881317,1.567393,1.565421
0.949669,0.676267,1.568117,1.567393
0.674686,0.659028,1.568424,1.568117
0.610047,0.704524,1.568726,1.568424
0.685455,0.536839,1.569074,1.568726
0.501922,0.514626,1.569511,1.569074
0.533064,0.540628,1.570121,1.569511
0.522889,0.429862,1.570703,1.570121
0.399847,0.406207,1.570850,1.570703
0.398598,0.455070,1.570403,1.570850
0.435272,0.347321,1.568430,1.570403
0.299074,0.316365,1.564457,1.568430
0.207034,0.348170,1.559207,1.564457
0.378278,0.283668,1.546505,1.559207
0.414030,0.296632,1.528686,1.546505
0.407829,0.302001,1.501723,1.528686
0.442462,0.287756,1.444586,1.501723
0.424176,0.326153,1.364833,1.444586
0.507165,0.258081,1.269584,1.364833
0.463691,0.298679,1.182431,1.269584
0.407212,0.399694,1.091070,1.182431
0.419543,0.372926,0.984934,1.091070
0.327114,0.427015,0.881882,0.984934
0.576104,0.605337,0.759531,0.881882
0.690158,0.591021,0.605609,0.759531
0.936816,0.676615,0.473952,0.605609
1.006967,0.864665,0.352846,0.473952
1.165922,0.758027,0.233738,0.352846
1.120118,0.961800,0.156833,0.233738
1.139095,0.957091,0.098557,0.156833
0.895281,0.813786,0.064811,0.098557
0.712128,0.924571,0.057419,0.064811
0.825412,0.744736,0.067479,0.057419
0.655139,0.786460,0.077974,0.067479
0.668001,0.905791,0.085020,0.077974
0.870222,0.755243,0.086243,0.085020
0.725402,0.806759,0.084072,0.086243
0.754046,0.937479,0.082395,0.084072
0.958279,0.843881,0.081202,0.082395
0.779350,0.828101,0.079888,0.081202
0.787920,0.988312,0.077591,0.079888
0.990993,0.809967,0.073615,0.077591
0.795645,0.830772,0.070365,0.073615
0.938083,0.978822,0.067922,0.070365
0.975900,0.820270,0.066216,0.067922
0.787346,0.819869,0.065418,0.066216
0.839180,0.993704,0.065107,0.065418
0.990489,0.811475,0.065223,0.065107
0.798991,0.857617,0.065330,0.065223
0.797971,0.996932,0.065048,0.065330
0.999204,0.817233,0.064156,0.065048
0.803096,0.866061,0.063214,0.064156
0.805656,0.973153,0.061883,0.063214
1.009170,0.821164,0.060530,0.061883
0.802580,0.869504,0.059797,0.060530
0.799534,0.964729,0.059175,0.059797
0.998365,0.857799,0.058582,0.059175
0.798468,0.860725,0.058442,0.058582
0.947379,0.969399,0.058671,0.058442
0.990781,0.831281,0.059056,0.058671
0.793226,0.821241,0.059515,0.059056
0.847301,0.998739,0.060139,0.059515
0.990945,1.004062,0.060436,0.060139
0.990520,0.959358,0.059972,0.060436
0.944340,1.018655,0.059723,0.059972
0.999220,1.006025,0.036922,0.059723
1.071311,0.791173,0.034460,0.036922
0.913208,0.795337,0.091002,0.034460
0.957751,0.921745,0.119109,0.091002
0.970704,0.713910,0.128282,0.119109
0.683164,0.651217,0.126096,0.128282
0.603721,0.698377,0.119119,0.126096
0.682010,0.554945,0.108583,0.119119
0.496971,0.559987,0.099859,0.108583
0.456750,0.564013,0.092148,0.099859
0.529493,0.425230,0.084990,0.092148
0.405841,0.439840,0.080333,0.084990
0.384102,0.453565,0.076763,0.080333
0.443179,0.346041,0.073531,0.076763
0.323631,0.324048,0.048614,0.073531
0.307104,0.347608,0.018073,0.048614
0.286687,0.293474,0.083221,0.018073
0.347664,0.261458,0.165200,0.083221
0.431221,0.288335,0.249218,0.165200
0.441650,0.215049,0.312022,0.249218
0.329991,0.215513,0.310488,0.312022
0.360238,0.319299,0.279281,0.310488
0.705415,0.278558,0.297918,0.279281
0.538789,0.302259,0.379759,0.297918
0.437532,0.374685,0.488849,0.379759
0.474028,0.391714,0.637253,0.488849
0.394892,0.436383,0.764357,0.637253
0.423238,0.633320,0.895786,0.764357
0.520706,0.611006,1.045369,0.895786
0.631883,0.719835,1.158238,1.045369
0.969939,0.873427,1.255180,1.158238
1.073318,0.765643,1.342228,1.255180
0.924576,0.816490,1.399096,1.342228
0.996873,0.941706,1.447624,1.399096
1.027146,0.783200,1.494005,1.447624
0.755642,0.807403,1.526257,1.494005
0.710071,0.918079,1.553858,1.526257
0.873459,0.790652,1.578032,1.553858
0.702257,0.799768,1.589993,1.578032
0.709996,0.951750,1.592721,1.589993
0.920263,0.785454,1.584242,1.592721
0.748631,0.822441,1.572083,1.584242
0.748471,0.943562,1.559765,1.572083
0.957139,0.808166,1.549517,1.559765
0.763815,0.831873,1.545605,1.549517
0.915952,0.932587,1.545532,1.545605
0.974033,0.820155,1.548680,1.545532
0.782111,0.838672,1.552192,1.548680
0.839074,0.990437,1.555295,1.552192
0.989196,0.819035,1.557479,1.555295
0.787927,0.846554,1.558011,1.557479
0.797029,0.956660,1.557632,1.558011
1.013071,0.821418,1.556608,1.557632
0.795543,0.866645,1.555845,1.556608
0.793127,0.989570,1.555441,1.555845
0.994250,0.809176,1.555508,1.555441
0.795924,0.847550,1.555977,1.555508
0.798457,0.974287,1.556655,1.555977
0.983469,0.825750,1.557352,1.556655
0.784665,0.832554,1.557641,1.557352
0.929943,1.006461,1.557687,1.557641
0.991766,0.811067,1.557547,1.557687
0.798934,0.859359,1.557368,1.557547
0.854316,0.987627,1.557274,1.557368
0.998119,0.992195,1.557336,1.557274
0.995171,0.976247,1.557640,1.557336
0.938815,0.801116,1.558173,1.557640
0.847642,0.831632,1.558895,1.558173
0.795515,0.971127,1.559746,1.558895
0.999587,0.846647,1.560182,1.559746
0.885391,0.820578,1.560926,1.560182
0.942462,0.923838,1.563822,1.560926
1.149366,0.769825,1.566795,1.563822
0.817750,0.723441,1.568035,1.566795
0.732025,0.821767,1.568825,1.568035
0.805855,0.589636,1.569686,1.568825
0.585540,0.579532,1.570493,1.569686
0.630735,0.602525,1.571365,1.570493
0.513165,0.491670,1.572524,1.571365
0.520994,0.456637,1.573767,1.572524
0.422110,0.499609,1.575434,1.573767
0.450980,0.383725,1.577705,1.575434
0.373011,0.377089,1.579104,1.577705
0.337719,0.382134,1.578832,1.579104
0.300828,0.312332,1.577597,1.578832
0.242489,0.284943,1.582321,1.577597
0.366142,0.310493,1.601516,1.582321
0.515867,0.276320,1.645520,1.601516
0.411444,0.239654,1.696373,1.645520
0.306608,0.262585,1.751671,1.696373
0.362310,0.241209,1.811631,1.751671
0.369611,0.277738,1.875958,1.811631
0.506589,0.327944,1.962651,1.875958
0.326615,0.346562,2.079712,1.962651
0.365426,0.363837,2.190919,2.079712
0.214710,0.517434,2.320130,2.190919
0.292991,0.507609,2.482729,2.320130
0.415348,0.613513,2.619303,2.482729
0.541155,0.795047,2.746346,2.619303
1.019065,0.712839,2.864165,2.746346
0.958472,0.762882,2.936030,2.864165
1.035091,0.937028,2.990754,2.936030
1.334720,0.801243,3.041000,2.990754
0.966821,0.823213,3.076041,3.041000
0.860028,0.939369,3.106508,3.076041
0.969349,0.765489,3.134454,3.106508
0.751226,0.828631,3.133878,3.134454
0.862006,0.922607,3.125651,3.133878
0.767415,0.772711,3.127413,3.125651
0.862447,0.795128,3.136341,3.127413
0.766594,0.912682,3.136886,3.136341
0.848168,0.794882,3.125216,3.136886
0.766374,0.969577,3.119416,3.125216
0.960753,0.929435,3.117783,3.119416
0.914593,0.829057,3.120291,3.117783
0.821580,0.955214,3.123778,3.120291
0.965407,0.793526,3.127593,3.123778
0.778271,0.874787,3.129658,3.127593
0.795450,1.010620,3.130479,3.129658
0.988022,0.817293,3.130056,3.130479
0.788966,0.791482,3.128961,3.130056
0.793904,0.971864,3.127715,3.128961
0.985420,0.813490,3.126575,3.127715
0.790414,0.830785,3.126107,3.126575
0.784959,0.977395,3.126093,3.126107
0.984233,0.808678,3.126749,3.126093
0.789975,0.860222,3.127596,3.126749
0.937361,0.990992,3.128553,3.127596
0.993030,0.805050,3.129456,3.128553
0.790004,1.009686,3.130008,3.129456
1.001681,0.983069,3.130330,3.130008
1.009529,0.857620,3.130306,3.130330
0.850900,0.957991,3.130256,3.130306
0.937341,0.861690,3.130218,3.130256
0.822147,0.993965,3.130270,3.130218
0.960078,0.978418,3.130357,3.130270
0.917555,0.826117,3.130642,3.130357
0.816347,0.974725,3.131099,3.130642
1.022370,0.822190,3.131630,3.131099
0.849447,0.826874,3.132978,3.131630
0.927436,0.936551,3.134611,3.132978
1.086899,0.749565,3.135136,3.134611
0.745945,0.697699,3.134638,3.135136
0.653646,0.781758,3.133741,3.134638
0.720564,0.564164,3.132823,3.133741
0.518408,0.553309,3.132363,3.132823
0.476076,0.576882,3.132180,3.132363
0.542799,0.443335,3.132287,3.132180
0.416523,0.455773,3.132696,3.132287
0.467884,0.458604,3.133260,3.132696
0.467144,0.343114,3.133955,3.133260
0.342839,0.365554,3.134465,3.133955
0.334749,0.375731,3.135063,3.134465
0.362016,0.285449,3.136381,3.135063
0.265339,0.276133,3.138544,3.136381
0.244738,0.276861,3.140951,3.138544
0.286354,0.179118,3.142060,3.140951
0.217443,0.179762,3.141779,3.142060
0.199509,0.219609,3.142219,3.141779
0.232150,0.159259,3.141211,3.142219
0.177938,0.148369,3.140056,3.141211
0.146062,0.112524,3.139122,3.140056
0.145024,0.098591,3.138583,3.139122
0.085979,0.092842,3.138629,3.138583
0.069910,0.106432,3.138919,3.138629
0.047189,0.043151,3.139394,3.138919
0.059242,0.084202,3.139827,3.139394
0.061176,0.052384,3.140032,3.139827
0.062542,0.028430,3.140113,3.140032
0.048487,0.050741,3.140080,3.140113
0.000000,0.000000,0.000000,0.000000
0.000000,0.014447,2.062498,0.000000
0.018449,0.042681,2.052292,2.062498
0.033615,0.022643,2.047983,2.052292
0.031047,0.041833,2.048308,2.047983
0.024609,0.033877,2.051573,2.048308
0.000000,0.024406,2.058356,2.051573
0.000000,0.012305,2.058280,2.058356
0.000000,0.013720,2.056677,2.058280
0.000000,0.078369,2.055622,2.056677
0.000000,0.002465,2.055396,2.055622
0.000000,0.042230,2.055809,2.055396
0.000000,0.050372,2.056515,2.055809
0.000000,0.022009,2.057516,2.056515
0.050550,0.039330,2.047532,2.057516
0.043647,0.010955,2.042205,2.047532
0.053297,0.036311,2.039666,2.042205
0.061461,0.037984,2.039368,2.039666
0.077280,0.022905,2.041404,2.039368
0.067118,0.061885,2.048530,2.041404
0.081071,0.030931,2.052541,2.048530
0.066884,0.069920,2.054191,2.052541
0.079914,0.032477,2.053893,2.054191
0.116832,0.043016,2.052604,2.053893
0.094683,0.030883,2.052235,2.052604
0.091169,0.026017,2.053214,2.052235
0.104509,0.047798,2.055488,2.053214
0.073370,0.056909,2.057290,2.055488
0.079265,0.058343,2.058536,2.057290
0.057297,0.029114,2.057924,2.058536
0.043100,0.038215,2.056053,2.057924
0.062230,0.043665,2.053780,2.056053
0.048883,0.048917,2.051878,2.053780
0.039261,0.049784,2.050522,2.051878
0.048686,0.030143,2.050977,2.050522
0.035407,0.035527,2.051533,2.050977
0.184760,0.007442,2.033593,2.051533
0.163040,0.038881,2.008851,2.033593
0.137344,0.140601,1.963288,2.008851
0.078743,0.187711,1.872658,1.963288
0.090943,0.270046,1.766273,1.872658
0.242268,0.435360,1.647665,1.766273
0.469369,0.412911,1.532762,1.647665
0.387033,0.546954,1.462596,1.532762
0.489627,0.716876,1.399930,1.462596
0.476651,0.642253,1.302935,1.399930
0.638603,0.705632,1.189493,1.302935
0.661057,0.904919,1.046005,1.189493
0.896880,0.797765,0.858920,1.046005
0.737141,0.966052,0.706912,0.858920
1.197370,0.963325,0.539603,0.706912
1.167647,0.865524,0.401627,0.539603
0.942632,0.947283,0.307376,0.401627
1.036969,0.773637,0.224338,0.307376
0.773219,0.824783,0.171879,0.224338
0.732261,0.922819,0.132644,0.171879
0.857685,0.753878,0.104881,0.132644
0.665778,0.816497,0.095015,0.104881
0.662618,0.925468,0.092457,0.095015
0.844648,0.795327,0.091142,0.092457
0.686349,0.796636,0.088232,0.091142
0.707586,0.947229,0.081604,0.088232
0.934048,0.829622,0.070892,0.081604
0.775159,0.820726,0.062825,0.070892
0.928694,0.973832,0.057774,0.062825
0.977683,0.829216,0.056986,0.057774
0.792075,0.846029,0.057475,0.056986
0.835485,1.016039,0.058254,0.057475
0.983853,0.846421,0.058723,0.058254
0.793323,0.831813,0.059661,0.058723
0.796396,0.954919,0.060664,0.059661
0.991310,0.790551,0.061283,0.060664
0.804647,0.834243,0.061064,0.061283
0.799276,0.977367,0.060393,0.061064
0.995545,0.784835,0.059234,0.060393
0.793230,0.851227,0.058565,0.059234
0.802116,0.999372,0.058324,0.058565
1.003998,0.796597,0.058521,0.058324
0.796682,0.856419,0.058680,0.058521
0.948210,1.015209,0.058714,0.058680
0.999911,0.832133,0.058558,0.058714
0.799744,0.812983,0.058091,0.058558
0.847537,0.993574,0.057434,0.058091
1.001971,1.017083,0.056789,0.057434
0.988258,0.997221,0.056612,0.056789
0.940289,0.823023,0.057226,0.056612
0.837562,0.855327,0.051782,0.057226
0.822648,0.958179,0.011201,0.051782
1.118501,0.792114,0.066447,0.011201
0.913886,0.814899,0.107476,0.066447
0.859323,0.854127,0.124577,0.107476
0.942587,0.679727,0.128070,0.124577
0.675668,0.658213,0.124164,0.128070
0.611596,0.671435,0.117534,0.124164
0.685188,0.552979,0.109107,0.117534
0.506650,0.529880,0.102809,0.109107
0.556771,0.548236,0.097359,0.102809
0.455839,0.413574,0.092117,0.097359
0.481351,0.391478,0.088390,0.092117
0.381613,0.449130,0.085329,0.088390
0.392370,0.320211,0.076856,0.085329
0.300969,0.296876,0.048318,0.076856
0.201984,0.313434,0.044833,0.048318
0.327432,0.270610,0.095659,0.044833
0.372513,0.266562,0.174992,0.095659
0.412622,0.289834,0.257486,0.174992
0.451653,0.249075,0.313167,0.257486
0.310450,0.231406,0.304471,0.313167
0.276666,0.281117,0.273440,0.304471
0.495503,0.265711,0.312202,0.273440
0.343140,0.321211,0.397619,0.312202
0.361968,0.407288,0.512230,0.397619
0.352099,0.397120,0.664146,0.512230
0.372138,0.492090,0.790182,0.664146
0.350167,0.681983,0.921652,0.790182
0.412493,0.631212,1.067401,0.921652
0.390238,0.717228,1.175724,1.067401
0.562520,0.877170,1.267920,1.175724
0.907254,0.810760,1.350968,1.267920
0.805933,0.829410,1.406328,1.350968
0.776442,0.942726,1.453440,1.406328
0.930930,0.812488,1.499069,1.453440
0.684836,0.797647,1.531276,1.499069
0.655228,0.947816,1.558228,1.531276
0.822452,0.792198,1.580653,1.558228
0.676679,0.796628,1.590597,1.580653
0.843617,0.961847,1.591217,1.590597
0.791337,0.788899,1.581295,1.591217
0.907219,0.818924,1.569237,1.581295
0.825830,0.962593,1.558026,1.569237
0.930034,0.804307,1.549836,1.558026
0.827018,0.829145,1.547601,1.549836
0.781028,0.949936,1.548723,1.547601
0.994018,0.826302,1.552390,1.548723
0.799982,0.822227,1.555804,1.552390
0.800088,0.981791,1.558698,1.555804
0.996476,0.842692,1.560834,1.558698
0.802271,0.837347,1.561331,1.560834
0.801322,0.988120,1.560729,1.561331
1.014215,0.836098,1.559302,1.560729
0.812426,0.854414,1.558151,1.559302
0.967980,0.967537,1.557138,1.558151
0.855127,0.807037,1.556622,1.557138
0.947757,0.834995,1.556744,1.556622
0.846069,0.959497,1.557216,1.556744
0.925435,0.821893,1.557848,1.557216
0.816305,0.823461,1.558292,1.557848
0.783111,0.988241,1.558647,1.558292
0.977409,0.805926,1.558896,1.558647
0.781848,0.820244,1.558978,1.558896
0.790891,0.970219,1.559026,1.558978
1.001068,0.834360,1.559094,1.559026
0.796647,0.851014,1.559194,1.559094
0.800350,0.998200,1.559515,1.559194
0.999731,1.008127,1.560102,1.559515
0.986484,0.979023,1.560722,1.560102
1.028087,0.826819,1.560431,1.560722
0.871664,0.809511,1.561792,1.560431
0.937386,0.939023,1.564604,1.561792
1.085855,0.735141,1.566232,1.564604
0.777785,0.703525,1.566432,1.566232
0.820634,0.774500,1.566329,1.566432
0.751714,0.604474,1.566839,1.566329
0.528735,0.535367,1.567945,1.566839
0.506111,0.589792,1.569910,1.567945
0.552975,0.471319,1.573028,1.569910
0.411342,0.441195,1.576202,1.573028
0.381085,0.474358,1.579630,1.576202
0.457008,0.352520,1.583581,1.579630
0.353864,0.342294,1.586492,1.583581
0.319107,0.416175,1.588472,1.586492
0.273674,0.294189,1.591476,1.588472
0.253354,0.290472,1.590422,1.591476
0.354147,0.325533,1.582485,1.590422
0.491977,0.248122,1.561466,1.582485
0.384996,0.251941,1.523818,1.561466
0.395505,0.306023,1.468611,1.523818
0.429232,0.309190,1.387663,1.468611
0.379345,0.254952,1.309347,1.387663
0.302263,0.370963,1.223565,1.309347
0.147649,0.354317,1.122982,1.223565
0.077565,0.380316,1.032449,1.122982
0.129225,0.553437,0.920997,1.032449
0.471435,0.519129,0.773917,0.920997
0.569970,0.633539,0.636609,0.773917
0.727492,0.844824,0.497259,0.636609
1.006056,0.740825,0.355148,0.497259
0.862944,0.810135,0.256723,0.355148
0.897902,0.928366,0.181095,0.256723
1.073990,0.766630,0.119673,0.181095
0.788792,0.799885,0.084194,0.119673
0.869525,0.928403,0.066458,0.084194
0.868016,0.761298,0.067210,0.066458
0.688914,0.825073,0.073826,0.067210
0.754342,0.951464,0.078898,0.073826
0.899669,0.789270,0.079652,0.078898
0.736098,0.790261,0.077353,0.079652
0.762582,0.958507,0.075252,0.077353
0.975720,0.781813,0.074987,0.075252
0.790625,0.831867,0.075630,0.074987
0.793956,0.939391,0.075764,0.075630
1.004149,0.808482,0.074737,0.075764
0.802231,0.849943,0.073290,0.074737
0.805620,0.981039,0.071582,0.073290
0.997366,0.823102,0.069145,0.071582
0.804130,0.819622,0.067177,0.069145
0.948527,0.994018,0.065565,0.067177
0.998643,0.824116,0.064456,0.065565
0.795257,0.827950,0.064290,0.064456
0.837262,0.983377,0.064301,0.064290
0.985730,0.806757,0.064431,0.064301
0.786062,0.836265,0.064943,0.064431
0.786691,0.981549,0.065374,0.064943
0.987506,0.848891,0.065344,0.065374
0.803494,0.836410,0.064870,0.065344
0.798352,0.964941,0.063979,0.064870
0.990324,0.851470,0.062616,0.063979
0.791032,1.031855,0.061416,0.062616
0.987231,0.967438,0.060293,0.061416
0.981661,1.023524,0.059821,0.060293
0.978930,0.981173,0.060077,0.059821
0.974006,0.839589,0.060985,0.060077
0.779356,0.969288,0.061931,0.060985
0.978636,0.828773,0.062369,0.061931
0.784596,0.849996,0.059926,0.062369
0.762882,0.962605,0.026325,0.059926
3.159723,0.814302,0.051918,0.026325
1.191520,0.781265,0.102283,0.051918
0.989391,0.900802,0.125159,0.102283
0.779925,0.701364,0.131682,0.125159
0.790450,0.674678,0.128550,0.131682
0.650080,0.691542,0.121177,0.128550
0.660833,0.559272,0.110690,0.121177
0.535811,0.613818,0.102151,0.110690
0.572725,0.558245,0.093589,0.102151
0.505558,0.435983,0.087943,0.093589
0.415749,0.445922,0.084540,0.087943
0.446529,0.359932,0.081590,0.084540
0.327461,0.314558,0.072404,0.081590
0.281382,0.336350,0.036076,0.072404
0.225929,0.299456,0.037454,0.036076
0.266974,0.300357,0.102770,0.037454
0.427042,0.304233,0.192163,0.102770
0.579694,0.250777,0.292211,0.192163
0.393100,0.233774,0.337090,0.292211
0.388279,0.274289,0.334448,0.337090
0.560957,0.283042,0.321680,0.334448
0.557475,0.301268,0.370818,0.321680
0.545790,0.390521,0.464685,0.370818
0.369072,0.339239,0.601990,0.464685
0.273455,0.421543,0.731693,0.601990
0.331334,0.601484,0.865344,0.731693
0.625125,0.565876,1.021732,0.865344
0.663566,0.637522,1.142016,1.021732
0.854118,0.859971,1.247229,1.142016
1.049394,0.762634,1.340586,1.247229
0.880230,0.953634,1.397820,1.340586
1.136621,0.953907,1.453112,1.397820
1.049117,0.809085,1.496328,1.453112
0.791760,0.936823,1.527075,1.496328
0.906096,0.759923,1.556950,1.527075
0.712331,0.785908,1.575933,1.556950
0.702678,0.932060,1.587868,1.575933
0.907027,0.780233,1.589503,1.587868
0.749253,0.818588,1.580775,1.589503
0.917344,0.941103,1.567462,1.580775
0.976425,0.794369,1.553169,1.567462
0.782605,0.829929,1.545521,1.553169
0.833052,0.953550,1.542552,1.545521
0.982584,0.831471,1.544196,1.542552
0.794596,0.845216,1.547897,1.544196
0.797860,0.954641,1.552072,1.547897
0.997542,0.802682,1.556043,1.552072
0.799711,0.829972,1.557967,1.556043
0.791735,0.975086,1.558730,1.557967
0.989407,0.824605,1.558458,1.558730
0.792129,0.997112,1.557855,1.558458
0.989249,0.984803,1.557071,1.557855
0.991759,1.007425,1.556546,1.557071
0.984995,0.997106,1.556443,1.556546
0.998765,0.829636,1.556767,1.556443
0.800870,1.004848,1.557280,1.556767
1.002246,0.794958,1.557866,1.557280
0.799900,0.855375,1.558257,1.557866
0.799909,0.998373,1.558586,1.558257
0.997508,0.806212,1.558876,1.558586
0.797692,0.830634,1.559169,1.558876
0.944187,0.993613,1.559492,1.559169
0.991198,0.827442,1.559843,1.559492
0.791523,0.847678,1.560095,1.559843
0.837570,1.005181,1.560385,1.560095
0.995914,1.010065,1.560615,1.560385
0.999829,0.967674,1.560684,1.560615
0.954757,0.827381,1.559905,1.560684
0.944363,0.814673,1.560842,1.559905
0.960531,0.946922,1.564050,1.560842
1.104383,0.756951,1.567331,1.564050
0.770965,0.710451,1.569217,1.567331
0.685210,0.775334,1.570994,1.569217
0.754194,0.600839,1.572862,1.570994
0.554889,0.563109,1.574044,1.572862
0.516924,0.615228,1.574648,1.574044
0.595699,0.566680,1.574187,1.574648
0.553558,0.517790,1.572311,1.574187
0.507919,0.399800,1.569816,1.572311
0.384399,0.360661,1.568207,1.569816
0.359481,0.378217,1.567126,1.568207
0.394419,0.323805,1.566006,1.567126
0.222373,0.319525,1.565970,1.566006
0.317074,0.361019,1.562210,1.565970
0.505671,0.300081,1.549155,1.562210
0.390387,0.258396,1.528014,1.549155
0.389916,0.297309,1.485137,1.528014
0.355113,0.223596,1.414245,1.485137
0.297575,0.291251,1.340711,1.414245
0.397747,0.345967,1.256198,1.340711
0.432114,0.308362,1.151737,1.256198
0.277805,0.362386,1.065395,1.151737
0.240066,0.493972,0.970382,1.065395
0.280570,0.478503,0.836507,0.970382
0.456608,0.601128,0.712415,0.836507
0.605620,0.743142,0.572860,0.712415
1.019509,0.729337,0.416940,0.572860
0.946807,0.772110,0.304601,0.416940
1.071641,0.896589,0.209256,0.304601
1.112143,0.795121,0.133934,0.209256
0.802457,0.777560,0.091911,0.133934
0.754955,0.984409,0.064023,0.091911
0.817284,0.933788,0.058017,0.064023
0.816332,0.922734,0.070219,0.058017
0.780974,0.799872,0.080615,0.070219
0.717819,0.801657,0.083950,0.080615
0.708644,0.961678,0.082623,0.083950
0.933290,0.776005,0.079071,0.082623
0.759371,0.855412,0.076863,0.079071
0.776388,0.969175,0.075515,0.076863
0.988118,0.767260,0.074185,0.075515
0.792871,0.827429,0.072888,0.074185
0.791079,0.962694,0.071266,0.072888
0.983448,0.828134,0.068995,0.071266
0.789611,0.829186,0.066989,0.068995
0.932106,0.977073,0.065135,0.066989
0.839670,0.856462,0.063370,0.065135
0.941399,0.827366,0.062329,0.063370
0.849525,0.945277,0.061853,0.062329
0.937704,0.829086,0.061967,0.061853
0.833672,1.008721,0.062487,0.061967
0.976390,0.985364,0.063117,0.062487
0.928721,0.819781,0.063732,0.063117
0.839282,0.977245,0.064343,0.063732
0.982658,0.804049,0.064657,0.064343
0.790844,0.849305,0.064563,0.064657
0.796653,0.978513,0.064394,0.064563
0.993051,0.850712,0.064217,0.064394
0.796920,0.839679,0.064176,0.064217
0.798983,0.979416,0.063868,0.064176
0.997187,0.818056,0.063311,0.063868
0.797056,0.849254,0.063093,0.063311
0.788277,0.994267,0.062898,0.063093
0.989738,0.809405,0.062598,0.062898
0.805106,0.873252,0.062348,0.062598
0.954147,1.002497,0.056277,0.062348
1.041244,0.828979,0.012107,0.056277
0.913306,0.832152,0.065481,0.012107
1.019895,0.887701,0.111050,0.065481
1.061588,0.887494,0.130783,0.111050
0.914047,0.793003,0.131924,0.130783
0.779236,0.600847,0.124574,0.131924
0.601295,0.594439,0.116187,0.124574
0.504147,0.636084,0.107371,0.116187
0.571031,0.494235,0.097887,0.107371
0.428596,0.467304,0.090894,0.097887
0.401006,0.507073,0.084639,0.090894
0.464022,0.400909,0.078710,0.084639
0.350756,0.363686,0.074971,0.078710
0.326190,0.387367,0.058157,0.074971
0.307227,0.266943,0.017472,0.058157
0.195099,0.281700,0.052210,0.017472
0.364704,0.337612,0.133927,0.052210
0.442447,0.249192,0.232947,0.133927
0.463433,0.211875,0.296460,0.232947
0.357046,0.272434,0.308883,0.296460
0.391760,0.253519,0.272470,0.308883
0.418482,0.305222,0.265484,0.272470
0.448317,0.341852,0.331031,0.265484
0.476251,0.322280,0.448637,0.331031
0.384326,0.380958,0.566170,0.448637
0.396956,0.526957,0.690819,0.566170
0.484202,0.545341,0.837367,0.690819
0.572777,0.582101,0.960587,0.837367
0.717119,0.830199,1.080552,0.960587
1.070269,0.728147,1.203503,1.080552
0.977135,0.787841,1.287336,1.203503
1.220321,0.976230,1.357255,1.287336
1.077809,0.795873,1.424087,1.357255
1.030931,0.932512,1.469226,1.424087
0.938057,0.906694,1.513986,1.469226
0.723975,0.794935,1.548937,1.513986
0.841401,0.920548,1.571782,1.548937
0.914293,0.791233,1.588736,1.571782
0.734242,0.776552,1.593325,1.588736
0.784731,0.948871,1.588573,1.593325
0.946811,0.801869,1.575327,1.588573
0.770755,0.824521,1.563162,1.575327
0.778186,0.935266,1.553251,1.563162
0.977197,0.784314,1.547024,1.553251
0.778214,0.994664,1.546020,1.547024
0.975626,0.976629,1.548321,1.546020
0.973916,0.819975,1.552066,1.548321
0.764910,0.981109,1.555007,1.552066
0.987116,0.821367,1.557136,1.555007
0.786679,0.846701,1.557641,1.557136
0.712301,0.982467,1.557350,1.557641
0.447720,0.839977,1.556646,1.557350
0.611006,0.836802,1.556003,1.556646
0.866009,0.968891,1.555581,1.556003
0.816662,0.821386,1.555700,1.555581
0.936847,0.829505,1.556191,1.555700
0.336774,0.983551,1.556896,1.556191
0.331151,0.808511,1.557655,1.556896
0.625509,0.858119,1.558046,1.557655
0.703003,0.956028,1.558220,1.558046
0.947006,0.815865,1.558119,1.558220
0.782164,0.849791,1.557835,1.558119
0.794775,0.984633,1.557497,1.557835
0.995267,0.825229,1.557197,1.557497
0.798531,0.847208,1.557062,1.557197
0.802340,0.986191,1.557134,1.557062
0.995277,0.843412,1.557387,1.557134
0.795093,0.819221,1.557766,1.557387
0.940776,0.974961,1.557673,1.557766
0.925907,0.820515,1.558320,1.557673
1.094786,0.832397,1.561501,1.558320
0.987049,0.876589,1.564413,1.561501
0.981197,0.719596,1.566250,1.564413
0.778964,0.666454,1.567008,1.566250
0.657198,0.731282,1.567608,1.567008
0.719791,0.555020,1.568769,1.567608
0.517464,0.544655,1.570274,1.568769
0.483676,0.583438,1.572128,1.570274
0.546063,0.457903,1.574026,1.572128
0.413092,0.411304,1.574903,1.574026
0.379161,0.440398,1.575112,1.574903
0.443421,0.354195,1.574687,1.575112
0.336901,0.309540,1.573646,1.574687
0.307301,0.365608,1.572995,1.573646
0.214984,0.304350,1.577464,1.572995
0.382811,0.282283,1.595667,1.577464
0.471112,0.289424,1.630466,1.595667
0.493308,0.247356,1.689025,1.630466
0.375849,0.303273,1.743067,1.689025
0.415974,0.294533,1.801490,1.743067
0.487411,0.277072,1.876463,1.801490
0.434980,0.355152,1.963547,1.876463
0.298332,0.398747,2.080243,1.963547
0.248606,0.456953,2.220651,2.080243
0.253355,0.591679,2.376884,2.220651
0.502626,0.661063,2.544494,2.376884
0.796822,0.777202,2.699799,2.544494
1.087243,0.843825,2.828820,2.699799
1.015833,0.771595,2.921239,2.828820
1.186996,0.828637,2.978593,2.921239
1.091575,0.923502,3.025972,2.978593
1.120809,0.786329,3.071261,3.025972
0.884967,0.803220,3.102615,3.071261
0.772196,0.907288,3.128412,3.102615
0.933839,0.775946,3.135002,3.128412
0.739728,0.763760,3.125737,3.135002
0.722384,0.932389,3.124694,3.125737
0.888048,0.766901,3.133361,3.124694
0.723763,0.801790,3.140477,3.133361
0.741587,0.983575,3.129666,3.140477
0.900830,0.791505,3.121465,3.129666
0.727093,0.833226,3.119000,3.121465
0.894259,0.982794,3.119534,3.119000
0.822393,0.783192,3.122569,3.119534
0.925650,0.839582,3.125556,3.122569
0.843349,0.965116,3.128018,3.125556
0.942686,0.839604,3.129588,3.128018
0.849285,0.864247,3.129856,3.129588
0.798123,0.954367,3.129436,3.129856
1.000583,0.821650,3.128476,3.129436
0.797820,0.819399,3.127701,3.128476
0.800222,0.999391,3.127154,3.127701
0.994796,0.820911,3.126843,3.127154
0.790488,0.824657,3.126850,3.126843
0.493797,0.976749,3.126976,3.126850
0.491693,0.825746,3.127631,3.126976
0.612661,1.003630,3.128531,3.127631
0.909308,0.983960,3.129590,3.128531
0.961890,0.827900,3.130456,3.129590
0.782952,1.019942,3.131036,3.130456
0.987080,0.848257,3.131296,3.131036
0.788664,0.822522,3.131226,3.131296
0.929486,0.992717,3.130928,3.131226
0.978119,0.775622,3.130390,3.130928
0.774732,0.828734,3.129907,3.130390
0.815141,0.986769,3.129480,3.129907
0.977487,0.838558,3.128718,3.129480
0.872384,0.835752,3.128443,3.128718
0.860271,0.941487,3.129605,3.128443
1.029715,0.742613,3.131136,3.129605
0.748556,0.740453,3.131524,3.131136
0.673422,0.752739,3.131199,3.131524
0.771570,0.730002,3.130428,3.131199
0.690249,0.679952,3.129871,3.130428
0.619757,0.498825,3.129698,3.129871
0.462214,0.508610,3.129785,3.129698
0.435864,0.510958,3.130049,3.129785
0.505035,0.404569,3.130661,3.130049
0.372448,0.377740,3.131667,3.130661
0.405360,0.386835,3.133505,3.131667
0.338091,0.320991,3.136971,3.133505
0.352534,0.297880,3.140797,3.136971
0.284289,0.333184,3.138978,3.140797
0.294973,0.243550,3.133216,3.138978
0.247446,0.247158,3.130556,3.133216
0.269500,0.252523,3.130217,3.130556
0.232502,0.153555,3.131872,3.130217
0.181594,0.182911,3.133919,3.131872
0.160089,0.152608,3.136208,3.133919
0.137506,0.123848,3.137584,3.136208
0.105316,0.078089,3.137774,3.137584
0.088708,0.105116,3.137290,3.137774
0.094285,0.091217,3.136488,3.137290
0.115211,0.064874,3.135650,3.136488
0.082111,0.074302,3.135104,3.135650
0.080346,0.070367,3.134771,3.135104
0.088289,0.048223,3.134689,3.134771
0.052624,0.018074,3.134762,3.134689
0.045381,0.025108,3.134864,3.134762
0.051579,0.027363,3.134955,3.134864
0.000000,0.029609,3.134914,3.134955
0.000000,0.033643,3.134882,3.134914
0.000000,0.016812,3.135042,3.134882
0.000000,0.000000,0.000000,0.000000
0.000000,0.029809,2.063198,0.000000
0.000000,0.059925,2.056732,2.063198
0.024586,0.030375,2.039777,2.056732
0.027923,0.033054,2.022408,2.039777
0.030087,0.038165,2.006628,2.022408
0.000000,0.045761,2.001731,2.006628
0.000000,0.057623,2.011558,2.001731
0.000000,0.029562,2.011503,2.011558
0.000000,0.051175,2.011405,2.011503
0.000000,0.005412,2.011574,2.011405
0.000000,0.040218,2.011550,2.011574
0.000000,0.026427,2.011544,2.011550
0.000000,0.014509,2.010451,2.011544
0.027137,0.009708,2.001298,2.010451
0.038768,0.024221,1.996294,2.001298
0.035149,0.036328,1.992746,1.996294
0.033864,0.037269,1.991465,1.992746
0.041664,0.006063,1.993566,1.991465
0.057560,0.050163,1.998178,1.993566
0.054919,0.006673,2.002565,1.998178
0.040174,0.038733,2.005425,2.002565
0.047108,0.053822,2.007134,2.005425
0.075336,0.038702,2.007923,2.007134
0.060744,0.033641,2.007514,2.007923
0.068180,0.051019,2.007991,2.007514
0.088712,0.027792,2.008500,2.007991
0.080701,0.039309,2.008894,2.008500
0.112877,0.023764,2.010046,2.008894
0.078509,0.022013,2.010979,2.010046
0.059252,0.012383,2.011845,2.010979
0.050381,0.054055,2.012415,2.011845
0.029985,0.019053,2.012202,2.012415
0.041328,0.031815,2.010822,2.012202
0.035007,0.016956,2.007411,2.010822
0.209364,0.046563,1.987740,2.007411
0.188677,0.035262,1.965484,1.987740
0.174233,0.111184,1.924611,1.965484
0.091982,0.175457,1.837677,1.924611
0.106253,0.258322,1.732456,1.837677
0.282668,0.420534,1.618799,1.732456
0.460599,0.425752,1.507497,1.618799
0.412541,0.535823,1.433043,1.507497
0.476129,0.743896,1.362498,1.433043
0.579897,0.614284,1.260735,1.362498
0.508597,0.731080,1.145701,1.260735
0.670953,0.901750,1.002304,1.145701
0.618660,0.789834,0.816426,1.002304
0.733869,1.009154,0.666132,0.816426
1.220567,0.991447,0.502986,0.666132
1.216404,0.830480,0.369968,0.502986
0.945966,0.950104,0.279445,0.369968
0.992142,0.953599,0.198578,0.279445
0.951867,0.901968,0.139640,0.198578
0.885453,0.770557,0.104497,0.139640
0.689589,0.804019,0.089699,0.104497
0.724701,0.962767,0.084729,0.089699
0.851011,0.802031,0.085022,0.084729
0.692368,0.786663,0.085040,0.085022
0.701167,0.972481,0.082751,0.085040
0.913382,0.813145,0.076471,0.082751
0.767182,0.820953,0.069537,0.076471
0.789355,0.981071,0.063712,0.069537
0.999832,0.828918,0.060161,0.063712
0.794845,0.828946,0.057919,0.060161
0.795949,0.956381,0.056325,0.057919
1.006194,0.858180,0.055508,0.056325
0.813093,0.817404,0.055927,0.055508
0.962369,1.006727,0.056580,0.055927
0.991840,0.821452,0.056642,0.056580
0.797716,0.870402,0.056316,0.056642
0.854765,0.981143,0.055844,0.056316
1.005267,0.798369,0.055385,0.055844
0.798611,0.810175,0.055364,0.055385
0.787097,0.965651,0.055530,0.055364
0.972189,0.806565,0.056384,0.055530
0.782610,0.845646,0.057959,0.056384
0.793774,0.961811,0.060155,0.057959
0.991570,0.810018,0.062743,0.060155
0.788144,0.865404,0.064313,0.062743
0.784485,0.994459,0.064932,0.064313
0.975426,0.791765,0.064032,0.064932
0.786166,0.842572,0.062627,0.064032
0.933249,0.982979,0.061167,0.062627
0.984838,0.821058,0.060153,0.061167
0.791123,0.853167,0.055227,0.060153
0.872366,0.993461,0.016812,0.055227
1.151162,0.826843,0.063771,0.016812
0.937776,0.753107,0.109506,0.063771
0.876694,0.870304,0.128428,0.109506
0.961411,0.694915,0.131845,0.128428
0.679929,0.614163,0.126930,0.131845
0.544659,0.703119,0.118312,0.126930
0.629452,0.667666,0.106633,0.118312
0.587372,0.599245,0.095861,0.106633
0.542738,0.432839,0.087957,0.095861
0.412338,0.417591,0.083851,0.087957
0.391709,0.420261,0.080980,0.083851
0.451212,0.363507,0.079200,0.080980
0.348463,0.412998,0.069011,0.079200
0.361984,0.329266,0.044265,0.069011
0.269196,0.326029,0.063051,0.044265
0.296988,0.338461,0.130950,0.063051
0.478873,0.273953,0.226110,0.130950
0.400442,0.228734,0.293091,0.226110
0.363169,0.260995,0.310555,0.293091
0.277068,0.267329,0.270223,0.310555
0.317185,0.264799,0.251271,0.270223
0.450906,0.360275,0.307393,0.251271
0.381467,0.304512,0.420202,0.307393
0.264869,0.397214,0.540235,0.420202
0.241073,0.511432,0.667013,0.540235
0.319317,0.505059,0.813549,0.667013
0.280970,0.603751,0.937039,0.813549
0.360460,0.805402,1.058036,0.937039
0.640213,0.729016,1.184214,1.058036
0.635036,0.789710,1.271468,1.184214
0.604300,0.956316,1.344632,1.271468
1.006620,0.789152,1.414215,1.344632
0.780506,0.819018,1.460284,1.414215
0.838580,0.906336,1.499066,1.460284
0.824269,0.790939,1.536800,1.499066
0.651106,0.794090,1.562206,1.536800
0.692531,0.938895,1.580969,1.562206
0.856416,0.786076,1.591908,1.580969
0.713772,0.815376,1.590803,1.591908
0.744172,0.977857,1.581675,1.590803
0.962798,0.796589,1.567018,1.581675
0.782562,0.816657,1.556274,1.567018
0.784567,0.961228,1.549255,1.556274
0.991525,0.990052,1.546634,1.549255
0.996679,0.947230,1.548813,1.546634
1.007347,0.822478,1.552883,1.548813
0.801368,0.840365,1.556209,1.552883
0.793617,0.997336,1.558747,1.556209
0.990863,0.812958,1.560175,1.558747
0.798788,0.820437,1.560229,1.560175
0.964533,0.980795,1.559671,1.560229
0.867327,0.822473,1.558812,1.559671
0.962023,0.843072,1.558259,1.558812
0.860149,0.992988,1.557971,1.558259
0.955829,0.825111,1.557881,1.557971
0.851356,0.844503,1.557783,1.557881
0.801859,0.977309,1.557635,1.557783
1.003729,0.816138,1.557531,1.557635
0.794741,0.820462,1.557538,1.557531
0.806593,0.981641,1.557518,1.557538
0.998107,0.820936,1.557526,1.557518
0.794686,0.997291,1.557639,1.557526
0.991574,0.991985,1.558121,1.557639
0.995300,0.829346,1.558840,1.558121
0.794643,0.977649,1.559643,1.558840
0.984428,0.819456,1.560635,1.559643
0.793197,0.851455,1.561517,1.560635
0.803295,0.958487,1.561506,1.561517
1.070609,0.819478,1.561787,1.561506
0.924129,0.832567,1.564118,1.561787
1.096127,0.892366,1.565883,1.564118
1.004537,0.716434,1.566459,1.565883
0.719255,0.649378,1.566472,1.566459
0.683902,0.747883,1.566764,1.566472
0.712971,0.540309,1.567468,1.566764
0.523564,0.527106,1.568447,1.567468
0.482493,0.564111,1.569777,1.568447
0.546579,0.459988,1.571911,1.569777
0.407238,0.433549,1.574454,1.571911
0.378371,0.451206,1.578008,1.574454
0.442930,0.336097,1.583058,1.578008
0.336622,0.343071,1.586740,1.583058
0.255503,0.378578,1.590772,1.586740
0.256195,0.298894,1.592878,1.590772
0.309252,0.292175,1.587144,1.592878
0.467363,0.343238,1.572511,1.587144
0.495477,0.241479,1.540195,1.572511
0.337715,0.235034,1.491291,1.540195
0.276067,0.254358,1.427801,1.491291
0.365400,0.303327,1.338168,1.427801
0.302505,0.305939,1.255529,1.338168
0.234122,0.369325,1.168029,1.255529
0.332473,0.443626,1.064148,1.168029
0.227089,0.564561,0.939172,1.064148
0.477849,0.520769,0.796044,0.939172
0.502055,0.627527,0.663217,0.796044
0.646831,0.805878,0.522393,0.663217
0.907182,0.765138,0.375133,0.522393
0.788141,0.819610,0.272085,0.375133
0.871041,0.941021,0.189351,0.272085
1.112205,0.790218,0.123561,0.189351
0.828609,0.771914,0.084279,0.123561
0.916308,0.931843,0.062101,0.084279
0.760992,0.755481,0.061986,0.062101
0.812559,0.781793,0.071575,0.061986
0.719674,0.946681,0.078563,0.071575
0.824430,0.806238,0.080939,0.078563
0.769208,0.783176,0.078614,0.080939
0.743295,0.933992,0.075782,0.078614
0.965256,0.784331,0.074940,0.075782
0.780645,0.814805,0.075360,0.074940
0.795644,0.946528,0.075224,0.075360
0.995607,0.806018,0.073417,0.075224
0.795559,1.016262,0.071377,0.073417
0.994324,0.963565,0.069418,0.071377
0.969168,0.867474,0.068289,0.069418
0.774873,0.990544,0.067887,0.068289
0.975990,0.816428,0.067193,0.067887
0.784600,0.839162,0.066269,0.067193
0.785181,0.969443,0.065205,0.066269
0.985479,0.834210,0.064208,0.065205
0.796794,0.862358,0.063340,0.064208
0.943222,0.948428,0.062689,0.063340
1.001432,0.790173,0.062505,0.062689
0.805275,1.044072,0.062995,0.062505
0.996737,0.991666,0.063761,0.062995
0.986589,0.824520,0.064132,0.063761
0.842444,0.949077,0.064076,0.064132
0.941788,0.837588,0.063992,0.064076
0.838873,0.858373,0.063680,0.063992
0.779978,1.015913,0.062977,0.063680
0.964592,0.803794,0.061659,0.062977
0.776168,0.846395,0.060761,0.061659
0.778912,0.995619,0.060364,0.060761
0.936975,0.797696,0.060402,0.060364
0.749860,1.010537,0.060386,0.060402
0.939399,0.959463,0.026343,0.060386
1.073687,0.860252,0.048675,0.026343
0.914817,0.968065,0.097117,0.048675
1.092939,0.742567,0.121114,0.097117
0.773949,0.699895,0.126741,0.121114
0.687191,0.775176,0.125038,0.126741
0.763985,0.590481,0.117921,0.125038
0.562247,0.573211,0.110915,0.117921
0.607139,0.578505,0.104144,0.110915
0.573863,0.474013,0.096993,0.104144
0.429672,0.435844,0.091300,0.096993
0.417389,0.500564,0.085880,0.091300
0.455047,0.342491,0.080405,0.085880
0.339903,0.342184,0.074196,0.080405
0.302859,0.381985,0.040585,0.074196
0.237901,0.304863,0.020249,0.040585
0.234311,0.258857,0.076400,0.020249
0.352319,0.321064,0.165148,0.076400
0.537285,0.243998,0.267279,0.165148
0.388368,0.214390,0.322294,0.267279
0.380920,0.309135,0.329785,0.322294
0.504863,0.273292,0.309454,0.329785
0.492773,0.293391,0.342283,0.309454
0.565323,0.407464,0.427116,0.342283
0.523949,0.333966,0.556726,0.427116
0.309016,0.473927,0.682390,0.556726
0.435830,0.573490,0.837918,0.682390
0.606919,0.607377,0.992379,0.837918
0.635379,0.782467,1.116259,0.992379
0.841254,0.714632,1.238728,1.116259
0.886298,0.781429,1.317607,1.238728
0.910290,0.929024,1.379789,1.317607
1.163373,0.790656,1.438367,1.379789
0.878085,0.802512,1.479079,1.438367
0.807487,0.940156,1.514611,1.479079
0.935231,0.769429,1.548811,1.514611
0.719954,0.795285,1.570915,1.548811
0.714983,0.952755,1.586142,1.570915
0.890480,0.780735,1.592287,1.586142
0.726948,0.804919,1.586717,1.592287
0.899526,0.947279,1.574168,1.586717
0.829078,0.802771,1.558508,1.574168
0.935794,0.814854,1.548871,1.558508
0.838759,0.978984,1.543989,1.548871
0.936446,0.799900,1.543908,1.543989
0.843567,0.846004,1.546946,1.543908
0.797839,0.964053,1.551098,1.546946
0.988492,0.794754,1.555375,1.551098
0.789773,0.854098,1.557661,1.555375
0.781759,0.968771,1.558806,1.557661
0.996541,0.820943,1.558911,1.558806
0.799613,1.008096,1.558411,1.558911
1.000372,0.987601,1.557781,1.558411
1.009634,0.856319,1.557425,1.557781
0.811020,1.009695,1.557403,1.557425
1.007358,0.810062,1.557775,1.557403
0.806492,0.844700,1.558158,1.557775
0.800102,0.981509,1.558540,1.558158
1.012123,0.838672,1.559022,1.558540
0.812613,0.822413,1.559321,1.559022
0.938921,0.994333,1.559456,1.559321
0.995582,0.837422,1.559392,1.559456
0.793790,1.025362,1.559378,1.559392
0.999458,0.991363,1.559527,1.559378
1.007749,0.849750,1.559830,1.559527
0.859245,0.964982,1.560169,1.559830
0.956674,0.814574,1.560777,1.560169
0.851565,0.861855,1.561413,1.560777
0.798983,0.978712,1.561741,1.561413
1.058528,0.819271,1.562268,1.561741
0.932981,0.803666,1.565183,1.562268
0.930580,0.882990,1.568025,1.565183
1.016105,0.716810,1.569001,1.568025
0.710127,0.675587,1.568843,1.569001
0.644885,0.731442,1.568494,1.568843
0.719902,0.563802,1.568342,1.568494
0.529528,0.544459,1.568517,1.568342
0.581041,0.572618,1.568862,1.568517
0.486321,0.451950,1.569106,1.568862
0.510315,0.428006,1.568656,1.569106
0.425204,0.451165,1.567226,1.568656
0.441959,0.341084,1.564569,1.567226
0.362924,0.350002,1.561714,1.564569
0.272295,0.356561,1.559333,1.561714
0.256096,0.297102,1.557354,1.559333
0.325957,0.303373,1.551249,1.557354
0.425681,0.322342,1.538369,1.551249
0.496302,0.305027,1.510079,1.538369
0.427896,0.300489,1.450976,1.510079
0.291347,0.251008,1.372889,1.450976
0.306614,0.287763,1.293982,1.372889
0.445465,0.352510,1.206722,1.293982
0.492296,0.350068,1.103612,1.206722
0.400860,0.370123,1.015408,1.103612
0.265060,0.497182,0.911374,1.015408
0.075711,0.547553,0.771337,0.911374
0.116300,0.600050,0.641852,0.771337
0.315927,0.795142,0.504606,0.641852
0.497558,0.739971,0.360402,0.504606
0.575384,0.811666,0.258610,0.360402
0.793813,0.977762,0.175484,0.258610
1.126198,0.802992,0.112834,0.175484
0.869378,0.807634,0.076879,0.112834
0.826130,0.944052,0.054716,0.076879
0.942829,0.785293,0.051355,0.054716
0.711846,0.794262,0.060456,0.051355
0.699747,0.921445,0.069769,0.060456
0.866949,0.791271,0.073697,0.069769
0.718305,0.777562,0.073474,0.073697
0.735433,0.959202,0.072933,0.073474
0.929908,0.797247,0.073963,0.072933
0.766277,0.864923,0.075131,0.073963
0.920744,0.960338,0.075214,0.075131
0.975483,0.775932,0.073735,0.075214
0.785765,0.840410,0.072085,0.073735
0.823097,0.959775,0.070255,0.072085
0.966544,0.850144,0.068148,0.070255
0.779053,0.845504,0.066850,0.068148
0.783725,0.981996,0.065937,0.066850
0.991470,0.807475,0.064874,0.065937
0.797087,0.820910,0.064130,0.064874
0.795442,1.002046,0.063735,0.064130
0.999206,0.810956,0.063942,0.063735
0.800976,0.857989,0.064341,0.063942
0.791724,0.970951,0.064430,0.064341
1.000980,0.823986,0.064088,0.064430
0.796059,0.825810,0.063141,0.064088
0.953473,0.959817,0.062046,0.063141
1.014233,0.838745,0.060454,0.062046
0.809175,0.830938,0.059496,0.060454
0.860305,1.014811,0.059411,0.059496
0.992881,0.822246,0.060220,0.059411
0.779520,0.831596,0.060796,0.060220
0.783957,0.989196,0.061589,0.060796
0.972955,0.833816,0.062887,0.061589
0.789311,0.838662,0.063893,0.062887
0.790538,0.982615,0.064219,0.063893
0.991646,0.846305,0.056109,0.064219
0.814597,0.820314,0.015150,0.056109
0.906863,0.970733,0.058115,0.015150
1.189506,0.817942,0.112520,0.058115
0.882955,0.731113,0.129243,0.112520
0.890983,0.778920,0.132165,0.129243
0.802820,0.630182,0.126153,0.132165
0.580981,0.587848,0.117334,0.126153
0.548522,0.621055,0.107378,0.117334
0.571745,0.479800,0.096579,0.107378
0.423432,0.452544,0.088664,0.096579
0.402283,0.527252,0.081574,0.088664
0.478222,0.393951,0.074768,0.081574
0.359559,0.354113,0.070994,0.074768
0.341559,0.432999,0.062436,0.070994
0.345513,0.290925,0.014694,0.062436
0.205187,0.285040,0.028546,0.014694
0.269268,0.351542,0.104620,0.028546
0.500854,0.262587,0.206641,0.104620
0.415105,0.246338,0.284646,0.206641
0.423969,0.280505,0.319524,0.284646
0.401492,0.260346,0.301469,0.319524
0.389977,0.311374,0.283175,0.301469
0.550669,0.363490,0.333176,0.283175
0.454739,0.316444,0.444602,0.333176
0.251480,0.374398,0.560781,0.444602
0.216513,0.523402,0.688757,0.560781
0.323031,0.512530,0.837160,0.688757
0.335103,0.600836,0.962130,0.837160
0.480391,0.761062,1.083840,0.962130
0.863154,0.728587,1.208913,1.083840
0.843697,0.784198,1.293451,1.208913
0.833235,0.926678,1.362428,1.293451
1.176352,0.814434,1.427483,1.362428
0.895093,0.803347,1.471598,1.427483
0.946736,0.903906,1.509251,1.471598
0.919709,0.777442,1.545079,1.509251
0.706424,0.787877,1.568311,1.545079
0.740601,0.896021,1.584651,1.568311
0.888703,0.772291,1.592383,1.584651
0.722801,0.797042,1.588519,1.592383
0.745217,0.953525,1.577523,1.588519
0.954228,0.813520,1.562491,1.577523
0.780191,0.819078,1.552401,1.562491
0.793941,0.968836,1.546378,1.552401
1.007254,0.997287,1.544878,1.546378
1.012927,0.977166,1.547650,1.544878
1.002339,0.811004,1.551826,1.547650
0.786854,0.828061,1.554909,1.551826
0.782541,0.960429,1.556954,1.554909
0.986502,0.826407,1.557746,1.556954
0.797164,0.840765,1.557480,1.557746
0.963580,0.966025,1.556746,1.557480
0.862792,0.824950,1.555851,1.556746
0.957329,0.864309,1.555429,1.555851
0.860553,1.009899,1.555331,1.555429
0.959214,0.814462,1.555561,1.555331
0.849262,0.834599,1.556015,1.555561
0.793306,0.981735,1.556539,1.556015
0.987015,0.814659,1.557199,1.556539
0.794583,0.837553,1.557699,1.557199
0.803733,1.006446,1.558093,1.557699
1.010444,0.813117,1.558415,1.558093
0.812650,0.859809,1.558626,1.558415
0.807325,0.958494,1.558793,1.558626
0.998115,0.820679,1.559012,1.558793
0.801564,1.024205,1.559192,1.559012
1.004923,0.996893,1.559389,1.559192
1.003321,0.839692,1.559543,1.559389
0.791808,0.998946,1.559131,1.559543
1.077909,0.799238,1.559027,1.559131
0.932302,0.810197,1.561203,1.559027
1.096846,0.907249,1.563281,1.561203
0.999059,0.692662,1.564252,1.563281
0.700999,0.669780,1.564354,1.564252
0.652897,0.729809,1.564335,1.564354
0.695714,0.563393,1.564518,1.564335
0.518180,0.530234,1.564762,1.564518
0.479995,0.592090,1.564921,1.564762
0.553171,0.430461,1.565059,1.564921
0.406623,0.423424,1.565317,1.565059
0.382170,0.443385,1.566052,1.565317
0.444517,0.375958,1.567447,1.566052
0.339779,0.359471,1.568236,1.567447
0.287948,0.395259,1.568805,1.568236
0.248787,0.285170,1.574067,1.568805
0.309615,0.297938,1.592211,1.574067
0.493054,0.305657,1.627505,1.592211
0.528770,0.240557,1.687545,1.627505
0.370069,0.254454,1.743869,1.687545
0.346270,0.293529,1.794420,1.743869
0.500128,0.259346,1.863381,1.794420
0.416978,0.296379,1.943776,1.863381
0.327288,0.394666,2.040082,1.943776
0.378089,0.370795,2.168990,2.040082
0.306233,0.428508,2.294118,2.168990
0.249641,0.573676,2.433191,2.294118
0.576610,0.546708,2.598357,2.433191
0.642959,0.657881,2.725085,2.598357
0.875388,0.856836,2.831778,2.725085
1.227827,0.744850,2.921739,2.831778
1.233577,0.818833,2.977986,2.921739
1.130833,0.960649,3.024451,2.977986
1.141089,0.796928,3.069957,3.024451
0.890769,0.819661,3.101815,3.069957
0.772468,0.886808,3.128519,3.101815
0.896713,0.738270,3.133807,3.128519
0.704262,0.778680,3.124393,3.133807
0.696717,0.948243,3.123883,3.124393
0.864689,0.769660,3.133512,3.123883
0.702076,0.810967,3.139718,3.133512
0.692750,0.953775,3.128620,3.139718
0.896653,0.809929,3.120472,3.128620
0.714077,0.786185,3.118255,3.120472
0.770743,0.977639,3.119902,3.118255
0.717425,0.804308,3.125051,3.119902
0.889400,0.824312,3.129182,3.125051
0.811380,0.956402,3.131857,3.129182
0.924317,0.781317,3.132800,3.131857
0.847313,0.856325,3.132282,3.132800
0.794219,0.980933,3.130941,3.132282
0.996181,0.815918,3.129250,3.130941
0.787300,0.850076,3.128100,3.129250
0.800602,0.987755,3.127445,3.128100
0.984183,0.823757,3.127345,3.127445
0.785862,0.832884,3.127506,3.127345
0.788602,0.984515,3.127841,3.127506
0.984873,0.806608,3.128254,3.127841
0.792954,0.836583,3.128595,3.128254
0.944703,1.003080,3.128897,3.128595
0.837454,0.804692,3.129097,3.128897
0.942006,0.852371,3.129237,3.129097
0.848038,0.987088,3.129332,3.129237
0.935421,0.817704,3.129441,3.129332
0.838951,0.819007,3.129586,3.129441
0.781541,1.001166,3.129752,3.129586
0.957519,0.819338,3.130046,3.129752
0.768519,0.854033,3.130379,3.130046
0.765461,0.951974,3.130775,3.130379
1.028655,0.836592,3.130852,3.130775
0.919085,0.829387,3.131767,3.130852
0.944525,0.930026,3.133187,3.131767
1.090378,0.750285,3.133779,3.133187
0.782810,0.698958,3.133560,3.133779
0.835042,0.767448,3.133112,3.133560
0.657533,0.598332,3.132835,3.133112
0.642343,0.533368,3.133070,3.132835
0.514893,0.576600,3.133741,3.133070
0.528496,0.439933,3.135082,3.133741
0.441944,0.435566,3.136514,3.135082
0.377972,0.452582,3.138225,3.136514
0.433749,0.370080,3.140313,3.138225
0.326036,0.346868,3.141792,3.140313
0.300224,0.371944,3.141753,3.141792
0.347131,0.291176,3.140959,3.141753
0.258267,0.247996,3.140342,3.140959
0.243904,0.290222,3.139792,3.140342
0.284763,0.208232,3.139512,3.139792
0.222686,0.184308,3.139567,3.139512
0.248378,0.208663,3.139894,3.139567
0.203455,0.169718,3.140311,3.139894
0.204598,0.122395,3.140621,3.140311
0.155436,0.152142,3.140821,3.140621
0.144866,0.094631,3.140784,3.140821
0.098107,0.071281,3.140613,3.140784
0.076593,0.115432,3.140400,3.140613
0.083500,0.051656,3.140118,3.140400
0.060875,0.043203,3.139915,3.140118
0.060209,0.078270,3.139700,3.139915
0.066346,0.037599,3.139512,3.139700
0.045386,0.020008,3.139326,3.139512
0.043427,0.061649,3.139205,3.139326
0.057239,0.037510,3.139119,3.139205
0.044727,0.012368,3.139141,3.139119
0.000000,0.000000,0.000000,0.000000
0.000000,0.058784,2.063816,0.000000
0.021332,0.023869,2.059168,2.063816
0.023437,0.025030,2.050647,2.059168
0.028186,0.051186,2.045828,2.050647
0.031317,0.023542,2.045479,2.045828
0.016822,0.043515,2.047145,2.045479
0.000000,0.024024,2.028296,2.047145
0.000000,0.049814,2.028601,2.028296
0.000000,0.033926,2.028893,2.028601
0.000000,0.017893,2.029099,2.028893
0.000000,0.032220,2.029458,2.029099
0.000000,0.036086,2.030023,2.029458
0.000000,0.013207,2.030784,2.030023
0.044171,0.022712,2.017767,2.030784
0.045294,0.024311,2.016320,2.017767
0.045114,0.040846,2.017085,2.016320
0.041913,0.014989,2.018101,2.017085
0.026858,0.037904,2.019855,2.018101
0.027734,0.030976,2.022902,2.019855
0.051482,0.038102,2.025142,2.022902
0.061681,0.034929,2.025993,2.025142
0.084678,0.022146,2.025741,2.025993
0.070708,0.021878,2.025504,2.025741
0.074493,0.032821,2.025872,2.025504
0.086810,0.054847,2.025992,2.025872
0.066644,0.009841,2.025927,2.025992
0.059379,0.030341,2.025643,2.025927
0.064749,0.032615,2.025392,2.025643
0.049989,0.043527,2.025411,2.025392
0.053331,0.007874,2.025520,2.025411
0.041193,0.033514,2.025775,2.025520
0.040567,0.017970,2.025990,2.025775
0.034963,0.027628,2.025627,2.025990
0.184944,0.045333,1.989328,2.025627
0.248220,0.088897,1.944265,1.989328
0.151706,0.149419,1.878154,1.944265
0.020616,0.288095,1.775406,1.878154
0.289645,0.341903,1.635250,1.775406
0.354295,0.434681,1.534936,1.635250
0.342625,0.619948,1.457572,1.534936
0.582333,0.600824,1.378911,1.457572
0.428830,0.668972,1.300021,1.378911
0.619124,0.869966,1.189808,1.300021
0.628037,0.786410,1.025554,1.189808
0.655340,0.797972,0.869963,1.025554
0.515181,1.003630,0.714142,0.869963
0.974045,0.808260,0.549076,0.714142
0.986713,0.994349,0.429688,0.549076
1.110082,0.900983,0.311063,0.429688
1.011640,0.824046,0.221673,0.311063
0.832267,0.898448,0.164185,0.221673
0.897134,0.784704,0.120255,0.164185
0.687611,0.812704,0.100444,0.120255
0.680788,0.937861,0.091859,0.100444
0.841953,0.801118,0.088887,0.091859
0.683780,0.796118,0.087946,0.088887
0.689704,0.920974,0.085602,0.087946
0.884678,0.832363,0.079180,0.085602
0.744568,0.997778,0.070928,0.079180
0.990511,0.971020,0.062124,0.070928
1.004142,0.796474,0.057096,0.062124
0.797393,0.991281,0.055340,0.057096
0.989324,0.851412,0.055516,0.055340
0.781267,0.854844,0.056303,0.055516
0.937569,0.982030,0.057589,0.056303
0.852499,0.821566,0.058737,0.057589
0.950978,0.835593,0.059142,0.058737
0.848733,0.959785,0.059205,0.059142
0.954171,0.817179,0.059145,0.059205
0.846543,0.982786,0.058981,0.059145
0.998601,0.981751,0.058856,0.058981
0.952121,0.835974,0.059059,0.058856
0.842799,0.995822,0.059586,0.059059
0.994829,0.822779,0.060381,0.059586
0.783581,0.849159,0.060633,0.060381
0.794133,0.978099,0.060423,0.060633
0.992190,0.811633,0.059950,0.060423
0.794299,0.830703,0.059801,0.059950
0.792348,0.982251,0.059619,0.059801
0.983817,0.835517,0.059775,0.059619
0.781726,0.840250,0.060301,0.059775
0.778893,0.974475,0.060798,0.060301
0.984275,0.828329,0.049647,0.060798
0.825338,0.811838,0.008036,0.049647
1.047272,0.937730,0.066392,0.008036
1.138370,0.770398,0.113787,0.066392
0.847382,0.745236,0.127219,0.113787
0.798683,0.797440,0.128524,0.127219
0.824729,0.637289,0.122547,0.128524
0.596257,0.609218,0.115079,0.122547
0.545546,0.631576,0.107143,0.115079
0.627444,0.509046,0.098404,0.107143
0.461501,0.478611,0.091974,0.098404
0.428162,0.485590,0.086560,0.091974
0.498294,0.367154,0.082037,0.086560
0.358820,0.376479,0.079906,0.082037
0.326359,0.394697,0.072270,0.079906
0.360031,0.272231,0.041261,0.072270
0.213609,0.323764,0.052773,0.041261
0.320660,0.307770,0.115262,0.052773
0.464271,0.256642,0.209352,0.115262
0.364220,0.283163,0.281795,0.209352
0.332067,0.274730,0.308458,0.281795
0.343224,0.220666,0.276119,0.308458
0.344818,0.292471,0.248274,0.276119
0.379751,0.322445,0.294494,0.248274
0.404799,0.344914,0.405728,0.294494
0.275449,0.371796,0.521393,0.405728
0.322964,0.489271,0.646111,0.521393
0.533611,0.503147,0.789749,0.646111
0.539058,0.592936,0.911913,0.789749
0.652843,0.777334,1.033931,0.911913
1.038561,0.715962,1.164102,1.033931
0.930827,0.797285,1.255078,1.164102
1.082753,0.938641,1.330769,1.255078
1.104256,0.760680,1.403247,1.330769
0.813472,0.797001,1.452415,1.403247
0.792877,0.936723,1.493959,1.452415
0.839088,0.794905,1.533409,1.493959
0.675196,0.783241,1.559545,1.533409
0.661257,0.926171,1.579188,1.559545
0.861762,0.784470,1.591450,1.579188
0.716636,0.814507,1.591736,1.591450
0.736343,0.972194,1.583326,1.591736
0.944737,0.782858,1.568247,1.583326
0.768897,0.811852,1.556385,1.568247
0.779836,0.983559,1.548254,1.556385
0.982514,0.796829,1.544884,1.548254
0.798677,0.820282,1.546064,1.544884
0.960669,0.948843,1.549313,1.546064
0.997160,0.820385,1.553466,1.549313
0.797433,0.840682,1.556165,1.553466
0.844592,0.987206,1.557854,1.556165
0.987978,0.816576,1.558382,1.557854
0.793950,0.848047,1.557933,1.558382
0.791735,0.976688,1.557111,1.557933
0.988890,0.821897,1.556331,1.557111
0.810609,0.844469,1.555943,1.556331
0.815872,0.979079,1.555798,1.555943
1.015598,0.830861,1.556096,1.555798
0.817682,0.842666,1.556625,1.556096
0.809359,0.986462,1.557196,1.556625
1.008136,0.821006,1.557856,1.557196
0.804979,0.820994,1.558380,1.557856
0.952588,1.012583,1.558788,1.558380
1.005566,0.831479,1.559131,1.558788
0.802540,0.840728,1.559286,1.559131
0.856514,0.988390,1.559237,1.559286
1.000311,0.990491,1.559171,1.559237
0.992720,1.010037,1.559023,1.559171
0.936331,0.830848,1.558919,1.559023
0.847297,0.833369,1.558603,1.558919
0.837891,0.956568,1.557714,1.558603
1.147409,0.793880,1.559569,1.557714
0.945319,0.789236,1.562621,1.559569
0.862629,0.880535,1.564666,1.562621
0.930144,0.645898,1.566261,1.564666
0.668326,0.645931,1.567651,1.566261
0.607672,0.709024,1.569575,1.567651
0.668866,0.534275,1.572376,1.569575
0.488035,0.500041,1.574795,1.572376
0.527009,0.508993,1.576881,1.574795
0.436714,0.430500,1.578447,1.576881
0.460405,0.391266,1.579054,1.578447
0.382724,0.456591,1.579263,1.579054
0.410129,0.326014,1.578733,1.579263
0.299593,0.326039,1.577627,1.578733
0.207954,0.347792,1.576592,1.577627
0.392923,0.280936,1.569317,1.576592
0.412484,0.312942,1.556017,1.569317
0.519393,0.309984,1.526850,1.556017
0.444388,0.252309,1.469517,1.526850
0.286288,0.295884,1.404712,1.469517
0.376363,0.297767,1.312456,1.404712
0.330066,0.328508,1.227417,1.312456
0.196093,0.375239,1.137792,1.227417
0.112253,0.351557,1.032387,1.137792
0.078300,0.440405,0.931399,1.032387
0.237725,0.608354,0.810851,0.931399
0.516103,0.566551,0.657858,0.810851
0.556516,0.637979,0.522710,0.657858
0.817949,0.868926,0.395680,0.522710
1.000997,0.757508,0.270512,0.395680
0.846298,0.814491,0.187220,0.270512
0.941085,0.982736,0.128977,0.187220
1.024776,0.809971,0.082179,0.128977
0.759362,0.794964,0.060946,0.082179
0.723996,0.913503,0.059289,0.060946
0.863258,0.724507,0.069576,0.059289
0.689120,0.818155,0.076655,0.069576
0.701434,0.958577,0.079160,0.076655
0.916640,0.757667,0.077461,0.079160
0.738756,0.816712,0.075569,0.077461
0.742290,0.968177,0.075295,0.075569
0.952754,0.781188,0.076212,0.075295
0.780117,0.798219,0.076673,0.076212
0.934371,0.974521,0.075891,0.076673
0.986937,0.785679,0.073873,0.075891
0.791908,0.852604,0.072302,0.073873
0.839845,0.983177,0.071204,0.072302
0.972516,0.809054,0.070403,0.071204
0.753533,0.789545,0.069923,0.070403
0.760699,0.986475,0.069944,0.069923
0.963449,0.831519,0.069825,0.069944
0.778304,0.855065,0.069199,0.069825
0.785143,0.998100,0.068343,0.069199
1.005296,0.803711,0.067071,0.068343
0.798164,0.828079,0.065817,0.067071
0.802187,0.999737,0.064422,0.065817
0.999927,0.836740,0.062674,0.064422
0.808888,0.857790,0.061204,0.062674
0.954401,0.987966,0.060019,0.061204
1.002332,0.838047,0.058734,0.060019
0.798336,0.844274,0.057881,0.058734
0.838904,1.012561,0.057830,0.057881
0.981692,0.804820,0.058222,0.057830
0.782621,0.823840,0.059005,0.058222
0.781009,0.969043,0.060039,0.059005
0.975759,0.850350,0.061306,0.060039
0.782430,0.861321,0.062222,0.061306
0.776458,0.978488,0.062615,0.062222
0.994358,0.806373,0.029263,0.062615
0.856724,0.832791,0.037848,0.029263
0.914888,0.913747,0.094928,0.037848
1.110084,0.735013,0.124026,0.094928
0.815578,0.707240,0.130119,0.124026
0.839918,0.772702,0.128066,0.130119
0.772267,0.622521,0.120568,0.128066
0.556410,0.574735,0.112632,0.120568
0.525501,0.591535,0.104240,0.112632
0.569062,0.553919,0.095109,0.104240
0.524819,0.517391,0.087055,0.095109
0.465384,0.378850,0.080647,0.087055
0.393505,0.386186,0.076189,0.080647
0.347741,0.379850,0.068166,0.076189
0.358787,0.308334,0.021019,0.068166
0.206555,0.283145,0.022604,0.021019
0.277029,0.382043,0.096227,0.022604
0.550716,0.242167,0.199013,0.096227
0.426545,0.278709,0.279485,0.199013
0.377739,0.295500,0.318614,0.279485
0.464441,0.222442,0.301827,0.318614
0.398727,0.298584,0.278683,0.301827
0.587137,0.364944,0.320522,0.278683
0.446041,0.322454,0.425628,0.320522
0.481664,0.370803,0.539090,0.425628
0.328854,0.508837,0.664509,0.539090
0.430768,0.491967,0.811202,0.664509
0.519036,0.613308,0.935844,0.811202
0.663455,0.766367,1.059366,0.935844
0.881808,0.728905,1.188646,1.059366
0.827674,0.791524,1.276602,1.188646
0.900176,0.948713,1.348444,1.276602
1.166329,0.773724,1.415621,1.348444
0.883710,0.815164,1.460708,1.415621
0.815398,0.922766,1.499332,1.460708
0.926028,0.769355,1.536875,1.499332
0.715155,0.813068,1.562104,1.536875
0.840654,0.920898,1.580968,1.562104
0.755548,0.782077,1.591782,1.580968
0.878222,0.796325,1.590243,1.591782
0.813489,0.916625,1.579558,1.590243
0.925752,0.813046,1.562950,1.579558
0.850259,0.801996,1.551201,1.562950
0.785372,0.939840,1.543972,1.551201
0.974214,0.851221,1.541825,1.543972
0.785658,0.836370,1.543886,1.541825
0.791292,0.993161,1.547735,1.543886
0.982431,0.805709,1.552385,1.547735
0.784573,0.819494,1.555227,1.552385
0.789828,0.985360,1.556785,1.555227
0.998637,0.824242,1.557150,1.556785
0.795415,0.848427,1.556737,1.557150
0.944978,0.999767,1.556168,1.556737
0.861301,0.820620,1.555713,1.556168
0.971085,0.860898,1.555572,1.555713
0.865578,0.979465,1.555707,1.555572
0.958431,0.822330,1.556268,1.555707
0.850677,0.864482,1.556941,1.556268
0.797596,0.969424,1.557654,1.556941
0.990952,0.830961,1.558326,1.557654
0.791131,0.836599,1.558727,1.558326
0.797949,0.997983,1.559024,1.558727
1.003594,0.839506,1.559161,1.559024
0.797196,0.850324,1.559271,1.559161
0.795753,0.960372,1.559305,1.559271
0.986095,0.823421,1.559336,1.559305
0.795168,0.847377,1.559362,1.559336
0.945117,0.993547,1.559433,1.559362
0.852577,0.802451,1.559590,1.559433
0.949915,0.823598,1.559260,1.559590
0.951002,0.984893,1.560485,1.559260
1.097643,0.754832,1.564193,1.560485
0.925554,0.895585,1.565784,1.564193
0.925014,0.803481,1.565846,1.565784
0.757440,0.667596,1.565055,1.565846
0.619716,0.662332,1.564125,1.565055
0.673367,0.550141,1.563138,1.564125
0.502245,0.528832,1.562726,1.563138
0.470476,0.553921,1.562706,1.562726
0.543081,0.427399,1.563243,1.562706
0.404519,0.404847,1.564492,1.563243
0.378483,0.415645,1.566396,1.564492
0.439419,0.314561,1.568556,1.566396
0.303283,0.318324,1.569687,1.568556
0.223343,0.385707,1.570125,1.569687
0.373880,0.296650,1.563233,1.570125
0.412762,0.280311,1.549031,1.563233
0.455100,0.279937,1.523556,1.549031
0.429302,0.233963,1.466316,1.523556
0.307063,0.263068,1.403523,1.466316
0.424013,0.326500,1.326343,1.403523
0.635422,0.295672,1.226397,1.326343
0.413774,0.317899,1.139929,1.226397
0.365389,0.437899,1.052136,1.139929
0.297373,0.417219,0.935262,1.052136
0.227838,0.508731,0.818375,0.935262
0.315770,0.720616,0.687429,0.818375
0.666376,0.657904,0.524655,0.687429
0.612131,0.736573,0.399832,0.524655
0.681238,0.927634,0.290635,0.399832
0.907406,0.779459,0.189701,0.290635
0.828126,0.827081,0.133040,0.189701
0.897908,0.970281,0.091489,0.133040
0.848280,0.950481,0.063227,0.091489
0.825963,0.926858,0.060413,0.063227
0.701287,0.790689,0.068666,0.060413
0.805047,0.770392,0.074458,0.068666
0.743559,0.924600,0.076205,0.074458
0.864500,0.791314,0.074367,0.076205
0.806157,0.977751,0.073485,0.074367
0.956717,0.942137,0.074147,0.073485
0.916040,0.817976,0.075240,0.074147
0.822555,0.992002,0.075069,0.075240
0.962594,0.786970,0.073731,0.075069
0.771169,0.836074,0.071934,0.073731
0.768351,0.963743,0.069795,0.071934
0.978373,0.852893,0.067485,0.069795
0.790181,0.838081,0.065833,0.067485
0.788058,0.968089,0.064646,0.065833
0.992960,0.815479,0.063878,0.064646
0.794486,0.848611,0.063480,0.063878
0.787918,0.962489,0.063104,0.063480
1.003326,0.842126,0.063021,0.063104
0.800275,0.854841,0.063137,0.063021
0.950754,0.972620,0.062933,0.063137
1.002138,0.800381,0.062468,0.062933
0.789469,0.834143,0.062056,0.062468
0.839059,1.010729,0.061848,0.062056
0.974637,1.014073,0.062121,0.061848
0.985676,0.993567,0.062771,0.062121
0.939215,0.837458,0.063290,0.062771
0.842004,0.816864,0.063416,0.063290
0.795570,0.980950,0.062858,0.063416
1.000444,0.976350,0.062136,0.062858
0.996881,0.985319,0.061951,0.062136
1.001384,0.815183,0.062333,0.061951
0.799360,0.842206,0.061511,0.062333
0.815091,0.995731,0.031427,0.061511
1.135726,0.811143,0.047185,0.031427
0.967147,0.807386,0.097390,0.047185
0.905860,0.913484,0.120822,0.097390
0.977634,0.664502,0.128472,0.120822
0.695303,0.658915,0.126282,0.128472
0.620338,0.733436,0.119779,0.126282
0.693886,0.547274,0.109573,0.119779
0.499674,0.517551,0.101063,0.109573
0.548924,0.557467,0.093231,0.101063
0.533748,0.447051,0.085355,0.093231
0.395645,0.418789,0.080104,0.085355
0.393205,0.421760,0.076451,0.080104
0.427423,0.350494,0.069714,0.076451
0.302115,0.288846,0.033656,0.069714
0.203660,0.360224,0.006481,0.033656
0.303667,0.286036,0.072053,0.006481
0.374260,0.274467,0.159536,0.072053
0.439826,0.310178,0.247822,0.159536
0.484080,0.247060,0.318960,0.247822
0.325693,0.258820,0.322958,0.318960
0.326592,0.290554,0.298052,0.322958
0.559319,0.295413,0.327590,0.298052
0.449583,0.307139,0.409024,0.327590
0.413314,0.436298,0.518893,0.409024
0.360663,0.400419,0.668027,0.518893
0.276115,0.473392,0.792901,0.668027
0.322282,0.661876,0.923182,0.792901
0.590544,0.649877,1.069114,0.923182
0.586152,0.686452,1.178243,1.069114
0.764747,0.889963,1.271348,1.178243
1.034275,0.787332,1.355359,1.271348
0.967405,0.803972,1.411469,1.355359
0.904248,0.969851,1.459029,1.411469
1.010060,0.755342,1.504396,1.459029
0.744340,0.799710,1.535536,1.504396
0.739291,0.928993,1.561326,1.535536
0.906580,0.773293,1.582575,1.561326
0.716435,0.809886,1.591615,1.582575
0.863125,0.953867,1.591348,1.591615
0.923262,0.774683,1.580684,1.591348
0.762473,0.817344,1.568443,1.580684
0.806781,0.947639,1.557224,1.568443
0.957409,0.795263,1.549078,1.557224
0.781131,0.790068,1.546951,1.549078
0.780806,0.969486,1.548254,1.546951
0.991635,0.812191,1.552253,1.548254
0.796467,0.847842,1.555827,1.552253
0.800993,0.968044,1.558489,1.555827
0.982411,0.983614,1.559896,1.558489
0.987755,1.000942,1.559792,1.559896
0.998760,0.801317,1.558891,1.559792
0.802607,0.878927,1.558002,1.558891
0.807858,0.984373,1.557360,1.558002
0.998082,0.811534,1.557138,1.557360
0.789648,0.869642,1.557286,1.557138
0.941240,0.972348,1.557532,1.557286
0.842029,0.818215,1.557795,1.557532
0.931971,0.822767,1.557947,1.557795
0.828706,0.970395,1.558009,1.557947
0.928252,0.827618,1.558034,1.558009
0.834069,0.832024,1.558017,1.558034
0.790099,1.001564,1.558041,1.558017
0.984972,0.811732,1.558268,1.558041
0.783550,0.845684,1.558585,1.558268
0.774298,1.006162,1.558988,1.558585
0.982564,0.809267,1.559578,1.558988
0.807396,0.815550,1.560207,1.559578
0.803566,0.985738,1.560790,1.560207
1.013320,0.824958,1.560595,1.560790
0.876986,1.008427,1.561435,1.560595
1.193957,0.927449,1.565201,1.561435
1.107165,0.740459,1.567983,1.565201
0.793405,0.806572,1.569283,1.567983
0.854145,0.639339,1.569960,1.569283
0.605086,0.630723,1.570226,1.569960
0.647264,0.632986,1.570428,1.570226
0.620164,0.497657,1.570697,1.570428
0.452805,0.499780,1.571093,1.570697
0.446669,0.525078,1.571723,1.571093
0.481305,0.479866,1.572703,1.571723
0.449710,0.421935,1.573676,1.572703
0.408371,0.311887,1.573494,1.573676
0.306061,0.392696,1.571665,1.573494
0.236737,0.340867,1.570820,1.571665
0.352741,0.287311,1.583244,1.570820
0.469836,0.283286,1.612914,1.583244
0.506971,0.262899,1.668083,1.612914
0.337714,0.247194,1.723088,1.668083
0.300552,0.291897,1.773355,1.723088
0.469453,0.259774,1.838501,1.773355
0.428646,0.298389,1.915229,1.838501
0.343167,0.370403,2.008150,1.915229
0.297369,0.361603,2.133281,2.008150
0.196063,0.385798,2.255808,2.133281
0.225224,0.592459,2.392119,2.255808
0.458037,0.543376,2.556464,2.392119
0.498976,0.641107,2.686307,2.556464
0.882112,0.871233,2.799462,2.686307
1.175442,0.788317,2.900232,2.799462
1.000028,0.836465,2.962425,2.900232
1.081820,0.925138,3.012763,2.962425
1.155374,0.771203,3.060110,3.012763
0.848621,0.788733,3.093052,3.060110
0.795575,0.934416,3.121237,3.093052
0.929355,0.731385,3.138647,3.121237
0.713927,0.809891,3.126451,3.138647
0.722985,0.921436,3.122736,3.126451
0.882025,0.789674,3.129526,3.122736
0.719799,0.803578,3.140581,3.129526
0.708952,0.949697,3.132759,3.140581
0.905460,0.785361,3.122584,3.132759
0.767089,0.843563,3.118597,3.122584
0.941841,0.977806,3.118512,3.118597
0.990200,0.808567,3.121597,3.118512
0.791136,0.801339,3.125166,3.121597
0.837231,0.968165,3.128247,3.125166
1.003637,0.996561,3.130166,3.128247
1.002540,1.003477,3.130366,3.130166
0.947977,0.807869,3.129453,3.130366
0.847241,0.989036,3.128414,3.129453
0.992829,0.972355,3.127375,3.128414
0.936911,0.851606,3.126905,3.127375
0.835183,0.987534,3.126933,3.126905
0.982993,0.825835,3.127370,3.126933
0.800906,0.833089,3.127908,3.127370
0.791239,0.998387,3.128660,3.127908
0.992206,0.845639,3.129480,3.128660
0.804235,0.857092,3.130054,3.129480
0.788771,0.957473,3.130384,3.130054
0.995045,0.835341,3.130538,3.130384
0.789984,1.023607,3.130640,3.130538
0.990730,0.926552,3.130672,3.130640
0.975359,0.849453,3.130798,3.130672
0.784455,1.011764,3.131210,3.130798
0.981106,0.971561,3.131917,3.131210
0.975656,0.979687,3.132627,3.131917
1.020251,0.832252,3.133000,3.132627
0.881742,0.805104,3.134129,3.133000
0.924375,0.927658,3.135469,3.134129
1.090279,0.723847,3.135742,3.135469
0.769148,0.695688,3.135221,3.135742
0.801067,0.761362,3.134514,3.135221
0.751537,0.585088,3.134096,3.134514
0.541195,0.580139,3.134386,3.134096
0.516576,0.616487,3.135277,3.134386
0.559403,0.428290,3.136756,3.135277
0.423447,0.456581,3.138062,3.136756
0.394541,0.435838,3.139247,3.138062
0.460450,0.374228,3.140548,3.139247
0.335190,0.326783,3.141736,3.140548
0.314463,0.367515,3.141634,3.141736
0.358482,0.349072,3.139215,3.141634
0.319894,0.297978,3.135985,3.139215
0.288577,0.234087,3.133514,3.135985
0.213705,0.208405,3.132652,3.133514
0.201095,0.213480,3.132796,3.132652
0.220433,0.189928,3.133765,3.132796
0.161889,0.123078,3.134815,3.133765
0.184364,0.163705,3.135744,3.134815
0.152259,0.107375,3.136396,3.135744
0.148857,0.095924,3.136465,3.136396
0.111725,0.102968,3.136176,3.136465
0.103645,0.062194,3.135706,3.136176
0.077258,0.067418,3.135278,3.135706
0.061925,0.048106,3.134878,3.135278
0.078370,0.038746,3.134566,3.134878
0.061626,0.054465,3.134470,3.134566
0.049156,0.046241,3.134525,3.134470
0.049972,0.034810,3.134590,3.134525
0.031903,0.038063,3.134650,3.134590
0.000000,0.021412,3.134550,3.134650
0.000000,0.000000,0.000000,0.000000
0.000000,0.026905,2.061875,0.000000
0.000000,0.030144,2.045614,2.061875
0.022036,0.039692,2.001319,2.045614
0.032221,0.057389,1.965363,2.001319
0.022696,0.028654,1.965762,1.965363
0.000000,0.016818,1.978527,1.965762
0.000000,0.038436,1.991502,1.978527
0.000000,0.010774,1.991035,1.991502
0.000000,0.020988,1.990989,1.991035
0.000000,0.033615,1.991567,1.990989
0.000000,0.035381,1.992121,1.991567
0.000000,0.028165,1.992346,1.992121
0.000000,0.024244,1.991855,1.992346
0.000000,0.050671,1.990610,1.991855
0.036146,0.032176,1.980208,1.990610
0.040171,0.034504,1.980073,1.980208
0.039379,0.032578,1.984962,1.980073
0.045341,0.050617,1.988177,1.984962
0.034885,0.030585,1.988960,1.988177
0.033595,0.015536,1.989084,1.988960
0.072314,0.027036,1.989710,1.989084
0.073736,0.028790,1.990755,1.989710
0.079125,0.019067,1.991803,1.990755
0.109271,0.052595,1.993704,1.991803
0.080025,0.022585,1.994933,1.993704
0.078236,0.050755,1.995496,1.994933
0.076370,0.034560,1.993215,1.995496
0.074675,0.020441,1.990640,1.993215
0.057442,0.021597,1.989432,1.990640
0.056872,0.027295,1.988882,1.989432
0.018200,0.007012,1.988468,1.988882
0.049048,0.029589,1.988353,1.988468
0.055459,0.007801,1.987249,1.988353
0.181753,0.021861,1.948947,1.987249
0.117868,0.055462,1.913571,1.948947
0.071901,0.219414,1.849501,1.913571
0.079266,0.241797,1.729557,1.849501
0.221381,0.427503,1.615514,1.729557
0.428185,0.536302,1.493452,1.615514
0.493652,0.513115,1.401880,1.493452
0.552710,0.702447,1.333663,1.401880
0.544398,0.669827,1.233477,1.333663
0.541394,0.878876,1.118789,1.233477
0.889036,0.907851,0.945022,1.118789
0.790814,0.836268,0.760238,0.945022
0.854800,0.965309,0.611463,0.760238
1.007351,0.820183,0.459050,0.611463
1.109348,0.820963,0.353620,0.459050
0.909946,0.916279,0.267684,0.353620
0.940761,0.801782,0.191217,0.267684
0.801726,0.785476,0.143309,0.191217
0.722589,0.934364,0.109658,0.143309
0.877695,0.813997,0.090076,0.109658
0.691280,0.766158,0.086084,0.090076
0.685963,0.957414,0.086320,0.086084
0.883797,0.795008,0.085550,0.086320
0.715254,0.810661,0.082095,0.085550
0.731761,0.956898,0.075044,0.082095
0.960939,0.789309,0.066716,0.075044
0.780883,0.847115,0.061964,0.066716
0.926667,0.965485,0.059242,0.061964
0.826499,0.845936,0.058988,0.059242
0.933037,0.839444,0.059338,0.058988
0.845451,0.974552,0.059352,0.059338
0.954038,0.850340,0.059414,0.059352
0.843999,0.834173,0.059646,0.059414
0.791985,0.954753,0.060208,0.059646
0.988391,0.815046,0.060628,0.060208
0.798457,0.853420,0.061292,0.060628
0.802019,0.950788,0.061405,0.061292
1.004846,0.831397,0.060719,0.061405
0.803477,0.849487,0.059964,0.060719
0.798945,0.979562,0.059446,0.059964
1.004601,0.828825,0.059183,0.059446
0.798813,0.814177,0.058835,0.059183
0.938552,0.995138,0.058751,0.058835
0.838689,0.819312,0.059303,0.058751
0.944588,0.862890,0.060064,0.059303
0.840648,0.980125,0.060862,0.060064
0.938595,0.806892,0.061188,0.060862
0.838153,0.849236,0.060928,0.061188
0.789287,0.990696,0.060727,0.060928
0.997796,0.822145,0.057942,0.060727
0.814551,0.838678,0.024344,0.057942
0.886485,0.991842,0.041406,0.024344
1.177811,0.771914,0.105842,0.041406
0.889486,0.762354,0.127862,0.105842
0.807563,0.838688,0.133636,0.127862
0.874571,0.628515,0.129622,0.133636
0.629154,0.620028,0.121926,0.129622
0.677880,0.639881,0.112727,0.121926
0.542819,0.487098,0.102497,0.112727
0.562037,0.456661,0.094905,0.102497
0.460492,0.530676,0.088254,0.094905
0.480799,0.414582,0.081924,0.088254
0.394542,0.362779,0.078115,0.081924
0.345340,0.382717,0.074797,0.078115
0.377517,0.334459,0.043149,0.074797
0.216042,0.279283,0.034251,0.043149
0.226046,0.335102,0.069708,0.034251
0.438654,0.230485,0.163767,0.069708
0.381841,0.246722,0.244033,0.163767
0.371757,0.272412,0.301653,0.244033
0.343530,0.215471,0.300214,0.301653
0.209683,0.259149,0.261946,0.300214
0.381812,0.333542,0.271477,0.261946
0.398150,0.328345,0.362855,0.271477
0.300168,0.351729,0.468571,0.362855
0.315523,0.471352,0.595003,0.468571
0.349629,0.460896,0.741590,0.595003
0.369776,0.526110,0.865620,0.741590
0.442053,0.747028,0.989887,0.865620
0.476083,0.700531,1.124525,0.989887
0.536408,0.779042,1.221811,1.124525
0.680361,0.938542,1.303198,1.221811
0.931809,0.813221,1.379738,1.303198
0.808504,0.812770,1.432443,1.379738
0.756936,0.950704,1.477060,1.432443
0.873263,0.793315,1.519402,1.477060
0.676621,0.964897,1.548115,1.519402
0.839590,0.962283,1.574362,1.548115
0.868795,0.820847,1.589147,1.574362
0.722834,0.932944,1.592031,1.589147
0.933033,0.801139,1.584100,1.592031
0.766352,0.803680,1.572354,1.584100
0.925381,0.970533,1.560509,1.572354
0.979071,0.803023,1.550996,1.560509
0.786570,0.820813,1.547622,1.550996
0.834608,0.964243,1.547776,1.547622
0.993570,0.813025,1.551031,1.547776
0.808021,0.843640,1.554687,1.551031
0.808895,0.967354,1.557885,1.554687
0.997656,0.815027,1.559916,1.557885
0.807199,0.859343,1.560289,1.559916
0.808590,0.984051,1.559804,1.560289
1.013194,0.810909,1.558662,1.559804
0.808144,0.868106,1.557782,1.558662
0.810854,0.982566,1.557315,1.557782
1.012023,0.815703,1.557378,1.557315
0.804081,0.825487,1.557852,1.557378
0.964091,0.967573,1.558417,1.557852
1.008869,0.810721,1.559031,1.558417
0.800539,0.846462,1.559502,1.559031
0.826586,0.998660,1.559874,1.559502
0.974006,0.810061,1.560067,1.559874
0.792339,0.834300,1.560225,1.560067
0.803794,0.997006,1.560366,1.560225
1.006186,0.990249,1.560389,1.560366
1.002057,0.981001,1.560344,1.560389
1.002218,0.820880,1.560277,1.560344
0.801293,0.843946,1.560355,1.560277
0.811847,0.973435,1.560417,1.560355
1.044670,0.826204,1.559890,1.560417
0.889798,0.801865,1.561524,1.559890
0.937850,0.921900,1.564151,1.561524
1.102492,0.728747,1.565345,1.564151
0.792038,0.692506,1.565302,1.565345
0.823225,0.760595,1.564930,1.565302
0.659451,0.569504,1.564909,1.564930
0.657507,0.569832,1.565540,1.564909
0.536666,0.575561,1.566889,1.565540
0.556725,0.460644,1.569034,1.566889
0.458733,0.414527,1.571161,1.569034
0.401750,0.476228,1.573704,1.571161
0.466572,0.364908,1.576982,1.573704
0.350736,0.345298,1.579649,1.576982
0.295176,0.371004,1.581834,1.579649
0.249760,0.275809,1.585067,1.581834
0.245340,0.293917,1.582899,1.585067
0.345580,0.322718,1.573013,1.582899
0.495689,0.262402,1.549683,1.573013
0.389573,0.246103,1.510870,1.549683
0.345974,0.283911,1.453709,1.510870
0.247068,0.244262,1.370622,1.453709
0.322662,0.296683,1.291420,1.370622
0.234391,0.362418,1.205633,1.291420
0.125389,0.365774,1.105209,1.205633
0.090085,0.445753,1.011738,1.105209
0.086691,0.577807,0.897211,1.011738
0.514232,0.542665,0.747820,0.897211
0.637703,0.675167,0.608467,0.747820
0.781015,0.843023,0.469672,0.608467
1.063010,0.742737,0.329921,0.469672
0.872304,0.802255,0.234954,0.329921
0.901801,0.941831,0.164924,0.234954
1.054543,0.773712,0.107625,0.164924
0.782269,0.819798,0.076333,0.107625
0.860862,0.940753,0.063669,0.076333
0.729048,0.783141,0.068223,0.063669
0.798999,0.780501,0.075274,0.068223
0.727365,0.930791,0.079766,0.075274
0.848521,0.794101,0.079650,0.079766
0.798726,0.833954,0.077294,0.079650
0.770471,0.898238,0.075787,0.077294
0.966577,0.784144,0.076082,0.075787
0.786391,0.802313,0.076903,0.076082
0.785988,0.949312,0.076873,0.076903
0.989926,0.826232,0.075425,0.076873
0.792146,1.023952,0.073682,0.075425
0.995764,0.971525,0.071513,0.073682
0.989807,0.852257,0.069550,0.071513
0.795714,0.959538,0.068426,0.069550
0.995107,0.819422,0.067770,0.068426
0.783216,0.796511,0.067309,0.067770
0.788397,0.957322,0.066540,0.067309
0.990372,0.809139,0.064965,0.066540
0.804641,0.861342,0.063597,0.064965
0.952685,0.972682,0.062319,0.063597
1.008630,0.858532,0.061595,0.062319
0.802569,0.825982,0.061774,0.061595
0.848226,0.999533,0.062443,0.061774
0.994226,0.852131,0.063351,0.062443
0.795551,0.861834,0.063585,0.063351
0.799804,1.018620,0.063350,0.063585
0.989412,0.776979,0.062621,0.063350
0.789363,0.833954,0.061826,0.062621
0.786497,0.988390,0.061146,0.061826
0.990307,0.815686,0.060541,0.061146
0.787984,0.847934,0.060371,0.060541
0.787842,0.957675,0.060534,0.060371
0.987519,0.837546,0.060032,0.060534
0.785778,0.840034,0.032323,0.060032
1.021687,0.965742,0.031508,0.032323
1.094743,0.804893,0.098060,0.031508
0.870601,0.782362,0.122629,0.098060
0.548332,0.831838,0.130474,0.122629
0.719563,0.653469,0.128426,0.130474
0.568419,0.626395,0.122234,0.128426
0.544387,0.645317,0.114116,0.122234
0.632174,0.492637,0.104203,0.114116
0.469564,0.467423,0.096633,0.104203
0.439713,0.530174,0.089745,0.096633
0.501305,0.413846,0.082369,0.089745
0.381387,0.353916,0.076891,0.082369
0.359868,0.391574,0.071560,0.076891
0.394389,0.296279,0.034558,0.071560
0.234735,0.314579,0.004777,0.034558
0.245486,0.343995,0.047250,0.004777
0.426372,0.294678,0.149214,0.047250
0.402220,0.247967,0.236140,0.149214
0.440658,0.280955,0.305274,0.236140
0.461244,0.216826,0.319163,0.305274
0.381814,0.272160,0.293185,0.319163
0.473065,0.320631,0.294836,0.293185
0.616475,0.329035,0.378963,0.294836
0.363063,0.339677,0.480561,0.378963
0.317174,0.484456,0.605069,0.480561
0.431837,0.562646,0.753129,0.605069
0.568356,0.668481,0.906942,0.753129
0.795048,0.610121,1.053961,0.906942
0.735035,0.849652,1.165815,1.053961
1.204833,0.912222,1.276803,1.165815
1.244895,0.798685,1.358095,1.276803
0.979691,0.945700,1.413437,1.358095
1.096162,0.966875,1.465903,1.413437
0.961001,0.895071,1.510315,1.465903
0.887613,0.948834,1.546668,1.510315
0.856380,0.927654,1.574893,1.546668
0.852880,0.790472,1.591014,1.574893
0.697198,0.984000,1.594098,1.591014
0.919197,0.930822,1.584535,1.594098
0.955483,0.830885,1.567637,1.584535
0.766869,0.967098,1.554400,1.567637
0.982346,0.822678,1.544882,1.554400
0.788414,0.826470,1.542449,1.544882
0.804794,0.958865,1.544107,1.542449
1.006247,0.805402,1.548871,1.544107
0.795063,0.818413,1.553165,1.548871
0.943766,0.980903,1.556582,1.553165
0.839318,0.814051,1.558762,1.556582
0.953251,1.000437,1.559181,1.558762
1.002265,0.988994,1.558565,1.559181
0.847642,0.834485,1.557582,1.558565
0.951664,0.996825,1.556939,1.557582
1.016478,0.788683,1.556685,1.556939
0.809714,0.863499,1.556932,1.556685
0.859703,0.988396,1.557375,1.556932
1.008408,0.813398,1.557874,1.557375
0.797425,0.860092,1.558194,1.557874
0.801216,0.978968,1.558467,1.558194
0.997055,0.839862,1.558714,1.558467
0.802150,0.855995,1.558935,1.558714
0.800128,0.991737,1.559350,1.558935
1.001126,0.826989,1.560127,1.559350
0.808309,0.842886,1.560941,1.560127
0.811324,0.979830,1.561916,1.560941
0.996334,0.822158,1.563050,1.561916
0.517525,0.831267,1.563813,1.563050
0.231966,0.983916,1.564380,1.563813
0.302006,0.838722,1.563894,1.564380
0.844415,0.842518,1.564408,1.563894
0.829599,0.929851,1.567234,1.564408
0.996508,0.727827,1.569052,1.567234
0.732424,0.721096,1.568681,1.569052
0.655702,0.774264,1.567546,1.568681
0.740917,0.715688,1.565860,1.567546
0.663505,0.627686,1.563844,1.565860
0.612801,0.514943,1.561902,1.563844
0.453608,0.456422,1.560516,1.561902
0.433485,0.511237,1.559567,1.560516
0.508346,0.372999,1.559440,1.559567
0.380244,0.373315,1.560368,1.559440
0.357039,0.426310,1.562328,1.560368
0.387436,0.322433,1.565447,1.562328
0.217817,0.278368,1.569428,1.565447
0.308862,0.351784,1.569636,1.569428
2.565912,0.276681,1.560858,1.569636
0.985090,0.247407,1.543193,1.560858
0.351710,0.286322,1.504411,1.543193
0.382991,0.260378,1.437542,1.504411
0.391024,0.266641,1.367508,1.437542
0.488009,0.346076,1.287143,1.367508
0.563625,0.320046,1.189136,1.287143
0.354777,0.367046,1.106934,1.189136
0.238958,0.500021,1.011343,1.106934
0.121713,0.502159,0.877582,1.011343
0.159896,0.679287,0.751553,0.877582
0.387337,0.780630,0.580516,0.751553
0.512815,0.753439,0.423253,0.580516
0.530238,0.920258,0.308991,0.423253
0.815210,0.793832,0.205864,0.308991
0.759141,0.816985,0.147465,0.205864
0.763679,0.957597,0.103473,0.147465
0.848728,0.780581,0.071723,0.103473
0.652915,0.818437,0.062729,0.071723
0.781775,0.957501,0.065154,0.062729
0.837970,0.785174,0.071684,0.065154
0.703235,0.840097,0.074587,0.071684
0.782498,0.949296,0.073987,0.074587
0.952741,0.776792,0.072048,0.073987
0.770411,0.802296,0.071719,0.072048
0.777064,0.996235,0.072769,0.071719
0.994436,0.832330,0.073396,0.072769
0.789945,0.817450,0.072463,0.073396
0.781874,1.005921,0.070737,0.072463
0.970366,0.806803,0.068323,0.070737
0.772971,0.826516,0.066226,0.068323
0.788321,0.974646,0.064285,0.066226
0.982136,0.828847,0.062552,0.064285
0.789649,0.823182,0.062006,0.062552
0.941329,1.001426,0.062202,0.062006
0.984942,0.833555,0.063126,0.062202
0.793438,0.824891,0.063887,0.063126
0.827117,0.970700,0.064237,0.063887
0.979820,0.824726,0.064283,0.064237
0.796993,0.823758,0.064063,0.064283
0.797046,1.005467,0.063579,0.064063
0.996874,0.815362,0.062817,0.063579
0.802034,0.857031,0.062453,0.062817
0.799099,1.017941,0.061968,0.062453
0.997562,0.795613,0.060883,0.061968
0.801009,0.852423,0.060018,0.060883
0.799499,1.000706,0.059460,0.060018
1.003490,0.812371,0.059222,0.059460
0.800736,0.835082,0.059407,0.059222
0.944025,0.967173,0.060082,0.059407
0.989871,0.813636,0.061546,0.060082
0.787437,0.832017,0.057408,0.061546
0.870669,0.954378,0.021060,0.057408
1.143372,0.802785,0.062813,0.021060
0.951255,0.788572,0.104136,0.062813
0.872093,0.867822,0.121124,0.104136
0.913891,0.690956,0.124183,0.121124
0.656674,0.646175,0.119693,0.124183
0.574103,0.674474,0.111901,0.119693
0.625198,0.550935,0.101282,0.111901
0.475548,0.495477,0.092547,0.101282
0.443043,0.550241,0.084880,0.092547
0.520573,0.426003,0.078203,0.084880
0.394327,0.413729,0.074547,0.078203
0.428630,0.464462,0.072219,0.074547
0.425673,0.327133,0.062602,0.072219
0.301705,0.325969,0.023426,0.062602
0.207590,0.365714,0.019120,0.023426
0.361677,0.321762,0.096281,0.019120
0.526162,0.327810,0.203000,0.096281
0.478967,0.285093,0.296808,0.203000
0.398066,0.200323,0.329069,0.296808
0.329970,0.311540,0.315005,0.329069
0.584270,0.268147,0.299874,0.315005
0.562699,0.290383,0.355730,0.299874
0.428828,0.382238,0.451599,0.355730
0.426568,0.356467,0.591976,0.451599
0.321274,0.452827,0.718738,0.591976
0.291731,0.613415,0.849350,0.718738
0.446320,0.580041,1.001981,0.849350
0.514574,0.675115,1.119984,1.001981
0.714295,0.862507,1.224432,1.119984
0.860416,0.780042,1.320254,1.224432
0.998107,0.804442,1.382207,1.320254
0.954197,0.941252,1.434785,1.382207
0.994639,0.765763,1.484724,1.434785
0.812465,0.814314,1.518959,1.484724
0.715392,0.927152,1.547982,1.518959
0.858883,0.796060,1.573990,1.547982
0.690620,0.782407,1.587992,1.573990
0.718735,0.930313,1.593285,1.587992
0.915836,0.802237,1.587335,1.593285
0.755518,0.806921,1.575957,1.587335
0.767416,0.961680,1.563316,1.575957
0.959413,0.794168,1.552113,1.563316
0.766612,0.820652,1.547375,1.552113
0.908459,0.988738,1.546657,1.547375
0.829685,0.812500,1.549422,1.546657
0.933722,0.828232,1.552887,1.549422
0.832450,0.969246,1.556028,1.552887
0.941986,0.811066,1.558259,1.556028
0.845746,0.825404,1.558763,1.558259
0.789078,0.970961,1.558264,1.558763
1.004953,0.828907,1.557275,1.558264
0.804931,0.868166,1.556536,1.557275
0.806477,0.974803,1.556056,1.556536
1.009911,0.846339,1.555965,1.556056
0.800321,0.830089,1.556260,1.555965
0.804781,0.987164,1.556761,1.556260
1.002032,0.800267,1.557425,1.556761
0.807086,0.836787,1.557938,1.557425
0.949651,0.993189,1.558434,1.557938
0.852658,0.821567,1.558832,1.558434
0.953207,0.847819,1.559032,1.558832
0.860846,0.978037,1.559178,1.559032
0.960365,0.848780,1.559303,1.559178
0.855109,0.823812,1.559434,1.559303
0.793700,0.986440,1.559449,1.559434
0.993955,0.808017,1.559373,1.559449
0.583349,0.819750,1.559292,1.559373
0.542038,0.977021,1.558993,1.559292
0.918056,0.838981,1.557571,1.558993
0.862768,0.828290,1.558017,1.557571
0.920298,0.919801,1.560014,1.558017
1.091351,0.752390,1.561657,1.560014
0.782193,0.683304,1.562564,1.561657
0.810235,0.767776,1.563516,1.562564
0.656448,0.584287,1.565159,1.563516
0.656972,0.546501,1.567154,1.565159
0.531957,0.645511,1.569674,1.567154
0.542123,0.454944,1.572962,1.569674
0.453531,0.433730,1.575714,1.572962
0.400782,0.502185,1.578254,1.575714
0.467600,0.353987,1.580492,1.578254
0.354252,0.343004,1.581361,1.580492
0.321304,0.394148,1.580330,1.581361
0.275867,0.278226,1.579873,1.580330
0.248111,0.299481,1.587349,1.579873
0.357262,0.325709,1.611326,1.587349
0.502300,0.244704,1.660461,1.611326
0.409332,0.236535,1.713889,1.660461
0.402732,0.278749,1.767612,1.713889
0.339579,0.265206,1.828996,1.767612
0.470857,0.306563,1.898579,1.828996
0.417459,0.358789,1.988662,1.898579
0.328039,0.337932,2.107521,1.988662
0.261356,0.396295,2.223546,2.107521
0.173503,0.541515,2.356383,2.223546
0.379955,0.532249,2.520487,2.356383
0.439762,0.616047,2.654634,2.520487
0.606177,0.823561,2.775233,2.654634
1.109831,0.758398,2.884298,2.775233
0.971527,0.787334,2.950798,2.884298
1.005704,0.948559,3.002653,2.950798
1.224642,0.779230,3.051173,3.002653
0.868533,0.787940,3.084747,3.051173
0.935220,0.915894,3.113657,3.084747
0.783067,0.751142,3.139973,3.113657
0.854788,0.782275,3.130235,3.139973
0.758049,0.944122,3.124137,3.130235
0.847364,0.783164,3.128440,3.124137
0.749052,0.796503,3.138536,3.128440
0.682364,0.939221,3.135038,3.138536
0.887714,0.780855,3.124715,3.135038
0.723597,0.822691,3.120042,3.124715
0.735695,0.970591,3.118888,3.120042
0.945653,0.803854,3.120849,3.118888
0.784536,0.843287,3.123851,3.120849
0.784982,0.978298,3.126909,3.123851
0.995383,0.808571,3.129400,3.126909
0.803290,0.830613,3.130154,3.129400
0.948649,0.977033,3.129989,3.130154
0.843016,0.825421,3.129116,3.129989
0.942828,0.813739,3.128332,3.129116
0.845575,0.995300,3.127852,3.128332
0.942836,0.815989,3.127563,3.127852
0.839441,0.805627,3.127515,3.127563
0.787738,1.001773,3.127686,3.127515
0.989724,0.811896,3.127943,3.127686
0.790745,0.849175,3.128218,3.127943
0.792821,0.969051,3.128525,3.128218
0.985367,0.827847,3.128839,3.128525
0.786894,0.852413,3.128896,3.128839
0.786884,0.939747,3.128839,3.128896
0.983026,0.839413,3.128822,3.128839
0.782839,0.839559,3.128814,3.128822
0.937174,0.967202,3.128925,3.128814
0.830333,0.841903,3.129088,3.128925
0.932597,0.848781,3.129151,3.129088
0.844642,0.975428,3.129155,3.129151
0.942354,0.831484,3.128722,3.129155
0.952100,0.837742,3.128959,3.128722
0.928136,0.965220,3.130658,3.128959
0.526841,0.757324,3.132652,3.130658
0.533293,0.705843,3.133862,3.132652
0.583319,0.782020,3.134860,3.133862
0.722876,0.576087,3.136230,3.134860
0.549421,0.563107,3.137675,3.136230
0.505466,0.633377,3.139370,3.137675
0.578838,0.480659,3.141469,3.139370
0.437561,0.461379,3.142146,3.141469
0.486890,0.487434,3.140213,3.142146
0.412813,0.384897,3.138365,3.140213
0.428705,0.321342,3.137168,3.138365
0.353369,0.403301,3.136204,3.137168
0.358166,0.283328,3.135446,3.136204
0.292424,0.289644,3.135164,3.135446
0.253620,0.307860,3.135108,3.135164
0.291421,0.214463,3.135238,3.135108
0.218429,0.206073,3.135386,3.135238
0.205737,0.212725,3.135483,3.135386
0.232410,0.169987,3.135538,3.135483
0.188359,0.156084,3.135481,3.135538
0.218444,0.135078,3.135422,3.135481
0.174717,0.084290,3.135267,3.135422
0.106845,0.109128,3.135093,3.135267
0.124587,0.096154,3.134884,3.135093
0.091764,0.097960,3.134662,3.134884
0.077654,0.053505,3.134508,3.134662
0.061764,0.035099,3.134428,3.134508
0.059894,0.044780,3.134386,3.134428
0.070278,0.049407,3.134360,3.134386
0.060310,0.036440,3.134289,3.134360
0.043776,0.029645,3.134264,3.134289
0.000000,0.023821,3.134136,3.134264
0.000000,0.000000,0.000000,0.000000
0.000000,0.030286,2.062603,0.000000
0.000000,0.008858,2.057017,2.062603
0.027991,0.051025,2.048718,2.057017
0.039066,0.054486,2.048707,2.048718
0.028545,0.034430,2.059333,2.048707
0.000000,0.009640,2.072058,2.059333
0.000000,0.033688,2.079871,2.072058
0.000000,0.009755,2.079261,2.079871
0.000000,0.027393,2.079142,2.079261
0.000000,0.033610,2.080072,2.079142
0.000000,0.050297,2.081244,2.080072
0.000000,0.026712,2.081264,2.081244
0.000000,0.017530,2.080000,2.081264
0.030550,0.026056,2.071443,2.080000
0.029061,0.020805,2.070409,2.071443
0.036853,0.032404,2.068802,2.070409
0.040873,0.019522,2.067989,2.068802
0.035783,0.021701,2.068454,2.067989
0.055689,0.030544,2.070321,2.068454
0.060826,0.037173,2.072294,2.070321
0.070066,0.030951,2.074260,2.072294
0.083280,0.013333,2.076264,2.074260
0.081162,0.032524,2.077987,2.076264
0.083637,0.078242,2.079191,2.077987
0.109484,0.027171,2.080162,2.079191
0.079022,0.047919,2.081024,2.080162
0.085400,0.046290,2.082013,2.081024
0.070424,0.030751,2.083169,2.082013
0.065758,0.010109,2.083252,2.083169
0.055512,0.041088,2.081955,2.083252
0.060490,0.009472,2.079148,2.081955
0.060689,0.012996,2.076423,2.079148
0.078743,0.030916,2.073087,2.076423
0.073235,0.050657,2.069768,2.073087
0.109747,0.025862,2.063356,2.069768
0.221509,0.028590,2.045646,2.063356
0.163050,0.060812,2.016767,2.045646
0.111484,0.155303,1.965283,2.016767
0.034887,0.211462,1.864891,1.965283
0.122180,0.285778,1.754649,1.864891
0.275551,0.467996,1.641813,1.754649
0.521727,0.455901,1.533486,1.641813
0.439795,0.530476,1.461366,1.533486
0.519622,0.700689,1.391573,1.461366
0.650084,0.693871,1.285640,1.391573
0.551935,0.728672,1.164754,1.285640
0.706517,0.929292,1.016225,1.164754
0.689553,0.796817,0.829905,1.016225
0.524162,0.857157,0.682566,0.829905
0.866010,0.971286,0.545197,0.682566
1.150307,0.803841,0.407033,0.545197
0.888057,0.822324,0.312618,0.407033
0.850652,0.948390,0.235474,0.312618
1.010052,0.776081,0.166954,0.235474
0.754781,0.839837,0.127277,0.166954
0.718639,0.959875,0.103053,0.127277
0.861934,0.763723,0.090262,0.103053
0.681210,0.812584,0.087038,0.090262
0.685699,0.930233,0.085616,0.087038
0.864367,0.791746,0.082265,0.085616
0.694522,0.811725,0.076632,0.082265
0.876242,0.969479,0.069743,0.076632
0.970088,0.842799,0.061626,0.069743
0.789751,0.829211,0.057223,0.061626
0.839294,0.985063,0.056666,0.057223
0.964482,0.828005,0.057227,0.056666
0.774590,0.820871,0.057869,0.057227
0.775989,0.960706,0.058328,0.057869
0.987208,0.812225,0.059048,0.058328
0.796105,0.849436,0.059554,0.059048
0.793937,0.969834,0.059933,0.059554
1.002205,1.013388,0.060040,0.059933
1.002434,0.973761,0.060012,0.060040
0.993191,0.837282,0.060362,0.060012
0.794612,0.845830,0.060573,0.060362
0.792024,0.956119,0.060081,0.060573
1.001913,0.818869,0.059958,0.060081
0.802423,0.836880,0.059754,0.059958
0.950004,0.975616,0.059434,0.059754
0.851735,0.793654,0.059386,0.059434
0.949308,0.859436,0.059720,0.059386
0.842679,0.973055,0.060037,0.059720
0.940028,0.835020,0.060220,0.060037
0.837463,0.841632,0.060271,0.060220
0.789303,0.989190,0.060013,0.060271
0.995551,0.807345,0.051350,0.060013
0.832414,0.848407,0.011341,0.051350
0.906602,0.963770,0.063194,0.011341
1.165990,0.777882,0.114709,0.063194
0.863804,0.775377,0.130746,0.114709
0.781233,0.796578,0.133286,0.130746
0.846171,0.608864,0.127130,0.133286
0.613935,0.607271,0.118441,0.127130
0.662770,0.635170,0.108774,0.118441
0.533024,0.479084,0.098340,0.108774
0.545485,0.479275,0.091092,0.098340
0.454108,0.540595,0.085494,0.091092
0.468083,0.375369,0.081972,0.085494
0.395418,0.382761,0.081027,0.081972
0.349487,0.380092,0.077901,0.081027
0.359484,0.313129,0.052936,0.077901
0.196610,0.288793,0.056905,0.052936
0.251446,0.333820,0.098726,0.056905
0.483578,0.238579,0.189113,0.098726
0.398502,0.246632,0.265955,0.189113
0.352397,0.281738,0.306390,0.265955
0.334504,0.255850,0.284122,0.306390
0.339339,0.251150,0.240230,0.284122
0.495286,0.337354,0.258617,0.240230
0.378733,0.323047,0.356885,0.258617
0.267052,0.361636,0.465630,0.356885
0.158821,0.490871,0.590052,0.465630
0.185843,0.465428,0.732179,0.590052
0.198704,0.555050,0.853388,0.732179
0.399226,0.744584,0.976175,0.853388
0.675348,0.724338,1.111770,0.976175
0.641447,0.776012,1.210930,1.111770
0.792669,0.938953,1.295308,1.210930
1.110045,0.774733,1.374801,1.295308
0.823202,0.811307,1.428308,1.374801
0.736417,0.945003,1.473069,1.428308
0.840977,0.792959,1.515960,1.473069
0.639918,0.801816,1.545458,1.515960
0.755844,0.956172,1.569238,1.545458
0.696163,0.772504,1.586953,1.569238
0.815067,0.807184,1.592169,1.586953
0.765672,0.935196,1.587731,1.592169
0.899992,0.797052,1.574423,1.587731
0.826467,0.831869,1.562011,1.574423
0.786711,0.976563,1.551919,1.562011
0.990998,0.816209,1.545747,1.551919
0.792982,0.834845,1.545073,1.545747
0.791406,0.966724,1.547268,1.545073
0.998390,0.824518,1.551481,1.547268
0.806408,0.839514,1.554954,1.551481
0.800865,0.992113,1.557504,1.554954
0.991499,0.785852,1.558818,1.557504
0.803046,0.854455,1.558677,1.558818
0.955843,0.990586,1.557815,1.558677
0.856800,0.820887,1.556567,1.557815
0.946043,0.853371,1.555870,1.556567
0.858704,0.950276,1.555660,1.555870
0.960300,1.001136,1.555958,1.555660
1.009808,0.976800,1.556406,1.555958
0.995242,0.808538,1.556967,1.556406
0.786788,0.830092,1.557427,1.556967
0.837436,0.972165,1.557878,1.557427
0.985311,0.789112,1.558138,1.557878
0.785725,0.860126,1.558289,1.558138
0.785399,0.985846,1.558338,1.558289
0.989101,0.809829,1.558310,1.558338
0.792730,0.826927,1.558430,1.558310
0.795542,1.001467,1.558685,1.558430
0.993779,1.004956,1.559135,1.558685
0.933774,0.983753,1.559488,1.559135
1.034164,0.828026,1.559205,1.559488
0.886062,0.843444,1.561121,1.559205
0.935811,0.955596,1.564070,1.561121
1.058617,0.706469,1.566018,1.564070
0.769860,0.700594,1.566987,1.566018
0.805627,0.734689,1.568116,1.566987
0.642692,0.551679,1.570349,1.568116
0.633690,0.548452,1.573107,1.570349
0.512953,0.585541,1.576534,1.573107
0.545531,0.543751,1.580975,1.576534
0.514720,0.507753,1.585813,1.580975
0.475835,0.397952,1.590662,1.585813
0.360034,0.356467,1.594702,1.590662
0.362138,0.390673,1.597972,1.594702
0.323938,0.292586,1.601371,1.597972
0.225729,0.296124,1.603101,1.601371
0.323674,0.344689,1.598878,1.603101
0.519717,0.245892,1.583741,1.598878
0.408716,0.244083,1.558379,1.583741
0.341376,0.306332,1.510934,1.558379
0.395586,0.229373,1.438429,1.510934
0.295343,0.279486,1.364268,1.438429
0.315835,0.357938,1.281430,1.364268
0.289876,0.332111,1.182236,1.281430
0.272958,0.359475,1.097060,1.182236
0.360563,0.553525,0.994448,1.097060
0.460392,0.537148,0.854330,0.994448
0.544439,0.589838,0.721549,0.854330
0.758085,0.814987,0.576458,0.721549
1.007102,0.775351,0.420893,0.576458
0.836754,0.758498,0.311001,0.420893
0.884492,0.943638,0.221191,0.311001
1.126790,0.785124,0.147337,0.221191
0.844370,0.810306,0.102686,0.147337
0.779788,0.929330,0.074572,0.102686
0.906534,0.936687,0.066834,0.074572
0.858325,0.908266,0.073554,0.066834
0.851049,0.763860,0.079909,0.073554
0.709741,0.996972,0.081392,0.079909
0.926153,0.933527,0.078367,0.081392
0.955045,0.837407,0.075177,0.078367
0.770252,0.964269,0.074192,0.075177
0.992776,0.960647,0.074103,0.074192
1.003463,0.960814,0.072899,0.074103
1.003697,0.817889,0.070939,0.072899
0.798033,0.797233,0.069506,0.070939
0.785128,0.953012,0.068507,0.069506
0.962771,0.796117,0.068037,0.068507
0.771157,0.857472,0.068376,0.068037
0.911906,0.970144,0.068767,0.068376
0.802921,0.827383,0.069096,0.068767
0.923515,0.998797,0.069238,0.069096
0.982055,0.945650,0.069192,0.069238
0.832833,0.854633,0.068914,0.069192
0.930304,1.030209,0.068358,0.068914
0.996312,0.797077,0.067006,0.068358
0.799745,0.864900,0.065323,0.067006
0.426176,0.997583,0.063772,0.065323
0.167971,0.987151,0.062339,0.063772
0.100235,0.992044,0.060923,0.062339
0.616875,0.794748,0.060241,0.060923
0.735250,0.854406,0.060344,0.060241
0.747683,0.989089,0.060821,0.060344
0.972808,0.823528,0.060661,0.060821
0.780165,0.856432,0.060252,0.060661
0.787973,1.003221,0.059875,0.060252
0.988422,1.002311,0.059168,0.059875
0.979289,0.985382,0.041791,0.059168
1.070399,0.812047,0.028669,0.041791
0.886051,0.812014,0.086788,0.028669
0.900119,0.917927,0.117759,0.086788
0.985740,0.688315,0.128801,0.117759
0.712035,0.665534,0.127509,0.128801
0.641940,0.737185,0.121166,0.127509
0.727876,0.580333,0.110792,0.121166
0.551155,0.519315,0.101591,0.110792
0.578434,0.593558,0.093005,0.101591
0.550818,0.474629,0.085000,0.093005
0.414433,0.401850,0.080124,0.085000
0.401938,0.451437,0.076890,0.080124
0.455899,0.355665,0.074521,0.076890
0.339948,0.301216,0.056429,0.074521
0.262684,0.362175,0.022109,0.056429
0.301412,0.297214,0.069904,0.022109
0.367856,0.287233,0.152516,0.069904
0.411683,0.312689,0.238771,0.152516
0.496788,0.287347,0.315471,0.238771
0.473998,0.303260,0.325911,0.315471
0.525684,0.250558,0.306101,0.325911
0.455169,0.311004,0.337579,0.306101
0.403197,0.386526,0.423294,0.337579
0.336267,0.338895,0.553517,0.423294
0.157845,0.415218,0.681700,0.553517
0.284124,0.533933,0.814521,0.681700
0.421699,0.536001,0.970965,0.814521
0.656800,0.619330,1.095668,0.970965
0.718319,0.843201,1.208259,1.095668
0.910093,0.749650,1.311195,1.208259
0.934283,0.814829,1.374272,1.311195
0.949919,0.954540,1.424827,1.374272
1.146281,0.808463,1.473398,1.424827
0.818714,0.764039,1.507734,1.473398
0.742873,0.954016,1.537910,1.507734
0.862173,0.776747,1.566186,1.537910
0.678119,0.780656,1.582386,1.566186
0.691741,0.906456,1.590186,1.582386
0.894858,0.797917,1.586552,1.590186
0.744296,0.811107,1.575058,1.586552
0.916452,0.943440,1.561385,1.575058
0.838515,0.796246,1.548887,1.561385
0.942903,0.837597,1.543716,1.548887
0.846182,0.949304,1.542977,1.543716
0.939276,0.829999,1.546003,1.542977
0.836552,0.839231,1.550034,1.546003
0.783865,0.981630,1.554021,1.550034
0.987619,0.806344,1.557260,1.554021
0.796342,0.806148,1.558502,1.557260
0.796102,0.976217,1.558667,1.558502
1.001306,0.831625,1.558025,1.558667
0.801179,0.834939,1.557302,1.558025
0.809286,0.986616,1.556661,1.557302
1.028141,0.833379,1.556284,1.556661
0.812180,0.845369,1.556193,1.556284
0.958878,0.970141,1.556372,1.556193
0.850749,0.817153,1.556735,1.556372
0.954792,0.849000,1.556922,1.556735
0.842353,0.966969,1.556968,1.556922
0.944650,0.816060,1.556806,1.556968
0.844446,0.859800,1.556445,1.556806
0.795010,0.990188,1.556187,1.556445
1.000249,0.824904,1.555984,1.556187
0.798964,0.804283,1.555923,1.555984
0.791909,0.977683,1.556118,1.555923
0.990347,0.828776,1.556756,1.556118
0.809075,0.855104,1.557637,1.556756
0.799893,0.996118,1.558762,1.557637
1.002547,0.796784,1.559721,1.558762
0.855560,0.855736,1.560948,1.559721
1.071968,0.943995,1.565125,1.560948
0.980983,0.753199,1.569446,1.565125
0.973819,0.761205,1.570998,1.569446
0.755753,0.802484,1.571609,1.570998
0.748774,0.609693,1.572198,1.571609
0.606812,0.582638,1.572723,1.572198
0.540352,0.615634,1.573141,1.572723
0.618210,0.477041,1.573202,1.573141
0.453354,0.475817,1.572774,1.573202
0.431157,0.520487,1.571533,1.572774
0.485278,0.386088,1.569420,1.571533
0.371340,0.351333,1.567814,1.569420
0.351343,0.380893,1.566124,1.567814
0.336273,0.313586,1.565264,1.566124
0.207051,0.285798,1.563854,1.565264
0.378316,0.337101,1.556991,1.563854
0.428002,0.252848,1.539004,1.556991
0.428048,0.241579,1.509643,1.539004
0.312904,0.290025,1.457406,1.509643
0.402218,0.270485,1.379070,1.457406
0.465720,0.274862,1.300475,1.379070
0.513413,0.326139,1.213055,1.300475
0.515626,0.314464,1.108854,1.213055
0.370403,0.398355,1.022292,1.108854
0.271532,0.504505,0.918771,1.022292
0.370450,0.499600,0.777815,0.918771
0.439434,0.607825,0.645165,0.777815
0.630586,0.833548,0.505286,0.645165
0.958210,0.748816,0.359373,0.505286
0.882036,0.781401,0.257317,0.359373
1.131463,0.958462,0.176367,0.257317
0.935337,0.784753,0.114433,0.176367
0.896673,0.814633,0.079566,0.114433
0.722502,0.963984,0.061769,0.079566
0.793180,0.764649,0.063963,0.061769
0.725097,0.804323,0.072874,0.063963
0.691745,0.918039,0.079312,0.072874
0.891156,0.794054,0.079776,0.079312
0.738091,0.825845,0.076176,0.079776
0.758031,0.976232,0.072839,0.076176
0.966711,0.815476,0.072390,0.072839
0.773672,0.953962,0.073132,0.072390
0.977957,0.960990,0.073269,0.073132
0.978887,0.848457,0.072156,0.073269
0.784528,0.967246,0.070698,0.072156
0.973929,0.988515,0.069032,0.070698
0.986341,0.928933,0.067729,0.069032
0.995463,0.819850,0.066655,0.067729
0.789559,0.855243,0.065736,0.066655
0.795996,0.991197,0.064965,0.065736
0.994352,0.826312,0.064238,0.064965
0.799149,0.839697,0.063484,0.064238
0.953658,0.999118,0.062721,0.063484
0.849711,0.816654,0.062104,0.062721
0.950614,0.836640,0.061759,0.062104
0.850676,0.993933,0.061745,0.061759
0.945513,0.787797,0.061756,0.061745
0.834548,0.989450,0.061832,0.061756
0.976881,0.963075,0.062375,0.061832
0.946169,0.835295,0.063233,0.062375
0.844437,0.987205,0.064146,0.063233
0.988893,0.835054,0.065135,0.064146
0.795424,0.846483,0.065776,0.065135
0.792654,0.976101,0.066024,0.065776
0.984143,0.841622,0.065352,0.066024
0.804946,0.822852,0.064044,0.065352
0.805523,1.013851,0.060100,0.064044
1.031739,0.833826,0.018172,0.060100
0.894222,0.840677,0.052996,0.018172
0.967933,0.941332,0.102625,0.052996
1.107125,0.727966,0.125742,0.102625
0.779794,0.712849,0.129722,0.125742
0.800513,0.772929,0.125981,0.129722
0.745951,0.606393,0.116935,0.125981
0.541361,0.550280,0.108278,0.116935
0.519413,0.591399,0.100073,0.108278
0.555986,0.483236,0.091833,0.100073
0.427445,0.448990,0.085817,0.091833
0.400662,0.463347,0.080980,0.085817
0.467346,0.382521,0.076665,0.080980
0.348515,0.343288,0.070878,0.076665
0.313786,0.346224,0.034759,0.070878
0.241348,0.290694,0.019476,0.034759
0.231460,0.272309,0.086048,0.019476
0.373993,0.340775,0.173262,0.086048
0.511557,0.269981,0.271224,0.173262
0.338591,0.257348,0.314117,0.271224
0.344451,0.283495,0.306089,0.314117
0.423812,0.280890,0.273374,0.306089
0.460945,0.336939,0.308267,0.273374
0.542074,0.391939,0.413360,0.308267
0.401303,0.367444,0.548127,0.413360
0.268603,0.511226,0.674395,0.548127
0.370958,0.515726,0.820715,0.674395
0.468539,0.591657,0.944666,0.820715
0.543074,0.803350,1.066171,0.944666
0.864124,0.699021,1.192689,1.066171
0.809642,0.771311,1.279761,1.192689
0.861040,0.959442,1.351614,1.279761
1.204215,0.805214,1.419864,1.351614
0.870056,0.808993,1.465983,1.419864
0.787760,0.922498,1.504940,1.465983
0.906785,0.772312,1.541970,1.504940
0.698731,0.791296,1.566143,1.541970
0.849594,0.951095,1.583526,1.566143
0.772509,0.774675,1.592764,1.583526
0.881116,0.830093,1.590422,1.592764
0.788569,0.936351,1.580482,1.590422
0.890440,0.794893,1.565673,1.580482
0.809576,0.825678,1.555063,1.565673
0.756684,0.948225,1.548281,1.555063
0.958107,0.799563,1.546023,1.548281
0.786066,0.794901,1.547630,1.546023
0.781696,0.964360,1.550988,1.547630
0.971719,0.827138,1.555057,1.550988
0.778309,0.834031,1.557566,1.555057
0.778506,0.960321,1.558874,1.557566
0.978604,0.821748,1.558959,1.558874
0.801206,0.873561,1.558280,1.558959
0.952874,1.021425,1.557355,1.558280
0.852708,0.807389,1.556509,1.557355
0.952533,0.821033,1.556132,1.556509
0.845492,0.961237,1.556198,1.556132
0.957591,0.813909,1.556589,1.556198
0.852615,0.852292,1.556960,1.556589
0.789635,0.978373,1.557310,1.556960
0.994366,0.833619,1.557687,1.557310
0.798069,0.846221,1.557927,1.557687
0.798168,0.979756,1.558147,1.557927
1.006370,0.822612,1.558432,1.558147
0.803847,0.838417,1.558886,1.558432
0.804107,0.969720,1.559398,1.558886
0.996354,0.803875,1.559910,1.559398
0.794638,0.838229,1.560237,1.559910
0.943459,0.987502,1.560519,1.560237
0.843002,0.842487,1.560649,1.560519
0.957653,0.834356,1.559928,1.560649
0.971651,0.953768,1.560462,1.559928
1.125056,0.755873,1.563332,1.560462
0.957172,0.766365,1.564711,1.563332
0.797694,0.835825,1.565043,1.564711
0.866139,0.636382,1.564901,1.565043
0.618334,0.620645,1.564954,1.564901
0.558122,0.635414,1.565597,1.564954
0.629515,0.507903,1.567020,1.565597
0.470162,0.487582,1.568397,1.567020
0.441576,0.524523,1.569579,1.568397
0.504338,0.420524,1.570477,1.569579
0.376444,0.358440,1.570858,1.570477
0.413179,0.409638,1.570968,1.570858
0.332335,0.306892,1.569825,1.570968
0.259633,0.297095,1.570212,1.569825
0.261977,0.366159,1.578274,1.570212
0.434466,0.265521,1.608130,1.578274
0.459537,0.259461,1.650411,1.608130
0.409658,0.263210,1.704875,1.650411
0.411224,0.242317,1.766226,1.704875
0.341179,0.269735,1.816122,1.766226
0.421668,0.332755,1.885485,1.816122
0.498002,0.303936,1.991093,1.885485
0.288966,0.342207,2.091081,1.991093
0.234327,0.471000,2.208890,2.091081
0.215799,0.496598,2.364468,2.208890
0.274040,0.526359,2.502330,2.364468
0.516908,0.718254,2.640984,2.502330
0.670436,0.695394,2.781602,2.640984
1.057641,0.772699,2.873026,2.781602
1.084689,0.923806,2.942965,2.873026
1.252390,0.799778,3.003822,2.942965
1.073338,0.799848,3.044860,3.003822
0.883568,0.912769,3.080456,3.044860
1.016072,0.763389,3.114990,3.080456
0.762494,0.795155,3.137450,3.114990
0.732685,0.951834,3.131266,3.137450
0.903487,0.748975,3.124117,3.131266
0.730321,0.786293,3.127661,3.124117
0.724486,0.955321,3.137705,3.127661
0.897929,0.781719,3.133513,3.137705
0.721006,0.821061,3.124236,3.133513
0.872025,0.969675,3.118850,3.124236
0.810738,0.823709,3.117892,3.118850
0.898627,0.827109,3.120036,3.117892
0.826055,0.966784,3.123507,3.120036
0.942489,0.815134,3.127428,3.123507
0.850790,0.850988,3.129614,3.127428
0.800390,0.947233,3.130481,3.129614
0.991143,0.818034,3.130214,3.130481
0.796749,0.836618,3.129450,3.130214
0.806260,0.965399,3.128479,3.129450
1.005449,0.814232,3.127605,3.128479
0.800779,0.840105,3.127229,3.127605
0.803190,0.958539,3.127173,3.127229
1.005473,0.828027,3.127407,3.127173
0.794917,0.843560,3.127760,3.127407
0.939298,0.983914,3.128237,3.127760
0.842266,0.808902,3.128747,3.128237
0.939950,0.859918,3.129125,3.128747
0.841052,0.987072,3.129459,3.129125
0.940673,0.815762,3.129823,3.129459
0.836002,0.854808,3.130198,3.129823
0.789312,0.993491,3.130761,3.130198
0.981480,0.828638,3.131421,3.130761
0.770411,0.841427,3.131887,3.131421
0.764632,0.943431,3.132178,3.131887
0.954733,0.836574,3.132364,3.132178
0.782641,0.844996,3.131949,3.132364
0.852964,1.004615,3.131538,3.131949
0.944945,0.806076,3.132187,3.131538
0.513161,0.772038,3.132309,3.132187
0.791118,0.848783,3.132091,3.132309
0.683156,0.641404,3.132046,3.132091
0.714549,0.728182,3.132565,3.132046
0.676513,0.652327,3.133892,3.132565
0.521489,0.479947,3.135573,3.133892
0.536075,0.572798,3.137026,3.135573
0.519618,0.410286,3.138582,3.137026
0.395231,0.425529,3.139698,3.138582
0.394598,0.432027,3.140591,3.139698
0.428610,0.339725,3.141632,3.140591
0.315748,0.303597,3.141750,3.141632
0.295906,0.345096,3.139403,3.141750
0.327689,0.231245,3.135588,3.139403
0.245333,0.229197,3.132543,3.135588
0.228084,0.276750,3.130732,3.132543
0.260522,0.194664,3.130325,3.130732
0.180109,0.209328,3.131091,3.130325
0.156051,0.203958,3.132444,3.131091
0.175222,0.125512,3.134029,3.132444
0.124472,0.120476,3.134842,3.134029
0.105645,0.127527,3.135163,3.134842
0.098365,0.086732,3.134958,3.135163
0.083983,0.099127,3.134428,3.134958
0.065552,0.075142,3.133840,3.134428
0.080798,0.038614,3.133461,3.133840
0.097016,0.046816,3.133110,3.133461
0.087866,0.006376,3.132955,3.133110
0.000000,0.000000,0.000000,0.000000
0.000000,0.002266,2.059079,0.000000
0.000000,0.025531,2.055805,2.059079
0.027378,0.029041,2.046835,2.055805
0.030784,0.051967,2.040281,2.046835
0.027263,0.042931,2.050955,2.040281
0.000000,0.040852,2.068041,2.050955
0.000000,0.033899,2.081437,2.068041
0.000000,0.037390,2.080921,2.081437
0.000000,0.018650,2.081466,2.080921
0.000000,0.037478,2.082126,2.081466
0.031440,0.037766,2.072870,2.082126
0.033343,0.033276,2.074434,2.072870
0.036698,0.042070,2.075529,2.074434
0.045885,0.043256,2.076215,2.075529
0.028310,0.030675,2.076269,2.076215
0.046845,0.064102,2.076215,2.076269
0.068931,0.013283,2.076808,2.076215
0.068674,0.044756,2.077896,2.076808
0.075001,0.041902,2.079161,2.077896
0.111091,0.035921,2.080883,2.079161
0.090279,0.018774,2.082877,2.080883
0.087362,0.059463,2.084974,2.082877
0.080566,0.025909,2.085731,2.084974
0.055322,0.039178,2.084958,2.085731
0.049185,0.012580,2.083420,2.084958
0.048537,0.010503,2.081413,2.083420
0.080765,0.049651,2.079285,2.081413
0.064630,0.038389,2.076440,2.079285
0.074058,0.045413,2.073169,2.076440
0.104458,0.030965,2.068191,2.073169
0.157367,0.031619,2.057066,2.068191
0.231814,0.056324,2.029269,2.057066
0.133123,0.077067,1.982685,2.029269
0.058455,0.242365,1.904256,1.982685
0.139073,0.287329,1.773232,1.904256
0.295287,0.368370,1.659450,1.773232
0.510525,0.508137,1.562633,1.659450
0.456595,0.515255,1.479702,1.562633
0.619600,0.590334,1.420779,1.479702
0.547937,0.799209,1.342695,1.420779
0.631020,0.708264,1.208967,1.342695
0.657322,0.745155,1.065180,1.208967
0.670891,0.944875,0.901569,1.065180
0.852470,0.806922,0.713287,0.901569
0.922134,0.853894,0.570688,0.713287
0.979486,0.962240,0.444661,0.570688
1.121254,0.791227,0.326926,0.444661
0.850347,0.831587,0.251302,0.326926
0.794176,0.912709,0.191574,0.251302
0.906133,0.771863,0.141502,0.191574
0.695645,0.815487,0.114865,0.141502
0.798832,0.923789,0.099721,0.114865
0.703095,0.777432,0.091698,0.099721
0.798484,0.825987,0.088835,0.091698
0.724813,0.952725,0.086531,0.088835
0.827550,0.799807,0.081490,0.086531
0.777185,0.842254,0.073825,0.081490
0.766370,0.979493,0.065791,0.073825
0.995279,0.817284,0.059565,0.065791
0.788934,0.848542,0.057498,0.059565
0.786097,0.979564,0.057618,0.057498
0.987969,0.809001,0.058020,0.057618
0.806263,0.831223,0.057944,0.058020
0.796698,0.974559,0.057807,0.057944
0.998125,0.797179,0.057918,0.057807
0.785071,0.861724,0.058095,0.057918
0.947914,0.995677,0.058235,0.058095
0.855754,0.786448,0.058502,0.058235
0.959887,0.843613,0.058934,0.058502
0.857737,0.998036,0.059674,0.058934
0.951310,0.787758,0.060261,0.059674
0.847084,1.027967,0.060386,0.060261
0.997095,0.989092,0.060004,0.060386
0.953625,0.851193,0.059601,0.060004
0.855211,0.963779,0.059551,0.059601
0.990804,0.824430,0.060003,0.059551
0.783375,0.858491,0.060563,0.060003
0.777087,0.987372,0.060954,0.060563
0.977962,0.804260,0.060768,0.060954
0.787849,0.845527,0.059864,0.060768
0.792018,0.971352,0.058476,0.059864
1.006278,0.999939,0.024645,0.058476
1.124180,0.963219,0.053623,0.024645
1.154913,0.784249,0.110564,0.053623
0.877926,0.755788,0.128377,0.110564
0.796847,0.810079,0.131913,0.128377
0.857032,0.603927,0.126758,0.131913
0.620596,0.609410,0.118937,0.126758
0.665415,0.650193,0.109707,0.118937
0.533515,0.521740,0.099282,0.109707
0.554366,0.474834,0.091588,0.099282
0.456725,0.514203,0.085453,0.091588
0.470189,0.458204,0.080422,0.085453
0.449569,0.425979,0.077808,0.080422
0.416891,0.308477,0.068558,0.077808
0.284524,0.294547,0.043487,0.068558
0.210399,0.351487,0.052778,0.043487
0.369202,0.256837,0.123488,0.052778
0.372967,0.261268,0.201331,0.123488
0.365138,0.289252,0.275637,0.201331
0.376922,0.205962,0.302297,0.275637
0.278188,0.257776,0.271664,0.302297
0.289805,0.306495,0.236519,0.271664
0.425993,0.311934,0.291853,0.236519
0.289627,0.315336,0.383143,0.291853
0.217255,0.427602,0.497822,0.383143
0.283150,0.454984,0.639433,0.497822
0.254758,0.508274,0.757362,0.639433
0.353229,0.703425,0.880106,0.757362
0.480340,0.656032,1.020889,0.880106
0.521880,0.770299,1.131300,1.020889
0.729738,0.949068,1.229846,1.131300
1.063983,0.785626,1.323262,1.229846
0.840142,0.797420,1.386547,1.323262
0.780728,0.923985,1.439110,1.386547
0.846707,0.798384,1.488212,1.439110
0.634494,0.808568,1.522026,1.488212
0.628014,0.970546,1.550868,1.522026
0.819885,0.786417,1.575867,1.550868
0.672507,0.786099,1.588136,1.575867
0.698348,0.924983,1.591193,1.588136
0.924101,0.791083,1.583113,1.591193
0.767055,0.835076,1.571204,1.583113
0.925339,0.978703,1.559090,1.571204
0.978476,0.805507,1.549190,1.559090
0.781430,0.846211,1.545553,1.549190
0.836561,0.963655,1.545790,1.545553
0.989197,0.811159,1.549313,1.545790
0.796752,0.841087,1.553075,1.549313
0.796693,0.968993,1.556458,1.553075
1.002983,0.817730,1.558781,1.556458
0.798624,0.841169,1.559281,1.558781
0.804872,0.994339,1.558852,1.559281
0.997186,0.802201,1.557968,1.558852
0.802205,0.840270,1.557329,1.557968
0.813302,0.973499,1.556896,1.557329
1.024009,0.844672,1.556736,1.556896
0.821724,0.848245,1.556881,1.556736
0.950822,0.977952,1.557301,1.556881
0.997955,0.836837,1.557917,1.557301
0.786523,0.822739,1.558332,1.557917
0.837946,0.968830,1.558565,1.558332
0.993679,0.832279,1.558500,1.558565
0.798730,0.814495,1.558297,1.558500
0.799834,0.978418,1.558205,1.558297
1.000126,0.818339,1.558488,1.558205
0.793329,0.827121,1.559082,1.558488
0.789271,0.946447,1.559861,1.559082
0.987812,0.811295,1.560807,1.559861
0.798499,0.863528,1.561185,1.560807
0.815251,0.995233,1.560619,1.561185
1.116536,0.805442,1.562078,1.560619
0.937337,0.770055,1.564253,1.562078
1.016671,0.873754,1.565510,1.564253
0.934775,0.685426,1.566219,1.565510
0.672364,0.665379,1.567187,1.566219
0.647024,0.698829,1.568981,1.567187
0.681909,0.537079,1.572174,1.568981
0.506373,0.512854,1.575420,1.572174
0.481777,0.554039,1.578846,1.575420
0.540810,0.429108,1.582536,1.578846
0.398976,0.395071,1.585100,1.582536
0.366838,0.440549,1.587240,1.585100
0.433809,0.359899,1.589081,1.587240
0.314179,0.303751,1.589620,1.589081
0.224324,0.354906,1.590866,1.589620
0.351775,0.315408,1.587206,1.590866
0.377756,0.259606,1.576859,1.587206
0.437387,0.277167,1.556602,1.576859
0.421439,0.247574,1.506670,1.556602
0.299967,0.236746,1.448321,1.506670
0.262832,0.331571,1.375276,1.448321
0.349457,0.311428,1.278659,1.375276
0.184062,0.329334,1.193088,1.278659
0.151073,0.389345,1.105677,1.193088
0.160400,0.384782,0.994294,1.105677
0.161924,0.498842,0.881807,0.994294
0.294021,0.683524,0.755053,0.881807
0.520926,0.617876,0.590892,0.755053
0.508712,0.738755,0.457750,0.590892
0.637303,0.903376,0.337852,0.457750
1.012459,0.790557,0.223226,0.337852
0.897910,0.822345,0.156350,0.223226
1.037070,0.926359,0.108399,0.156350
0.990762,0.765471,0.071787,0.108399
0.730903,0.789322,0.060552,0.071787
0.735671,0.932565,0.064508,0.060552
0.847194,0.766297,0.073914,0.064508
0.687857,0.795958,0.078547,0.073914
0.713275,0.929074,0.079194,0.078547
0.926115,0.764953,0.077079,0.079194
0.754560,0.844130,0.076047,0.077079
0.768647,0.943015,0.076726,0.076047
0.972138,0.825432,0.077565,0.076726
0.779403,0.811853,0.077042,0.077565
0.786761,0.963435,0.075610,0.077042
0.991879,0.827416,0.073763,0.075610
0.799645,0.824156,0.072474,0.073763
0.944897,0.953746,0.071208,0.072474
0.979277,0.854890,0.069918,0.071208
0.770490,0.841406,0.068583,0.069918
0.798007,0.987209,0.066898,0.068583
0.984438,0.835178,0.065024,0.066898
0.792360,0.821562,0.063530,0.065024
0.793680,0.978198,0.062354,0.063530
0.999917,0.836102,0.061842,0.062354
0.804007,0.874097,0.061925,0.061842
0.804190,0.983460,0.062117,0.061925
1.004295,0.836360,0.062353,0.062117
0.798019,0.839168,0.062450,0.062353
0.792521,0.978254,0.062501,0.062450
0.989816,0.803016,0.062505,0.062501
0.786206,0.843732,0.062470,0.062505
0.932858,0.976982,0.062260,0.062470
0.972171,0.807374,0.061745,0.062260
0.774639,0.826441,0.061247,0.061745
0.826154,1.006516,0.060849,0.061247
0.979160,0.846582,0.060786,0.060849
0.779242,0.853265,0.061089,0.060786
0.774341,0.952133,0.040746,0.061089
1.081909,0.810817,0.031909,0.040746
0.948089,0.792754,0.088952,0.031909
0.927048,0.920130,0.118360,0.088952
1.005050,0.721711,0.129058,0.118360
0.710420,0.646918,0.128206,0.129058
0.645281,0.695872,0.122465,0.128206
0.727244,0.559440,0.112307,0.122465
0.518083,0.551201,0.103268,0.112307
0.551433,0.563092,0.094779,0.103268
0.534111,0.443584,0.086684,0.094779
0.400534,0.421507,0.081374,0.086684
0.397363,0.466970,0.077110,0.081374
0.438081,0.341142,0.072907,0.077110
0.325751,0.312827,0.049592,0.072907
0.247450,0.372871,0.014680,0.049592
0.291669,0.298311,0.065216,0.014680
0.375946,0.297933,0.151861,0.065216
0.425117,0.282966,0.241386,0.151861
0.512614,0.253447,0.321683,0.241386
0.363869,0.226719,0.336751,0.321683
0.381785,0.310881,0.319043,0.336751
0.579711,0.305451,0.333286,0.319043
0.447576,0.300100,0.408941,0.333286
0.376856,0.416186,0.513858,0.408941
0.150440,0.397582,0.661933,0.513858
0.201737,0.446597,0.791702,0.661933
0.441458,0.636988,0.926544,0.791702
0.709780,0.606508,1.079657,0.926544
0.635404,0.701992,1.192341,1.079657
0.773098,0.859847,1.285605,1.192341
1.115474,0.770982,1.366126,1.285605
0.975331,0.823989,1.417431,1.366126
0.985174,0.932777,1.461694,1.417431
1.084038,0.794518,1.504871,1.461694
0.766486,0.807110,1.534895,1.504871
0.711133,0.896110,1.560146,1.534895
0.854438,0.766504,1.581536,1.560146
0.675432,0.797976,1.590811,1.581536
0.817281,0.946068,1.590362,1.590811
0.930885,0.777150,1.577950,1.590362
0.768390,0.801861,1.564001,1.577950
0.833130,0.980852,1.551919,1.564001
0.982069,0.796124,1.543881,1.551919
0.782885,0.813389,1.542408,1.543881
0.806304,0.967399,1.544618,1.542408
0.992893,0.822555,1.549560,1.544618
0.789815,0.860976,1.553788,1.549560
0.781086,0.961984,1.557117,1.553788
0.975796,0.821939,1.559124,1.557117
0.790307,0.826370,1.559382,1.559124
0.792114,0.993974,1.558714,1.559382
0.992370,0.838297,1.557481,1.558714
0.794713,0.839826,1.556577,1.557481
0.955401,0.985427,1.555991,1.556577
1.001940,0.986067,1.555828,1.555991
1.009879,0.983756,1.556154,1.555828
0.855842,0.821879,1.556832,1.556154
0.952831,0.858712,1.557514,1.556832
0.853641,0.995910,1.558309,1.557514
0.962146,0.802554,1.559279,1.558309
0.858220,0.867757,1.560002,1.559279
0.800216,0.984392,1.560622,1.560002
0.995486,0.840090,1.561141,1.560622
0.791114,0.843331,1.561303,1.561141
0.797164,0.978403,1.561270,1.561303
0.994989,1.002038,1.561272,1.561270
1.004192,0.963876,1.561480,1.561272
1.008265,0.820042,1.562027,1.561480
0.816995,0.859160,1.562124,1.562027
0.874834,0.985943,1.563491,1.562124
1.174441,0.791413,1.567422,1.563491
0.891779,0.738998,1.569324,1.567422
0.790877,0.831446,1.569373,1.569324
0.841790,0.634133,1.568400,1.569373
0.615243,0.622201,1.567331,1.568400
0.674171,0.652037,1.566551,1.567331
0.639116,0.513518,1.566556,1.566551
0.452609,0.566771,1.567435,1.566556
0.530686,0.506990,1.569399,1.567435
0.495221,0.381009,1.571716,1.569399
0.401325,0.436566,1.573666,1.571716
0.422443,0.343867,1.575372,1.573666
0.319350,0.314534,1.575731,1.575372
0.205796,0.379145,1.576532,1.575731
0.347441,0.287688,1.572633,1.576532
0.400894,0.285500,1.562373,1.572633
0.415716,0.293476,1.542867,1.562373
0.461142,0.235399,1.495321,1.542867
0.300731,0.323729,1.438265,1.495321
0.372291,0.330606,1.351624,1.438265
0.609140,0.266798,1.254029,1.351624
0.382627,0.369001,1.166219,1.254029
0.448801,0.370434,1.064416,1.166219
0.290869,0.419899,0.968236,1.064416
0.255922,0.597244,0.851477,0.968236
0.510648,0.556735,0.699406,0.851477
0.667495,0.695070,0.560452,0.699406
0.998666,0.863662,0.425870,0.560452
1.203745,0.756390,0.292013,0.425870
0.975740,0.831554,0.202968,0.292013
1.061240,0.933218,0.140891,0.202968
1.094575,0.765847,0.091228,0.140891
0.771393,0.826505,0.066657,0.091228
0.711602,0.926932,0.061216,0.066657
0.840519,0.745188,0.069232,0.061216
0.664298,0.795532,0.077024,0.069232
0.685589,0.926277,0.081563,0.077024
0.893300,0.938266,0.081680,0.081563
0.938157,0.943530,0.079734,0.081680
0.951996,0.783253,0.078733,0.079734
0.774617,0.821839,0.078447,0.078733
0.785403,0.964793,0.077596,0.078447
0.983280,0.811898,0.075452,0.077596
0.788873,0.846821,0.073257,0.075452
0.933548,0.971015,0.071058,0.073257
0.840267,0.842490,0.069003,0.071058
0.950813,0.984546,0.067332,0.069003
0.994690,0.995396,0.065726,0.067332
0.844202,0.870394,0.064619,0.065726
0.944227,0.980442,0.064273,0.064619
0.998495,0.841490,0.063934,0.064273
0.798275,0.867995,0.063501,0.063934
0.838348,0.998516,0.062673,0.063501
0.995195,0.843467,0.061133,0.062673
0.800455,0.806551,0.059544,0.061133
0.799479,0.979347,0.058091,0.059544
1.005423,0.798109,0.057355,0.058091
0.800882,0.818718,0.057643,0.057355
0.792782,0.985157,0.058669,0.057643
0.988775,0.847199,0.060165,0.058669
0.785360,0.833618,0.061355,0.060165
0.778836,0.981587,0.062119,0.061355
0.981537,0.813968,0.062334,0.062119
0.788058,0.838170,0.062168,0.062334
0.935208,0.973124,0.061876,0.062168
0.988100,0.817178,0.061505,0.061876
0.791174,0.822290,0.052426,0.061505
0.877316,0.962070,0.013086,0.052426
1.190674,0.823425,0.073095,0.013086
0.946348,0.788282,0.111642,0.073095
0.856073,0.868106,0.126369,0.111642
0.900429,0.662716,0.127820,0.126369
0.638975,0.655288,0.122796,0.127820
0.582288,0.708570,0.115216,0.122796
0.649404,0.544048,0.105862,0.115216
0.476116,0.516901,0.098660,0.105862
0.441953,0.502702,0.092004,0.098660
0.506805,0.447615,0.085096,0.092004
0.382398,0.387873,0.080095,0.085096
0.429913,0.409605,0.075877,0.080095
0.404527,0.321596,0.057654,0.075877
0.261823,0.326307,0.012460,0.057654
0.179090,0.326359,0.027742,0.012460
0.375002,0.259746,0.119741,0.027742
0.416161,0.273122,0.206964,0.119741
0.428500,0.259902,0.288598,0.206964
0.471065,0.222555,0.325950,0.288598
0.357357,0.257908,0.308374,0.325950
0.384932,0.318567,0.294659,0.308374
0.612375,0.351839,0.362192,0.294659
0.509190,0.395960,0.481646,0.362192
0.487220,0.373561,0.629084,0.481646
0.319911,0.455222,0.756897,0.629084
0.342367,0.616278,0.888968,0.756897
0.486254,0.583909,1.040117,0.888968
0.603404,0.679646,1.154149,1.040117
0.945225,0.887767,1.252133,1.154149
1.013921,0.756092,1.340506,1.252133
1.122840,0.989374,1.397955,1.340506
1.155577,0.960532,1.455042,1.397955
0.897187,0.775183,1.500288,1.455042
0.903436,0.913657,1.532387,1.500288
0.881529,0.795095,1.562527,1.532387
0.702528,0.814745,1.580777,1.562527
0.755521,0.927179,1.591405,1.580777
0.902297,0.761011,1.591651,1.591405
0.732863,0.796602,1.582939,1.591651
0.738719,0.954743,1.570316,1.582939
0.938704,0.800163,1.556788,1.570316
0.756797,0.823104,1.549382,1.556788
0.765173,0.954937,1.546320,1.549382
0.957868,0.800311,1.547494,1.546320
0.592035,0.825119,1.550777,1.547494
0.357167,0.996468,1.554683,1.550777
0.742840,0.824932,1.558163,1.554683
0.717986,0.841723,1.559652,1.558163
0.915154,0.957649,1.559968,1.559652
1.000851,0.824851,1.559341,1.559968
0.809365,0.839768,1.558351,1.559341
0.862369,0.969135,1.557388,1.558351
1.008988,0.818555,1.556669,1.557388
0.811983,0.852580,1.556323,1.556669
0.801865,0.991975,1.556251,1.556323
0.993800,0.832177,1.556457,1.556251
0.785406,0.831699,1.556765,1.556457
0.782423,0.997102,1.557243,1.556765
0.998786,0.829057,1.557884,1.557243
0.474908,0.857394,1.558373,1.557884
0.471440,0.979308,1.558889,1.558373
0.354365,0.848290,1.559423,1.558889
0.170400,0.826983,1.559799,1.559423
0.180573,0.987678,1.560082,1.559799
0.664074,0.796004,1.560330,1.560082
0.687934,0.846659,1.560453,1.560330
0.804051,0.975278,1.560657,1.560453
0.971834,0.849811,1.560478,1.560657
0.835542,0.847945,1.559954,1.560478
0.926854,0.942227,1.561627,1.559954
1.190264,0.905101,1.564378,1.561627
1.050533,0.869028,1.565187,1.564378
0.887144,0.667978,1.564838,1.565187
0.621023,0.614962,1.564811,1.564838
0.558619,0.696765,1.565635,1.564811
0.641852,0.499484,1.567933,1.565635
0.473230,0.497627,1.570727,1.567933
0.443699,0.516608,1.573934,1.570727
0.514870,0.383849,1.577461,1.573934
0.385034,0.388440,1.579835,1.577461
0.416872,0.400505,1.581618,1.579835
0.345499,0.321113,1.581872,1.581618
0.313186,0.312678,1.581366,1.581872
0.237114,0.350953,1.585613,1.581366
0.392698,0.282144,1.608014,1.585613
0.415367,0.251763,1.644297,1.608014
0.372209,0.265841,1.695237,1.644297
0.422550,0.229320,1.759163,1.695237
0.335425,0.269069,1.809046,1.759163
0.440285,0.326899,1.873403,1.809046
0.526508,0.299005,1.974340,1.873403
0.324142,0.312573,2.071331,1.974340
0.267197,0.412325,2.184344,2.071331
0.215784,0.423486,2.335631,2.184344
0.230701,0.496056,2.471664,2.335631
0.498378,0.720799,2.611414,2.471664
0.716356,0.678486,2.757693,2.611414
1.067784,0.760645,2.854994,2.757693
1.074890,0.904002,2.929890,2.854994
1.226840,0.785128,2.993979,2.929890
1.122649,0.803087,3.036714,2.993979
0.997830,0.962644,3.073671,3.036714
1.051925,0.811129,3.109431,3.073671
0.771113,0.767950,3.133258,3.109431
0.735082,0.920101,3.133974,3.133258
0.893718,0.735448,3.124645,3.133974
0.713647,0.821659,3.126046,3.124645
0.702205,0.933116,3.134663,3.126046
0.890249,0.770507,3.136765,3.134663
0.712861,0.828756,3.126883,3.136765
0.848571,0.899178,3.120363,3.126883
0.794828,0.805424,3.117931,3.120363
0.908435,0.817514,3.119195,3.117931
0.820980,0.945235,3.122092,3.119195
0.936192,0.801544,3.125721,3.122092
0.847368,0.848791,3.127942,3.125721
0.808384,0.952356,3.129064,3.127942
1.005797,1.015785,3.129148,3.129064
0.998051,0.981898,3.128323,3.129148
1.000238,0.820291,3.127333,3.128323
0.790509,0.855711,3.126590,3.127333
0.785341,1.012779,3.126230,3.126590
0.982353,0.809183,3.126203,3.126230
0.790552,0.840955,3.126534,3.126203
0.794096,0.977770,3.127011,3.126534
0.993382,0.972918,3.127592,3.127011
0.994585,0.999943,3.128115,3.127592
0.985063,0.815939,3.128554,3.128115
0.790688,0.868154,3.128870,3.128554
0.788053,0.998001,3.129149,3.128870
0.981934,0.801281,3.129359,3.129149
0.773489,0.851556,3.129598,3.129359
0.925939,0.999233,3.129974,3.129598
0.816699,0.823434,3.130388,3.129974
0.911774,0.833255,3.130643,3.130388
0.813102,0.987134,3.130822,3.130643
0.951850,0.805784,3.130590,3.130822
0.880111,0.846683,3.130811,3.130590
0.886275,0.943511,3.132273,3.130811
1.057961,0.742759,3.133475,3.132273
0.761828,0.724266,3.133832,3.133475
0.666032,0.737197,3.134094,3.133832
0.718899,0.581626,3.135127,3.134094
0.533010,0.669060,3.136032,3.135127
0.588505,0.586723,3.137241,3.136032
0.542405,0.465328,3.138725,3.137241
0.410711,0.506744,3.139967,3.138725
0.485248,0.378474,3.141061,3.139967
0.363793,0.355416,3.141565,3.141061
0.335406,0.420088,3.141907,3.141565
0.385980,0.304509,3.142102,3.141907
0.295746,0.273453,3.140658,3.142102
0.322547,0.314266,3.138490,3.140658
0.303741,0.224673,3.136312,3.138490
0.231244,0.250386,3.135321,3.136312
0.226867,0.211786,3.135143,3.135321
0.241804,0.135851,3.135839,3.135143
0.181110,0.174949,3.136647,3.135839
0.146991,0.156281,3.137450,3.136647
0.155044,0.133722,3.138039,3.137450
0.097487,0.099200,3.138143,3.138039
0.072483,0.079083,3.137952,3.138143
0.072052,0.049423,3.137449,3.137952
0.040457,0.062975,3.136999,3.137449
0.020247,0.064616,3.136591,3.136999
0.033587,0.040882,3.136322,3.136591
0.035522,0.038107,3.136180,3.136322
0.038698,0.057904,3.136096,3.136180
0.049369,0.031136,3.135996,3.136096
0.031344,0.014454,3.136071,3.135996
0.000000,0.000000,0.000000,0.000000
0.000000,0.026918,2.060252,0.000000
0.016086,0.050069,2.055412,2.060252
0.033457,0.061094,2.039274,2.055412
0.035669,0.067046,2.019335,2.039274
0.036607,0.028799,2.003517,2.019335
0.018104,0.037883,1.997484,2.003517
0.000000,0.026236,1.996069,1.997484
0.000000,0.038408,1.995647,1.996069
0.000000,0.013736,1.995793,1.995647
0.000000,0.028024,1.995848,1.995793
0.000000,0.031948,1.995978,1.995848
0.000000,0.063311,1.989748,1.995978
0.000000,0.021683,1.991162,1.989748
0.000000,0.038527,1.990909,1.991162
0.037535,0.043235,1.989498,1.990909
0.048932,0.036324,1.988193,1.989498
0.064360,0.010006,1.988272,1.988193
0.073099,0.043217,1.991740,1.988272
0.066619,0.032239,1.993487,1.991740
0.076827,0.032081,1.994509,1.993487
0.072125,0.028908,1.994514,1.994509
0.066059,0.010896,1.994286,1.994514
0.081559,0.020604,1.993942,1.994286
0.053771,0.024562,1.994552,1.993942
0.059799,0.027254,1.995130,1.994552
0.151599,0.022764,1.971093,1.995130
0.166062,0.062202,1.935037,1.971093
0.084908,0.130331,1.880522,1.935037
0.000000,0.267073,1.791723,1.880522
0.241624,0.313506,1.657263,1.791723
0.310459,0.384649,1.549029,1.657263
0.359053,0.561980,1.460893,1.549029
0.595126,0.575865,1.380165,1.460893
0.435932,0.605130,1.310905,1.380165
0.444503,0.835015,1.214760,1.310905
0.655303,0.767605,1.066407,1.214760
0.614153,0.782451,0.918594,1.066407
0.493309,0.957067,0.762277,0.918594
0.829902,0.811984,0.591029,0.762277
0.886650,0.826078,0.462790,0.591029
1.087627,0.953353,0.352962,0.462790
1.061398,0.766729,0.254845,0.352962
0.788759,0.836548,0.193119,0.254845
0.784059,0.912084,0.145740,0.193119
0.884292,0.792612,0.109867,0.145740
0.687512,0.803270,0.094779,0.109867
0.684980,0.965705,0.089608,0.094779
0.854238,0.791194,0.086717,0.089608
0.697940,0.791564,0.083278,0.086717
0.708400,0.975045,0.077907,0.083278
0.913276,0.797801,0.070271,0.077907
0.755369,0.854180,0.063986,0.070271
0.782951,0.963684,0.059454,0.063986
1.010664,0.827649,0.057668,0.059454
0.794927,0.839082,0.057467,0.057668
0.945949,0.963497,0.056988,0.057467
1.000479,0.829355,0.056520,0.056988
0.804249,0.811021,0.056962,0.056520
0.847401,0.986749,0.058264,0.056962
0.983282,0.994396,0.059948,0.058264
0.975771,0.962819,0.061038,0.059948
0.935183,0.828669,0.061109,0.061038
0.844211,0.843729,0.060802,0.061109
0.802353,0.988000,0.060179,0.060802
1.009521,0.842818,0.058787,0.060179
0.804776,0.827901,0.057574,0.058787
0.818290,1.031687,0.057049,0.057574
1.012452,0.809058,0.057563,0.057049
0.795597,0.789834,0.058389,0.057563
0.788975,0.972760,0.059296,0.058389
0.975563,0.994462,0.059916,0.059296
0.980123,1.005730,0.060444,0.059916
0.978541,0.811758,0.060980,0.060444
0.776529,0.826326,0.061729,0.060980
0.777840,0.979196,0.062054,0.061729
0.981504,0.801491,0.034174,0.062054
0.853579,0.838657,0.025769,0.034174
1.077950,0.978592,0.086161,0.025769
1.116036,0.756732,0.119715,0.086161
0.811248,0.722319,0.128966,0.119715
0.765566,0.768575,0.128724,0.128966
0.790607,0.631865,0.121577,0.128724
0.579879,0.578605,0.113083,0.121577
0.525927,0.617678,0.104069,0.113083
0.598681,0.474420,0.095140,0.104069
0.440963,0.454303,0.089912,0.095140
0.412781,0.460060,0.086541,0.089912
0.486512,0.371433,0.084717,0.086541
0.360122,0.378304,0.084557,0.084717
0.336309,0.378059,0.069119,0.084557
0.324280,0.299698,0.054202,0.069119
0.204187,0.292634,0.069756,0.054202
0.347030,0.324208,0.133512,0.069756
0.462203,0.250320,0.226311,0.133512
0.358443,0.234251,0.292560,0.226311
0.317402,0.261805,0.309662,0.292560
0.306944,0.256701,0.266863,0.309662
0.300614,0.271656,0.248477,0.266863
0.280140,0.357262,0.304878,0.248477
0.206376,0.328033,0.417889,0.304878
0.213687,0.364691,0.537937,0.417889
0.151728,0.546000,0.662034,0.537937
0.212977,0.510671,0.806797,0.662034
0.229619,0.622315,0.928071,0.806797
0.321430,0.803137,1.047953,0.928071
0.611054,0.912828,1.174427,1.047953
0.922319,0.939597,1.280424,1.174427
1.147874,0.802332,1.362499,1.280424
0.882669,0.975953,1.418520,1.362499
0.984977,0.939546,1.473913,1.418520
0.932217,0.937110,1.517233,1.473913
0.864450,0.910493,1.552236,1.517233
0.837728,0.824258,1.577113,1.552236
0.671141,0.934916,1.589818,1.577113
0.875519,0.958173,1.592675,1.589818
0.920603,0.948579,1.582865,1.592675
0.956190,0.805070,1.567752,1.582865
0.778299,0.806404,1.556520,1.567752
0.785124,0.971922,1.549137,1.556520
0.974254,0.816450,1.546360,1.549137
0.793626,0.832731,1.547775,1.546360
0.961536,0.996663,1.551140,1.547775
1.012802,0.995103,1.555380,1.551140
1.005689,0.965167,1.558643,1.555380
0.845383,0.818045,1.560020,1.558643
0.952375,0.808800,1.559797,1.560020
0.856537,0.976172,1.558758,1.559797
0.947970,0.831855,1.557099,1.558758
0.850001,0.831259,1.556173,1.557099
0.803185,1.016346,1.555860,1.556173
1.007542,0.832112,1.556136,1.555860
0.816169,0.854180,1.556717,1.556136
0.813833,0.983386,1.557548,1.556717
1.007277,0.827130,1.558637,1.557548
0.794666,0.810241,1.559500,1.558637
0.789263,0.975734,1.560321,1.559500
0.982213,0.819069,1.561085,1.560321
0.783610,0.842585,1.561581,1.561085
0.934088,0.970515,1.561918,1.561581
0.844340,0.813457,1.562086,1.561918
0.941044,0.847568,1.562118,1.562086
0.850353,0.960863,1.562122,1.562118
0.953695,0.829470,1.562053,1.562122
0.841457,0.837741,1.561361,1.562053
0.844898,0.961451,1.560637,1.561361
1.160699,0.803222,1.562841,1.560637
0.923853,0.798934,1.564892,1.562841
0.825841,0.844926,1.565707,1.564892
0.886136,0.654105,1.565681,1.565707
0.643095,0.622690,1.565523,1.565681
0.581133,0.677812,1.565749,1.565523
0.650776,0.550962,1.566988,1.565749
0.483661,0.490755,1.568770,1.566988
0.530326,0.527722,1.571099,1.568770
0.433727,0.411018,1.574353,1.571099
0.451402,0.380786,1.577470,1.574353
0.373738,0.429242,1.581014,1.577470
0.392848,0.318002,1.584716,1.581014
0.267012,0.312860,1.588053,1.584716
0.203206,0.366756,1.590866,1.588053
0.413002,0.281863,1.586601,1.590866
0.414157,0.255177,1.574546,1.586601
0.408742,0.306151,1.550855,1.574546
0.451018,0.235003,1.496101,1.550855
0.254933,0.244667,1.435605,1.496101
0.209677,0.305731,1.360754,1.435605
0.362402,0.364455,1.264496,1.360754
0.241490,0.385937,1.163877,1.264496
0.296189,0.417867,1.060253,1.163877
0.246568,0.443121,0.955390,1.060253
0.298393,0.683680,0.834116,0.955390
0.538783,0.587633,0.673261,0.834116
0.596625,0.686206,0.532709,0.673261
0.890047,0.925543,0.401581,0.532709
1.103175,0.804835,0.274204,0.401581
0.939824,0.808415,0.195065,0.274204
0.960217,0.954721,0.137603,0.195065
1.005460,0.782364,0.088550,0.137603
0.749216,0.822110,0.065028,0.088550
0.715854,0.920091,0.062040,0.065028
0.885753,0.750821,0.072548,0.062040
0.704121,0.808512,0.079224,0.072548
0.709701,0.923287,0.081061,0.079224
0.916298,0.775358,0.078467,0.081061
0.742190,0.823230,0.075598,0.078467
0.765492,0.943135,0.075036,0.075598
0.962589,0.763775,0.076033,0.075036
0.776697,0.813367,0.077002,0.076033
0.930712,0.974246,0.076818,0.077002
0.984728,0.814772,0.075044,0.076818
0.795266,0.810816,0.073146,0.075044
0.839172,0.960877,0.071314,0.073146
0.989897,0.817734,0.069727,0.071314
0.802611,0.858604,0.068526,0.069727
0.788254,0.992407,0.067558,0.068526
0.990674,0.827548,0.066526,0.067558
0.793651,0.840535,0.065878,0.066526
0.789904,0.983458,0.064988,0.065878
0.993817,1.043236,0.064141,0.064988
0.994792,0.995124,0.063143,0.064141
0.995982,0.779332,0.062512,0.063143
0.803666,1.012668,0.062090,0.062512
1.006598,0.976730,0.061518,0.062090
1.011541,0.851678,0.060551,0.061518
0.801508,0.998731,0.060003,0.060551
0.985093,0.820729,0.060073,0.060003
0.781787,0.824285,0.060473,0.060073
0.783836,0.979189,0.061175,0.060473
0.973637,0.821483,0.062422,0.061175
0.787197,0.829698,0.063263,0.062422
0.940628,0.970113,0.063445,0.063263
0.982534,0.838230,0.062088,0.063445
0.770993,0.829062,0.034639,0.062088
0.885332,0.966972,0.028802,0.034639
1.149586,0.797787,0.096244,0.028802
0.891745,0.753390,0.120915,0.096244
0.802800,0.853902,0.128303,0.120915
0.867684,0.667506,0.125658,0.128303
0.616528,0.621715,0.119199,0.125658
0.566632,0.675182,0.111013,0.119199
0.633722,0.507483,0.100989,0.111013
0.470647,0.479913,0.093084,0.100989
0.441397,0.540226,0.086194,0.093084
0.518350,0.402527,0.080482,0.086194
0.393727,0.355173,0.077255,0.080482
0.429020,0.442279,0.074269,0.077255
0.404833,0.307225,0.041877,0.074269
0.240501,0.329634,0.008632,0.041877
0.235830,0.317220,0.050030,0.008632
0.480219,0.299377,0.151732,0.050030
0.446047,0.244895,0.238544,0.151732
0.421732,0.305772,0.311159,0.238544
0.482604,0.247799,0.333277,0.311159
0.402797,0.259702,0.314722,0.333277
0.474315,0.357822,0.322081,0.314722
0.629189,0.319168,0.410512,0.322081
0.345076,0.347245,0.514521,0.410512
0.257504,0.452213,0.640744,0.514521
0.305570,0.456495,0.793185,0.640744
0.370029,0.532722,0.922869,0.793185
0.596257,0.729621,1.052374,0.922869
0.785530,0.691848,1.187263,1.052374
0.721289,0.771222,1.279175,1.187263
0.875457,0.924272,1.351727,1.279175
1.113888,0.781991,1.416359,1.351727
0.870346,0.810972,1.460099,1.416359
0.839729,0.936018,1.497716,1.460099
0.986060,0.771033,1.534844,1.497716
0.746826,0.774502,1.560487,1.534844
0.724780,0.946825,1.580340,1.560487
0.904902,0.788720,1.592865,1.580340
0.729624,0.797279,1.592794,1.592865
0.765275,0.932197,1.582898,1.592794
0.977198,0.801442,1.565955,1.582898
0.776889,0.829273,1.553326,1.565955
0.936777,0.961957,1.545112,1.553326
0.973650,0.814778,1.542215,1.545112
0.787535,0.819319,1.543994,1.542215
0.836706,0.991195,1.547834,1.543994
0.985315,0.796413,1.552735,1.547834
0.801631,0.852021,1.555913,1.552735
0.801057,0.953016,1.557675,1.555913
0.989465,0.825340,1.558130,1.557675
0.793173,0.839073,1.557730,1.558130
0.794872,0.985557,1.557116,1.557730
0.990889,0.836498,1.556649,1.557116
0.794528,0.844654,1.556692,1.556649
0.797361,0.965371,1.557134,1.556692
0.998013,0.810501,1.557960,1.557134
0.799397,0.858247,1.558610,1.557960
0.948222,0.981505,1.559114,1.558610
1.005397,0.807507,1.559392,1.559114
0.804094,0.872290,1.559488,1.559392
0.843708,0.986409,1.559567,1.559488
1.027083,0.826415,1.559695,1.559567
0.804757,0.846552,1.559755,1.559695
0.589360,1.003683,1.559769,1.559755
0.599528,0.827298,1.559842,1.559769
0.668560,0.857599,1.560048,1.559842
0.756212,0.974651,1.560407,1.560048
0.981878,0.805012,1.560944,1.560407
0.787363,0.837056,1.560966,1.560944
0.822531,0.955591,1.560750,1.560966
1.110767,0.798727,1.563169,1.560750
0.908976,0.791926,1.565733,1.563169
0.978018,0.858529,1.567063,1.565733
0.881366,0.662237,1.567790,1.567063
0.641893,0.622230,1.568153,1.567790
0.622978,0.692387,1.568368,1.568153
0.663492,0.525361,1.568126,1.568368
0.492002,0.501172,1.567508,1.568126
0.459014,0.532893,1.566492,1.567508
0.529372,0.422177,1.564869,1.566492
0.400214,0.384080,1.563360,1.564869
0.374491,0.424683,1.562008,1.563360
0.428785,0.347018,1.560508,1.562008
0.276089,0.333623,1.559826,1.560508
0.196951,0.360875,1.559666,1.559826
0.350664,0.262301,1.553050,1.559666
0.397074,0.264715,1.539711,1.553050
0.445803,0.279977,1.515760,1.539711
0.460333,0.248254,1.460135,1.515760
0.124702,0.256917,1.397969,1.460135
0.356819,0.345459,1.321338,1.397969
0.611889,0.289826,1.221338,1.321338
0.444814,0.337543,1.134171,1.221338
0.398277,0.411439,1.045540,1.134171
0.376745,0.375930,0.930145,1.045540
0.253793,0.506378,0.815036,0.930145
0.429753,0.674631,0.686636,0.815036
0.806499,0.644338,0.525646,0.686636
0.767389,0.741738,0.400728,0.525646
0.930358,0.884412,0.290379,0.400728
1.259590,0.803097,0.186206,0.290379
0.986167,0.836753,0.128064,0.186206
0.989406,0.937257,0.086962,0.128064
0.885253,0.817712,0.060200,0.086962
0.665027,0.796006,0.058788,0.060200
0.701774,0.914838,0.067324,0.058788
0.827715,0.960106,0.076642,0.067324
0.859927,0.937566,0.079750,0.076642
0.853699,0.786844,0.077238,0.079750
0.791308,0.788177,0.074586,0.077238
0.752488,0.957335,0.074479,0.074586
0.950511,0.784467,0.075960,0.074479
0.764818,0.839296,0.076447,0.075960
0.764582,0.952850,0.075444,0.076447
0.968915,0.805263,0.073357,0.075444
0.778885,1.006525,0.071730,0.073357
0.967773,0.956651,0.070015,0.071730
0.976209,0.850960,0.068509,0.070015
0.775680,0.988374,0.067118,0.068509
0.980009,0.972642,0.065503,0.067118
0.990020,1.011816,0.063822,0.065503
0.985405,0.843974,0.062444,0.063822
0.788373,0.852214,0.062066,0.062444
0.788518,0.960710,0.061867,0.062066
0.991150,0.839596,0.061363,0.061867
0.800377,0.827235,0.060806,0.061363
0.947745,0.999284,0.059755,0.060806
0.847685,0.850921,0.058390,0.059755
0.946459,0.862306,0.057462,0.058390
0.840577,0.968063,0.056814,0.057462
0.949049,0.803857,0.056859,0.056814
0.838485,0.999591,0.057179,0.056859
0.980124,0.954472,0.057910,0.057179
0.925872,0.846135,0.059470,0.057910
0.822191,0.975274,0.061138,0.059470
0.982557,0.814974,0.062621,0.061138
0.784732,0.861685,0.062859,0.062621
0.794172,0.991042,0.038458,0.062859
1.110199,0.821633,0.037386,0.038458
0.943422,0.770844,0.094195,0.037386
0.919479,0.914174,0.121904,0.094195
0.974476,0.841331,0.130055,0.121904
0.830788,0.726694,0.125177,0.130055
0.722547,0.618147,0.115109,0.125177
0.527201,0.545834,0.105814,0.115109
0.489676,0.616130,0.097013,0.105814
0.566323,0.455724,0.088662,0.097013
0.430132,0.438531,0.083335,0.088662
0.478728,0.509500,0.079167,0.083335
0.394588,0.357399,0.075494,0.079167
0.411802,0.342611,0.069279,0.075494
0.316874,0.370617,0.032014,0.069279
0.242563,0.271058,0.018914,0.032014
0.274280,0.356514,0.086186,0.018914
0.515779,0.326289,0.191564,0.086186
0.475654,0.279714,0.286351,0.191564
0.358187,0.263325,0.321349,0.286351
0.389256,0.273242,0.301302,0.321349
0.382942,0.280765,0.283565,0.301302
0.485973,0.345496,0.333254,0.283565
0.512108,0.331256,0.442714,0.333254
0.355223,0.394460,0.560875,0.442714
0.373557,0.496278,0.689606,0.560875
0.572591,0.497107,0.838100,0.689606
0.523051,0.596485,0.962775,0.838100
0.652983,0.787292,1.083794,0.962775
0.980841,0.718871,1.207645,1.083794
0.921679,0.797756,1.291561,1.207645
1.188179,0.939765,1.360726,1.291561
1.226650,0.775520,1.426512,1.360726
0.883884,0.786735,1.471206,1.426512
0.814178,0.941165,1.509092,1.471206
0.880084,0.758126,1.545210,1.509092
0.683059,0.754640,1.568923,1.545210
0.681140,0.945470,1.586078,1.568923
0.879819,0.763271,1.594957,1.586078
0.720710,0.808551,1.591985,1.594957
0.733116,0.934562,1.581550,1.591985
0.940150,0.806660,1.566472,1.581550
0.759512,0.827426,1.555914,1.566472
0.764285,0.968414,1.549277,1.555914
0.962132,0.807034,1.547167,1.549277
0.773804,0.824843,1.548843,1.547167
0.939828,0.998834,1.552196,1.548843
0.986083,0.794088,1.556167,1.552196
0.792118,0.839452,1.558584,1.556167
0.852201,0.947693,1.559837,1.558584
0.993666,0.831357,1.559781,1.559837
0.796524,0.848571,1.559133,1.559781
0.798410,0.981795,1.558330,1.559133
0.994658,0.823997,1.557570,1.558330
0.793533,0.841024,1.557238,1.557570
0.793653,0.982014,1.557149,1.557238
0.993009,0.814981,1.557351,1.557149
0.791073,0.834765,1.557642,1.557351
0.789537,0.983820,1.557951,1.557642
0.984805,0.812665,1.558199,1.557951
0.793790,0.856764,1.558344,1.558199
0.944437,0.963922,1.558397,1.558344
0.999469,0.845026,1.558303,1.558397
0.799683,0.831259,1.558091,1.558303
0.845644,0.969381,1.557940,1.558091
0.996954,0.817342,1.557771,1.557940
0.788039,0.859293,1.557814,1.557771
0.794485,0.973063,1.558043,1.557814
0.987695,0.797108,1.558415,1.558043
0.810132,0.843743,1.557948,1.558415
0.883526,0.981948,1.558889,1.557948
1.183097,0.784883,1.562443,1.558889
0.894259,0.746643,1.564507,1.562443
0.801646,0.823409,1.565410,1.564507
0.874517,0.647182,1.565832,1.565410
0.620164,0.608888,1.566371,1.565832
0.663711,0.657799,1.567354,1.566371
0.633839,0.511418,1.568986,1.567354
0.461267,0.476741,1.570358,1.568986
0.453126,0.547693,1.571763,1.570358
0.493370,0.393242,1.573237,1.571763
0.372313,0.385540,1.574201,1.573237
0.353951,0.406294,1.574746,1.574201
0.395753,0.314717,1.573439,1.574746
0.214017,0.304466,1.572547,1.573439
0.240173,0.339795,1.578472,1.572547
0.484200,0.273389,1.605936,1.578472
0.395151,0.241395,1.646718,1.605936
0.403937,0.297239,1.700127,1.646718
0.447266,0.218586,1.761720,1.700127
0.334168,0.260140,1.811916,1.761720
0.481656,0.350837,1.880876,1.811916
0.510701,0.300654,1.985764,1.880876
0.294354,0.349965,2.085124,1.985764
0.328209,0.451436,2.202823,2.085124
0.332568,0.431050,2.357240,2.202823
0.325815,0.537879,2.494145,2.357240
0.452278,0.715182,2.632502,2.494145
0.952191,0.686748,2.773896,2.632502
0.964504,0.764805,2.866302,2.773896
1.044716,0.931226,2.937393,2.866302
1.352414,0.796778,2.999678,2.937393
1.024189,0.824343,3.041825,2.999678
0.879861,0.921440,3.078401,3.041825
1.023929,0.759702,3.113770,3.078401
0.755218,0.776230,3.136697,3.113770
0.862559,0.917556,3.131826,3.136697
0.886848,0.764048,3.123608,3.131826
0.701890,0.823358,3.125989,3.123608
0.746349,0.959982,3.135116,3.125989
0.881403,0.957157,3.136201,3.135116
0.881565,0.940520,3.124881,3.136201
0.870010,0.797807,3.119329,3.124881
0.807191,0.791005,3.118848,3.119329
0.779308,0.956271,3.121123,3.118848
0.983529,0.829839,3.125163,3.121123
0.782513,0.810458,3.128227,3.125163
0.788532,1.001947,3.130245,3.128227
1.002423,0.798426,3.130945,3.130245
0.789933,0.850049,3.130371,3.130945
0.789957,0.952113,3.129266,3.130371
0.995912,0.808605,3.127828,3.129266
0.796613,1.030881,3.126989,3.127828
0.989625,0.976154,3.126547,3.126989
0.976149,0.856527,3.126619,3.126547
0.784588,0.985298,3.126913,3.126619
0.984595,0.834745,3.127498,3.126913
0.785285,0.865086,3.128189,3.127498
0.937995,0.975589,3.128881,3.128189
0.986020,0.791934,3.129551,3.128881
0.799017,0.848306,3.129893,3.129551
0.841416,0.982630,3.130129,3.129893
0.978830,0.829477,3.130263,3.130129
0.783256,1.030218,3.130360,3.130263
0.972369,0.977110,3.130492,3.130360
0.963805,0.822131,3.130761,3.130492
0.766007,1.000318,3.131016,3.130761
0.960321,0.833075,3.130933,3.131016
0.793558,0.828645,3.130800,3.130933
0.855998,0.944859,3.132369,3.130800
1.111381,0.758082,3.134024,3.132369
0.817246,0.729076,3.134150,3.134024
0.721333,0.801756,3.133602,3.134150
0.797803,0.618716,3.132932,3.133602
0.570505,0.583114,3.132691,3.132932
0.607207,0.635406,3.133142,3.132691
0.499270,0.474262,3.134578,3.133142
0.526982,0.537796,3.136316,3.134578
0.509576,0.463359,3.138589,3.136316
0.394391,0.386072,3.140244,3.138589
0.404619,0.443111,3.141122,3.140244
0.392424,0.300523,3.142272,3.141122
0.296734,0.286614,3.140675,3.142272
0.289743,0.336695,3.137834,3.140675
0.309857,0.230677,3.134284,3.137834
0.232507,0.215708,3.132358,3.134284
0.224327,0.260794,3.131768,3.132358
0.252931,0.196849,3.132415,3.131768
0.174785,0.153194,3.133435,3.132415
0.157528,0.180786,3.134652,3.133435
0.154443,0.130069,3.135752,3.134652
0.105999,0.114383,3.136109,3.135752
0.095729,0.123137,3.136064,3.136109
0.090276,0.074064,3.135669,3.136064
0.050474,0.042154,3.135203,3.135669
0.061644,0.092946,3.134753,3.135203
0.081131,0.038315,3.134333,3.134753
0.076677,0.066748,3.134121,3.134333
0.078669,0.039866,3.134006,3.134121
0.072825,0.040436,3.134013,3.134006
0.000000,0.000000,0.000000,0.000000
0.000000,0.013378,2.059233,0.000000
0.016844,0.085016,2.056771,2.059233
0.031165,0.027338,2.038304,2.056771
0.030548,0.070329,2.013083,2.038304
0.029495,0.031161,2.010352,2.013083
0.000000,0.024236,2.069141,2.010352
0.000000,0.044325,2.065246,2.069141
0.000000,0.022212,2.062790,2.065246
0.000000,0.035187,2.062179,2.062790
0.000000,0.035155,2.062306,2.062179
0.000000,0.020544,2.062942,2.062306
0.000000,0.015058,2.064008,2.062942
0.000000,0.024797,2.064601,2.064008
0.000000,0.003221,2.062426,2.064601
0.000000,0.008957,2.059279,2.062426
0.025464,0.036153,2.049609,2.059279
0.026987,0.027211,2.051004,2.049609
0.037187,0.034919,2.052239,2.051004
0.042301,0.030628,2.052161,2.052239
0.065368,0.023202,2.051265,2.052161
0.066471,0.030122,2.051300,2.051265
0.052547,0.035108,2.053086,2.051300
0.051401,0.037903,2.055707,2.053086
0.093648,0.027486,2.059070,2.055707
0.085992,0.030887,2.060830,2.059070
0.086876,0.061884,2.061342,2.060830
0.112767,0.027196,2.061060,2.061342
0.090082,0.005888,2.060803,2.061060
0.087602,0.009714,2.060940,2.060803
0.086818,0.024123,2.061961,2.060940
0.057029,0.028600,2.062428,2.061961
0.048880,0.032657,2.061439,2.062428
0.044856,0.014051,2.059408,2.061439
0.050831,0.040852,2.057674,2.059408
0.078891,0.069648,2.055896,2.057674
0.118176,0.030942,2.054554,2.055896
0.078053,0.026113,2.054621,2.054554
0.086353,0.007460,2.052955,2.054621
0.203226,0.029296,2.041422,2.052955
0.176149,0.051135,2.017554,2.041422
0.122679,0.154360,1.970699,2.017554
0.044334,0.181777,1.874653,1.970699
0.122989,0.247416,1.767637,1.874653
0.291537,0.416751,1.657073,1.767637
0.481441,0.558227,1.547996,1.657073
0.607935,0.633140,1.461975,1.547996
0.572293,0.616970,1.382079,1.461975
0.446063,0.831770,1.289718,1.382079
0.689504,0.908954,1.138441,1.289718
0.856104,0.773077,0.959351,1.138441
0.546200,0.977122,0.797853,0.959351
0.710918,0.817728,0.622771,0.797853
0.855742,0.844501,0.492983,0.622771
0.917240,0.948093,0.380903,0.492983
1.061494,0.760244,0.279219,0.380903
0.813274,0.804892,0.214373,0.279219
0.900104,0.930205,0.162620,0.214373
0.886735,0.780130,0.119873,0.162620
0.688786,0.778167,0.098171,0.119873
0.721082,0.941398,0.087731,0.098171
0.844651,0.804707,0.085831,0.087731
0.690855,0.802903,0.086543,0.085831
0.693631,0.986979,0.085122,0.086543
0.917006,0.785112,0.078115,0.085122
0.772811,0.840117,0.069551,0.078115
0.798262,0.967418,0.062414,0.069551
1.015612,0.821048,0.058367,0.062414
0.811493,0.799752,0.058311,0.058367
0.806336,0.946247,0.058755,0.058311
1.000369,0.818133,0.058506,0.058755
0.790888,0.853168,0.059005,0.058506
0.943510,0.978822,0.059277,0.059005
1.001613,0.814918,0.059731,0.059277
0.801283,0.831666,0.060017,0.059731
0.855728,0.954369,0.060251,0.060017
1.007731,0.850225,0.060294,0.060251
0.817750,0.842061,0.060533,0.060294
0.807923,0.995873,0.060739,0.060533
1.011618,0.831302,0.060910,0.060739
0.806389,0.841691,0.061200,0.060910
0.811493,0.980827,0.060756,0.061200
1.014125,0.821788,0.059931,0.060756
0.814777,0.867250,0.059067,0.059931
0.806966,0.989262,0.058326,0.059067
1.000497,0.808209,0.057782,0.058326
0.790425,0.882185,0.057097,0.057782
0.925772,0.992237,0.056502,0.057097
0.975479,0.801227,0.056036,0.056502
0.791323,0.999117,0.051161,0.056036
1.015543,0.969541,0.010202,0.051161
1.116959,0.819554,0.079328,0.010202
0.947458,0.904734,0.118664,0.079328
0.971212,0.742987,0.132847,0.118664
0.774061,0.777149,0.131489,0.132847
0.796687,0.686927,0.122596,0.131489
0.679576,0.601875,0.110914,0.122596
0.551270,0.599991,0.100900,0.110914
0.588659,0.475961,0.090981,0.100900
0.438860,0.459553,0.084898,0.090981
0.409208,0.471064,0.080902,0.084898
0.474347,0.365354,0.078734,0.080902
0.353989,0.345947,0.078711,0.078734
0.323178,0.375304,0.064945,0.078711
0.296708,0.291685,0.051374,0.064945
0.193730,0.293200,0.064982,0.051374
0.284055,0.297293,0.124756,0.064982
0.495772,0.250382,0.217372,0.124756
0.381071,0.250451,0.286072,0.217372
0.394060,0.285086,0.306879,0.286072
0.309788,0.252292,0.268239,0.306879
0.254151,0.251787,0.243380,0.268239
0.327412,0.339536,0.293074,0.243380
0.312048,0.315011,0.399934,0.293074
0.294273,0.386076,0.516298,0.399934
0.304425,0.523003,0.637135,0.516298
0.541462,0.513683,0.778399,0.637135
0.555465,0.641099,0.898272,0.778399
0.675496,0.824607,1.018814,0.898272
1.028323,0.738479,1.148816,1.018814
0.922102,0.779081,1.241381,1.148816
0.941350,0.939420,1.319539,1.241381
1.072709,0.772476,1.393823,1.319539
0.768259,0.817690,1.444078,1.393823
0.803963,0.915456,1.487363,1.444078
0.788005,0.787116,1.529670,1.487363
0.626353,0.779386,1.558300,1.529670
0.664337,0.943697,1.579785,1.558300
0.830947,0.786791,1.593296,1.579785
0.706564,0.797239,1.594126,1.593296
0.740877,0.934324,1.585898,1.594126
0.961799,0.780908,1.570630,1.585898
0.780746,0.858893,1.558449,1.570630
0.783916,0.964185,1.549934,1.558449
0.982506,0.807450,1.546303,1.549934
0.786557,0.846888,1.547314,1.546303
0.798395,0.984506,1.550669,1.547314
1.007654,0.814225,1.555280,1.550669
0.803253,0.832761,1.558285,1.555280
0.940895,0.973246,1.560059,1.558285
0.992320,0.815348,1.560631,1.560059
0.801978,0.840301,1.560099,1.560631
0.853741,0.972719,1.559082,1.560099
1.005708,0.814954,1.557959,1.559082
0.808701,0.857765,1.557233,1.557959
0.804253,0.962466,1.556776,1.557233
1.010130,0.802396,1.556656,1.556776
0.809445,0.834575,1.556876,1.556656
0.797777,0.986360,1.557308,1.556876
0.976242,0.836321,1.557924,1.557308
0.782010,0.852787,1.558300,1.557924
0.788248,0.980594,1.558719,1.558300
1.000601,0.827921,1.559110,1.558719
0.808886,0.840763,1.559433,1.559110
0.956775,0.964842,1.559852,1.559433
1.002538,0.825679,1.560439,1.559852
0.794991,0.825249,1.560909,1.560439
0.840251,0.986514,1.561316,1.560909
0.984842,0.808768,1.561220,1.561316
0.889545,1.008893,1.560381,1.561220
1.162929,0.957254,1.561841,1.560381
1.161175,0.816575,1.564255,1.561841
0.847617,0.863325,1.565168,1.564255
0.932774,0.657775,1.565488,1.565168
0.664922,0.662506,1.566016,1.565488
0.580362,0.691885,1.566970,1.566016
0.648279,0.548598,1.568579,1.566970
0.497643,0.507851,1.570300,1.568579
0.460234,0.517727,1.572357,1.570300
0.528359,0.399112,1.574987,1.572357
0.399524,0.397094,1.577031,1.574987
0.451218,0.430916,1.578641,1.577031
0.373914,0.398655,1.578860,1.578641
0.338996,0.352700,1.577660,1.578860
0.275711,0.302451,1.574364,1.577660
0.324014,0.298997,1.565435,1.574364
0.462016,0.300531,1.548944,1.565435
0.477387,0.221098,1.513593,1.548944
0.341652,0.236931,1.461658,1.513593
0.318597,0.322257,1.395463,1.461658
0.385847,0.256519,1.302495,1.395463
0.298465,0.312774,1.217270,1.302495
0.175836,0.411587,1.127942,1.217270
0.113150,0.387794,1.022149,1.127942
0.060121,0.408250,0.919366,1.022149
0.244632,0.603867,0.798489,0.919366
0.596791,0.600972,0.645978,0.798489
0.628170,0.715814,0.512407,0.645978
0.743073,0.864524,0.387057,0.512407
1.041414,0.749883,0.263280,0.387057
0.952980,0.810849,0.181496,0.263280
1.119748,0.946734,0.124890,0.181496
1.039951,0.809455,0.079198,0.124890
0.759259,0.832083,0.057998,0.079198
0.744367,0.930818,0.057621,0.057998
0.849224,0.762041,0.070852,0.057621
0.696124,0.804628,0.078575,0.070852
0.711007,0.956177,0.080966,0.078575
0.909096,0.786469,0.078406,0.080966
0.749720,0.794712,0.075621,0.078406
0.765852,0.945846,0.074965,0.075621
0.972822,0.976293,0.075905,0.074965
0.981441,0.941373,0.075307,0.075905
1.006292,0.793589,0.073573,0.075307
0.807225,0.809440,0.072092,0.073573
0.798262,0.971134,0.071007,0.072092
0.967151,0.800932,0.070289,0.071007
0.782481,0.827937,0.070066,0.070289
0.769394,0.977000,0.069565,0.070066
0.944095,0.831581,0.069025,0.069565
0.770551,0.833928,0.068512,0.069025
0.940959,1.007982,0.068004,0.068512
0.997009,0.825148,0.067246,0.068004
0.805737,0.840124,0.066364,0.067246
0.856654,0.983085,0.065430,0.066364
1.008665,0.805333,0.064719,0.065430
0.806486,0.849088,0.064072,0.064719
0.810406,0.996158,0.063458,0.064072
1.004729,0.814190,0.062485,0.063458
0.796407,0.874318,0.061479,0.062485
0.797217,1.023834,0.060903,0.061479
0.985893,0.833968,0.060212,0.060903
0.786251,0.862582,0.059251,0.060212
0.786380,0.974946,0.058202,0.059251
0.978850,0.805759,0.057317,0.058202
0.782833,0.860840,0.057251,0.057317
0.900150,0.986932,0.057565,0.057251
0.944863,0.793447,0.051281,0.057565
0.759626,0.859051,0.011508,0.051281
0.923529,0.957695,0.058404,0.011508
1.171738,0.779189,0.112517,0.058404
0.902297,0.755345,0.128572,0.112517
0.787149,0.800324,0.131528,0.128572
0.853618,0.637099,0.126740,0.131528
0.626940,0.577365,0.119714,0.126740
0.551728,0.634688,0.111591,0.119714
0.599507,0.458168,0.102067,0.111591
0.440304,0.457878,0.094551,0.102067
0.412579,0.514104,0.087098,0.094551
0.479297,0.352049,0.078677,0.087098
0.359941,0.344856,0.072290,0.078677
0.395612,0.387583,0.060826,0.072290
0.361042,0.329568,0.012588,0.060826
0.198487,0.311578,0.018692,0.012588
0.293727,0.337645,0.083656,0.018692
0.582927,0.279112,0.192161,0.083656
0.497942,0.240776,0.278541,0.192161
0.437148,0.315517,0.329988,0.278541
0.495284,0.279282,0.323894,0.329988
0.547143,0.333063,0.306543,0.323894
0.639908,0.277331,0.371947,0.306543
0.383421,0.351369,0.467634,0.371947
0.363609,0.417602,0.588092,0.467634
0.343074,0.428672,0.739821,0.588092
0.361741,0.559820,0.868237,0.739821
0.482850,0.713083,1.000578,0.868237
0.833949,0.645519,1.143010,1.000578
0.688893,0.760390,1.243856,1.143010
0.885330,0.939172,1.324844,1.243856
0.865757,0.798528,1.395563,1.324844
1.000424,0.805487,1.443181,1.395563
0.858303,0.927619,1.483865,1.443181
0.897876,0.770061,1.523039,1.483865
0.752156,0.796244,1.550216,1.523039
0.686884,0.928470,1.572357,1.550216
0.865769,0.785667,1.588762,1.572357
0.706358,0.809853,1.592835,1.588762
0.740517,0.945079,1.586682,1.592835
0.960501,0.810436,1.571166,1.586682
0.771638,0.844289,1.557752,1.571166
0.774531,0.956313,1.547679,1.557752
0.974191,0.797073,1.542495,1.547679
0.792224,0.846561,1.543041,1.542495
0.942039,0.945049,1.546502,1.543041
0.841668,0.830982,1.551739,1.546502
0.937954,0.852732,1.555673,1.551739
0.842529,0.995213,1.558228,1.555673
0.941053,0.829737,1.559162,1.558228
0.841588,0.835358,1.558639,1.559162
0.793796,0.974405,1.557542,1.558639
1.000178,0.827471,1.556274,1.557542
0.808525,0.853720,1.555684,1.556274
0.797077,0.966921,1.555454,1.555684
1.002100,0.997844,1.555648,1.555454
0.999450,0.967718,1.556174,1.555648
0.985629,0.820464,1.556823,1.556174
0.789770,0.852297,1.557264,1.556823
0.785495,0.990309,1.557811,1.557264
0.985173,0.843063,1.558466,1.557811
0.801877,0.824319,1.559081,1.558466
0.797403,0.966659,1.559954,1.559081
0.993277,0.829271,1.561131,1.559954
0.790635,0.842979,1.562074,1.561131
0.927537,0.979192,1.562917,1.562074
0.994335,0.810360,1.563760,1.562917
0.799948,0.831115,1.564179,1.563760
0.849090,0.979376,1.564103,1.564179
1.054267,0.818152,1.563337,1.564103
0.942182,0.829758,1.565066,1.563337
0.944891,0.899623,1.567811,1.565066
1.048756,0.716882,1.569235,1.567811
0.732738,0.702483,1.569424,1.569235
0.661039,0.739676,1.569323,1.569424
0.735888,0.575869,1.569336,1.569323
0.549438,0.561486,1.569412,1.569336
0.506322,0.566089,1.569460,1.569412
0.576396,0.444928,1.569391,1.569460
0.431000,0.438584,1.568872,1.569391
0.474885,0.426282,1.567647,1.568872
0.461824,0.336872,1.565297,1.567647
0.341156,0.314402,1.562516,1.565297
0.282931,0.388276,1.559729,1.562516
0.241048,0.293933,1.557406,1.559729
0.320873,0.292894,1.551462,1.557406
0.433948,0.345972,1.539432,1.551462
0.532332,0.243444,1.513592,1.539432
0.367066,0.242558,1.469194,1.513592
0.326900,0.325362,1.408037,1.469194
0.336870,0.243141,1.320147,1.408037
0.371856,0.289974,1.237871,1.320147
0.326385,0.435216,1.150808,1.237871
0.372242,0.370095,1.049569,1.150808
0.245138,0.414212,0.951001,1.049569
0.113106,0.585052,0.831758,0.951001
0.226475,0.593780,0.677688,0.831758
0.308645,0.683452,0.539282,0.677688
0.535783,0.872951,0.407830,0.539282
0.838665,0.764303,0.278085,0.407830
0.717010,0.805992,0.192300,0.278085
0.800745,0.953141,0.133287,0.192300
0.922895,0.818099,0.086754,0.133287
0.678560,0.822588,0.063692,0.086754
0.667635,0.947788,0.058331,0.063692
0.810436,0.771181,0.066867,0.058331
0.655823,0.787397,0.074180,0.066867
0.663028,0.970494,0.077510,0.074180
0.876984,0.778468,0.076312,0.077510
0.741875,0.828757,0.073953,0.076312
0.897116,0.963947,0.072813,0.073953
0.967164,0.789683,0.073522,0.072813
0.776299,0.816150,0.074052,0.073522
0.830194,0.929856,0.073509,0.074052
0.980207,0.813534,0.071896,0.073509
0.780459,0.848926,0.070331,0.071896
0.773269,0.983819,0.068355,0.070331
0.979243,0.838760,0.065754,0.068355
0.780406,0.847834,0.063893,0.065754
0.787794,0.987123,0.062345,0.063893
0.999711,0.831275,0.061624,0.062345
0.792260,0.828458,0.061319,0.061624
0.793336,0.962069,0.061373,0.061319
0.986501,0.852997,0.061805,0.061373
0.785493,0.823462,0.062128,0.061805
0.936018,0.974516,0.062352,0.062128
0.984158,0.815955,0.062580,0.062352
0.786348,0.858027,0.062763,0.062580
0.847017,0.983211,0.063091,0.062763
0.992597,0.822173,0.062938,0.063091
0.794921,0.856423,0.062123,0.062938
0.795247,0.990897,0.060944,0.062123
0.992357,0.824756,0.060005,0.060944
0.789708,0.843612,0.059802,0.060005
0.798171,0.958978,0.059948,0.059802
0.997196,0.827745,0.060269,0.059948
0.798832,0.825309,0.060342,0.060269
0.795663,0.969371,0.058870,0.060342
1.003698,0.828827,0.020686,0.058870
0.888734,0.805276,0.050897,0.020686
1.105680,0.941169,0.100227,0.050897
1.078722,0.710107,0.122521,0.100227
0.764720,0.679679,0.125607,0.122521
0.725894,0.785492,0.121956,0.125607
0.745482,0.619694,0.113487,0.121956
0.535308,0.573024,0.105317,0.113487
0.491724,0.607114,0.097372,0.105317
0.558676,0.478729,0.089756,0.097372
0.421550,0.431110,0.084865,0.089756
0.398450,0.467797,0.080918,0.084865
0.468627,0.360566,0.077608,0.080918
0.340481,0.329396,0.072698,0.077608
0.305173,0.363983,0.038284,0.072698
0.239273,0.307356,0.022086,0.038284
0.220370,0.288123,0.078068,0.022086
0.416392,0.298720,0.165474,0.078068
0.497399,0.245600,0.264832,0.165474
0.374995,0.228969,0.313974,0.264832
0.378271,0.328131,0.309829,0.313974
0.461423,0.258123,0.275808,0.309829
0.448207,0.292846,0.306906,0.275808
0.394762,0.370456,0.392786,0.306906
0.453332,0.370634,0.524182,0.392786
0.406583,0.412884,0.647851,0.524182
0.502865,0.555397,0.773246,0.647851
0.684237,0.575692,0.922253,0.773246
0.607013,0.632439,1.043097,0.922253
0.750196,0.845028,1.156345,1.043097
1.124606,0.766544,1.265998,1.156345
0.906956,0.800385,1.338361,1.265998
1.104681,0.945221,1.399723,1.338361
1.114639,0.954906,1.457783,1.399723
1.007428,0.945015,1.505111,1.457783
0.770858,0.776145,1.542274,1.505111
0.820966,0.803986,1.566654,1.542274
0.745097,0.908050,1.584536,1.566654
0.834522,0.794326,1.594591,1.584536
0.760404,0.807596,1.592766,1.594591
0.735299,0.947463,1.582979,1.592766
0.955432,0.771825,1.567810,1.582979
0.779866,0.802706,1.556731,1.567810
0.780734,0.957333,1.549431,1.556731
0.970353,0.813168,1.546578,1.549431
0.781005,0.807624,1.547849,1.546578
0.779086,0.964413,1.551080,1.547849
0.975427,0.819098,1.555206,1.551080
0.781030,0.854082,1.557771,1.555206
0.930555,1.001275,1.559149,1.557771
0.827849,0.799455,1.559322,1.559149
0.943381,0.815585,1.558697,1.559322
0.864753,0.974091,1.557642,1.558697
0.964609,0.836309,1.556419,1.557642
0.859958,0.861070,1.555826,1.556419
0.805929,0.982530,1.555711,1.555826
1.001788,0.834373,1.556080,1.555711
0.792482,0.832368,1.556658,1.556080
0.798476,0.975452,1.557271,1.556658
1.004873,1.030232,1.557852,1.557271
1.006207,0.961605,1.558225,1.557852
0.997780,0.823228,1.558438,1.558225
0.382222,0.846302,1.558685,1.558438
0.565965,0.974913,1.558954,1.558685
0.900399,0.846180,1.559295,1.558954
0.772727,0.833729,1.559639,1.559295
0.785877,0.965530,1.560112,1.559639
0.991155,0.825520,1.560766,1.560112
0.798220,0.852651,1.561074,1.560766
0.975724,0.997092,1.560570,1.561074
1.145719,0.786061,1.562062,1.560570
0.936956,0.759254,1.564025,1.562062
0.926663,0.902103,1.564638,1.564025
0.931674,0.661226,1.563889,1.564638
0.662866,0.645062,1.562837,1.563889
0.606022,0.708495,1.561857,1.562837
0.680711,0.552143,1.561141,1.561857
0.502694,0.502455,1.561041,1.561141
0.466043,0.563624,1.561367,1.561041
0.525982,0.417134,1.562201,1.561367
0.400958,0.385210,1.563003,1.562201
0.379949,0.446395,1.563727,1.563003
0.439873,0.346919,1.563944,1.563727
0.308753,0.336269,1.562866,1.563944
0.261428,0.328825,1.563200,1.562866
0.331976,0.275486,1.575112,1.563200
0.434665,0.283615,1.602540,1.575112
0.197692,0.266529,1.647009,1.602540
0.333289,0.218410,1.710735,1.647009
0.326829,0.218756,1.758602,1.710735
0.378606,0.308132,1.809131,1.758602
0.632545,0.318028,1.894580,1.809131
0.421277,0.357052,1.986367,1.894580
0.337848,0.403477,2.113202,1.986367
0.309754,0.426030,2.258543,2.113202
0.212563,0.597885,2.395110,2.258543
0.435668,0.543051,2.559832,2.395110
0.504567,0.631426,2.690235,2.559832
0.771009,0.880718,2.803686,2.690235
1.176775,0.760136,2.903414,2.803686
1.003490,0.791015,2.963977,2.903414
1.202450,1.001637,3.012726,2.963977
1.018037,0.804320,3.059330,3.012726
1.031792,0.796812,3.092112,3.059330
0.839515,0.895169,3.120140,3.092112
0.888287,0.800866,3.139746,3.120140
0.776129,0.763413,3.127475,3.139746
0.714742,0.915769,3.123572,3.127475
0.875002,0.785689,3.130216,3.123572
0.706680,0.775131,3.141289,3.130216
0.715154,0.952711,3.132101,3.141289
0.916012,0.801020,3.122085,3.132101
0.780054,0.830097,3.118369,3.122085
0.800154,0.961148,3.118607,3.118369
1.009754,0.808284,3.121935,3.118607
0.805825,0.831267,3.125422,3.121935
0.944155,0.967480,3.128490,3.125422
0.855193,0.810821,3.130665,3.128490
0.961012,0.988646,3.131216,3.130665
1.011431,0.997806,3.130832,3.131216
0.862794,0.822219,3.130073,3.130832
0.948231,0.973475,3.129423,3.130073
0.992634,0.813326,3.129154,3.129423
0.789105,0.853550,3.129174,3.129154
0.827573,0.974642,3.129350,3.129174
0.982110,0.851690,3.129678,3.129350
0.788376,0.838200,3.130022,3.129678
0.794436,0.998039,3.130449,3.130022
0.990917,0.831185,3.130883,3.130449
0.792333,0.818172,3.131151,3.130883
0.798301,0.957959,3.131244,3.131151
0.994288,0.815384,3.131302,3.131244
0.784299,0.858027,3.131258,3.131302
0.780213,0.982039,3.131151,3.131258
0.978427,0.860134,3.131213,3.131151
0.775472,0.836102,3.131408,3.131213
0.925743,0.959836,3.131669,3.131408
0.914690,0.821833,3.131855,3.131669
0.807618,0.821221,3.131970,3.131855
0.983081,0.997211,3.132942,3.131970
1.085926,0.746677,3.133971,3.132942
0.805814,0.708046,3.133903,3.133971
0.721443,0.810825,3.133193,3.133903
0.798640,0.622849,3.132223,3.133193
0.571506,0.571983,3.131469,3.132223
0.522904,0.608037,3.131027,3.131469
0.588058,0.504323,3.131073,3.131027
0.437736,0.455046,3.131669,3.131073
0.410230,0.512702,3.132625,3.131669
0.466176,0.393264,3.133893,3.132625
0.348164,0.368891,3.134906,3.133893
0.389753,0.368622,3.136039,3.134906
0.375901,0.378307,3.137833,3.136039
0.343445,0.332825,3.140436,3.137833
0.272769,0.225428,3.141360,3.140436
0.284911,0.220737,3.139981,3.141360
0.243557,0.236564,3.139493,3.139981
0.241394,0.174419,3.139962,3.139493
0.183978,0.173177,3.140790,3.139962
0.148591,0.187180,3.141723,3.140790
0.145888,0.130294,3.141498,3.141723
0.090364,0.134774,3.140956,3.141498
0.078506,0.093303,3.140798,3.140956
0.086369,0.054463,3.141095,3.140798
0.076033,0.071065,3.141467,3.141095
0.072174,0.108475,3.141511,3.141467
0.091601,0.062364,3.141122,3.141511
0.065918,0.053473,3.140984,3.141122
0.062396,0.041929,3.141008,3.140984
0.043699,0.026260,3.141057,3.141008
0.051871,0.003095,3.141073,3.141057
0.000000,0.014626,3.139212,3.141073
0.000000,0.000000,0.000000,0.000000
0.000000,0.010630,2.052765,0.000000
0.022462,0.037705,2.043852,2.052765
0.034869,0.075329,2.023568,2.043852
0.026259,0.046355,2.019978,2.023568
0.018404,0.033307,2.023890,2.019978
0.000000,0.010989,2.030691,2.023890
0.000000,0.048667,2.028232,2.030691
0.000000,0.033967,2.026815,2.028232
0.000000,0.019937,2.026258,2.026815
0.000000,0.050442,2.026262,2.026258
0.000000,0.018217,2.026255,2.026262
0.000000,0.026692,2.026313,2.026255
0.000000,0.023333,2.026717,2.026313
0.000000,0.007775,2.026589,2.026717
0.000000,0.034774,2.025219,2.026589
0.000000,0.016738,2.022359,2.025219
0.023563,0.026975,2.018645,2.022359
0.046387,0.015802,2.014118,2.018645
0.025770,0.015370,2.015604,2.014118
0.030876,0.025588,2.016416,2.015604
0.042467,0.007926,2.015835,2.016416
0.043922,0.033984,2.014958,2.015835
0.030409,0.026911,2.016270,2.014958
0.021785,0.030022,2.018950,2.016270
0.019137,0.058382,2.021760,2.018950
0.022376,0.045633,2.024304,2.021760
0.032446,0.026883,2.025253,2.024304
0.047354,0.031971,2.024850,2.025253
0.060051,0.032855,2.023859,2.024850
0.107040,0.037348,2.024250,2.023859
0.086738,0.066407,2.027165,2.024250
0.098248,0.030877,2.029097,2.027165
0.073757,0.028098,2.029044,2.029097
0.063810,0.031113,2.027682,2.029044
0.073339,0.031168,2.024425,2.027682
0.052386,0.045832,2.021408,2.024425
0.052613,0.037816,2.019015,2.021408
0.072343,0.047963,2.017810,2.019015
0.072554,0.042408,2.015971,2.017810
0.128580,0.041363,1.992424,2.015971
0.149774,0.087765,1.962435,1.992424
0.141660,0.153883,1.898963,1.962435
0.032621,0.208846,1.809000,1.898963
0.212899,0.368950,1.694812,1.809000
0.424984,0.393574,1.568360,1.694812
0.377447,0.480938,1.484630,1.568360
0.497022,0.655789,1.414481,1.484630
0.625951,0.621335,1.328958,1.414481
0.540572,0.716041,1.231351,1.328958
0.558648,0.856930,1.104340,1.231351
0.726891,0.794969,0.927971,1.104340
0.474164,0.839198,0.771324,0.927971
0.683981,0.987540,0.619273,0.771324
1.152654,0.813242,0.463379,0.619273
0.915620,0.832277,0.356352,0.463379
0.870459,0.916968,0.269253,0.356352
1.021862,0.801783,0.191682,0.269253
0.771958,0.780428,0.143781,0.191682
0.853014,0.903777,0.111326,0.143781
0.862956,0.794434,0.091340,0.111326
0.679123,0.817748,0.084709,0.091340
0.722404,0.955673,0.083012,0.084709
0.870201,0.761910,0.082718,0.083012
0.706309,0.818984,0.080538,0.082718
0.724068,0.992903,0.074734,0.080538
0.985881,0.812741,0.066051,0.074734
0.801036,0.844823,0.060102,0.066051
0.816730,0.948575,0.056683,0.060102
0.979143,0.825786,0.056726,0.056683
0.788390,0.825438,0.057574,0.056726
0.785273,0.983629,0.058264,0.057574
0.978732,0.821634,0.058995,0.058264
0.783278,0.870846,0.059142,0.058995
0.922494,1.015441,0.059188,0.059142
0.989529,0.823379,0.059087,0.059188
0.800269,0.821333,0.058311,0.059087
0.853853,0.975720,0.057326,0.058311
1.013457,0.973545,0.056653,0.057326
1.008233,0.984598,0.056444,0.056653
0.950340,0.811794,0.056962,0.056444
0.843336,0.814368,0.057897,0.056962
0.796238,0.957853,0.058809,0.057897
0.989842,0.828365,0.059221,0.058809
0.794222,0.841616,0.059115,0.059221
0.789175,1.019186,0.058746,0.059115
0.981431,0.810269,0.058338,0.058746
0.782716,0.821420,0.058317,0.058338
0.781424,0.992444,0.058730,0.058317
0.977374,0.817917,0.059489,0.058730
0.784628,0.834103,0.050384,0.059489
0.965006,1.014741,0.007277,0.050384
0.946444,0.805720,0.073957,0.007277
1.070302,0.767948,0.112741,0.073957
0.906839,0.858030,0.128681,0.112741
0.894211,0.645573,0.131924,0.128681
0.707851,0.678644,0.127820,0.131924
0.599969,0.664308,0.120391,0.127820
0.666567,0.540995,0.110104,0.120391
0.490176,0.564444,0.101420,0.110104
0.553961,0.515953,0.091740,0.101420
0.506481,0.405484,0.084139,0.091740
0.375658,0.438094,0.079601,0.084139
0.436760,0.333818,0.075980,0.079601
0.327440,0.337801,0.058154,0.075980
0.256364,0.345116,0.035548,0.058154
0.265263,0.306505,0.058547,0.035548
0.298438,0.277317,0.130497,0.058547
0.401845,0.336476,0.214371,0.130497
0.491939,0.234772,0.295832,0.214371
0.352127,0.252411,0.311300,0.295832
0.315552,0.292639,0.283010,0.311300
0.449578,0.291239,0.267525,0.283010
0.393762,0.276303,0.329281,0.267525
0.330391,0.366031,0.426797,0.329281
0.355982,0.393677,0.568439,0.426797
0.292923,0.473009,0.687808,0.568439
0.391114,0.658178,0.811665,0.687808
0.604560,0.607741,0.956790,0.811665
0.618735,0.676235,1.073796,0.956790
0.715181,0.878229,1.182123,1.073796
1.026736,0.797130,1.286457,1.182123
0.915929,0.948338,1.356859,1.286457
1.113099,0.932381,1.425515,1.356859
0.961691,0.797582,1.477913,1.425515
0.690307,0.924242,1.514167,1.477913
0.810741,0.774516,1.548257,1.514167
0.644925,0.798288,1.570057,1.548257
0.770595,0.946635,1.585094,1.570057
0.728215,0.784835,1.591569,1.585094
0.850120,0.808567,1.586910,1.591569
0.796948,0.930006,1.575504,1.586910
0.920962,0.798917,1.560637,1.575504
0.845002,0.841789,1.551123,1.560637
0.796180,0.943847,1.545843,1.551123
0.999302,0.817031,1.544738,1.545843
0.805601,0.832487,1.546808,1.544738
0.808784,1.006041,1.550189,1.546808
1.004872,0.825029,1.553993,1.550189
0.794306,0.833771,1.556163,1.553993
0.788408,0.980776,1.557302,1.556163
0.978958,0.815438,1.557581,1.557302
0.796163,0.827457,1.557238,1.557581
0.956544,0.985733,1.556648,1.557238
0.854993,0.837964,1.556064,1.556648
0.959742,0.855703,1.555769,1.556064
0.856740,0.959166,1.555805,1.555769
0.949451,0.830305,1.556228,1.555805
0.849678,1.012181,1.556767,1.556228
0.998895,0.972182,1.557260,1.556767
0.948536,0.858285,1.557408,1.557260
0.842494,0.997576,1.557301,1.557408
0.986761,0.817826,1.557194,1.557301
0.801634,0.853048,1.557208,1.557194
0.806272,0.937052,1.557313,1.557208
0.997684,0.831644,1.557772,1.557313
0.797851,0.846036,1.558448,1.557772
0.799979,0.984016,1.559280,1.558448
1.016104,0.829835,1.560155,1.559280
0.806501,0.830654,1.559868,1.560155
0.847192,0.959205,1.560315,1.559868
1.159453,0.781222,1.562788,1.560315
0.906951,0.781504,1.563816,1.562788
0.948391,0.820788,1.564094,1.563816
0.862754,0.641093,1.564530,1.564094
0.620638,0.601496,1.565408,1.564530
0.595634,0.661767,1.566954,1.565408
0.646095,0.513249,1.569638,1.566954
0.488039,0.495148,1.572497,1.569638
0.457675,0.513272,1.575786,1.572497
0.520549,0.381120,1.579962,1.575786
0.382882,0.378662,1.583667,1.579962
0.362102,0.397864,1.587514,1.583667
0.403885,0.315142,1.590872,1.587514
0.247325,0.363003,1.593673,1.590872
0.300976,0.336769,1.592098,1.593673
0.476186,0.278503,1.579285,1.592098
0.406052,0.308337,1.558152,1.579285
0.501959,0.251449,1.511758,1.558152
0.361995,0.216572,1.454024,1.511758
0.337547,0.315721,1.382785,1.454024
0.356283,0.274000,1.286979,1.382785
0.310888,0.340324,1.201772,1.286979
0.124233,0.426961,1.114538,1.201772
0.130725,0.398274,1.004984,1.114538
0.141042,0.539139,0.893667,1.004984
0.461542,0.666141,0.742182,0.893667
0.642217,0.667113,0.577804,0.742182
0.800443,0.879730,0.443065,0.577804
1.034880,0.775803,0.308814,0.443065
0.890333,0.804222,0.217801,0.308814
0.919775,0.928172,0.151791,0.217801
1.060942,0.791376,0.096944,0.151791
0.777790,0.842167,0.067187,0.096944
0.727282,0.898070,0.058343,0.067187
0.852057,0.741744,0.067944,0.058343
0.679315,0.786044,0.076515,0.067944
0.689626,0.941043,0.080694,0.076515
0.886974,0.773587,0.080108,0.080694
0.740223,0.813040,0.077952,0.080108
0.908544,0.950515,0.077077,0.077952
0.981995,0.779859,0.077445,0.077077
0.788331,0.798326,0.077680,0.077445
0.849000,0.968390,0.076892,0.077680
0.999195,0.832034,0.075164,0.076892
0.795874,0.833964,0.073379,0.075164
0.789237,0.958253,0.071650,0.073379
0.978709,0.807356,0.070030,0.071650
0.781316,0.821948,0.068869,0.070030
0.790430,0.981775,0.067939,0.068869
1.009323,0.806481,0.066772,0.067939
0.811361,0.843268,0.065850,0.066772
0.799607,0.970076,0.064662,0.065850
0.995337,0.802470,0.063620,0.064662
0.803758,0.854543,0.063033,0.063620
0.960670,0.992152,0.062576,0.063033
1.008549,0.828003,0.062771,0.062576
0.805264,0.851926,0.063197,0.062771
0.853070,1.007823,0.063466,0.063197
0.999047,0.802720,0.063345,0.063466
0.793969,0.854055,0.062992,0.063345
0.789135,0.994009,0.062542,0.062992
0.981220,0.826316,0.062281,0.062542
0.784724,0.864169,0.062406,0.062281
0.784127,0.982022,0.062834,0.062406
0.978712,0.818746,0.062992,0.062834
0.782691,0.840304,0.062518,0.062992
0.780850,0.950553,0.061585,0.062518
0.952966,0.851874,0.037061,0.061585
0.820169,0.842037,0.021638,0.037061
1.052964,0.968908,0.083888,0.021638
1.122600,0.759612,0.119505,0.083888
0.818851,0.736895,0.128874,0.119505
0.771906,0.750205,0.129006,0.128874
0.807239,0.626679,0.123112,0.129006
0.584829,0.599660,0.116037,0.123112
0.531915,0.628177,0.108512,0.116037
0.593217,0.477804,0.100659,0.108512
0.439100,0.458790,0.095137,0.100659
0.404293,0.462681,0.090349,0.095137
0.466616,0.330564,0.085623,0.090349
0.345746,0.349266,0.081696,0.085623
0.324713,0.361849,0.058350,0.081696
0.310225,0.279999,0.030747,0.058350
0.227522,0.268782,0.081504,0.030747
0.401673,0.326715,0.164759,0.081504
0.487538,0.247278,0.264642,0.164759
0.370783,0.241689,0.319731,0.264642
0.382292,0.285501,0.329308,0.319731
0.507842,0.336114,0.312228,0.329308
0.561031,0.333899,0.352337,0.312228
0.488989,0.300421,0.462161,0.352337
0.202649,0.357983,0.576073,0.462161
0.094945,0.482310,0.708084,0.576073
0.261239,0.448636,0.866292,0.708084
0.396391,0.569045,0.999456,0.866292
0.564594,0.738055,1.127256,0.999456
0.901776,0.669220,1.252777,1.127256
0.826294,0.775071,1.331922,1.252777
0.885881,0.935296,1.391425,1.331922
1.194136,0.774651,1.444625,1.391425
0.931944,0.826983,1.481979,1.444625
1.011678,0.935888,1.515003,1.481979
0.805771,0.775373,1.547375,1.515003
0.834211,0.806819,1.568598,1.547375
0.724058,0.921978,1.583333,1.568598
0.822075,0.786279,1.589146,1.583333
0.764662,0.804623,1.583716,1.589146
0.742974,0.924187,1.572207,1.583716
0.964902,0.795203,1.557830,1.572207
0.782772,0.838754,1.548958,1.557830
0.794575,0.961695,1.544322,1.548958
1.004428,0.781511,1.544205,1.544322
0.805838,0.849055,1.546841,1.544205
0.798899,0.977991,1.550508,1.546841
0.996650,0.841949,1.554386,1.550508
0.792682,0.829191,1.556579,1.554386
0.947870,0.956061,1.557711,1.556579
0.847014,0.835230,1.557748,1.557711
0.945280,0.861676,1.557281,1.557748
0.842356,0.938098,1.556692,1.557281
0.947685,0.822379,1.556128,1.556692
0.854495,0.851843,1.556000,1.556128
0.805507,0.983085,1.556227,1.556000
1.002611,0.804911,1.556746,1.556227
0.793252,0.846373,1.557213,1.556746
0.796144,0.979097,1.557554,1.557213
0.995105,0.833377,1.557667,1.557554
0.798664,0.859315,1.557763,1.557667
0.805547,1.007991,1.557881,1.557763
1.007666,0.812063,1.558055,1.557881
0.804815,0.839082,1.558158,1.558055
0.944644,1.004157,1.558252,1.558158
0.852465,0.793210,1.558494,1.558252
0.961950,0.856184,1.558938,1.558494
0.864674,0.983589,1.559548,1.558938
0.958506,0.815901,1.560512,1.559548
0.850585,0.837053,1.560890,1.560512
0.864717,0.988210,1.561724,1.560890
1.172534,0.811687,1.565510,1.561724
0.909005,0.774700,1.568376,1.565510
0.807290,0.828747,1.569663,1.568376
0.856383,0.787047,1.570099,1.569663
0.757016,0.732432,1.569961,1.570099
0.692892,0.543967,1.569560,1.569961
0.512473,0.529841,1.569134,1.569560
0.482936,0.545512,1.568804,1.569134
0.554675,0.446084,1.568398,1.568804
0.416454,0.511071,1.568064,1.568398
0.480600,0.438522,1.567962,1.568064
0.443299,0.354674,1.568694,1.567962
0.313345,0.375585,1.569680,1.568694
0.248583,0.287506,1.571909,1.569680
0.250397,0.289264,1.568924,1.571909
0.401408,0.308920,1.558012,1.568924
0.374008,0.233455,1.532589,1.558012
0.400078,0.246066,1.490323,1.532589
0.352235,0.247808,1.429949,1.490323
0.413147,0.277106,1.343154,1.429949
0.509652,0.381891,1.260919,1.343154
0.519457,0.391653,1.155868,1.260919
0.382503,0.367276,1.053337,1.155868
0.209976,0.491688,0.953527,1.053337
0.092748,0.461059,0.815072,0.953527
0.149145,0.594348,0.687749,0.815072
0.286850,0.794746,0.548492,0.687749
0.577410,0.733691,0.398314,0.548492
0.614459,0.759534,0.291676,0.398314
0.707609,0.960681,0.202206,0.291676
1.096452,0.826700,0.132672,0.202206
0.860060,0.800090,0.092702,0.132672
0.809622,0.933035,0.066070,0.092702
0.913339,0.794833,0.056842,0.066070
0.705212,0.801743,0.061809,0.056842
0.819671,0.959591,0.069003,0.061809
0.867576,0.775515,0.073460,0.069003
0.717765,0.802287,0.073561,0.073460
0.779239,0.931522,0.072853,0.073561
0.922258,0.813073,0.073463,0.072853
0.763749,0.852800,0.074530,0.073463
0.772864,0.992122,0.074510,0.074530
0.974790,0.804912,0.072342,0.074510
0.782282,0.798238,0.069180,0.072342
0.779577,0.987880,0.065995,0.069180
0.968754,0.823772,0.063662,0.065995
0.780080,0.839441,0.063100,0.063662
0.779808,0.992290,0.063295,0.063100
0.976833,0.815827,0.063996,0.063295
0.783408,0.846431,0.064557,0.063996
0.930437,0.947008,0.064703,0.064557
0.989834,0.808192,0.064452,0.064703
0.794248,0.864051,0.064105,0.064452
0.841918,0.981814,0.063695,0.064105
0.989246,0.806951,0.063347,0.063695
0.795225,0.847775,0.063223,0.063347
0.793901,0.955251,0.063163,0.063223
1.003782,0.801980,0.063201,0.063163
0.804328,0.852447,0.062927,0.063201
0.802613,0.976811,0.062962,0.062927
0.999034,0.847222,0.063131,0.062962
0.794503,0.865927,0.063276,0.063131
0.794899,0.958314,0.063471,0.063276
0.993856,0.837590,0.063868,0.063471
0.790459,0.864690,0.063932,0.063868
0.943424,0.974952,0.063576,0.063932
0.985585,0.834572,0.059264,0.063576
0.809904,0.830767,0.025037,0.059264
0.951891,0.954301,0.047776,0.025037
1.186963,0.775948,0.106832,0.047776
0.894914,0.773767,0.127013,0.106832
0.795170,0.806978,0.131994,0.127013
0.861993,0.659106,0.127003,0.131994
0.622300,0.614039,0.118604,0.127003
0.554925,0.629035,0.109031,0.118604
0.615236,0.490718,0.098886,0.109031
0.451998,0.474239,0.091711,0.098886
0.424868,0.504035,0.085848,0.091711
0.488596,0.407434,0.080754,0.085848
0.368689,0.399841,0.077271,0.080754
0.406619,0.388060,0.072176,0.077271
0.371643,0.326817,0.030378,0.072176
0.222200,0.272216,0.018194,0.030378
0.262573,0.323201,0.080506,0.018194
0.485144,0.297434,0.183560,0.080506
0.419598,0.239107,0.267521,0.183560
0.395893,0.302511,0.318602,0.267521
0.433352,0.295613,0.311425,0.318602
0.478804,0.313867,0.286533,0.311425
0.571980,0.311098,0.345263,0.286533
0.375806,0.333467,0.438903,0.345263
0.246815,0.413003,0.557631,0.438903
0.225133,0.443628,0.709345,0.557631
0.217239,0.517203,0.835616,0.709345
0.303741,0.682481,0.966051,0.835616
0.615623,0.679246,1.108653,0.966051
0.649036,0.733417,1.212226,1.108653
0.990236,0.918136,1.298352,1.212226
0.929525,0.786236,1.375515,1.298352
1.159075,0.811506,1.427488,1.375515
0.999224,0.920665,1.471600,1.427488
0.997897,0.793536,1.514092,1.471600
0.795520,0.957916,1.543383,1.514092
0.863518,0.921276,1.571214,1.543383
0.832365,0.785077,1.587944,1.571214
0.762897,0.908428,1.592235,1.587944
0.931062,0.781675,1.585231,1.592235
0.748110,0.803999,1.573556,1.585231
0.756029,0.971226,1.561168,1.573556
0.975416,0.783011,1.550569,1.561168
0.776893,0.842993,1.546394,1.550569
0.784691,0.950200,1.546159,1.546394
0.982018,0.830197,1.549275,1.546159
0.786833,0.814679,1.552786,1.549275
0.785840,0.963260,1.556039,1.552786
0.976662,0.848167,1.558552,1.556039
0.780696,0.835951,1.559408,1.558552
0.935463,0.998440,1.559193,1.559408
1.002398,0.818591,1.558262,1.559193
0.812923,1.004286,1.557317,1.558262
1.007310,0.989994,1.556373,1.557317
0.997323,0.832507,1.555737,1.556373
0.845035,0.967201,1.555441,1.555737
0.941316,0.818015,1.555446,1.555441
0.830463,1.020123,1.555668,1.555446
0.969504,0.970627,1.556202,1.555668
0.924117,0.843967,1.556908,1.556202
0.842490,0.977029,1.557482,1.556908
1.003233,0.994434,1.558041,1.557482
1.007343,0.982267,1.558537,1.558041
0.955798,0.823141,1.558955,1.558537
0.851964,0.863836,1.559246,1.558955
0.801998,0.968823,1.559461,1.559246
1.001584,0.821296,1.559680,1.559461
0.799060,0.846985,1.559752,1.559680
0.809584,0.980674,1.559059,1.559752
1.138107,0.832914,1.560001,1.559059
0.967566,0.789044,1.563070,1.560001
0.914880,0.866469,1.565652,1.563070
1.007305,0.711465,1.567752,1.565652
0.704603,0.656988,1.569148,1.567752
0.725090,0.684892,1.570363,1.569148
0.584674,0.550086,1.571403,1.570363
0.595495,0.503027,1.571893,1.571403
0.480598,0.580944,1.572001,1.571893
0.504779,0.417853,1.571737,1.572001
0.422516,0.492380,1.571315,1.571737
0.443741,0.443148,1.570722,1.571315
0.394140,0.389769,1.570174,1.570722
0.356870,0.378420,1.568570,1.570174
0.258051,0.327088,1.570236,1.568570
0.339847,0.331467,1.584671,1.570236
0.491471,0.250252,1.623378,1.584671
0.457612,0.231930,1.672201,1.623378
0.377662,0.289109,1.729123,1.672201
0.422473,0.270569,1.787674,1.729123
0.374601,0.252315,1.844110,1.787674
0.426397,0.376711,1.923606,1.844110
0.403240,0.328427,2.036078,1.923606
0.210895,0.340539,2.142608,2.036078
0.164615,0.479951,2.268006,2.142608
0.240219,0.460395,2.428274,2.268006
0.340998,0.590984,2.566086,2.428274
0.701902,0.772677,2.698710,2.566086
0.886133,0.707485,2.826427,2.698710
1.143188,0.763809,2.906589,2.826427
1.109569,0.959803,2.967950,2.906589
1.269941,0.782009,3.023644,2.967950
1.040735,0.794291,3.062142,3.023644
0.859212,0.947570,3.095713,3.062142
0.989955,0.791297,3.127436,3.095713
0.742179,0.763686,3.137661,3.127436
0.719121,0.918468,3.126053,3.137661
0.892043,0.772404,3.124107,3.126053
0.699336,0.800863,3.131402,3.124107
0.720640,0.909840,3.141964,3.131402
0.928694,0.980899,3.128755,3.141964
0.923759,0.953345,3.120135,3.128755
0.980406,0.792686,3.117631,3.120135
0.782961,0.842469,3.119133,3.117631
0.768643,0.960665,3.122355,3.119133
0.972043,0.841111,3.126537,3.122355
0.779431,0.796832,3.129056,3.126537
0.924068,0.995606,3.130252,3.129056
0.976638,0.818704,3.130304,3.130252
0.783601,0.837172,3.129575,3.130304
0.849087,1.000566,3.128657,3.129575
1.004563,0.815743,3.127725,3.128657
0.795705,0.813139,3.127375,3.127725
0.793720,0.990693,3.127402,3.127375
0.990004,0.811894,3.127743,3.127402
0.790655,0.987165,3.128152,3.127743
0.984615,0.992203,3.128770,3.128152
0.969974,0.832133,3.129253,3.128770
0.788878,0.980484,3.129600,3.129253
0.981084,0.826786,3.129837,3.129600
0.789810,0.844276,3.129915,3.129837
0.789562,1.004809,3.129917,3.129915
0.986286,0.817534,3.129979,3.129917
0.784439,0.841848,3.130181,3.129979
0.924791,0.976297,3.130481,3.130181
0.835832,1.061087,3.130945,3.130481
0.979408,1.007888,3.131615,3.130945
0.993154,0.807438,3.132082,3.131615
0.872443,0.809352,3.133361,3.132082
1.069656,0.935580,3.135515,3.133361
1.109270,0.751122,3.137062,3.135515
0.792048,0.701359,3.137082,3.137062
0.730902,0.737734,3.136772,3.137082
0.741974,0.585961,3.136341,3.136772
0.533941,0.569595,3.135771,3.136341
0.485740,0.572785,3.135088,3.135771
0.541016,0.457946,3.134513,3.135088
0.405730,0.459312,3.134491,3.134513
0.388606,0.459360,3.135149,3.134491
0.462578,0.339671,3.136901,3.135149
0.344937,0.363020,3.139026,3.136901
0.328764,0.401700,3.141443,3.139026
0.369740,0.274448,3.140825,3.141443
0.272111,0.268905,3.139688,3.140825
0.300978,0.259873,3.139435,3.139688
0.293426,0.216657,3.140077,3.139435
0.222037,0.201039,3.140906,3.140077
0.221432,0.204155,3.141761,3.140906
0.245869,0.143450,3.141986,3.141761
0.182037,0.175741,3.141677,3.141986
0.161597,0.136692,3.141638,3.141677
0.171619,0.117637,3.141791,3.141638
0.106767,0.067577,3.141607,3.141791
0.091167,0.105350,3.141273,3.141607
0.094146,0.075877,3.140972,3.141273
0.066977,0.027715,3.140828,3.140972
0.066358,0.044478,3.140735,3.140828
0.076250,0.042076,3.140660,3.140735
0.050265,0.043562,3.140644,3.140660
0.055997,0.031669,3.140655,3.140644
0.054976,0.046923,3.140589,3.140655
0.036900,0.037322,3.140523,3.140589
0.000000,0.000000,0.000000,0.000000
0.000000,0.008948,2.053540,0.000000
0.025074,0.060719,2.043610,2.053540
0.028825,0.046435,2.034370,2.043610
0.029278,0.058597,2.028493,2.034370
0.018281,0.047734,2.032235,2.028493
0.000000,0.040377,2.016008,2.032235
0.000000,0.031569,2.018342,2.016008
0.000000,0.012879,2.018295,2.018342
0.000000,0.033822,2.018412,2.018295
0.000000,0.043323,2.018759,2.018412
0.000000,0.007167,2.018946,2.018759
0.000000,0.017477,2.018828,2.018946
0.030421,0.049543,2.012770,2.018828
0.000000,0.014877,2.013519,2.012770
0.000000,0.020692,2.013870,2.013519
0.021592,0.061570,2.013848,2.013870
0.049973,0.036928,2.013785,2.013848
0.059689,0.016726,2.014451,2.013785
0.070769,0.033111,2.015511,2.014451
0.094427,0.016582,2.016536,2.015511
0.078208,0.044778,2.017206,2.016536
0.091328,0.036050,2.017446,2.017206
0.077131,0.052414,2.017752,2.017446
0.077879,0.048151,2.018004,2.017752
0.066365,0.040801,2.018354,2.018004
0.065208,0.006795,2.018123,2.018354
0.048740,0.031744,2.016895,2.018123
0.062997,0.048551,2.014759,2.016895
0.054510,0.035188,2.012026,2.014759
0.212115,0.086295,1.979545,2.012026
0.163310,0.088961,1.945364,1.979545
0.076909,0.156879,1.883219,1.945364
0.064906,0.242603,1.766409,1.883219
0.207336,0.339317,1.648937,1.766409
0.299813,0.497047,1.537283,1.648937
0.360060,0.491828,1.434675,1.537283
0.478128,0.600728,1.365582,1.434675
0.486046,0.744365,1.292277,1.365582
0.597384,0.710238,1.174870,1.292277
0.644160,0.930597,1.045323,1.174870
0.782561,0.964606,0.861299,1.045323
0.575531,0.840095,0.681804,0.861299
0.837769,0.989159,0.541984,0.681804
1.129342,0.801214,0.400763,0.541984
0.862558,0.791271,0.305013,0.400763
0.805864,0.969656,0.228326,0.305013
0.939180,0.788850,0.162011,0.228326
0.710783,0.820180,0.123355,0.162011
0.687597,0.910712,0.099476,0.123355
0.854011,0.760589,0.087657,0.099476
0.697387,0.844951,0.086389,0.087657
0.704960,0.953625,0.086817,0.086389
0.863245,0.778045,0.084967,0.086817
0.700733,0.828694,0.079832,0.084967
0.887830,0.920601,0.072252,0.079832
0.989319,0.835895,0.063858,0.072252
0.801994,0.848333,0.059313,0.063858
0.852502,1.005526,0.058362,0.059313
0.992314,0.791764,0.059017,0.058362
0.787157,0.834837,0.059379,0.059017
0.795501,0.999842,0.059705,0.059379
1.002015,0.807288,0.060028,0.059705
0.802856,0.813564,0.060092,0.060028
0.796648,0.959726,0.060136,0.060092
0.997573,0.832426,0.060210,0.060136
0.789463,0.854066,0.060183,0.060210
0.800138,0.966962,0.059909,0.060183
1.008475,0.849875,0.059335,0.059909
0.804264,0.868003,0.058842,0.059335
0.952463,0.937950,0.057879,0.058842
0.998301,0.814896,0.057426,0.057879
0.805379,0.830410,0.057906,0.057426
0.854430,0.991671,0.058704,0.057906
0.996716,0.838144,0.059130,0.058704
0.793614,0.862615,0.059169,0.059130
0.790714,0.960624,0.058915,0.059169
0.981791,0.826899,0.058422,0.058915
0.782036,0.854230,0.058437,0.058422
0.785774,0.933964,0.058336,0.058437
1.002608,0.817419,0.030430,0.058336
0.847984,0.842248,0.030700,0.030430
0.893707,0.945659,0.091183,0.030700
1.111361,0.731394,0.123346,0.091183
0.819316,0.729252,0.130487,0.123346
0.855292,0.813654,0.128927,0.130487
0.783870,0.609941,0.121661,0.128927
0.569919,0.554039,0.113873,0.121661
0.551487,0.580364,0.106038,0.113873
0.595915,0.448396,0.097952,0.106038
0.443046,0.454011,0.092319,0.097952
0.409629,0.483185,0.087689,0.092319
0.470587,0.358063,0.084492,0.087689
0.343634,0.347511,0.083874,0.084492
0.317798,0.385533,0.068414,0.083874
0.272435,0.261917,0.061894,0.068414
0.193641,0.299294,0.082170,0.061894
0.287519,0.315010,0.145819,0.082170
0.469705,0.250341,0.236299,0.145819
0.379671,0.227883,0.294353,0.236299
0.369660,0.278173,0.297783,0.294353
0.263963,0.254925,0.243749,0.297783
0.286325,0.299624,0.225224,0.243749
0.328009,0.376049,0.283353,0.225224
0.235686,0.331684,0.397878,0.283353
0.192270,0.392102,0.515914,0.397878
0.173950,0.553194,0.633652,0.515914
0.162774,0.520622,0.772010,0.633652
0.181848,0.635595,0.888083,0.772010
0.394645,0.816049,1.006293,0.888083
0.837837,0.756547,1.134687,1.006293
0.784667,0.963322,1.226762,1.134687
1.044399,0.958918,1.320143,1.226762
1.053556,0.854538,1.395536,1.320143
0.796049,0.938645,1.448643,1.395536
0.891693,0.798843,1.498939,1.448643
0.690475,0.791901,1.532940,1.498939
0.801845,0.932831,1.560606,1.532940
0.716706,0.768252,1.582883,1.560606
0.817968,0.808999,1.592260,1.582883
0.756638,0.947322,1.592293,1.592260
0.880229,0.794652,1.581826,1.592293
0.811763,0.979926,1.569385,1.581826
0.964203,0.962056,1.556111,1.569385
0.921905,0.806509,1.548703,1.556111
0.829119,0.938652,1.547207,1.548703
0.990981,1.016502,1.549379,1.547207
0.984313,0.975104,1.553521,1.549379
0.938069,0.796031,1.557411,1.553521
0.838509,0.998222,1.559365,1.557411
0.981870,0.957048,1.560126,1.559365
0.951816,0.857471,1.559391,1.560126
0.854573,0.964406,1.558333,1.559391
1.007925,0.821505,1.557153,1.558333
0.811832,0.860032,1.556610,1.557153
0.810919,0.992095,1.556411,1.556610
1.027084,0.826151,1.556666,1.556411
0.822108,0.841589,1.557116,1.556666
0.801005,0.960855,1.557707,1.557116
0.988932,0.820327,1.558451,1.557707
0.793714,0.834136,1.558947,1.558451
0.805031,0.972414,1.559351,1.558947
1.013007,0.824799,1.559658,1.559351
0.805270,0.858201,1.559828,1.559658
0.950445,0.994328,1.560009,1.559828
0.989437,0.822023,1.560355,1.560009
0.782118,0.839954,1.560777,1.560355
0.828385,0.968958,1.561269,1.560777
0.980374,0.829800,1.561041,1.561269
0.850690,0.855880,1.560731,1.561041
0.918953,0.947221,1.562473,1.560731
1.127248,0.748413,1.564482,1.562473
0.825256,0.716943,1.564986,1.564482
0.739481,0.785686,1.564834,1.564986
0.822847,0.609015,1.564600,1.564834
0.603050,0.571385,1.564850,1.564600
0.546731,0.661939,1.565671,1.564850
0.604943,0.484568,1.567356,1.565671
0.442583,0.458571,1.569204,1.567356
0.492485,0.488066,1.571159,1.569204
0.490220,0.393302,1.573347,1.571159
0.363917,0.378604,1.574813,1.573347
0.355655,0.377764,1.575178,1.574813
0.323749,0.301358,1.574697,1.575178
0.211661,0.305296,1.573311,1.574697
0.301555,0.349868,1.566232,1.573311
0.497633,0.267463,1.548676,1.566232
0.390117,0.266741,1.522401,1.548676
0.345200,0.278589,1.473173,1.522401
0.339185,0.250504,1.397690,1.473173
0.366445,0.272469,1.321024,1.397690
0.481990,0.319930,1.235329,1.321024
0.340722,0.314564,1.131537,1.235329
0.207293,0.388469,1.044456,1.131537
0.315377,0.517726,0.944921,1.044456
0.513301,0.497414,0.807392,0.944921
0.476852,0.586218,0.681680,0.807392
0.635483,0.779373,0.543212,0.681680
0.921280,0.884284,0.393382,0.543212
1.027355,0.921108,0.266065,0.393382
1.036218,0.815449,0.170618,0.266065
0.946781,0.811492,0.117419,0.170618
0.836875,0.944088,0.079046,0.117419
0.949517,0.818732,0.058228,0.079046
0.718052,0.810792,0.060715,0.058228
0.689259,0.910373,0.070769,0.060715
0.850039,0.748444,0.078983,0.070769
0.691738,0.780892,0.080376,0.078983
0.724305,0.945678,0.078450,0.080376
0.934613,0.808056,0.076606,0.078450
0.759186,0.840829,0.075585,0.076606
0.920117,0.964700,0.075528,0.075585
0.842503,0.797864,0.074698,0.075528
0.952843,0.821242,0.072693,0.074698
0.849679,0.962352,0.070220,0.072693
0.955871,0.795400,0.067663,0.070220
0.846189,0.867089,0.066311,0.067663
0.774110,1.000588,0.065854,0.066311
0.964288,0.790654,0.066556,0.065854
0.785555,0.832389,0.067333,0.066556
0.783744,0.990050,0.067670,0.067333
0.976739,0.810762,0.067287,0.067670
0.783300,0.836714,0.066757,0.067287
0.791847,0.975697,0.066020,0.066757
0.999713,0.802356,0.065519,0.066020
0.807772,0.857785,0.065430,0.065519
0.954907,0.969394,0.065091,0.065430
0.847623,0.827990,0.064402,0.065091
0.945734,0.856306,0.063668,0.064402
0.844302,1.012036,0.062859,0.063668
0.934580,0.820795,0.061985,0.062859
0.830195,0.865154,0.061398,0.061985
0.782862,0.986884,0.061062,0.061398
0.973886,0.819952,0.060295,0.061062
0.783248,0.830923,0.059595,0.060295
0.786699,0.948762,0.059409,0.059595
0.979116,0.849089,0.059724,0.059409
0.776874,0.840743,0.055674,0.059724
0.794586,0.976089,0.020029,0.055674
1.110922,0.804651,0.063288,0.020029
0.931164,0.799410,0.109345,0.063288
1.042141,0.853243,0.128826,0.109345
0.821734,0.703454,0.132309,0.128826
0.783480,0.647626,0.126826,0.132309
0.629866,0.691754,0.117590,0.126826
0.648367,0.549125,0.105771,0.117590
0.518550,0.504657,0.096657,0.105771
0.451376,0.543281,0.088821,0.096657
0.517559,0.423056,0.082182,0.088821
0.394051,0.372745,0.078578,0.082182
0.376539,0.422056,0.076142,0.078578
0.427855,0.353815,0.066727,0.076142
0.289013,0.350635,0.029089,0.066727
0.203628,0.357250,0.016362,0.029089
0.337017,0.276712,0.090862,0.016362
0.374503,0.272508,0.179632,0.090862
0.488057,0.313375,0.267465,0.179632
0.411578,0.253632,0.326630,0.267465
0.422841,0.245385,0.318770,0.326630
0.417991,0.319338,0.293282,0.318770
0.578957,0.287270,0.329094,0.293282
0.565225,0.320754,0.413784,0.329094
0.375964,0.415237,0.524872,0.413784
0.355428,0.413975,0.674180,0.524872
0.334640,0.478804,0.799209,0.674180
0.404665,0.678065,0.929507,0.799209
0.696171,0.642743,1.075742,0.929507
0.729927,0.706137,1.184213,1.075742
0.832240,0.899943,1.274814,1.184213
1.123866,0.790977,1.355933,1.274814
0.933530,0.804275,1.410868,1.355933
1.051276,0.938599,1.458255,1.410868
0.878052,0.768954,1.503949,1.458255
0.922566,0.806264,1.535707,1.503949
0.781617,0.924398,1.562393,1.535707
0.846519,0.784856,1.584226,1.562393
0.744529,0.800314,1.593124,1.584226
0.726332,0.931445,1.592185,1.593124
0.962675,0.792807,1.579503,1.592185
0.787105,0.818165,1.565663,1.579503
0.794724,0.970912,1.553640,1.565663
1.005796,0.815242,1.545546,1.553640
0.809486,0.848055,1.544054,1.545546
0.807861,1.002534,1.546177,1.544054
0.999995,0.811861,1.551053,1.546177
0.793130,0.854691,1.555179,1.551053
0.928988,0.951491,1.558265,1.555179
0.822162,0.827400,1.560012,1.558265
0.930640,0.823040,1.560235,1.560012
0.840493,0.978763,1.559700,1.560235
0.936328,0.825650,1.558602,1.559700
0.853199,1.008366,1.557768,1.558602
1.000959,0.979992,1.557196,1.557768
0.947630,0.843423,1.557066,1.557196
0.852403,0.992359,1.557200,1.557066
1.004691,0.814500,1.557540,1.557200
0.803308,0.847282,1.557835,1.557540
0.805434,0.990651,1.558190,1.557835
0.993008,0.828454,1.558477,1.558190
0.792675,0.853032,1.558701,1.558477
0.788971,0.981043,1.559026,1.558701
0.693185,0.979013,1.559539,1.559026
0.735593,0.987314,1.560168,1.559539
0.889068,0.809995,1.560804,1.560168
0.763160,0.827851,1.561508,1.560804
0.778201,0.998411,1.562304,1.561508
0.977589,0.826772,1.563172,1.562304
0.806993,0.827655,1.563647,1.563172
1.068580,0.935766,1.566175,1.563647
0.986575,0.770247,1.569950,1.566175
0.997916,0.752926,1.571196,1.569950
0.767663,0.817776,1.571272,1.571196
0.752250,0.634923,1.570831,1.571272
0.605843,0.719203,1.570534,1.570831
0.654359,0.616913,1.570679,1.570534
0.583210,0.580232,1.571473,1.570679
0.569137,0.522043,1.573174,1.571473
0.527258,0.409044,1.575597,1.573174
0.411901,0.442249,1.578204,1.575597
0.434438,0.338082,1.581571,1.578204
0.350855,0.319553,1.583327,1.581571
0.249199,0.375748,1.584676,1.583327
0.309756,0.348895,1.582546,1.584676
0.504291,0.335665,1.570428,1.582546
0.517938,0.310683,1.546682,1.570428
0.445371,0.266568,1.496843,1.546682
0.365663,0.232196,1.425584,1.496843
0.347770,0.295787,1.351939,1.425584
0.481001,0.369581,1.267395,1.351939
0.593407,0.316413,1.163416,1.267395
0.395672,0.370831,1.077567,1.163416
0.315860,0.484528,0.981900,1.077567
0.083272,0.504348,0.846976,0.981900
0.097548,0.534037,0.721050,0.846976
0.230028,0.753588,0.580197,0.721050
0.445674,0.724018,0.425136,0.580197
0.554854,0.749882,0.313973,0.425136
0.763208,0.950915,0.219408,0.313973
0.810392,0.810424,0.144082,0.219408
0.926207,0.824284,0.101613,0.144082
0.777903,0.939601,0.072468,0.101613
0.799608,0.779249,0.059506,0.072468
0.703458,0.795893,0.062851,0.059506
0.659272,0.964706,0.069514,0.062851
0.865295,0.799804,0.074259,0.069514
0.723796,0.810036,0.074143,0.074259
0.751264,0.963861,0.072107,0.074143
0.946515,0.796330,0.071783,0.072107
0.778957,0.833688,0.073001,0.071783
0.790106,0.928075,0.073913,0.073001
0.978852,0.805132,0.073340,0.073913
0.781503,0.844910,0.072171,0.073340
0.922486,0.993770,0.070607,0.072171
0.823874,0.816208,0.068791,0.070607
0.930054,0.853410,0.067262,0.068791
0.833046,0.973764,0.065733,0.067262
0.938564,0.791367,0.064102,0.065733
0.850492,1.000814,0.063125,0.064102
1.000503,0.990306,0.062633,0.063125
0.957555,0.857989,0.063105,0.062633
0.856165,0.977467,0.063682,0.063105
1.003629,0.815083,0.064242,0.063682
0.798292,0.841666,0.064778,0.064242
0.794963,0.959573,0.064839,0.064778
0.995914,0.822801,0.064400,0.064839
0.805867,0.851924,0.063482,0.064400
0.802467,1.000399,0.062544,0.063482
1.008743,0.992729,0.061562,0.062544
1.000336,0.991445,0.060514,0.061562
1.001422,0.798794,0.059467,0.060514
0.808011,0.844808,0.058745,0.059467
0.804322,0.994481,0.058507,0.058745
0.991820,0.819323,0.058930,0.058507
0.794155,0.873304,0.059651,0.058930
0.940122,0.983114,0.050791,0.059651
0.886479,0.821851,0.012209,0.050791
1.066666,0.796505,0.071661,0.012209
0.997224,0.929496,0.109400,0.071661
1.011167,0.730186,0.124783,0.109400
0.769025,0.702846,0.125761,0.124783
0.645283,0.722333,0.120901,0.125761
0.719277,0.560453,0.111775,0.120901
0.514373,0.550637,0.103464,0.111775
0.476968,0.592335,0.095055,0.103464
0.560532,0.437820,0.086708,0.095055
0.417851,0.501958,0.081590,0.086708
0.476979,0.464319,0.077136,0.081590
0.440432,0.385245,0.073592,0.077136
0.334723,0.353158,0.052680,0.073592
0.299289,0.330387,0.009488,0.052680
0.203043,0.288479,0.054798,0.009488
0.296097,0.319579,0.141170,0.054798
0.497083,0.248135,0.244166,0.141170
0.402317,0.279646,0.310663,0.244166
0.378966,0.283755,0.327726,0.310663
0.385673,0.245319,0.302249,0.327726
0.438779,0.303344,0.308255,0.302249
0.546518,0.366372,0.380102,0.308255
0.422578,0.342635,0.502588,0.380102
0.244981,0.370454,0.627495,0.502588
0.198203,0.532216,0.759608,0.627495
0.318701,0.515863,0.913577,0.759608
0.356820,0.591432,1.039548,0.913577
0.535576,0.818071,1.156787,1.039548
0.914903,0.748215,1.269969,1.156787
0.843130,0.759235,1.342867,1.269969
0.849075,0.978382,1.401195,1.342867
1.118919,0.804618,1.456441,1.401195
0.830389,0.801648,1.494293,1.456441
0.895673,0.920910,1.527055,1.494293
0.891733,0.763488,1.558290,1.527055
0.700800,0.786245,1.577718,1.558290
0.748961,0.957751,1.589684,1.577718
0.906441,0.765847,1.591600,1.589684
0.743467,0.783457,1.583844,1.591600
0.762015,0.937484,1.571689,1.583844
0.970553,0.784757,1.558156,1.571689
0.788128,0.832704,1.550502,1.558156
0.785060,0.963794,1.546987,1.550502
0.983782,0.806486,1.547366,1.546987
0.783961,0.812410,1.549924,1.547366
0.777178,0.960617,1.553238,1.549924
0.966577,0.815175,1.556518,1.553238
0.774339,0.845606,1.558239,1.556518
0.922265,0.992681,1.558741,1.558239
0.981946,0.801803,1.558239,1.558741
0.806976,0.843619,1.557393,1.558239
0.858518,0.983091,1.556591,1.557393
1.009575,1.008054,1.555925,1.556591
1.007214,0.982262,1.555629,1.555925
0.952083,0.814779,1.555736,1.555629
0.853035,0.856013,1.556052,1.555736
0.805291,1.007831,1.556367,1.556052
0.995320,0.817716,1.556677,1.556367
0.809106,0.996406,1.556913,1.556677
0.999537,0.989992,1.557171,1.556913
0.996682,0.849412,1.557414,1.557171
0.803656,0.957801,1.557644,1.557414
0.997494,0.829801,1.557819,1.557644
0.798017,0.823404,1.557752,1.557819
0.801554,0.987832,1.557418,1.557752
1.001755,0.841393,1.556821,1.557418
0.799815,0.849955,1.556442,1.556821
0.792080,0.968400,1.555379,1.556442
1.086195,0.824384,1.555066,1.555379
0.939049,0.831212,1.557835,1.555066
1.099261,0.873362,1.561034,1.557835
1.013812,0.707040,1.563901,1.561034
0.703794,0.674109,1.565920,1.563901
0.658183,0.734731,1.568126,1.565920
0.696422,0.575137,1.571028,1.568126
0.513673,0.535524,1.573762,1.571028
0.478077,0.570289,1.576412,1.573762
0.548380,0.432717,1.578783,1.576412
0.405245,0.434543,1.579892,1.578783
0.377130,0.448480,1.580355,1.579892
0.449657,0.372685,1.580706,1.580355
0.340355,0.323892,1.580460,1.580706
0.278869,0.367477,1.580671,1.580460
0.257284,0.289589,1.585894,1.580671
0.325449,0.297748,1.604355,1.585894
0.481275,0.289338,1.639281,1.604355
0.492042,0.251777,1.697908,1.639281
0.323130,0.216586,1.751758,1.697908
0.335579,0.283840,1.800187,1.751758
0.479606,0.288456,1.871003,1.800187
0.434958,0.325717,1.952950,1.871003
0.333171,0.405427,2.049956,1.952950
0.318542,0.417298,2.179449,2.049956
0.251935,0.532870,2.333525,2.179449
0.364629,0.502326,2.496765,2.333525
0.459516,0.745367,2.632484,2.496765
0.944808,0.812655,2.777818,2.632484
1.136892,0.748345,2.885612,2.777818
0.939267,0.938216,2.952338,2.885612
1.211734,0.768821,3.011260,2.952338
0.953143,0.825508,3.051646,3.011260
0.886417,0.935646,3.086805,3.051646
1.016840,0.773611,3.120155,3.086805
0.766738,0.783930,3.141261,3.120155
0.737339,0.918778,3.129262,3.141261
0.908794,0.745619,3.123953,3.129262
0.726467,0.804597,3.128691,3.123953
0.847181,0.939592,3.139181,3.128691
0.888051,0.788257,3.132187,3.139181
0.723152,0.822149,3.123668,3.132187
0.783332,0.926026,3.119198,3.123668
0.946809,0.802593,3.119053,3.119198
0.765948,0.830149,3.121783,3.119053
0.772975,0.981364,3.125638,3.121783
0.972447,0.819009,3.129745,3.125638
0.799605,0.821772,3.131951,3.129745
0.817495,1.001758,3.132758,3.131951
1.025775,0.797610,3.132357,3.132758
0.817053,0.864263,3.131358,3.132357
0.811526,0.965531,3.130203,3.131358
0.996455,0.825217,3.129059,3.130203
0.796238,0.840205,3.128389,3.129059
0.941342,0.985829,3.128106,3.128389
0.984414,0.801926,3.128190,3.128106
0.785252,0.854514,3.128386,3.128190
0.832290,0.958286,3.128662,3.128386
0.989093,0.836605,3.128863,3.128662
0.789874,0.874886,3.128893,3.128863
0.786170,0.975001,3.128862,3.128893
0.992456,0.807927,3.128671,3.128862
0.791881,0.844378,3.128753,3.128671
0.790509,0.996729,3.128993,3.128753
0.976304,0.784587,3.129616,3.128993
0.772201,0.832482,3.130325,3.129616
0.769109,1.015832,3.131019,3.130325
0.948694,0.843338,3.131966,3.131019
0.768491,0.882109,3.132505,3.131966
0.920370,0.979535,3.133031,3.132505
1.086827,0.755778,3.134798,3.133031
0.866190,0.785961,3.135744,3.134798
0.835387,0.845724,3.135757,3.135744
0.854724,0.651204,3.135187,3.135757
0.612038,0.624513,3.135020,3.135187
0.558229,0.637019,3.134974,3.135020
0.611688,0.486449,3.134848,3.134974
0.448054,0.486983,3.134764,3.134848
0.415356,0.499932,3.134847,3.134764
0.478589,0.380005,3.135246,3.134847
0.362575,0.361540,3.135982,3.135246
0.343936,0.425139,3.137182,3.135982
0.401307,0.317749,3.139215,3.137182
0.302080,0.304782,3.141572,3.139215
0.328090,0.314464,3.139818,3.141572
0.311322,0.237664,3.136065,3.139818
0.235073,0.207977,3.134278,3.136065
0.231007,0.258767,3.133842,3.134278
0.241922,0.163662,3.134683,3.133842
0.170318,0.202140,3.135959,3.134683
0.145974,0.179101,3.137272,3.135959
0.161323,0.122188,3.138384,3.137272
0.115769,0.099758,3.138748,3.138384
0.083662,0.127089,3.138661,3.138748
0.089435,0.074686,3.138102,3.138661
0.078316,0.058757,3.137570,3.138102
0.062166,0.077016,3.137090,3.137570
0.061968,0.041079,3.136666,3.137090
0.044629,0.051824,3.136502,3.136666
0.070841,0.016765,3.136494,3.136502
0.066178,0.022391,3.136580,3.136494
0.039552,0.016181,3.136729,3.136580
0.000000,0.032508,3.136598,3.136729
0.000000,0.034049,3.136632,3.136598
0.000000,0.032564,3.136613,3.136632
0.000000,0.000000,0.000000,0.000000
0.000000,0.026219,2.058507,0.000000
0.000000,0.040112,2.054173,2.058507
0.019606,0.057107,2.048981,2.054173
0.032490,0.028669,2.039723,2.048981
0.026800,0.048635,2.033597,2.039723
0.020221,0.045076,2.036345,2.033597
0.000000,0.025499,2.045038,2.036345
0.025568,0.007857,2.061499,2.045038
0.018015,0.039766,2.063447,2.061499
0.000000,0.010663,2.063731,2.063447
0.000000,0.018105,2.062304,2.063731
0.000000,0.045364,2.061751,2.062304
0.000000,0.025658,2.061729,2.061751
0.000000,0.019510,2.062078,2.061729
0.000000,0.064075,2.063228,2.062078
0.000000,0.037018,2.064715,2.063228
0.000000,0.014353,2.065194,2.064715
0.032970,0.042376,2.051155,2.065194
0.042274,0.049884,2.049739,2.051155
0.038452,0.019589,2.048171,2.049739
0.042853,0.023398,2.046464,2.048171
0.041676,0.041268,2.047150,2.046464
0.037121,0.022606,2.049583,2.047150
0.057323,0.054064,2.053886,2.049583
0.044816,0.028584,2.057115,2.053886
0.055856,0.030103,2.058547,2.057115
0.070241,0.056069,2.058174,2.058547
0.066921,0.018683,2.056877,2.058174
0.085312,0.049730,2.055913,2.056877
0.121535,0.025916,2.056116,2.055913
0.101333,0.055031,2.056782,2.056116
0.102368,0.011845,2.058057,2.056782
0.080949,0.019074,2.060222,2.058057
0.077477,0.031656,2.061094,2.060222
0.055166,0.031855,2.060879,2.061094
0.052726,0.025818,2.059551,2.060879
0.056503,0.035114,2.058185,2.059551
0.031132,0.027394,2.056911,2.058185
0.045030,0.043384,2.055696,2.056911
0.183364,0.017595,2.038081,2.055696
0.149020,0.073900,2.011796,2.038081
0.118798,0.140712,1.963251,2.011796
0.046129,0.193545,1.863315,1.963251
0.136014,0.295371,1.752082,1.863315
0.323437,0.442400,1.637186,1.752082
0.459551,0.438816,1.528600,1.637186
0.504964,0.562127,1.458798,1.528600
0.504257,0.711943,1.391117,1.458798
0.531436,0.687090,1.284107,1.391117
0.515853,0.896627,1.164145,1.284107
0.832230,0.893939,0.986597,1.164145
0.576859,0.834362,0.799586,0.986597
0.637965,1.008568,0.650035,0.799586
1.131699,0.817892,0.495122,0.650035
0.929402,0.824301,0.386420,0.495122
0.901361,0.940105,0.294576,0.386420
1.074217,0.962562,0.209024,0.294576
0.982243,0.940842,0.145544,0.209024
0.913124,0.792058,0.108627,0.145544
0.693480,0.810313,0.093813,0.108627
0.674725,0.945312,0.088468,0.093813
0.846527,0.768946,0.086867,0.088468
0.683272,0.810306,0.085331,0.086867
0.699809,0.972374,0.081943,0.085331
0.921978,0.792542,0.074360,0.081943
0.770353,0.835821,0.067617,0.074360
0.944444,0.951839,0.061905,0.067617
0.856891,0.812887,0.058225,0.061905
0.942046,0.841475,0.057801,0.058225
0.833822,0.978360,0.058105,0.057801
0.928776,0.845317,0.058506,0.058105
0.830873,0.813877,0.059337,0.058506
0.794199,0.974296,0.060029,0.059337
0.999152,0.830704,0.060382,0.060029
0.807204,0.831464,0.060292,0.060382
0.798841,0.992841,0.059959,0.060292
0.992316,0.830117,0.059453,0.059959
0.797101,0.985218,0.058856,0.059453
0.997961,0.987443,0.058457,0.058856
1.006867,0.824732,0.058297,0.058457
0.804162,0.981100,0.058120,0.058297
1.013927,0.820044,0.058027,0.058120
0.800826,0.814346,0.057842,0.058027
0.790899,1.029772,0.058154,0.057842
0.990099,0.813724,0.059001,0.058154
0.784141,0.853816,0.059642,0.059001
0.924914,0.977024,0.060050,0.059642
0.988564,0.820006,0.060315,0.060050
0.790930,0.811286,0.060322,0.060315
0.852982,0.975877,0.037834,0.060322
1.091053,0.838285,0.032827,0.037834
0.936040,0.809061,0.088743,0.032827
0.902193,0.878139,0.117156,0.088743
1.001539,0.703611,0.127781,0.117156
0.716575,0.698282,0.126935,0.127781
0.644996,0.726343,0.121474,0.126935
0.717451,0.692084,0.112479,0.121474
0.644263,0.614987,0.102739,0.112479
0.580507,0.444106,0.094534,0.102739
0.437262,0.432236,0.089284,0.094534
0.413030,0.466888,0.085256,0.089284
0.455080,0.359051,0.081425,0.085256
0.183454,0.327528,0.077711,0.081425
0.212029,0.396087,0.050632,0.077711
0.179456,0.285843,0.036964,0.050632
0.234785,0.295211,0.075169,0.036964
0.366239,0.325306,0.154995,0.075169
0.456001,0.268714,0.252332,0.154995
0.383357,0.258012,0.305033,0.252332
0.278656,0.278903,0.305729,0.305033
0.332850,0.241008,0.267745,0.305729
0.396964,0.331944,0.282651,0.267745
0.467047,0.379856,0.377451,0.282651
0.320673,0.343598,0.508007,0.377451
0.279757,0.490884,0.634722,0.508007
0.350433,0.490223,0.780827,0.634722
0.292121,0.579336,0.905786,0.780827
0.306653,0.783456,1.029727,0.905786
0.459553,0.728247,1.161036,1.029727
0.475673,0.762606,1.253060,1.161036
0.684072,0.961648,1.329504,1.253060
1.075573,0.769968,1.401584,1.329504
0.844528,0.861766,1.450572,1.401584
0.932439,0.954286,1.492076,1.450572
0.891662,0.755455,1.531365,1.492076
0.678095,0.790739,1.557039,1.531365
0.704915,0.944308,1.576329,1.557039
0.850824,0.784790,1.588993,1.576329
0.706732,0.806225,1.590261,1.588993
0.736301,0.949304,1.583016,1.590261
0.942461,0.797102,1.568956,1.583016
0.772288,0.826881,1.557793,1.568956
0.787093,0.981963,1.550008,1.557793
0.992926,0.778794,1.546462,1.550008
0.796556,0.854429,1.547361,1.546462
0.807877,0.971203,1.550213,1.547361
1.004227,0.813412,1.554155,1.550213
0.795501,0.826163,1.556841,1.554155
0.944229,0.957959,1.558511,1.556841
0.999583,0.847500,1.559067,1.558511
0.789065,0.832702,1.558706,1.559067
0.845950,0.976040,1.558006,1.558706
0.992415,0.792266,1.557155,1.558006
0.798815,0.864274,1.556616,1.557155
0.804878,0.986206,1.556352,1.556616
1.007041,0.814531,1.556457,1.556352
0.810047,0.850083,1.556565,1.556457
0.797692,0.975428,1.556781,1.556565
0.982099,0.823860,1.557077,1.556781
0.796912,0.847176,1.557395,1.557077
0.790597,0.992719,1.557800,1.557395
1.012529,0.795693,1.558466,1.557800
0.818294,0.821343,1.559031,1.558466
0.968744,1.002281,1.559481,1.559031
1.007266,0.823898,1.559864,1.559481
0.799870,0.861096,1.560185,1.559864
0.841767,0.983159,1.560487,1.560185
0.699065,0.820449,1.560954,1.560487
0.711078,0.827449,1.560666,1.560954
0.833709,0.975952,1.561617,1.560666
1.171671,0.798413,1.564976,1.561617
0.881714,0.760371,1.566881,1.564976
0.785672,0.824303,1.567781,1.566881
0.857902,0.634139,1.568187,1.567781
0.629415,0.625483,1.568419,1.568187
0.572872,0.648758,1.568837,1.568419
0.651072,0.517813,1.569835,1.568837
0.485917,0.500341,1.571059,1.569835
0.528306,0.487077,1.572733,1.571059
0.501982,0.408304,1.575060,1.572733
0.382724,0.379568,1.576934,1.575060
0.382889,0.409674,1.578565,1.576934
0.400771,0.319143,1.578915,1.578565
0.231825,0.303349,1.579561,1.578915
0.238614,0.346358,1.577308,1.579561
0.470397,0.260460,1.565771,1.577308
0.426733,0.263996,1.547224,1.565771
0.386351,0.277455,1.513391,1.547224
0.415809,0.248735,1.448464,1.513391
0.280867,0.248548,1.380140,1.448464
0.255407,0.325886,1.299279,1.380140
0.334583,0.321019,1.197445,1.299279
0.145384,0.334834,1.111669,1.197445
0.112977,0.462501,1.020527,1.111669
0.162299,0.483721,0.890877,1.020527
0.298352,0.540056,0.768581,0.890877
0.501194,0.738943,0.631703,0.768581
0.848544,0.697466,0.471947,0.631703
0.758532,0.755958,0.355096,0.471947
0.840162,0.937586,0.254237,0.355096
1.117685,0.799619,0.166186,0.254237
0.864370,0.838913,0.115642,0.166186
0.799591,0.927916,0.078558,0.115642
0.917518,0.952809,0.059763,0.078558
0.876647,0.942646,0.065527,0.059763
0.861254,0.763481,0.074366,0.065527
0.698466,0.774135,0.077862,0.074366
0.716422,0.933198,0.077070,0.077862
0.945939,0.813273,0.074322,0.077070
0.760447,0.799467,0.073613,0.074322
0.926717,0.985633,0.074381,0.073613
0.841350,0.809760,0.074925,0.074381
0.938474,0.814293,0.074415,0.074925
0.843853,0.991392,0.073103,0.074415
0.947520,0.791722,0.071605,0.073103
0.842435,0.839626,0.070737,0.071605
0.784201,0.985492,0.070352,0.070737
0.968137,0.789857,0.069890,0.070352
0.771484,0.826057,0.069002,0.069890
0.789046,0.967138,0.068224,0.069002
0.983007,0.852314,0.067095,0.068224
0.790560,0.839936,0.065894,0.067095
0.803913,1.007840,0.064333,0.065894
0.997695,0.837265,0.062519,0.064333
0.805454,0.849563,0.061469,0.062519
0.963848,0.962728,0.060347,0.061469
0.865099,0.828351,0.059414,0.060347
0.960134,0.849273,0.059384,0.059414
0.848288,0.957262,0.059942,0.059384
0.948748,0.791308,0.060491,0.059942
0.845236,0.866165,0.060799,0.060491
0.770542,0.972588,0.061323,0.060799
0.963239,0.807278,0.062354,0.061323
0.772079,0.833432,0.063617,0.062354
0.775833,1.013998,0.065063,0.063617
0.975432,0.847246,0.066156,0.065063
0.785375,0.857634,0.066264,0.066156
0.786835,0.978656,0.047654,0.066264
1.077305,0.828563,0.024150,0.047654
0.942554,0.803746,0.084350,0.024150
1.109337,0.876967,0.117588,0.084350
0.887235,0.691744,0.130394,0.117588
0.840134,0.690453,0.129551,0.130394
0.661837,0.695569,0.123059,0.129551
0.675843,0.547005,0.112419,0.123059
0.550402,0.527181,0.103153,0.112419
0.471032,0.621380,0.094099,0.103153
0.546365,0.441038,0.085218,0.094099
0.412980,0.406243,0.079801,0.085218
0.389197,0.481638,0.075982,0.079801
0.461909,0.346746,0.073024,0.075982
0.342050,0.327157,0.052618,0.073024
0.286973,0.357827,0.013557,0.052618
0.285799,0.293529,0.066031,0.013557
0.354908,0.270167,0.149023,0.066031
0.468251,0.312343,0.234107,0.149023
0.414627,0.231652,0.307349,0.234107
0.413816,0.244278,0.315495,0.307349
0.401712,0.307218,0.287054,0.315495
0.542911,0.288311,0.292001,0.287054
0.468499,0.303260,0.366206,0.292001
0.286065,0.389952,0.471402,0.366206
0.085435,0.385170,0.616830,0.471402
0.094770,0.475536,0.743414,0.616830
0.223274,0.595873,0.873538,0.743414
0.452088,0.567446,1.025028,0.873538
0.475763,0.683820,1.141551,1.025028
0.631970,0.877983,1.243646,1.141551
1.018359,0.766609,1.335029,1.243646
0.890378,0.810184,1.392565,1.335029
1.081542,0.996614,1.441020,1.392565
0.924574,0.762905,1.488481,1.441020
0.928676,0.802779,1.521895,1.488481
0.774025,0.904367,1.550460,1.521895
0.835571,0.777468,1.575745,1.550460
0.731536,0.811896,1.588616,1.575745
0.710259,0.936021,1.592415,1.588616
0.923603,0.777749,1.583781,1.592415
0.765414,0.806436,1.570203,1.583781
0.784582,0.956017,1.556449,1.570203
0.983818,0.997027,1.545480,1.556449
0.977621,0.936085,1.541420,1.545480
0.990076,0.824090,1.543130,1.541420
0.788399,0.830946,1.547003,1.543130
0.789914,0.982068,1.551463,1.547003
0.988013,0.831071,1.555536,1.551463
0.788625,0.801886,1.557430,1.555536
0.782225,0.976910,1.557999,1.557430
1.016037,0.818937,1.557441,1.557999
0.802927,0.847653,1.556533,1.557441
0.952101,1.002904,1.555695,1.556533
1.011153,0.840547,1.555138,1.555695
0.802230,0.824899,1.555132,1.555138
0.862527,1.004092,1.555496,1.555132
1.006348,0.799389,1.556189,1.555496
0.800682,0.840743,1.556904,1.556189
0.795398,0.983151,1.557612,1.556904
0.982516,0.825452,1.558239,1.557612
0.788665,0.838072,1.558544,1.558239
0.794960,0.982316,1.558739,1.558544
0.993211,0.806996,1.558735,1.558739
0.794561,0.835460,1.558762,1.558735
0.796671,0.996860,1.558931,1.558762
0.983516,0.822836,1.559426,1.558931
0.791432,0.831730,1.560133,1.559426
0.942905,0.993694,1.560908,1.560133
0.998606,0.813966,1.561234,1.560908
0.840006,0.840943,1.561643,1.561234
0.986690,0.951469,1.564449,1.561643
1.133276,0.781477,1.567780,1.564449
0.818822,0.742510,1.569140,1.567780
0.716327,0.798165,1.569804,1.569140
0.781598,0.598833,1.570374,1.569804
0.583535,0.585723,1.570628,1.570374
0.539092,0.625105,1.570683,1.570628
0.622184,0.496141,1.570524,1.570683
0.437799,0.449171,1.570211,1.570524
0.416729,0.505021,1.569721,1.570211
0.493530,0.391586,1.569075,1.569721
0.370429,0.403602,1.568705,1.569075
0.428165,0.384597,1.567957,1.568705
0.315149,0.321648,1.568023,1.567957
0.257026,0.359215,1.567063,1.568023
0.367299,0.272191,1.558576,1.567063
0.486767,0.289042,1.543480,1.558576
0.429039,0.281326,1.515519,1.543480
0.392326,0.242276,1.455124,1.515519
0.296189,0.258496,1.390186,1.455124
0.311785,0.336546,1.311475,1.390186
0.540613,0.303181,1.211331,1.311475
0.405930,0.355762,1.126921,1.211331
0.408961,0.384675,1.037743,1.126921
0.354543,0.448895,0.913742,1.037743
0.356864,0.523920,0.794012,0.913742
0.575106,0.712079,0.657752,0.794012
0.922609,0.675139,0.492999,0.657752
0.891092,0.742822,0.369871,0.492999
1.148101,0.905839,0.263254,0.369871
1.099948,0.794202,0.169487,0.263254
1.101921,0.794507,0.118260,0.169487
0.837114,0.946014,0.082326,0.118260
0.820016,0.787598,0.063792,0.082326
0.725731,0.775823,0.066018,0.063792
0.665673,0.936747,0.074010,0.066018
0.844864,0.775428,0.081552,0.074010
0.700576,0.789279,0.083206,0.081552
0.719729,0.939254,0.081313,0.083206
0.931515,0.804453,0.078615,0.081313
0.747724,0.835701,0.077503,0.078615
0.760835,0.959504,0.076972,0.077503
0.973396,0.830747,0.075784,0.076972
0.784753,0.804187,0.074163,0.075784
0.934094,0.988178,0.072147,0.074163
0.831666,0.786163,0.069912,0.072147
0.925707,0.841452,0.068564,0.069912
0.838945,0.995238,0.067589,0.068564
0.848837,0.823902,0.066757,0.067589
0.803004,0.847504,0.066056,0.066757
0.785027,0.980462,0.064922,0.066056
0.995345,0.808558,0.063226,0.064922
0.797312,0.847909,0.062156,0.063226
0.796151,1.007735,0.061715,0.062156
0.993182,0.850658,0.061466,0.061715
0.796504,0.858556,0.060937,0.061466
0.794249,0.955050,0.060263,0.060937
0.999526,0.815109,0.059691,0.060263
0.805442,0.828214,0.059725,0.059691
0.950502,0.981827,0.060103,0.059725
0.852474,0.843710,0.060777,0.060103
0.955525,0.848119,0.061268,0.060777
0.847012,0.978397,0.061495,0.061268
0.946460,0.819754,0.061407,0.061495
0.843411,0.854140,0.060947,0.061407
0.792271,0.986146,0.060147,0.060947
0.997964,0.822372,0.059085,0.060147
0.800364,0.852514,0.054266,0.059085
0.828587,0.957906,0.017215,0.054266
1.139556,0.799770,0.062558,0.017215
0.928879,0.821514,0.106686,0.062558
0.880056,0.852561,0.124833,0.106686
0.956609,0.670688,0.128302,0.124833
0.676367,0.652595,0.123582,0.128302
0.703163,0.729250,0.115336,0.123582
0.560437,0.520047,0.104513,0.115336
0.573784,0.497484,0.095976,0.104513
0.469829,0.532869,0.088528,0.095976
0.495034,0.520316,0.081184,0.088528
0.475918,0.487420,0.075798,0.081184
0.440204,0.340868,0.072820,0.075798
0.340492,0.338618,0.060786,0.072820
0.294242,0.353285,0.021004,0.060786
0.251428,0.282451,0.036256,0.021004
0.313657,0.236646,0.111272,0.036256
0.432289,0.379543,0.199524,0.111272
0.544749,0.230850,0.292850,0.199524
0.360667,0.223669,0.324727,0.292850
0.345340,0.276335,0.308091,0.324727
0.502468,0.289777,0.291887,0.308091
0.512224,0.315125,0.347928,0.291887
0.429349,0.364621,0.443126,0.347928
0.394265,0.350588,0.584656,0.443126
0.358258,0.419613,0.713514,0.584656
0.407785,0.576846,0.844460,0.713514
0.711305,0.588446,0.997314,0.844460
0.625825,0.809614,1.115265,0.997314
0.970649,0.849638,1.237324,1.115265
1.144618,0.786810,1.329025,1.237324
1.029680,0.958765,1.390071,1.329025
1.194468,0.770734,1.448911,1.390071
0.955787,0.798998,1.489294,1.448911
0.811263,0.934833,1.523762,1.489294
0.907936,0.781725,1.556088,1.523762
0.684282,0.796809,1.576251,1.556088
0.683540,0.919614,1.589118,1.576251
0.874276,0.771095,1.592552,1.589118
0.726403,0.818614,1.585948,1.592552
0.743767,0.949377,1.574276,1.585948
0.950965,0.791830,1.560480,1.574276
0.768876,0.819522,1.552261,1.560480
0.929847,0.989741,1.548125,1.552261
0.838578,0.786919,1.548243,1.548125
0.931572,0.804872,1.550751,1.548243
0.831633,0.958991,1.554221,1.550751
0.930505,0.804778,1.557744,1.554221
0.830579,0.839706,1.559620,1.557744
0.790350,0.946541,1.560362,1.559620
0.992300,0.832248,1.559973,1.560362
0.802549,0.844123,1.559061,1.559973
0.799243,0.986122,1.558020,1.559061
0.993647,0.798458,1.556970,1.558020
0.796574,0.848056,1.556360,1.556970
0.793357,0.976927,1.556146,1.556360
0.993349,0.855030,1.556410,1.556146
0.797301,0.857749,1.556868,1.556410
0.939365,0.970294,1.557373,1.556868
0.840886,0.832775,1.557842,1.557373
0.939509,0.858495,1.558118,1.557842
0.854354,0.989043,1.558365,1.558118
0.961060,0.829782,1.558548,1.558365
0.863062,0.846906,1.558718,1.558548
0.809457,0.996293,1.558798,1.558718
1.005192,0.830761,1.558915,1.558798
0.804033,0.840629,1.559048,1.558915
0.805306,0.979462,1.559145,1.559048
1.002305,0.815581,1.558972,1.559145
0.822865,0.992584,1.557929,1.558972
1.162550,0.947005,1.558893,1.557929
1.208212,0.758980,1.561656,1.558893
0.873681,0.865796,1.563048,1.561656
0.936004,0.673969,1.563980,1.563048
0.659113,0.655366,1.564833,1.563980
0.594030,0.710974,1.566435,1.564833
0.659562,0.521391,1.569447,1.566435
0.484527,0.490556,1.572903,1.569447
0.532370,0.529599,1.576861,1.572903
0.510901,0.506300,1.581205,1.576861
0.485113,0.466298,1.584443,1.581205
0.385062,0.336898,1.586212,1.584443
0.418482,0.320653,1.585978,1.586212
0.299076,0.394587,1.584888,1.585978
0.243160,0.291730,1.586632,1.584888
0.354788,0.328455,1.600539,1.586632
0.435550,0.307382,1.631646,1.600539
0.520180,0.219587,1.687655,1.631646
0.345876,0.239516,1.742323,1.687655
0.285173,0.269961,1.791823,1.742323
0.413968,0.253108,1.858100,1.791823
0.407643,0.287537,1.935612,1.858100
0.358887,0.398280,2.030061,1.935612
0.412822,0.335466,2.156492,2.030061
0.291162,0.410480,2.279785,2.156492
0.357859,0.573444,2.416932,2.279785
0.411228,0.567965,2.581248,2.416932
0.683735,0.683231,2.709227,2.581248
0.813449,0.863298,2.818844,2.709227
1.027091,0.763246,2.915107,2.818844
0.998519,0.807052,2.974474,2.915107
0.987487,0.961697,3.022707,2.974474
1.139229,0.780392,3.067865,3.022707
0.799252,0.786927,3.098888,3.067865
0.743253,0.964185,3.125087,3.098888
0.912232,0.777077,3.136767,3.125087
0.728743,0.787618,3.126144,3.136767
0.665460,0.906392,3.124010,3.126144
0.858188,0.787709,3.132131,3.124010
0.708683,0.794836,3.141623,3.132131
0.850443,0.965066,3.130411,3.141623
0.787898,0.777137,3.121489,3.130411
0.918730,0.806179,3.118581,3.121489
0.829224,0.961207,3.119285,3.118581
0.931842,0.815775,3.122753,3.119285
0.840027,0.806436,3.126269,3.122753
0.798472,0.966812,3.129362,3.126269
0.998234,0.841105,3.131491,3.129362
0.793632,0.851258,3.132084,3.131491
0.804409,0.965615,3.131870,3.132084
0.998137,0.844806,3.131096,3.131870
0.802703,0.863594,3.130350,3.131096
0.803277,0.971451,3.129784,3.130350
0.986267,0.826708,3.129423,3.129784
0.787561,0.843447,3.129372,3.129423
0.937200,0.957608,3.129407,3.129372
0.840804,0.808387,3.129376,3.129407
0.934767,0.889996,3.129371,3.129376
0.836117,0.984190,3.129255,3.129371
0.941397,0.828945,3.129151,3.129255
0.839600,0.840123,3.129166,3.129151
0.787951,0.958070,3.129194,3.129166
0.989551,0.828926,3.129303,3.129194
0.791365,0.842794,3.129363,3.129303
0.776856,0.986342,3.129591,3.129363
0.959841,0.853239,3.129952,3.129591
0.774545,0.981768,3.130374,3.129952
0.900779,0.967005,3.130852,3.130374
1.038702,0.837479,3.131118,3.130852
0.906126,0.966893,3.132203,3.131118
1.106462,0.899643,3.133630,3.132203
0.995052,0.826852,3.134098,3.133630
0.867428,0.635712,3.133896,3.134098
0.625064,0.629407,3.133989,3.133896
0.565981,0.664556,3.134722,3.133989
0.615695,0.522206,3.136617,3.134722
0.453133,0.495787,3.138770,3.136617
0.500586,0.513941,3.141188,3.138770
0.410089,0.436598,3.141303,3.141188
0.431886,0.358560,3.139168,3.141303
0.360115,0.402485,3.137491,3.139168
0.375202,0.311351,3.136051,3.137491
0.314590,0.283070,3.134806,3.136051
0.275696,0.314470,3.132846,3.134806
0.321732,0.289569,3.129689,3.132846
0.242124,0.219003,3.127883,3.129689
0.228786,0.206900,3.127262,3.127883
0.258646,0.181530,3.127813,3.127262
0.182248,0.181603,3.128809,3.127813
0.157953,0.160941,3.129937,3.128809
0.169373,0.121324,3.130933,3.129937
0.139484,0.145900,3.131285,3.130933
0.138935,0.120561,3.131222,3.131285
0.107668,0.045341,3.130747,3.131222
0.119669,0.090683,3.130209,3.130747
0.119383,0.063643,3.129578,3.130209
0.096775,0.062939,3.129220,3.129578
0.094687,0.041422,3.129085,3.129220
0.100253,0.045874,3.129141,3.129085
0.062375,0.032196,3.129274,3.129141
0.052895,0.020202,3.129326,3.129274
0.041767,0.016483,3.129279,3.129326
0.000000,0.000000,0.000000,0.000000
0.000000,0.005376,2.051676,0.000000
0.018831,0.041305,2.045398,2.051676
0.026715,0.034079,2.043126,2.045398
0.034950,0.058379,2.038793,2.043126
0.020104,0.052611,2.034255,2.038793
0.000000,0.027204,2.041665,2.034255
0.000000,0.011783,2.061630,2.041665
0.000000,0.017264,2.059572,2.061630
0.000000,0.038502,2.057930,2.059572
0.000000,0.038499,2.057991,2.057930
0.000000,0.020719,2.058652,2.057991
0.000000,0.050190,2.059656,2.058652
0.000000,0.019871,2.060699,2.059656
0.000000,0.034353,2.061239,2.060699
0.031016,0.036276,2.048999,2.061239
0.027274,0.049972,2.049359,2.048999
0.028208,0.023193,2.048859,2.049359
0.051243,0.024147,2.047218,2.048859
0.049104,0.026094,2.046112,2.047218
0.067328,0.032676,2.046450,2.046112
0.071857,0.040017,2.048993,2.046450
0.066543,0.059120,2.050943,2.048993
0.071995,0.044131,2.051902,2.050943
0.090155,0.023254,2.051895,2.051902
0.075359,0.048100,2.051943,2.051895
0.078748,0.018200,2.052919,2.051943
0.094248,0.088070,2.054186,2.052919
0.072778,0.016667,2.054922,2.054186
0.067847,0.035767,2.055837,2.054922
0.074072,0.033858,2.057007,2.055837
0.053216,0.011613,2.057230,2.057007
0.045727,0.035337,2.056489,2.057230
0.043000,0.039712,2.055373,2.056489
0.030053,0.016466,2.054418,2.055373
0.034345,0.041314,2.054054,2.054418
0.065078,0.027959,2.050211,2.054054
0.115595,0.039177,2.038162,2.050211
0.161643,0.062273,2.014341,2.038162
0.152286,0.091721,1.964174,2.014341
0.064085,0.143012,1.891914,1.964174
0.092808,0.313104,1.787777,1.891914
0.357270,0.343298,1.651459,1.787777
0.377291,0.459021,1.552496,1.651459
0.448230,0.632946,1.474205,1.552496
0.615181,0.609401,1.397819,1.474205
0.452057,0.666448,1.321007,1.397819
0.485284,0.863278,1.211093,1.321007
0.713006,0.763937,1.044210,1.211093
0.644665,0.801870,0.885916,1.044210
0.563646,0.953573,0.725741,0.885916
1.054695,0.824278,0.556694,0.725741
0.945058,0.834039,0.435691,0.556694
0.937264,0.927911,0.333986,0.435691
1.001526,0.807523,0.242471,0.333986
0.765757,0.783608,0.184105,0.242471
0.730761,0.929520,0.139184,0.184105
0.859060,0.789378,0.106138,0.139184
0.674628,0.793818,0.092667,0.106138
0.674051,0.937380,0.087697,0.092667
0.852107,0.802634,0.085271,0.087697
0.690944,0.837090,0.083189,0.085271
0.705011,0.952129,0.079203,0.083189
0.925381,0.808079,0.071615,0.079203
0.770047,0.826043,0.064998,0.071615
0.926324,0.943428,0.059425,0.064998
0.981835,0.830374,0.056943,0.059425
0.792216,0.859844,0.057316,0.056943
0.841566,1.007712,0.057589,0.057316
0.991545,0.829277,0.057023,0.057589
0.804516,0.804187,0.056164,0.057023
0.794754,0.982759,0.055603,0.056164
0.990444,0.813100,0.055641,0.055603
0.797269,0.843193,0.056017,0.055641
0.797483,0.976750,0.056669,0.056017
0.999663,0.801605,0.057454,0.056669
0.798204,0.965443,0.058218,0.057454
0.976520,0.997576,0.058863,0.058218
0.987514,0.826562,0.059509,0.058863
0.792606,0.977690,0.060290,0.059509
0.985088,0.798686,0.061815,0.060290
0.797224,1.010936,0.062846,0.061815
0.995513,0.995150,0.062822,0.062846
0.992847,0.831771,0.062286,0.062822
0.793714,0.961888,0.061612,0.062286
0.980988,0.843033,0.060665,0.061612
0.785674,0.864633,0.060071,0.060665
0.940922,0.961315,0.056835,0.060071
1.021037,0.819448,0.012985,0.056835
0.865670,0.811672,0.054375,0.012985
0.982971,0.924366,0.102923,0.054375
1.068658,0.907242,0.125150,0.102923
0.938470,0.838383,0.128304,0.125150
0.790834,0.604428,0.123055,0.128304
0.631463,0.573683,0.116471,0.123055
0.544258,0.633758,0.109402,0.116471
0.617393,0.474313,0.101145,0.109402
0.462634,0.507828,0.094854,0.101145
0.432845,0.455118,0.089396,0.094854
0.478876,0.403648,0.084687,0.089396
0.358724,0.347030,0.081950,0.084687
0.335370,0.400170,0.073816,0.081950
0.348235,0.302893,0.043735,0.073816
0.206733,0.296791,0.051399,0.043735
0.306705,0.339668,0.106522,0.051399
0.397966,0.263073,0.201368,0.106522
0.430486,0.209928,0.277550,0.201368
0.344291,0.294775,0.310792,0.277550
0.316142,0.252848,0.281727,0.310792
0.331614,0.259963,0.247365,0.281727
0.397948,0.351088,0.285180,0.247365
0.432818,0.315066,0.390277,0.285180
0.281061,0.374184,0.505141,0.390277
0.238146,0.480430,0.628359,0.505141
0.281504,0.522081,0.771392,0.628359
0.312678,0.601221,0.892785,0.771392
0.433180,0.802288,1.014521,0.892785
0.810733,0.739838,1.145302,1.014521
0.755862,0.797458,1.237017,1.145302
0.926125,0.960414,1.313530,1.237017
0.879224,0.794338,1.387588,1.313530
0.945986,0.795245,1.439547,1.387588
0.781310,0.939352,1.485184,1.439547
0.796107,0.773172,1.529277,1.485184
0.693374,0.952157,1.557943,1.529277
0.825870,0.923372,1.582193,1.557943
0.815438,0.823344,1.593691,1.582193
0.750009,0.948736,1.593083,1.593691
0.928488,0.966984,1.582006,1.593083
0.955039,0.960280,1.566760,1.582006
0.913860,0.810571,1.554679,1.566760
0.825167,0.965399,1.549042,1.554679
0.988768,0.983070,1.547550,1.549042
0.947444,0.807475,1.550162,1.547550
0.852605,0.999664,1.553562,1.550162
0.999344,0.998270,1.557100,1.553562
0.986589,0.970470,1.559320,1.557100
0.939174,0.808771,1.559888,1.559320
0.844519,1.012266,1.559420,1.559888
0.997221,0.964115,1.558459,1.559420
0.956436,0.862554,1.557802,1.558459
0.856986,0.996600,1.557473,1.557802
1.022742,0.808369,1.557566,1.557473
0.821401,0.812653,1.557894,1.557566
0.810676,0.991705,1.558455,1.557894
1.003158,0.821824,1.559151,1.558455
0.794455,0.828174,1.559627,1.559151
0.796775,0.975921,1.560036,1.559627
0.986301,0.802793,1.560288,1.560036
0.788684,0.844335,1.560416,1.560288
0.789348,0.980111,1.560496,1.560416
0.996055,0.823739,1.560582,1.560496
0.799676,0.875705,1.560595,1.560582
0.952595,0.948472,1.560681,1.560595
0.996636,0.812010,1.560681,1.560681
0.798918,0.867810,1.560271,1.560681
0.895665,1.008795,1.559401,1.560271
1.162563,0.821143,1.561002,1.559401
0.954277,0.751647,1.562989,1.561002
0.883342,0.867361,1.564048,1.562989
0.937951,0.672953,1.564836,1.564048
0.668653,0.634755,1.566013,1.564836
0.604992,0.675526,1.568106,1.566013
0.677800,0.551573,1.571753,1.568106
0.501415,0.498523,1.575563,1.571753
0.464782,0.524325,1.579792,1.575563
0.529645,0.427300,1.584433,1.579792
0.386289,0.390125,1.587554,1.584433
0.429812,0.429246,1.589749,1.587554
0.424611,0.330593,1.590507,1.589749
0.289418,0.313036,1.589600,1.590507
0.222438,0.359060,1.588239,1.589600
0.389338,0.280392,1.580411,1.588239
0.403592,0.268952,1.566644,1.580411
0.404976,0.298585,1.543008,1.566644
0.448445,0.230635,1.489570,1.543008
0.320549,0.238668,1.429290,1.489570
0.288105,0.311998,1.354373,1.429290
0.437376,0.302332,1.255752,1.354373
0.240899,0.350368,1.169245,1.255752
0.258487,0.376068,1.080449,1.169245
0.355877,0.429604,0.966458,1.080449
0.396060,0.500387,0.852232,0.966458
0.593276,0.676083,0.724537,0.852232
0.827909,0.665044,0.561387,0.724537
0.775359,0.747638,0.432143,0.561387
0.859274,0.906695,0.317671,0.432143
1.041318,0.798704,0.209581,0.317671
0.880982,0.805076,0.146735,0.209581
0.856342,0.934584,0.100080,0.146735
0.982951,0.739145,0.066438,0.100080
0.726551,0.798153,0.060094,0.066438
0.699321,0.923047,0.067247,0.060094
0.870869,0.788991,0.076228,0.067247
0.702192,0.814541,0.079296,0.076228
0.717892,0.936790,0.077975,0.079296
0.934473,0.778999,0.075207,0.077975
0.751292,0.785464,0.074081,0.075207
0.924813,0.985263,0.074624,0.074081
0.976664,0.761992,0.075852,0.074624
0.786281,0.819130,0.076077,0.075852
0.843065,0.939862,0.074881,0.076077
0.995067,1.025829,0.073010,0.074881
0.983697,0.983250,0.070845,0.073010
0.938696,0.803937,0.068903,0.070845
0.846397,0.993660,0.067755,0.068903
0.993155,0.964416,0.066813,0.067755
0.948001,0.861732,0.065880,0.066813
0.852424,0.967372,0.065170,0.065880
1.004991,0.829031,0.064029,0.065170
0.803700,0.838005,0.063507,0.064029
0.807199,0.973440,0.063292,0.063507
1.007275,0.825602,0.063203,0.063292
0.801764,0.840929,0.063490,0.063203
0.798733,0.988051,0.063660,0.063490
1.005156,0.850277,0.063273,0.063660
0.806390,1.023448,0.062304,0.063273
1.004617,0.976309,0.060989,0.062304
0.980821,0.849391,0.060161,0.060989
0.780886,0.984056,0.060107,0.060161
0.968710,0.799215,0.060835,0.060107
0.780079,0.826850,0.061782,0.060835
0.926614,0.993223,0.062672,0.061782
0.831469,0.803685,0.062935,0.062672
0.924069,0.837407,0.048493,0.062935
0.902527,0.968459,0.012961,0.048493
1.033620,0.783014,0.081259,0.012961
0.960754,0.804434,0.114282,0.081259
0.842271,0.901485,0.126300,0.114282
0.894800,0.652363,0.127082,0.126300
0.648457,0.649595,0.122313,0.127082
0.591057,0.645438,0.114931,0.122313
0.646842,0.529554,0.105314,0.114931
0.473889,0.591617,0.097455,0.105314
0.545873,0.536105,0.088823,0.097455
0.501695,0.435556,0.082398,0.088823
0.388817,0.443597,0.078702,0.082398
0.443739,0.330229,0.075333,0.078702
0.326279,0.336777,0.048807,0.075333
0.262764,0.354927,0.007676,0.048807
0.260877,0.288122,0.056059,0.007676
0.325862,0.301404,0.140754,0.056059
0.492890,0.284426,0.229495,0.140754
0.494511,0.254571,0.313684,0.229495
0.365035,0.246047,0.333495,0.313684
0.402865,0.286313,0.316755,0.333495
0.578117,0.276376,0.327130,0.316755
0.461542,0.317178,0.402102,0.327130
0.270780,0.409479,0.507720,0.402102
0.238623,0.359915,0.657255,0.507720
0.294832,0.453696,0.785930,0.657255
0.433196,0.644239,0.919435,0.785930
0.742368,0.620308,1.070230,0.919435
0.742942,0.698073,1.182759,1.070230
0.743641,0.889534,1.277578,1.182759
1.045761,0.790606,1.360506,1.277578
0.923697,0.810017,1.413630,1.360506
1.054996,0.944944,1.458739,1.413630
0.991246,0.771995,1.502135,1.458739
0.742412,0.777088,1.532434,1.502135
0.732493,0.912403,1.558327,1.532434
0.836878,0.770868,1.580335,1.558327
0.672093,0.818809,1.590169,1.580335
0.684940,0.931836,1.590719,1.590169
0.921114,0.778788,1.579458,1.590719
0.766261,0.815210,1.565885,1.579458
0.779694,0.939029,1.553502,1.565885
0.982903,0.813446,1.544566,1.553502
0.780275,0.837307,1.542168,1.544566
0.781583,0.968967,1.543494,1.542168
0.983769,0.797451,1.547744,1.543494
0.788231,0.823996,1.551725,1.547744
0.929104,0.992238,1.554968,1.551725
0.973210,0.812562,1.557057,1.554968
0.781516,1.001528,1.557530,1.557057
0.998970,0.953780,1.557272,1.557530
0.999836,0.857126,1.556917,1.557272
0.851725,0.985423,1.556972,1.556917
0.943932,0.825375,1.557397,1.556972
0.874480,0.997058,1.557793,1.557397
1.021176,0.997028,1.558320,1.557793
0.959135,0.846759,1.558709,1.558320
0.851031,0.982744,1.558965,1.558709
0.984918,1.012929,1.559245,1.558965
0.993635,0.979680,1.559566,1.559245
0.949104,0.830518,1.559993,1.559566
0.848140,0.832524,1.560450,1.559993
0.794601,0.963110,1.560961,1.560450
0.987080,0.817526,1.561579,1.560961
0.793107,0.851503,1.562172,1.561579
0.790133,0.983869,1.562854,1.562172
0.994884,0.818030,1.563509,1.562854
0.807387,0.862022,1.563766,1.563509
0.815648,0.965145,1.563119,1.563766
1.119561,0.807082,1.564297,1.563119
0.924946,0.776845,1.566396,1.564297
1.026757,0.881703,1.567150,1.566396
0.806249,0.699169,1.566304,1.567150
0.779214,0.660891,1.565066,1.566304
0.631534,0.668399,1.563873,1.565066
0.653529,0.543466,1.562726,1.563873
0.533152,0.609488,1.562308,1.562726
0.574843,0.523734,1.562577,1.562308
0.508040,0.438682,1.563440,1.562577
0.424270,0.478451,1.564465,1.563440
0.465708,0.419364,1.565772,1.564465
0.425122,0.373006,1.566404,1.565772
0.318834,0.282445,1.566896,1.566404
0.217135,0.303846,1.566577,1.566896
0.327050,0.366980,1.560669,1.566577
0.523025,0.263819,1.544439,1.560669
0.395626,0.281180,1.520229,1.544439
0.355748,0.294708,1.474097,1.520229
0.327873,0.209933,1.400409,1.474097
0.321108,0.260407,1.325028,1.400409
0.426490,0.335084,1.240600,1.325028
0.498863,0.382863,1.139374,1.240600
0.491937,0.459668,1.033562,1.139374
0.210939,0.433005,0.909402,1.033562
0.057328,0.514883,0.790584,0.909402
0.117447,0.759087,0.656285,0.790584
0.409692,0.680670,0.494467,0.656285
0.436846,0.777725,0.372918,0.494467
0.801561,0.954986,0.266396,0.372918
1.011334,0.776094,0.171091,0.266396
0.868335,0.809894,0.119443,0.171091
0.815771,0.967580,0.082245,0.119443
0.846440,0.772843,0.058600,0.082245
0.666140,0.825267,0.057432,0.058600
0.662818,0.936699,0.065943,0.057432
0.850314,0.793384,0.074140,0.065943
0.696371,0.787998,0.076047,0.074140
0.721327,0.949193,0.074258,0.076047
0.925185,0.787398,0.072209,0.074258
0.750503,0.814962,0.072058,0.072209
0.766859,0.947771,0.072151,0.072058
0.980143,0.813168,0.070945,0.072151
0.780304,0.829213,0.069493,0.070945
0.930936,0.948085,0.068400,0.069493
0.978534,0.809429,0.067908,0.068400
0.774480,0.851168,0.067669,0.067908
0.824951,0.983619,0.067652,0.067669
0.965025,0.800910,0.066925,0.067652
0.781694,0.865007,0.065444,0.066925
0.787515,0.959108,0.063607,0.065444
0.983756,0.826900,0.061959,0.063607
0.799215,0.858947,0.061288,0.061959
0.796034,0.969452,0.061229,0.061288
0.993927,1.013929,0.062067,0.061229
0.996934,0.966983,0.063173,0.062067
0.990646,0.837701,0.063910,0.063173
0.797161,0.849897,0.063905,0.063910
0.793536,0.995065,0.063472,0.063905
0.989040,0.794557,0.062766,0.063472
0.800368,0.840652,0.062392,0.062766
0.950975,0.986845,0.062280,0.062392
0.844699,0.814701,0.062270,0.062280
0.938262,0.853862,0.062117,0.062270
0.833915,0.997919,0.061779,0.062117
0.943221,0.825918,0.061224,0.061779
0.849594,0.986204,0.060828,0.061224
1.000482,1.025912,0.040782,0.060828
1.015072,0.859125,0.029901,0.040782
1.027615,0.937628,0.089953,0.029901
1.125386,0.720592,0.122866,0.089953
0.798380,0.706620,0.130362,0.122866
0.719450,0.774868,0.128566,0.130362
0.766561,0.611706,0.120675,0.128566
0.543382,0.571080,0.111830,0.120675
0.498152,0.595310,0.102163,0.111830
0.561903,0.468511,0.092014,0.102163
0.423890,0.451882,0.085259,0.092014
0.400927,0.483377,0.079743,0.085259
0.477042,0.367990,0.075171,0.079743
0.355419,0.342032,0.072168,0.075171
0.389004,0.377448,0.046973,0.072168
0.280303,0.298126,0.010733,0.046973
0.200686,0.320101,0.059507,0.010733
0.373513,0.328934,0.145788,0.059507
0.523029,0.271619,0.246853,0.145788
0.382688,0.249330,0.306929,0.246853
0.358342,0.252762,0.316287,0.306929
0.408414,0.258362,0.283806,0.316287
0.486145,0.285472,0.294619,0.283806
0.532985,0.373395,0.370466,0.294619
0.561394,0.344194,0.494441,0.370466
0.352666,0.392641,0.617494,0.494441
0.289021,0.556786,0.744100,0.617494
0.380341,0.543045,0.894051,0.744100
0.391205,0.643441,1.016822,0.894051
0.685403,0.810560,1.133180,1.016822
1.003983,0.742498,1.247803,1.133180
0.848846,0.793436,1.323681,1.247803
0.949619,0.955038,1.386590,1.323681
1.072748,0.946591,1.445912,1.386590
0.960339,0.929600,1.494493,1.445912
0.845870,0.790244,1.533554,1.494493
0.711319,0.784054,1.560066,1.533554
0.685379,0.921541,1.580374,1.560066
0.895094,0.795133,1.593043,1.580374
0.727730,0.777444,1.593095,1.593043
0.741076,0.919994,1.584329,1.593095
0.948055,0.781165,1.569092,1.584329
0.769782,0.817221,1.557523,1.569092
0.778221,0.970258,1.549665,1.557523
0.966106,0.811323,1.546337,1.549665
0.775350,0.810347,1.547355,1.546337
0.925516,0.945382,1.550486,1.547355
0.830631,0.830858,1.554625,1.550486
0.920136,0.844234,1.557289,1.554625
0.846506,0.956596,1.558750,1.557289
0.940358,0.829982,1.558957,1.558750
0.855712,0.831649,1.558155,1.558957
0.809076,0.993958,1.556979,1.558155
1.015093,0.804244,1.555778,1.556979
0.803971,0.842558,1.555127,1.555778
0.792405,1.015323,1.554790,1.555127
1.003301,0.810027,1.554905,1.554790
0.806759,0.838625,1.555303,1.554905
0.808349,1.004755,1.555943,1.555303
1.002880,0.828949,1.557004,1.555943
0.820562,0.834746,1.557897,1.557004
0.960850,0.968944,1.558668,1.557897
0.858126,0.838409,1.559286,1.558668
0.957732,0.826222,1.559419,1.559286
0.857268,0.975880,1.559414,1.559419
0.948117,0.817254,1.559354,1.559414
0.848320,0.825339,1.559312,1.559354
0.798996,0.991757,1.559454,1.559312
0.996915,0.836141,1.559815,1.559454
0.797128,0.819642,1.559371,1.559815
0.867376,0.985100,1.559225,1.559371
1.222329,0.784696,1.562230,1.559225
0.940323,0.777826,1.564637,1.562230
0.835171,0.849959,1.565813,1.564637
0.874311,0.645878,1.566240,1.565813
0.622691,0.640689,1.566289,1.566240
0.672259,0.691873,1.566220,1.566289
0.546543,0.519228,1.565962,1.566220
0.567231,0.490342,1.565267,1.565962
0.466635,0.527739,1.564044,1.565267
0.482046,0.411922,1.562041,1.564044
0.404410,0.382983,1.560109,1.562041
0.359645,0.444543,1.558279,1.560109
0.405907,0.312694,1.556268,1.558279
0.247244,0.299092,1.555931,1.556268
0.210022,0.325326,1.560993,1.555931
0.457393,0.300321,1.585917,1.560993
0.435171,0.268503,1.624352,1.585917
0.403805,0.268064,1.677107,1.624352
0.456827,0.236855,1.741787,1.677107
0.328113,0.247301,1.789857,1.741787
0.482943,0.327622,1.851597,1.789857
0.512899,0.291329,1.951074,1.851597
0.423146,0.335585,2.047749,1.951074
0.229021,0.408932,2.161031,2.047749
0.177608,0.546232,2.313117,2.161031
0.333247,0.634782,2.480314,2.313117
0.542981,0.603707,2.642153,2.480314
0.594280,0.689567,2.761251,2.642153
0.913904,0.885497,2.859020,2.761251
1.231473,0.730235,2.942839,2.859020
1.075037,0.804516,2.995043,2.942839
1.032812,0.925645,3.038619,2.995043
1.075064,0.784346,3.080841,3.038619
0.802572,0.767243,3.110406,3.080841
0.755614,0.956769,3.134673,3.110406
0.910993,0.782858,3.130975,3.134673
0.725361,0.808905,3.124201,3.130975
0.727418,0.936288,3.126622,3.124201
0.914538,0.800381,3.138184,3.126622
0.735154,0.825738,3.135102,3.138184
0.870174,0.967807,3.125034,3.135102
0.961333,0.771067,3.118408,3.125034
0.784236,0.804570,3.117258,3.118408
0.825951,0.951756,3.119149,3.117258
0.967780,0.814250,3.123200,3.119149
0.775774,0.838627,3.126567,3.123200
0.777282,0.940473,3.129063,3.126567
0.998588,0.838938,3.130403,3.129063
0.802028,0.838651,3.130409,3.130403
0.812656,0.968891,3.129709,3.130409
1.003245,0.800707,3.128604,3.129709
0.800320,0.828048,3.127904,3.128604
0.792606,1.006491,3.127481,3.127904
0.984725,0.884540,3.127475,3.127481
0.805644,0.815275,3.127752,3.127475
0.422201,0.968708,3.128092,3.127752
0.786837,0.828734,3.128805,3.128092
0.718006,0.836681,3.129387,3.128805
0.810320,1.014659,3.129840,3.129387
0.974609,0.843467,3.130293,3.129840
0.778570,0.811543,3.130664,3.130293
0.777986,0.960779,3.131044,3.130664
0.973967,0.855512,3.131466,3.131044
0.780224,0.833340,3.131861,3.131466
0.779906,0.991256,3.132298,3.131861
0.961567,0.832916,3.132807,3.132298
0.782890,0.837736,3.133452,3.132807
0.783228,1.010451,3.134173,3.133452
1.065720,0.818810,3.135682,3.134173
0.942721,0.813109,3.137549,3.135682
1.007256,0.893999,3.138415,3.137549
0.985815,0.704504,3.137773,3.138415
0.692531,0.680572,3.136532,3.137773
0.669274,0.716343,3.135452,3.136532
0.693731,0.541929,3.134489,3.135452
0.494098,0.494809,3.133812,3.134489
0.447556,0.589445,3.133214,3.133812
0.528103,0.449614,3.132864,3.133214
0.400335,0.419280,3.133052,3.132864
0.376435,0.443363,3.134012,3.133052
0.438768,0.333246,3.136304,3.134012
0.320372,0.302913,3.139065,3.136304
0.300531,0.337509,3.142201,3.139065
0.343484,0.280111,3.139082,3.142201
0.254236,0.272311,3.137188,3.139082
0.281610,0.263865,3.136496,3.137188
0.276932,0.214329,3.136942,3.136496
0.201325,0.179973,3.137877,3.136942
0.196911,0.175692,3.138994,3.137877
0.206143,0.143382,3.140075,3.138994
0.162747,0.112437,3.140571,3.140075
0.143102,0.133234,3.140580,3.140571
0.136031,0.097686,3.140162,3.140580
0.087553,0.068856,3.139652,3.140162
0.072074,0.085308,3.139250,3.139652
0.090795,0.058289,3.138864,3.139250
0.072012,0.063959,3.138713,3.138864
0.091001,0.032412,3.138602,3.138713
0.088161,0.022423,3.138539,3.138602
0.065548,0.032923,3.138586,3.138539
0.061292,0.039480,3.138562,3.138586
0.000000,0.000000,0.000000,0.000000
0.000000,0.019504,2.056202,0.000000
0.000000,0.046859,2.050162,2.056202
0.023644,0.070051,2.035355,2.050162
0.041528,0.046356,2.018887,2.035355
0.027265,0.056353,2.018496,2.018887
0.000000,0.034840,2.033170,2.018496
0.019087,0.056190,2.064132,2.033170
0.000000,0.026652,2.061296,2.064132
0.000000,0.006202,2.059150,2.061296
0.000000,0.037615,2.059080,2.059150
0.000000,0.033079,2.060154,2.059080
0.000000,0.038520,2.061302,2.060154
0.000000,0.049823,2.062042,2.061302
0.000000,0.013981,2.062510,2.062042
0.000000,0.054696,2.057127,2.062510
0.000000,0.050603,2.055360,2.057127
0.000000,0.019063,2.051561,2.055360
0.000000,0.025041,2.046356,2.051561
0.000000,0.025014,2.042884,2.046356
0.000000,0.050397,2.043484,2.042884
0.000000,0.011961,2.045903,2.043484
0.025156,0.040783,2.048958,2.045903
0.039324,0.045867,2.050817,2.048958
0.065613,0.027839,2.051497,2.050817
0.095936,0.053144,2.051094,2.051497
0.104099,0.052795,2.051045,2.051094
0.108872,0.058487,2.052075,2.051045
0.135324,0.060977,2.054780,2.052075
0.097603,0.026824,2.056971,2.054780
0.088480,0.040192,2.058760,2.056971
0.090344,0.032740,2.060286,2.058760
0.057918,0.030079,2.060632,2.060286
0.048832,0.047318,2.060048,2.060632
0.046111,0.057457,2.057801,2.060048
0.030957,0.054940,2.055367,2.057801
0.036626,0.030738,2.052924,2.055367
0.038409,0.004472,2.052107,2.052924
0.068879,0.021023,2.051527,2.052107
0.142457,0.038295,2.043049,2.051527
0.161912,0.057642,2.018980,2.043049
0.120400,0.108978,1.978889,2.018980
0.050429,0.155366,1.897846,1.978889
0.123798,0.252294,1.796068,1.897846
0.346351,0.385141,1.679757,1.796068
0.511764,0.419776,1.558500,1.679757
0.433272,0.518321,1.477698,1.558500
0.482032,0.747102,1.407957,1.477698
0.564196,0.612662,1.313919,1.407957
0.475619,0.872364,1.204908,1.313919
0.736394,0.938020,1.037442,1.204908
0.522842,0.836274,0.851239,1.037442
0.583804,0.937274,0.696236,0.851239
1.142797,0.843531,0.533997,0.696236
0.931825,0.806063,0.418326,0.533997
0.878586,0.970781,0.321030,0.418326
1.034354,0.970286,0.232340,0.321030
0.951540,0.932250,0.163928,0.232340
0.888860,0.794245,0.119003,0.163928
0.687466,0.798253,0.097381,0.119003
0.682036,0.936505,0.087300,0.097381
0.856475,0.779871,0.084635,0.087300
0.698119,0.795111,0.084104,0.084635
0.841746,0.991867,0.081853,0.084104
0.919727,0.785200,0.075498,0.081853
0.761320,0.846523,0.068650,0.075498
0.825453,0.972516,0.062226,0.068650
0.997760,0.823287,0.057816,0.062226
0.801451,0.819093,0.057319,0.057816
0.792633,0.967345,0.057658,0.057319
0.982493,0.833874,0.058277,0.057658
0.779736,0.871574,0.058842,0.058277
0.790851,0.986636,0.059472,0.058842
0.991163,0.760282,0.060071,0.059472
0.792424,0.850556,0.060093,0.060071
0.792833,0.975517,0.060151,0.060093
0.984566,0.828859,0.060527,0.060151
0.795750,0.817225,0.060838,0.060527
0.939995,0.983576,0.060922,0.060838
0.982449,0.815058,0.060990,0.060922
0.801179,0.829352,0.061046,0.060990
0.837258,0.964634,0.060778,0.061046
0.993448,0.845275,0.060888,0.060778
0.793615,0.867855,0.061326,0.060888
0.785923,1.011848,0.061944,0.061326
0.980491,0.802052,0.062221,0.061944
0.783148,0.987287,0.062069,0.062221
0.980546,0.982412,0.061379,0.062069
0.982037,0.819038,0.060492,0.061379
0.791152,0.993015,0.052355,0.060492
1.061110,0.847583,0.008886,0.052355
0.916389,0.798470,0.069447,0.008886
0.919292,0.922277,0.111377,0.069447
1.063131,0.709133,0.129285,0.111377
0.762218,0.689393,0.130940,0.129285
0.804318,0.754867,0.126277,0.130940
0.641539,0.568954,0.116870,0.126277
0.653387,0.564154,0.108064,0.116870
0.527762,0.590403,0.099539,0.108064
0.541659,0.425303,0.091653,0.099539
0.447575,0.449151,0.087251,0.091653
0.392627,0.428569,0.084562,0.087251
0.445607,0.350051,0.083243,0.084562
0.339045,0.353602,0.076694,0.083243
0.291481,0.347342,0.051789,0.076694
0.242385,0.304127,0.054116,0.051789
0.263013,0.286670,0.099228,0.054116
0.374348,0.312698,0.179571,0.099228
0.544249,0.239602,0.273717,0.179571
0.384088,0.237900,0.314403,0.273717
0.364194,0.262779,0.303657,0.314403
0.367381,0.299667,0.268458,0.303657
0.465519,0.295412,0.305161,0.268458
0.347228,0.385398,0.389462,0.305161
0.319007,0.350750,0.524463,0.389462
0.261530,0.521549,0.649271,0.524463
0.355032,0.605389,0.800519,0.649271
0.359771,0.616841,0.950118,0.800519
0.417663,0.782716,1.071283,0.950118
0.767046,0.726789,1.194892,1.071283
0.743416,0.792421,1.278641,1.194892
0.795319,0.959258,1.348164,1.278641
1.041750,0.819033,1.415132,1.348164
0.782727,0.802489,1.461794,1.415132
0.706131,0.939111,1.502444,1.461794
0.839063,0.776829,1.541439,1.502444
0.652034,0.792922,1.566425,1.541439
0.656022,0.951055,1.584124,1.566425
0.858440,0.783045,1.593409,1.584124
0.719850,0.820016,1.591129,1.593409
0.884983,0.945999,1.581254,1.591129
0.951516,0.791594,1.566499,1.581254
0.771105,0.847848,1.556143,1.566499
0.825679,0.962525,1.549711,1.556143
0.976961,0.789623,1.547776,1.549711
0.786974,0.819716,1.549596,1.547776
0.801580,0.997805,1.552956,1.549596
1.006900,1.017107,1.556931,1.552956
1.003224,0.976906,1.559603,1.556931
0.996248,0.805623,1.560367,1.559603
0.784275,0.843986,1.559991,1.560367
0.795841,1.010253,1.559010,1.559991
1.012931,0.829085,1.557807,1.559010
0.813718,0.815831,1.556901,1.557807
0.818376,0.998115,1.556308,1.556901
1.029338,0.802708,1.556130,1.556308
0.805134,0.829594,1.556107,1.556130
0.952487,0.971949,1.556199,1.556107
0.833510,0.812025,1.556503,1.556199
0.916739,0.842732,1.556934,1.556503
0.813991,0.971261,1.557594,1.556934
0.908252,0.812216,1.558568,1.557594
0.824761,0.846545,1.559322,1.558568
0.793204,0.984550,1.560073,1.559322
0.998226,0.821910,1.561017,1.560073
0.794825,0.840215,1.561733,1.561017
0.791573,1.016037,1.562369,1.561733
0.983792,0.817953,1.562924,1.562369
0.790795,0.829910,1.562716,1.562924
0.832818,0.976777,1.562497,1.562716
1.153645,0.801217,1.565279,1.562497
0.943206,0.789955,1.567852,1.565279
0.991370,0.856350,1.569427,1.567852
0.776027,0.676263,1.570339,1.569427
0.777563,0.645516,1.570939,1.570339
0.624752,0.665588,1.571811,1.570939
0.635772,0.520315,1.573513,1.571811
0.511353,0.590141,1.575498,1.573513
0.535172,0.522716,1.578471,1.575498
0.481300,0.418009,1.581619,1.578471
0.401205,0.448676,1.584016,1.581619
0.444938,0.339278,1.585829,1.584016
0.328522,0.324705,1.585660,1.585829
0.250917,0.360310,1.585241,1.585660
0.271780,0.355103,1.583112,1.585241
0.468887,0.326591,1.572676,1.583112
0.524526,0.244235,1.551846,1.572676
0.404927,0.214518,1.519024,1.551846
0.363766,0.295819,1.464875,1.519024
0.417626,0.250261,1.385459,1.464875
0.390996,0.317794,1.306574,1.385459
0.325235,0.373268,1.219283,1.306574
0.236490,0.336693,1.116474,1.219283
0.179236,0.404106,1.027132,1.116474
0.262649,0.537110,0.919442,1.027132
0.344457,0.529709,0.776909,0.919442
0.496335,0.756801,0.643708,0.776909
0.672589,0.812982,0.479101,0.643708
0.716242,0.773235,0.338100,0.479101
0.962244,0.953057,0.237874,0.338100
1.142092,0.811693,0.154034,0.237874
0.888611,0.800607,0.107357,0.154034
0.856494,0.922253,0.074980,0.107357
0.938400,0.761953,0.059165,0.074980
0.711906,0.793892,0.062706,0.059165
0.694594,0.938153,0.071608,0.062706
0.903995,0.770116,0.077596,0.071608
0.727922,0.803944,0.078055,0.077596
0.732793,0.935726,0.076138,0.078055
0.924139,0.786365,0.074958,0.076138
0.766804,0.961903,0.075702,0.074958
0.974289,0.957478,0.076639,0.075702
0.990895,0.799975,0.075985,0.076639
0.801562,1.011340,0.073968,0.075985
1.003312,0.844536,0.071307,0.073968
0.812604,0.827392,0.069792,0.071307
0.952290,1.008765,0.069012,0.069792
0.840676,0.785979,0.068871,0.069012
0.923874,0.837631,0.068583,0.068871
0.824346,0.953798,0.068033,0.068583
0.925914,1.002950,0.067182,0.068033
0.974497,0.997882,0.066199,0.067182
0.989801,0.817266,0.065426,0.066199
0.793789,0.836909,0.064821,0.065426
0.850399,0.964505,0.063941,0.064821
0.999606,0.818459,0.062683,0.063941
0.800154,0.845900,0.061834,0.062683
0.801181,0.988256,0.061417,0.061834
1.000855,0.834429,0.061624,0.061417
0.799989,0.823033,0.062207,0.061624
0.790004,0.982269,0.062982,0.062207
0.975799,0.843367,0.063842,0.062982
0.777831,0.871266,0.064203,0.063842
0.782193,1.001561,0.064216,0.064203
0.982972,0.818286,0.063599,0.064216
0.786485,0.839192,0.062722,0.063599
0.931925,1.017372,0.059492,0.062722
0.987910,0.801622,0.017075,0.059492
0.835518,0.825193,0.052202,0.017075
0.984854,0.920034,0.103178,0.052202
1.086648,0.750981,0.128235,0.103178
0.758167,0.689683,0.133735,0.128235
0.665205,0.757232,0.131217,0.133735
0.729643,0.601048,0.122659,0.131217
0.547661,0.543985,0.113716,0.122659
0.500001,0.602180,0.104265,0.113716
0.570084,0.451613,0.093439,0.104265
0.427780,0.442972,0.085312,0.093439
0.391542,0.447779,0.078838,0.085312
0.442373,0.364709,0.073351,0.078838
0.335871,0.328405,0.066795,0.073351
0.356959,0.356489,0.032313,0.066795
0.249348,0.269529,0.021191,0.032313
0.234063,0.294853,0.078483,0.021191
0.426941,0.303539,0.168024,0.078483
0.546298,0.256307,0.270708,0.168024
0.399483,0.241826,0.322973,0.270708
0.382883,0.306151,0.324257,0.322973
0.520487,0.262386,0.299574,0.324257
0.523462,0.295508,0.329732,0.299574
0.408709,0.405032,0.413416,0.329732
0.258490,0.347887,0.542721,0.413416
0.076261,0.409155,0.670424,0.542721
0.136025,0.548822,0.801808,0.670424
0.382224,0.520075,0.957185,0.801808
0.483006,0.614477,1.081233,0.957185
0.729890,0.813374,1.193956,1.081233
1.006842,0.771613,1.297532,1.193956
0.910103,0.824930,1.362219,1.297532
1.004178,0.950706,1.415508,1.362219
1.093571,0.783343,1.467169,1.415508
0.799834,0.824267,1.503272,1.467169
0.746249,0.946355,1.534707,1.503272
0.887010,0.788884,1.564329,1.534707
0.697137,0.788521,1.581891,1.564329
0.697833,0.926146,1.591270,1.581891
0.922187,0.812031,1.589345,1.591270
0.758646,0.802963,1.578955,1.589345
0.783811,0.930037,1.565567,1.578955
0.999974,0.819751,1.552466,1.565567
0.802454,0.833664,1.546100,1.552466
0.932084,0.961719,1.544325,1.546100
0.998237,0.822320,1.546714,1.544325
0.793041,0.972001,1.550673,1.546714
0.985566,1.002839,1.555463,1.550673
1.002336,0.833452,1.558563,1.555463
0.834189,0.965578,1.559533,1.558563
0.986757,0.795739,1.559394,1.559533
0.853993,0.838458,1.558929,1.559394
0.800549,0.978016,1.558197,1.558929
0.997539,0.802850,1.557379,1.558197
0.795558,0.867545,1.556915,1.557379
0.798317,0.975356,1.556762,1.556915
0.992723,0.822686,1.556960,1.556762
0.794610,0.866361,1.557338,1.556960
0.788451,0.999538,1.557856,1.557338
0.994891,0.816363,1.558462,1.557856
0.789238,0.835873,1.558921,1.558462
0.948587,0.984078,1.559286,1.558921
0.846638,0.806901,1.559565,1.559286
0.943591,0.833116,1.559730,1.559565
0.848264,0.992165,1.559827,1.559730
0.951211,0.827230,1.559989,1.559827
0.851314,1.010034,1.560167,1.559989
1.001027,0.986669,1.560537,1.560167
0.953397,0.841093,1.561001,1.560537
0.869253,0.973823,1.560882,1.561001
1.123367,0.819898,1.563251,1.560882
0.934348,0.802561,1.566912,1.563251
0.882905,0.877153,1.569292,1.566912
0.915340,0.674306,1.570723,1.569292
0.646228,0.617556,1.571591,1.570723
0.596521,0.705107,1.572161,1.571591
0.674926,0.516360,1.572669,1.572161
0.497203,0.539636,1.573283,1.572669
0.469483,0.544293,1.574229,1.573283
0.539897,0.436618,1.575458,1.574229
0.405081,0.400997,1.576432,1.575458
0.452651,0.433018,1.577076,1.576432
0.447324,0.337068,1.576827,1.577076
0.312567,0.333201,1.575478,1.576827
0.225350,0.359515,1.574445,1.575478
0.397531,0.378485,1.568387,1.574445
0.517668,0.325807,1.553070,1.568387
0.446786,0.228916,1.523599,1.553070
0.347944,0.263366,1.475817,1.523599
0.327266,0.301846,1.399402,1.475817
0.432290,0.283478,1.307003,1.399402
0.493919,0.357674,1.219889,1.307003
0.505205,0.329029,1.116959,1.219889
0.370209,0.389331,1.028588,1.116959
0.255128,0.493951,0.923265,1.028588
0.336171,0.517868,0.781478,0.923265
0.436714,0.608915,0.650039,0.781478
0.645581,0.802935,0.510701,0.650039
1.082176,0.723719,0.364389,0.510701
0.959183,0.800138,0.261110,0.364389
0.999503,0.917226,0.178139,0.261110
1.184295,0.774707,0.115208,0.178139
0.862911,0.815231,0.080169,0.115208
0.882032,0.935338,0.061481,0.080169
0.833118,0.804793,0.062262,0.061481
0.655640,0.784124,0.070411,0.062262
0.712415,0.925102,0.077580,0.070411
0.872632,0.782309,0.080493,0.077580
0.726273,0.811148,0.078998,0.080493
0.752614,0.929166,0.077044,0.078998
0.941604,0.804593,0.076157,0.077044
0.768684,0.805887,0.076463,0.076157
0.776616,0.963022,0.076367,0.076463
0.969757,1.008724,0.074879,0.076367
0.970258,0.970848,0.072617,0.074879
0.966200,0.791468,0.070010,0.072617
0.774873,0.970527,0.067905,0.070010
0.977462,1.014765,0.066451,0.067905
0.988037,0.863496,0.066037,0.066451
0.796902,0.956914,0.065606,0.066037
0.988892,0.798347,0.064936,0.065606
0.790101,0.841163,0.064722,0.064936
0.786577,0.981801,0.064912,0.064722
0.984018,0.834806,0.065346,0.064912
0.796566,0.851865,0.065713,0.065346
0.946559,1.015036,0.065422,0.065713
0.990499,0.821470,0.064762,0.065422
0.789911,0.862698,0.064088,0.064762
0.851517,0.959402,0.063390,0.064088
1.001443,0.853011,0.062537,0.063390
0.800788,0.832975,0.061992,0.062537
0.798432,0.989854,0.061499,0.061992
0.994276,0.838559,0.061290,0.061499
0.796687,0.844029,0.061215,0.061290
0.792143,0.982267,0.060770,0.061215
1.012063,0.816759,0.060032,0.060770
0.803744,0.866765,0.058740,0.060032
0.801483,0.984721,0.040395,0.058740
1.076099,0.832529,0.028615,0.040395
0.929980,0.792759,0.088720,0.028615
1.092714,0.897866,0.120132,0.088720
1.012763,0.703283,0.130492,0.120132
0.706682,0.822620,0.128207,0.130492
0.749214,0.741744,0.119155,0.128207
0.661220,0.569271,0.108170,0.119155
0.511083,0.602650,0.099476,0.108170
0.522959,0.469010,0.091145,0.099476
0.436037,0.437093,0.085714,0.091145
0.384236,0.452968,0.081285,0.085714
0.457158,0.355818,0.077535,0.081285
0.348734,0.365209,0.074031,0.077535
0.314751,0.347485,0.045322,0.074031
0.250725,0.288399,0.019482,0.045322
0.223579,0.358837,0.071504,0.019482
0.475691,0.328649,0.175237,0.071504
0.549537,0.263387,0.274515,0.175237
0.380071,0.277857,0.320891,0.274515
0.411819,0.233602,0.309403,0.320891
0.351996,0.276615,0.286940,0.309403
0.452911,0.328155,0.323673,0.286940
0.562239,0.309205,0.430863,0.323673
0.324295,0.337710,0.544055,0.430863
0.320810,0.512871,0.673589,0.544055
0.464221,0.484712,0.824913,0.673589
0.490712,0.578046,0.953460,0.824913
0.622189,0.765948,1.078370,0.953460
0.893517,0.699421,1.205570,1.078370
0.916844,0.756998,1.291185,1.205570
0.871106,0.939446,1.360109,1.291185
1.152987,0.759455,1.424482,1.360109
0.906653,0.791818,1.468467,1.424482
0.849415,0.926819,1.506256,1.468467
0.963308,0.782473,1.542037,1.506256
0.717760,0.924140,1.565402,1.542037
0.872585,0.921919,1.584380,1.565402
0.897307,0.813966,1.591116,1.584380
0.733794,0.945153,1.586698,1.591116
0.930355,0.784173,1.573893,1.586698
0.748492,0.841260,1.562108,1.573893
0.923390,0.952215,1.552684,1.562108
0.831582,0.796107,1.547185,1.552684
0.953508,0.847286,1.546817,1.547185
0.848857,0.981365,1.549201,1.546817
0.941275,0.809944,1.553206,1.549201
0.838094,0.832361,1.556175,1.553206
0.782331,1.000674,1.558267,1.556175
0.983672,0.820854,1.559311,1.558267
0.781669,0.835268,1.559143,1.559311
0.669132,0.984125,1.558432,1.559143
0.947315,0.860355,1.557309,1.558432
0.778798,0.835327,1.556407,1.557309
0.784189,0.965357,1.555763,1.556407
0.987295,0.849087,1.555442,1.555763
0.795419,0.847464,1.555513,1.555442
0.941206,0.950259,1.555761,1.555513
0.845447,0.805698,1.556068,1.555761
0.941188,0.862621,1.556276,1.556068
0.856830,1.014639,1.556518,1.556276
0.947028,0.822882,1.556776,1.556518
0.858389,0.838681,1.556983,1.556776
0.806117,0.975429,1.557211,1.556983
0.993675,0.811810,1.557624,1.557211
0.801542,0.851191,1.558351,1.557624
0.789779,0.987195,1.559392,1.558351
0.988722,0.799751,1.560805,1.559392
0.788765,0.839599,1.561858,1.560805
0.790057,0.979476,1.562033,1.561858
1.125489,0.781877,1.563390,1.562033
0.947098,0.783440,1.565346,1.563390
1.043373,0.895127,1.565991,1.565346
0.804973,0.658805,1.565365,1.565991
0.800279,0.654080,1.564619,1.565365
0.639693,0.714085,1.564284,1.564619
0.655345,0.543116,1.564916,1.564284
0.530304,0.537533,1.566374,1.564916
0.463764,0.533964,1.568603,1.566374
0.530086,0.419446,1.572082,1.568603
0.398488,0.409433,1.575291,1.572082
0.369244,0.428484,1.578372,1.575291
0.426668,0.326877,1.580735,1.578372
0.308968,0.331941,1.580245,1.580735
0.233261,0.380850,1.579074,1.580245
0.263700,0.366304,1.582640,1.579074
0.507960,0.324267,1.607633,1.582640
0.590538,0.240025,1.655984,1.607633
0.440280,0.245569,1.709315,1.655984
0.326766,0.280352,1.762635,1.709315
0.405195,0.282103,1.821721,1.762635
0.385725,0.278996,1.889288,1.821721
0.463309,0.353297,1.978607,1.889288
0.331441,0.327850,2.097634,1.978607
0.182683,0.378446,2.214182,2.097634
0.192631,0.539018,2.347289,2.214182
0.410656,0.618616,2.511276,2.347289
0.681769,0.743943,2.673339,2.511276
0.926525,0.709788,2.806280,2.673339
0.995121,0.914419,2.890939,2.806280
1.266981,0.949630,2.966615,2.890939
1.219228,0.795901,3.022923,2.966615
0.989930,0.949016,3.062533,3.022923
1.027466,0.779826,3.100998,3.062533
0.765773,0.804758,3.126933,3.100998
0.723936,0.947341,3.137506,3.126933
0.886290,0.763546,3.124413,3.137506
0.709994,0.802639,3.122895,3.124413
0.706537,0.909551,3.129867,3.122895
0.887870,0.769492,3.141527,3.129867
0.716734,0.804177,3.130252,3.141527
0.716458,0.979128,3.122010,3.130252
0.929398,0.788571,3.117936,3.122010
0.759147,0.819509,3.118535,3.117936
0.930227,0.967520,3.121475,3.118535
0.982033,0.810410,3.125691,3.121475
0.782540,0.820751,3.128630,3.125691
0.839430,0.982661,3.130436,3.128630
1.005749,0.967538,3.131104,3.130436
1.015345,0.993336,3.130570,3.131104
0.958468,0.834524,3.129686,3.130570
0.849797,0.847672,3.128937,3.129686
0.800438,0.961881,3.128551,3.128937
0.988664,0.833402,3.128534,3.128551
0.781660,0.849906,3.128745,3.128534
0.796189,0.966493,3.129087,3.128745
0.984399,0.852540,3.129448,3.129087
0.789973,0.842265,3.129910,3.129448
0.792780,0.960718,3.130431,3.129910
0.986688,0.809416,3.130944,3.130431
0.794354,0.857480,3.131369,3.130944
0.938137,1.001728,3.131735,3.131369
0.837544,0.824491,3.132063,3.131735
0.938184,0.828849,3.132441,3.132063
0.834432,1.003438,3.132886,3.132441
0.936619,0.808660,3.133295,3.132886
0.836261,0.826249,3.133598,3.133295
0.779099,1.009047,3.133716,3.133598
1.092681,0.841271,3.133797,3.133716
0.931405,0.790991,3.135162,3.133797
0.884090,0.944205,3.136892,3.135162
0.968773,0.701225,3.138102,3.136892
0.709450,0.679533,3.138505,3.138102
0.650965,0.759740,3.138679,3.138505
0.724379,0.595256,3.138820,3.138679
0.528174,0.541253,3.138951,3.138820
0.568763,0.586013,3.138687,3.138951
0.478087,0.440523,3.137834,3.138687
0.497924,0.455525,3.136690,3.137834
0.411464,0.430523,3.135571,3.136690
0.420378,0.310311,3.134829,3.135571
0.339135,0.353064,3.135150,3.134829
0.301021,0.352317,3.136680,3.135150
0.330239,0.252394,3.139904,3.136680
0.247605,0.214229,3.141485,3.139904
0.228492,0.276093,3.138937,3.141485
0.265753,0.179640,3.137654,3.138937
0.187347,0.186530,3.137810,3.137654
0.162214,0.231705,3.138727,3.137810
0.179453,0.147568,3.140160,3.138727
0.138535,0.101058,3.141226,3.140160
0.161928,0.107410,3.141815,3.141226
0.119987,0.093273,3.141651,3.141815
0.106412,0.086026,3.141507,3.141651
0.086587,0.084275,3.141018,3.141507
0.098455,0.058215,3.140508,3.141018
0.085105,0.045322,3.140177,3.140508
0.096656,0.073989,3.139977,3.140177
0.091861,0.047745,3.139995,3.139977
0.061646,0.014262,3.140034,3.139995
0.063017,0.057990,3.140050,3.140034
0.000000,0.000000,0.000000,0.000000
0.000000,0.026368,2.052684,0.000000
0.016546,0.022576,2.050857,2.052684
0.022949,0.064319,2.055744,2.050857
0.032225,0.026084,2.057041,2.055744
0.020857,0.031469,2.053567,2.057041
0.000000,0.031373,2.052594,2.053567
0.000000,0.015999,2.027733,2.052594
0.000000,0.022811,2.027824,2.027733
0.000000,0.032877,2.028448,2.027824
0.000000,0.024939,2.029090,2.028448
0.028543,0.024620,2.020173,2.029090
0.059080,0.028443,2.020763,2.020173
0.063777,0.030524,2.020727,2.020763
0.051578,0.039949,2.021173,2.020727
0.064087,0.008899,2.022366,2.021173
0.060045,0.061741,2.023787,2.022366
0.067441,0.024074,2.024826,2.023787
0.061071,0.044988,2.025710,2.024826
0.073661,0.018057,2.026531,2.025710
0.073435,0.025602,2.026715,2.026531
0.058919,0.028852,2.026882,2.026715
0.061664,0.035528,2.027482,2.026882
0.046667,0.017672,2.027955,2.027482
0.046188,0.029772,2.026570,2.027955
0.031101,0.016328,2.025944,2.026570
0.096922,0.011457,2.019098,2.025944
0.150773,0.030875,2.001631,2.019098
0.144269,0.082630,1.967669,2.001631
0.084360,0.152865,1.895301,1.967669
0.079915,0.214291,1.799415,1.895301
0.263024,0.366089,1.681106,1.799415
0.522563,0.391014,1.552539,1.681106
0.516616,0.492844,1.474190,1.552539
0.525210,0.674013,1.413737,1.474190
0.604467,0.607126,1.336956,1.413737
0.500678,0.719222,1.238157,1.336956
0.644430,0.879973,1.102368,1.238157
1.087384,0.812719,0.914162,1.102368
0.934264,0.831465,0.754448,0.914162
1.060143,1.000267,0.606707,0.754448
1.326171,0.801972,0.457231,0.606707
0.985995,0.803435,0.352788,0.457231
1.081182,0.959037,0.266910,0.352788
1.047173,0.795194,0.189770,0.266910
0.751339,0.766384,0.142401,0.189770
0.741508,0.934618,0.111093,0.142401
0.846724,0.781410,0.092870,0.111093
0.670191,0.788169,0.087998,0.092870
0.671831,0.953264,0.087568,0.087998
0.857807,0.794494,0.087524,0.087568
0.707257,0.840709,0.085159,0.087524
0.733270,0.976405,0.079164,0.085159
0.965001,0.819131,0.068570,0.079164
0.785420,0.802985,0.061495,0.068570
0.811027,0.978112,0.057278,0.061495
1.019819,0.809293,0.056105,0.057278
0.814006,0.853824,0.056201,0.056105
0.959175,0.953400,0.056620,0.056201
1.014003,0.828912,0.057834,0.056620
0.810691,0.838239,0.058811,0.057834
0.847802,0.968213,0.059423,0.058811
0.993159,0.830064,0.059847,0.059423
0.796496,0.818126,0.060111,0.059847
0.796031,1.005295,0.060395,0.060111
1.006630,0.837623,0.060651,0.060395
0.802929,0.854685,0.060657,0.060651
0.799541,0.968357,0.060557,0.060657
0.986973,0.787981,0.060464,0.060557
0.791956,0.869219,0.060575,0.060464
0.801702,0.992859,0.061063,0.060575
1.002438,0.832262,0.061734,0.061063
0.795177,0.865644,0.061907,0.061734
0.938181,0.963146,0.061303,0.061907
0.989378,0.808152,0.060247,0.061303
0.792996,0.857955,0.059647,0.060247
0.845151,0.954374,0.059386,0.059647
0.995588,0.811627,0.046401,0.059386
0.848974,0.831366,0.008288,0.046401
0.916134,0.986524,0.069941,0.008288
1.144098,0.763663,0.114612,0.069941
0.854382,0.759166,0.127262,0.114612
0.764093,0.803356,0.128935,0.127262
0.833728,0.645777,0.123968,0.128935
0.605511,0.574936,0.117232,0.123968
0.556420,0.619819,0.109773,0.117232
0.627731,0.479865,0.101763,0.109773
0.468813,0.459525,0.095960,0.101763
0.508899,0.473945,0.091116,0.095960
0.485070,0.378169,0.087167,0.091116
0.359087,0.358240,0.085005,0.087167
0.352403,0.382917,0.076708,0.085005
0.324154,0.329821,0.048899,0.076708
0.195053,0.294833,0.059313,0.048899
0.280829,0.340577,0.120680,0.059313
0.465296,0.260808,0.216121,0.120680
0.384408,0.231130,0.288468,0.216121
0.332891,0.277311,0.314276,0.288468
0.339965,0.250665,0.286203,0.314276
0.301346,0.274899,0.263144,0.286203
0.358635,0.377641,0.313236,0.263144
0.354537,0.322546,0.426521,0.313236
0.179479,0.379408,0.545675,0.426521
0.213127,0.487966,0.677165,0.545675
0.258472,0.500019,0.828276,0.677165
0.244935,0.587521,0.955697,0.828276
0.322696,0.792507,1.078871,0.955697
0.551045,0.716965,1.204549,1.078871
0.676953,0.769155,1.289634,1.204549
0.766150,0.923894,1.358667,1.289634
0.961585,0.782973,1.423179,1.358667
0.795967,0.819525,1.466779,1.423179
0.712562,0.924812,1.504148,1.466779
0.843553,0.792465,1.540308,1.504148
0.658158,0.810389,1.564262,1.540308
0.658082,0.942659,1.581526,1.564262
0.842570,0.790914,1.590601,1.581526
0.699712,0.805472,1.587878,1.590601
0.867866,0.934606,1.577566,1.587878
0.956685,0.817170,1.562674,1.577566
0.780612,0.817222,1.552652,1.562674
0.841104,0.968139,1.546861,1.552652
0.999275,0.825735,1.545383,1.546861
0.802239,0.827475,1.547286,1.545383
0.805459,0.985397,1.550674,1.547286
1.015484,0.840195,1.554627,1.550674
0.798839,0.849500,1.556935,1.554627
0.789306,0.959237,1.558167,1.556935
0.995474,0.810566,1.558111,1.558167
0.795643,0.835422,1.557392,1.558111
0.796871,0.984274,1.556489,1.557392
1.004566,0.787223,1.555884,1.556489
0.806827,0.849965,1.555812,1.555884
0.969468,0.994328,1.556145,1.555812
1.029173,0.798393,1.556871,1.556145
0.825210,0.850028,1.557463,1.556871
0.877860,0.966194,1.557895,1.557463
1.009961,1.010677,1.558163,1.557895
1.008576,0.983168,1.558261,1.558163
0.950181,0.835782,1.558154,1.558261
0.862150,1.010600,1.557998,1.558154
1.014215,0.996085,1.557866,1.557998
0.952837,0.824595,1.558013,1.557866
0.849216,0.980195,1.558429,1.558013
0.992097,0.831759,1.559305,1.558429
0.795206,0.839368,1.560090,1.559305
0.799029,0.959407,1.560349,1.560090
1.068809,0.810145,1.560561,1.560349
0.929663,0.827895,1.562973,1.560561
0.924657,0.903544,1.565126,1.562973
1.005415,0.716351,1.565632,1.565126
0.716546,0.678362,1.565144,1.565632
0.648996,0.718644,1.564605,1.565144
0.721323,0.568415,1.564880,1.564605
0.538113,0.523933,1.566240,1.564880
0.581775,0.584129,1.568713,1.566240
0.556462,0.441636,1.572438,1.568713
0.419735,0.395090,1.575898,1.572438
0.413630,0.455709,1.579633,1.575898
0.455995,0.358022,1.584265,1.579633
0.354538,0.322443,1.587484,1.584265
0.278127,0.356755,1.590777,1.587484
0.291975,0.292521,1.592858,1.590777
0.346658,0.287599,1.588007,1.592858
0.411503,0.310897,1.574748,1.588007
0.511994,0.234392,1.543040,1.574748
0.353074,0.241720,1.494104,1.543040
0.310239,0.298990,1.431021,1.494104
0.357114,0.260420,1.341829,1.431021
0.311307,0.308805,1.260124,1.341829
0.231839,0.426518,1.174546,1.260124
0.235269,0.400642,1.072503,1.174546
0.218692,0.440517,0.971446,1.072503
0.371686,0.643909,0.852372,0.971446
0.728402,0.563056,0.695859,0.852372
0.727394,0.713925,0.554834,0.695859
0.819299,0.853811,0.420880,0.554834
1.102757,0.789396,0.289324,0.420880
0.933382,0.831252,0.205101,0.289324
0.973973,0.969950,0.144167,0.205101
1.126011,0.786345,0.092330,0.144167
0.814385,0.760680,0.066664,0.092330
0.736806,0.904696,0.062199,0.066664
0.856782,0.800328,0.072541,0.062199
0.678839,0.765971,0.080725,0.072541
0.813382,0.928232,0.084087,0.080725
0.891625,0.790573,0.082147,0.084087
0.734942,0.790090,0.079021,0.082147
0.808332,0.929437,0.077284,0.079021
0.974807,0.840089,0.077018,0.077284
0.788229,0.806418,0.076475,0.077018
0.789048,0.944587,0.075352,0.076475
0.982998,0.818663,0.074301,0.075352
0.788019,0.859312,0.073567,0.074301
0.790260,0.957016,0.072724,0.073567
0.987710,0.827951,0.070977,0.072724
0.777740,0.857658,0.068791,0.070977
0.781508,0.966379,0.066589,0.068791
0.986506,0.805624,0.064528,0.066589
0.787808,0.848300,0.063909,0.064528
0.933272,0.964437,0.064303,0.063909
0.980996,0.848101,0.065222,0.064303
0.782370,0.809685,0.065526,0.065222
0.841741,0.987389,0.065644,0.065526
0.996197,0.824530,0.065518,0.065644
0.809623,0.855220,0.065223,0.065518
0.806269,0.979916,0.065180,0.065223
0.999914,0.856040,0.065151,0.065180
0.800634,0.829506,0.064995,0.065151
0.792816,1.006164,0.064360,0.064995
0.988695,0.803615,0.062697,0.064360
0.787898,0.826200,0.060720,0.062697
0.787944,0.998198,0.058860,0.060720
0.987768,0.821276,0.057203,0.058860
0.788970,0.830797,0.056617,0.057203
0.931952,0.987354,0.053945,0.056617
1.006110,0.828071,0.013357,0.053945
0.847184,0.840081,0.056677,0.013357
0.966178,0.893386,0.104726,0.056677
1.020821,0.759920,0.125908,0.104726
0.743415,0.700479,0.128853,0.125908
0.686641,0.768347,0.125516,0.128853
0.792592,0.570101,0.117805,0.125516
0.562971,0.553949,0.109985,0.117805
0.506511,0.595850,0.101526,0.109985
0.576691,0.457834,0.092044,0.101526
0.429668,0.442633,0.084939,0.092044
0.403067,0.465155,0.078869,0.084939
0.459839,0.346633,0.073529,0.078869
0.341289,0.353569,0.065739,0.073529
0.353131,0.350531,0.028326,0.065739
0.265099,0.275925,0.020140,0.028326
0.236744,0.296302,0.073194,0.020140
0.421350,0.340128,0.163865,0.073194
0.594092,0.258576,0.268871,0.163865
0.434346,0.237462,0.328705,0.268871
0.403281,0.300235,0.338177,0.328705
0.520687,0.272245,0.317780,0.338177
0.519984,0.303180,0.348270,0.317780
0.447221,0.370486,0.431904,0.348270
0.476584,0.352099,0.562390,0.431904
0.330045,0.420644,0.690165,0.562390
0.369240,0.555794,0.822179,0.690165
0.518290,0.544191,0.978534,0.822179
0.497720,0.656893,1.102067,0.978534
0.798113,0.860955,1.212927,1.102067
1.071778,0.750538,1.313683,1.212927
0.886443,0.810768,1.376018,1.313683
0.990190,0.986653,1.427326,1.376018
1.120489,0.940526,1.477091,1.427326
0.986159,0.912023,1.518600,1.477091
0.851220,0.782949,1.551606,1.518600
0.723742,0.935020,1.572873,1.551606
0.851682,0.913153,1.589009,1.572873
0.825300,0.788445,1.591966,1.589009
0.771453,0.927790,1.583649,1.591966
0.955966,0.795904,1.567404,1.583649
0.782474,0.841505,1.554879,1.567404
0.788599,0.963165,1.546447,1.554879
0.982319,0.795417,1.543107,1.546447
0.795280,0.826181,1.544605,1.543107
0.799805,0.988081,1.548355,1.544605
0.994752,0.818069,1.553340,1.548355
0.789649,0.847899,1.556724,1.553340
0.793704,1.004456,1.558802,1.556724
0.992948,0.800299,1.559552,1.558802
0.802070,0.842990,1.559197,1.559552
0.953052,0.972146,1.558393,1.559197
1.012637,0.844283,1.557471,1.558393
0.807312,0.823299,1.557106,1.557471
0.858530,0.991644,1.557225,1.557106
1.013133,0.852338,1.557813,1.557225
0.802716,0.819916,1.558454,1.557813
0.805953,0.996796,1.559086,1.558454
1.008031,0.817752,1.559617,1.559086
0.808164,0.840495,1.559789,1.559617
0.802033,0.984298,1.559767,1.559789
1.005143,0.819467,1.559682,1.559767
0.807577,0.844417,1.559559,1.559682
0.803985,0.980100,1.559510,1.559559
1.007521,0.807552,1.559598,1.559510
0.804143,0.860640,1.559800,1.559598
0.957403,0.973111,1.560022,1.559800
0.992947,0.818685,1.560289,1.560022
0.804625,0.836841,1.560362,1.560289
0.870857,0.961641,1.559906,1.560362
1.143334,0.805644,1.561953,1.559906
0.934349,0.815234,1.564976,1.561953
0.876815,0.846630,1.566763,1.564976
0.928093,0.686013,1.567629,1.566763
0.656880,0.638837,1.567950,1.567629
0.602974,0.715525,1.568157,1.567950
0.684247,0.523741,1.568189,1.568157
0.507208,0.513764,1.568289,1.568189
0.488575,0.565707,1.568366,1.568289
0.521051,0.421201,1.568592,1.568366
0.393296,0.398683,1.568735,1.568592
0.451238,0.453573,1.568790,1.568735
0.445712,0.349966,1.568242,1.568790
0.308091,0.327520,1.566635,1.568242
0.224645,0.349603,1.565150,1.566635
0.380936,0.265082,1.558572,1.565150
0.391746,0.272732,1.546432,1.558572
0.408870,0.275387,1.525293,1.546432
0.444443,0.233171,1.474512,1.525293
0.283394,0.243820,1.415141,1.474512
0.272515,0.303702,1.341027,1.415141
0.506657,0.330006,1.242766,1.341027
0.415788,0.343555,1.156275,1.242766
0.350288,0.443674,1.069041,1.156275
0.360866,0.405296,0.955889,1.069041
0.246954,0.472281,0.842133,0.955889
0.440493,0.699698,0.714296,0.842133
0.722198,0.642921,0.550666,0.714296
0.765640,0.731638,0.420876,0.550666
0.994100,0.889567,0.305100,0.420876
1.240767,0.822584,0.196285,0.305100
0.959181,0.807604,0.136042,0.196285
0.846811,0.928217,0.093130,0.136042
0.898007,0.792032,0.062533,0.093130
0.660143,0.800280,0.057791,0.062533
0.644338,0.930678,0.065730,0.057791
0.817031,0.958401,0.075587,0.065730
0.854117,0.939844,0.080358,0.075587
0.900291,0.770251,0.079484,0.080358
0.743610,0.980772,0.077597,0.079484
0.956304,0.952803,0.076806,0.077597
0.969631,0.814543,0.077060,0.076806
0.782203,0.978138,0.076675,0.077060
0.974190,0.818466,0.075150,0.076675
0.778753,0.806883,0.073286,0.075150
0.766716,0.979305,0.071345,0.073286
0.965609,0.856111,0.069343,0.071345
0.783773,0.836156,0.067950,0.069343
0.938237,0.967546,0.066300,0.067950
1.001714,0.808193,0.064072,0.066300
0.810441,0.835061,0.062148,0.064072
0.854924,1.000387,0.060655,0.062148
0.997526,0.847970,0.059711,0.060655
0.795433,0.867969,0.059483,0.059711
0.789450,0.948730,0.059320,0.059483
0.997578,0.822492,0.059331,0.059320
0.796153,0.806618,0.059512,0.059331
0.794035,0.950365,0.059938,0.059512
0.991200,0.830550,0.061118,0.059938
0.785872,1.012693,0.062518,0.061118
0.984763,0.994960,0.064046,0.062518
0.986381,0.837477,0.064905,0.064046
0.791338,0.999110,0.065465,0.064905
1.000515,0.815823,0.065881,0.065465
0.794665,0.836072,0.065832,0.065881
0.950072,0.953458,0.065133,0.065832
0.855706,0.794233,0.064170,0.065133
0.956195,0.852058,0.048081,0.064170
0.917823,0.999519,0.017305,0.048081
1.085399,0.804034,0.084768,0.017305
1.001790,0.782386,0.117182,0.084768
0.838495,0.867114,0.128350,0.117182
0.880592,0.672275,0.127262,0.128350
0.638874,0.608003,0.120723,0.127262
0.567740,0.687277,0.112139,0.120723
0.634183,0.494941,0.101834,0.112139
0.466131,0.579923,0.093829,0.101834
0.548509,0.551578,0.085690,0.093829
0.493881,0.445699,0.079704,0.085690
0.372111,0.436895,0.075821,0.079704
0.441342,0.334471,0.071186,0.075821
0.326551,0.349024,0.041718,0.071186
0.256924,0.379645,0.010888,0.041718
0.279811,0.296245,0.078430,0.010888
0.361037,0.270106,0.164090,0.078430
0.471555,0.313525,0.250348,0.164090
0.473436,0.221021,0.315200,0.250348
0.356063,0.246628,0.313692,0.315200
0.411562,0.310905,0.284987,0.313692
0.609377,0.301455,0.313427,0.284987
0.441668,0.325495,0.396065,0.313427
0.389930,0.413082,0.504295,0.396065
0.514199,0.392420,0.650683,0.504295
0.424475,0.500995,0.773570,0.650683
0.469860,0.676167,0.902131,0.773570
0.759496,0.627412,1.047698,0.902131
0.729477,0.710973,1.158205,1.047698
0.842750,0.860278,1.253784,1.158205
1.191873,0.769024,1.341484,1.253784
1.009916,0.816909,1.400875,1.341484
1.089417,0.931971,1.451331,1.400875
0.993696,0.767382,1.499037,1.451331
0.728500,0.794920,1.531612,1.499037
0.744391,0.922277,1.558633,1.531612
0.860068,0.749579,1.581561,1.558633
0.703361,0.823422,1.592197,1.581561
0.707990,0.943466,1.593451,1.592197
0.919884,0.780662,1.583677,1.593451
0.738570,0.806570,1.571076,1.583677
0.744138,0.963176,1.558822,1.571076
0.948057,1.022050,1.549239,1.558822
0.963628,0.961191,1.545912,1.549239
0.974381,0.785118,1.547622,1.545912
0.786584,0.809171,1.550878,1.547622
0.794124,0.973303,1.554342,1.550878
0.985758,0.831729,1.557228,1.554342
0.785174,0.825940,1.558438,1.557228
0.932363,0.973011,1.558441,1.558438
0.848638,0.819020,1.557634,1.558441
0.957236,0.825262,1.556662,1.557634
0.855357,1.013854,1.555778,1.556662
0.945882,0.827687,1.555130,1.555778
0.837129,0.844360,1.555062,1.555130
0.791843,0.996932,1.555288,1.555062
0.995545,0.801234,1.555834,1.555288
0.792078,0.834604,1.556304,1.555834
0.795625,0.995847,1.556691,1.556304
1.000397,0.823682,1.557176,1.556691
0.795585,0.838881,1.557582,1.557176
0.802827,0.980850,1.558020,1.557582
1.004126,0.820313,1.558574,1.558020
0.797237,0.861984,1.559063,1.558574
0.946258,0.970419,1.559500,1.559063
0.842432,0.857187,1.559883,1.559500
0.946341,0.846223,1.560102,1.559883
0.849920,0.985709,1.560228,1.560102
0.958354,0.825928,1.559285,1.560228
0.945075,0.982404,1.559233,1.559285
1.195308,0.947815,1.561980,1.559233
1.055102,0.764239,1.563774,1.561980
0.819097,0.842943,1.564237,1.563774
0.828558,0.623091,1.564170,1.564237
0.605506,0.694772,1.563872,1.564170
0.666335,0.628088,1.563482,1.563872
0.594116,0.500729,1.563098,1.563482
0.450522,0.519439,1.562760,1.563098
0.511937,0.400994,1.562233,1.562760
0.378764,0.388589,1.561836,1.562233
0.358315,0.419006,1.561277,1.561836
0.418211,0.345540,1.560277,1.561277
0.282245,0.317154,1.559238,1.560277
0.205944,0.325789,1.560704,1.559238
0.382297,0.269309,1.576335,1.560704
0.401111,0.291168,1.606738,1.576335
0.490419,0.262551,1.653329,1.606738
0.416396,0.222770,1.716957,1.653329
0.359342,0.273103,1.763964,1.716957
0.373792,0.327333,1.817398,1.763964
0.503746,0.274103,1.906541,1.817398
0.380158,0.280466,1.999485,1.906541
0.258631,0.425148,2.105513,1.999485
0.281238,0.357888,2.249473,2.105513
0.195399,0.494958,2.382211,2.249473
0.324575,0.652659,2.523507,2.382211
0.724797,0.627351,2.681161,2.523507
0.822689,0.748233,2.792887,2.681161
0.961624,0.890020,2.882006,2.792887
1.313671,0.780176,2.957959,2.882006
1.072268,0.832199,3.007059,2.957959
1.189345,0.945375,3.049003,3.007059
0.907598,0.801396,3.089869,3.049003
0.962841,0.808174,3.118074,3.089869
0.803464,0.908972,3.140558,3.118074
0.875796,0.738059,3.127836,3.140558
0.759256,0.779338,3.123677,3.127836
0.705927,0.934799,3.128354,3.123677
0.883237,0.792338,3.141010,3.128354
0.698971,0.828056,3.132889,3.141010
0.711500,0.944847,3.124085,3.132889
0.931669,0.809963,3.118762,3.124085
0.762618,0.797367,3.118393,3.118762
0.772292,0.969301,3.120659,3.118393
0.975893,1.002853,3.124673,3.120659
0.968895,0.969535,3.128489,3.124673
0.993614,0.817687,3.130630,3.128489
0.807038,1.010025,3.131057,3.130630
1.010030,0.986860,3.130477,3.131057
0.998689,0.985761,3.129547,3.130477
0.995235,0.970599,3.128739,3.129547
1.001822,0.827942,3.128242,3.128739
0.804409,0.959837,3.128055,3.128242
0.994785,0.816439,3.128004,3.128055
0.792222,0.869501,3.127994,3.128004
0.789529,0.958534,3.128017,3.127994
0.987793,0.839069,3.128006,3.128017
0.787263,0.850089,3.127971,3.128006
0.929197,0.987924,3.127972,3.127971
0.985964,0.814195,3.127953,3.127972
0.798080,0.843360,3.128188,3.127953
0.846405,0.968069,3.128685,3.128188
0.979762,0.816122,3.129472,3.128685
0.792024,0.883818,3.130252,3.129472
0.772774,0.991205,3.131021,3.130252
0.972377,0.816828,3.131925,3.131021
0.771597,0.852121,3.132235,3.131925
0.788697,0.958219,3.133441,3.132235
1.081543,0.796107,3.137459,3.133441
0.851104,0.902233,3.139907,3.137459
0.943670,0.836778,3.141002,3.139907
0.821472,0.640586,3.141156,3.141002
0.606316,0.704089,3.141200,3.141156
0.685761,0.583585,3.141631,3.141200
0.497218,0.512286,3.142377,3.141631
0.538095,0.539101,3.142721,3.142377
0.444909,0.398329,3.141357,3.142721
0.465142,0.420445,3.140665,3.141357
0.390056,0.419816,3.140681,3.140665
0.400976,0.342819,3.141700,3.140681
0.330628,0.324952,3.141366,3.141700
0.286958,0.333101,3.139249,3.141366
0.329069,0.237019,3.136928,3.139249
0.245375,0.235229,3.135728,3.136928
0.235688,0.227469,3.135300,3.135728
0.269395,0.181452,3.135553,3.135300
0.195662,0.205255,3.136121,3.135553
0.189313,0.213727,3.136753,3.136121
0.155872,0.150694,3.137180,3.136753
0.098549,0.130172,3.137312,3.137180
0.108367,0.100498,3.137355,3.137312
0.076762,0.089771,3.137286,3.137355
0.071287,0.100177,3.137200,3.137286
0.070172,0.075596,3.137142,3.137200
0.048678,0.050577,3.137075,3.137142
0.047195,0.067436,3.137082,3.137075
0.070941,0.035816,3.137105,3.137082
0.060696,0.044246,3.137205,3.137105
0.057311,0.030196,3.137332,3.137205
0.052162,0.008584,3.137372,3.137332
0.000000,0.000000,0.000000,0.000000
0.000000,0.042659,2.053797,0.000000
0.025626,0.036203,2.047745,2.053797
0.029956,0.061547,2.050635,2.047745
0.031735,0.041085,2.063688,2.050635
0.000000,0.022259,2.073705,2.063688
0.000000,0.014792,2.080105,2.073705
0.000000,0.019404,2.089253,2.080105
0.000000,0.045157,2.087246,2.089253
0.000000,0.056258,2.085571,2.087246
0.000000,0.042090,2.085004,2.085571
0.000000,0.037560,2.085350,2.085004
0.000000,0.011200,2.086042,2.085350
0.000000,0.023766,2.086884,2.086042
0.000000,0.034970,2.087616,2.086884
0.000000,0.030014,2.087942,2.087616
0.000000,0.026773,2.087484,2.087942
0.028878,0.047278,2.073289,2.087484
0.041821,0.032840,2.071030,2.073289
0.035219,0.028223,2.069644,2.071030
0.035336,0.045918,2.069079,2.069644
0.065132,0.026865,2.069928,2.069079
0.051434,0.031281,2.072081,2.069928
0.069036,0.021793,2.075266,2.072081
0.062467,0.037098,2.079136,2.075266
0.074244,0.041733,2.081938,2.079136
0.071160,0.008736,2.082597,2.081938
0.077902,0.022043,2.081975,2.082597
0.064392,0.064385,2.081759,2.081975
0.068735,0.028511,2.082924,2.081759
0.068269,0.018543,2.084155,2.082924
0.067374,0.049779,2.084960,2.084155
0.072022,0.026455,2.085315,2.084960
0.061985,0.037454,2.084707,2.085315
0.052754,0.043385,2.083029,2.084707
0.062335,0.029760,2.081767,2.083029
0.046408,0.020990,2.081597,2.081767
0.039274,0.036870,2.082098,2.081597
0.048994,0.038630,2.081585,2.082098
0.155245,0.030109,2.056116,2.081585
0.167436,0.045115,2.014661,2.056116
0.108901,0.142564,1.953349,2.014661
0.031249,0.282594,1.857731,1.953349
0.226733,0.310667,1.723312,1.857731
0.363737,0.377453,1.619976,1.723312
0.435966,0.570012,1.537652,1.619976
0.596827,0.571438,1.458972,1.537652
0.478528,0.677637,1.388622,1.458972
0.481953,0.798900,1.289410,1.388622
0.716886,0.761142,1.136010,1.289410
0.680406,0.769766,0.984979,1.136010
0.495582,0.985124,0.823346,0.984979
0.957701,0.839090,0.647159,0.823346
0.910499,0.853671,0.516008,0.647159
1.121944,0.923936,0.400854,0.516008
0.916171,0.770647,0.294779,0.400854
0.964446,0.825921,0.226744,0.294779
0.787418,0.935071,0.172982,0.226744
0.826728,0.788497,0.129159,0.172982
0.719462,0.820689,0.105758,0.129159
0.665685,0.898140,0.092650,0.105758
0.837277,0.773343,0.087613,0.092650
0.675617,0.798865,0.086293,0.087613
0.689474,0.967532,0.084416,0.086293
0.907924,0.829075,0.078191,0.084416
0.760020,0.838347,0.069880,0.078191
0.777535,0.994379,0.062200,0.069880
0.993769,0.803872,0.057471,0.062200
0.796183,0.969120,0.057195,0.057471
0.980797,0.955249,0.057868,0.057195
0.975630,0.853386,0.058260,0.057868
0.789602,0.975813,0.058778,0.058260
0.997828,0.817305,0.059611,0.058778
0.795887,0.826788,0.060273,0.059611
0.939977,0.988837,0.060531,0.060273
0.992213,0.831518,0.060472,0.060531
0.802127,0.875508,0.060150,0.060472
0.848830,0.987974,0.059428,0.060150
1.002127,0.789388,0.058617,0.059428
0.804743,0.856271,0.058149,0.058617
0.801937,0.984810,0.058035,0.058149
0.997945,0.818275,0.058512,0.058035
0.797621,0.888931,0.059473,0.058512
0.795349,0.981736,0.060632,0.059473
0.994600,0.796346,0.061128,0.060632
0.793838,0.808287,0.060820,0.061128
0.790636,0.981287,0.060280,0.060820
0.991960,0.838612,0.059528,0.060280
0.795295,0.840680,0.058708,0.059528
0.952486,0.959046,0.048352,0.058708
1.055420,0.840014,0.013766,0.048352
0.899450,0.801707,0.077366,0.013766
0.979546,0.929354,0.117874,0.077366
1.050042,0.739341,0.132535,0.117874
0.745729,0.670119,0.131685,0.132535
0.665005,0.738879,0.125370,0.131685
0.730552,0.562949,0.115065,0.125370
0.533889,0.525167,0.105845,0.115065
0.495184,0.548665,0.097252,0.105845
0.562067,0.451768,0.089505,0.097252
0.424597,0.511755,0.085281,0.089505
0.500878,0.459372,0.083142,0.085281
0.449368,0.343532,0.084239,0.083142
0.332812,0.369378,0.072941,0.084239
0.319947,0.329296,0.060634,0.072941
0.204329,0.281143,0.070235,0.060634
0.335730,0.377365,0.121883,0.070235
0.446504,0.250418,0.214351,0.121883
0.460443,0.256916,0.287197,0.214351
0.376696,0.285725,0.313167,0.287197
0.273304,0.266280,0.271305,0.313167
0.406717,0.319768,0.255872,0.271305
0.486016,0.296063,0.322297,0.255872
0.305540,0.345218,0.418879,0.322297
0.270400,0.435597,0.541066,0.418879
0.405591,0.471687,0.681883,0.541066
0.450468,0.554216,0.801636,0.681883
0.588369,0.753534,0.923821,0.801636
0.915890,0.691234,1.062068,0.923821
0.829767,0.765403,1.166756,1.062068
0.860539,0.942362,1.258051,1.166756
1.047948,0.793009,1.345504,1.258051
0.768170,0.815149,1.405427,1.345504
0.709434,0.909314,1.455850,1.405427
0.794392,0.765385,1.503615,1.455850
0.619103,0.781228,1.536319,1.503615
0.734610,0.932604,1.563173,1.536319
0.811603,0.978043,1.584782,1.563173
0.869370,0.926256,1.594620,1.584782
0.770431,0.805739,1.590616,1.594620
0.901986,0.820835,1.579513,1.590616
0.780931,0.953848,1.565870,1.579513
0.923323,0.827047,1.553095,1.565870
0.827726,0.822552,1.547512,1.553095
0.783173,0.965077,1.546457,1.547512
1.000413,0.791734,1.549412,1.546457
0.798631,0.827204,1.553343,1.549412
0.795567,0.981613,1.557117,1.553343
1.002935,0.826571,1.560012,1.557117
0.803320,0.846266,1.560880,1.560012
0.811935,0.984790,1.560573,1.560880
1.007837,0.814323,1.559404,1.560573
0.804925,0.822346,1.558337,1.559404
0.957182,0.962657,1.557565,1.558337
0.860364,0.845034,1.557275,1.557565
0.965900,0.844481,1.557421,1.557275
0.863090,0.966367,1.557666,1.557421
0.966537,0.829053,1.558067,1.557666
0.856914,0.987058,1.558403,1.558067
1.002164,1.011855,1.558799,1.558403
0.931478,0.819122,1.559119,1.558799
0.806675,0.980776,1.559140,1.559119
0.996413,0.843785,1.559050,1.559140
0.799155,0.855895,1.559143,1.559050
0.801450,0.966762,1.559492,1.559143
1.001238,0.828188,1.560123,1.559492
0.797789,0.832799,1.560621,1.560123
0.801007,1.012227,1.560949,1.560621
1.019311,0.788989,1.560088,1.560949
0.865187,0.825085,1.560518,1.560088
0.928647,0.926614,1.562660,1.560518
0.693188,0.773209,1.564250,1.562660
0.489866,0.724803,1.564892,1.564250
0.691926,0.739488,1.565708,1.564892
0.730491,0.578091,1.567355,1.565708
0.545957,0.570499,1.569197,1.567355
0.530344,0.615662,1.571519,1.569197
0.561006,0.483375,1.574707,1.571519
0.422541,0.432315,1.577851,1.574707
0.404092,0.484271,1.581587,1.577851
0.471501,0.381560,1.586553,1.581587
0.354886,0.327572,1.590794,1.586553
0.328343,0.376573,1.594176,1.590794
0.287833,0.293610,1.599026,1.594176
0.234252,0.320005,1.600497,1.599026
0.333512,0.360066,1.595243,1.600497
0.491279,0.249420,1.577847,1.595243
0.390274,0.263703,1.546266,1.577847
0.388554,0.291635,1.494665,1.546266
0.327803,0.234870,1.418246,1.494665
0.263600,0.259376,1.343079,1.418246
0.249231,0.376681,1.259587,1.343079
0.167431,0.342893,1.160685,1.259587
0.155321,0.412937,1.072878,1.160685
0.170768,0.551896,0.964400,1.072878
0.413532,0.544515,0.819727,0.964400
0.537402,0.631113,0.682692,0.819727
0.655941,0.844846,0.539002,0.682692
0.936150,0.727267,0.388031,0.539002
0.831127,0.768390,0.282332,0.388031
0.893363,0.945015,0.199770,0.282332
1.078242,0.815481,0.132423,0.199770
0.807041,0.815680,0.092855,0.132423
0.872638,0.905622,0.070052,0.092855
0.868222,0.776633,0.066249,0.070052
0.688843,0.765351,0.071894,0.066249
0.732701,0.933536,0.077254,0.071894
0.875524,0.966818,0.079763,0.077254
0.930984,0.919895,0.078006,0.079763
0.904116,0.792275,0.076170,0.078006
0.827057,0.827287,0.076608,0.076170
0.795926,0.940421,0.077425,0.076608
1.005705,0.821379,0.076945,0.077425
0.806237,0.825889,0.075713,0.076945
0.797096,0.957292,0.074219,0.075713
0.998459,0.818816,0.072983,0.074219
0.801667,0.861866,0.071932,0.072983
0.788123,0.969353,0.070810,0.071932
0.972425,0.808942,0.068822,0.070810
0.777009,0.852928,0.067132,0.068822
0.946415,0.985069,0.065477,0.067132
0.854939,0.806820,0.063463,0.065477
0.957153,0.834176,0.061918,0.063463
0.857304,0.992393,0.061211,0.061918
0.951697,0.796929,0.061389,0.061211
0.842294,1.007131,0.062302,0.061389
1.004890,1.000704,0.063781,0.062302
0.952821,0.858120,0.064433,0.063781
0.853540,1.003253,0.064265,0.064433
0.996552,0.822933,0.063546,0.064265
0.789098,0.822241,0.062750,0.063546
0.788188,0.985199,0.061934,0.062750
0.982049,0.818999,0.060994,0.061934
0.789876,0.853388,0.060988,0.060994
0.789846,0.979562,0.061492,0.060988
0.985624,0.803277,0.062260,0.061492
0.783937,0.846936,0.061535,0.062260
0.791904,0.959648,0.032346,0.061535
1.046146,0.817907,0.044438,0.032346
0.925180,0.807685,0.094079,0.044438
1.068638,0.923859,0.117640,0.094079
0.979811,0.693712,0.125867,0.117640
0.698831,0.686728,0.124437,0.125867
0.672498,0.697450,0.118765,0.124437
0.701724,0.527904,0.110341,0.118765
0.508259,0.537071,0.103259,0.110341
0.471478,0.563320,0.096520,0.103259
0.542440,0.436117,0.089224,0.096520
0.403639,0.397264,0.083884,0.089224
0.381252,0.428969,0.079244,0.083884
0.442398,0.356835,0.073106,0.079244
0.321294,0.309010,0.041813,0.073106
0.245779,0.368173,0.014974,0.041813
0.274519,0.290475,0.072358,0.014974
0.350815,0.269553,0.159447,0.072358
0.487722,0.258523,0.248815,0.159447
0.475023,0.227961,0.324263,0.248815
0.365719,0.243584,0.334535,0.324263
0.425998,0.341206,0.315655,0.334535
0.650418,0.300644,0.342475,0.315655
0.434813,0.305200,0.425039,0.342475
0.364168,0.375386,0.534741,0.425039
0.230987,0.427818,0.686400,0.534741
0.253971,0.480456,0.815733,0.686400
0.405015,0.637890,0.950575,0.815733
0.724919,0.621581,1.099925,0.950575
0.748451,0.726735,1.208993,1.099925
0.811872,0.920001,1.298531,1.208993
1.106575,0.781481,1.374928,1.298531
0.936333,0.806563,1.424424,1.374928
1.096063,0.953889,1.467173,1.424424
1.035260,0.771392,1.508972,1.467173
0.769949,0.794069,1.538259,1.508972
0.772417,0.944398,1.562792,1.538259
0.882018,0.774530,1.582767,1.562792
0.709820,0.813406,1.590424,1.582767
0.734351,0.943996,1.588413,1.590424
0.955376,0.783401,1.575921,1.588413
0.782250,0.808954,1.563047,1.575921
0.796525,0.953092,1.552086,1.563047
1.020851,0.993472,1.544964,1.552086
1.007765,0.976449,1.543928,1.544964
1.010330,0.798994,1.547017,1.543928
0.793794,0.835339,1.550758,1.547017
0.785810,0.985638,1.554299,1.550758
0.991286,0.812222,1.557177,1.554299
0.799717,0.838137,1.558308,1.557177
0.944087,0.954525,1.558459,1.558308
0.840299,0.822267,1.557860,1.558459
0.947933,0.852081,1.557142,1.557860
0.848669,0.986155,1.556582,1.557142
0.948691,0.822233,1.556359,1.556582
0.856456,0.839501,1.556660,1.556359
0.808107,0.963472,1.557238,1.556660
1.007167,0.821775,1.558132,1.557238
0.803507,0.858329,1.558906,1.558132
0.799870,0.996414,1.559566,1.558906
1.001250,0.797560,1.560333,1.559566
0.802567,0.852149,1.560936,1.560333
0.801829,0.962547,1.561539,1.560936
1.004715,0.834369,1.561947,1.561539
0.801307,0.840389,1.562061,1.561947
0.946638,1.004054,1.562029,1.562061
0.846195,0.823815,1.562035,1.562029
0.946384,0.846289,1.562140,1.562035
0.853523,0.959846,1.562326,1.562140
0.965032,0.826698,1.561603,1.562326
0.956915,0.824281,1.562249,1.561603
0.967829,0.957899,1.565398,1.562249
1.132000,0.765165,1.568231,1.565398
0.796148,0.706631,1.569302,1.568231
0.693078,0.775760,1.570042,1.569302
0.764492,0.610666,1.570759,1.570042
0.557481,0.566101,1.571331,1.570759
0.522243,0.582111,1.571781,1.571331
0.595400,0.480650,1.571925,1.571781
0.442818,0.425346,1.571767,1.571925
0.482524,0.490638,1.571217,1.571767
0.397374,0.385506,1.570105,1.571217
0.413942,0.352927,1.568896,1.570105
0.335265,0.363211,1.566936,1.568896
0.279624,0.294290,1.565776,1.566936
0.257541,0.308563,1.562724,1.565776
0.385510,0.351964,1.553790,1.562724
0.562642,0.254122,1.533915,1.553790
0.404235,0.241651,1.502147,1.533915
0.358234,0.302631,1.448560,1.502147
0.426172,0.266671,1.369371,1.448560
0.407478,0.295663,1.291087,1.369371
0.429249,0.369883,1.204722,1.291087
0.478959,0.329299,1.103487,1.204722
0.350439,0.389929,1.014173,1.103487
0.250542,0.588130,0.904725,1.014173
0.087706,0.544167,0.759628,0.904725
0.237627,0.640454,0.623542,0.759628
0.552056,0.827761,0.484879,0.623542
0.849716,0.749729,0.341917,0.484879
0.871386,0.819915,0.242464,0.341917
0.880055,0.949725,0.167357,0.242464
1.098917,0.796200,0.109298,0.167357
0.821241,0.829376,0.075942,0.109298
0.747957,0.897383,0.058860,0.075942
0.869434,0.767932,0.061898,0.058860
0.685760,0.784198,0.070858,0.061898
0.684855,0.938263,0.077256,0.070858
0.872922,0.820339,0.078292,0.077256
0.733303,0.812132,0.075521,0.078292
0.899060,0.930244,0.073354,0.075521
0.814895,0.798820,0.073185,0.073354
0.939821,0.825224,0.073731,0.073185
0.844973,0.978266,0.073342,0.073731
0.944740,0.816623,0.071495,0.073342
0.840681,1.012870,0.069403,0.071495
0.974106,0.985371,0.067301,0.069403
0.934052,0.839233,0.065970,0.067301
0.849944,0.968789,0.065515,0.065970
0.997403,0.810759,0.065545,0.065515
0.802590,0.866362,0.065618,0.065545
0.802374,0.954356,0.065251,0.065618
0.994240,0.830967,0.064386,0.065251
0.796029,0.858560,0.063523,0.064386
0.793439,0.977367,0.062617,0.063523
0.999919,0.795922,0.062034,0.062617
0.797188,0.820417,0.062068,0.062034
0.789105,1.010173,0.062364,0.062068
0.987181,0.848777,0.062700,0.062364
0.788248,0.854004,0.062438,0.062700
0.940186,0.973686,0.061712,0.062438
1.001726,0.823867,0.060530,0.061712
0.799825,0.820435,0.059716,0.060530
0.848204,0.985768,0.059445,0.059716
0.999980,0.818419,0.059870,0.059445
0.794562,0.817553,0.060502,0.059870
0.795678,1.013327,0.061278,0.060502
0.992068,0.814812,0.061681,0.061278
0.799059,0.849261,0.036256,0.061681
0.874708,0.956769,0.027925,0.036256
1.194071,0.780619,0.093285,0.027925
0.906056,0.767103,0.117845,0.093285
0.807057,0.827296,0.125263,0.117845
0.862462,0.618832,0.122600,0.125263
0.619962,0.608576,0.115562,0.122600
0.659887,0.673780,0.106602,0.115562
0.619535,0.551169,0.096241,0.106602
0.458790,0.498363,0.088706,0.096241
0.449256,0.506859,0.082307,0.088706
0.497207,0.418556,0.076462,0.082307
0.374937,0.400173,0.073044,0.076462
0.359742,0.394253,0.070914,0.073044
0.403655,0.322243,0.041437,0.070914
0.237001,0.320324,0.009505,0.041437
0.214429,0.381199,0.051382,0.009505
0.457539,0.275348,0.152695,0.051382
0.439662,0.282605,0.239066,0.152695
0.405889,0.278414,0.310645,0.239066
0.396677,0.232748,0.330347,0.310645
0.326283,0.258898,0.307536,0.330347
0.478658,0.336823,0.312630,0.307536
0.545122,0.288299,0.398544,0.312630
0.337225,0.354270,0.502052,0.398544
0.316494,0.441332,0.630159,0.502052
0.366955,0.450966,0.783224,0.630159
0.420353,0.535200,0.912487,0.783224
0.598560,0.715844,1.041225,0.912487
0.889149,0.679773,1.174951,1.041225
0.873928,0.747170,1.266622,1.174951
0.957009,0.923013,1.340583,1.266622
1.215503,0.791132,1.408515,1.340583
0.915025,0.810908,1.455187,1.408515
0.803099,0.936279,1.495042,1.455187
0.921782,0.777102,1.533445,1.495042
0.698867,0.804702,1.559422,1.533445
0.831087,0.913021,1.579429,1.559422
0.898068,0.790551,1.592426,1.579429
0.730018,0.778722,1.593262,1.592426
0.786998,0.959845,1.585318,1.593262
0.944081,0.807074,1.570819,1.585318
0.770050,0.833524,1.559427,1.570819
0.780836,0.919260,1.551354,1.559427
0.985059,0.788428,1.547512,1.551354
0.783901,0.823120,1.548186,1.547512
0.679162,0.969190,1.550879,1.548186
0.641573,0.815094,1.554731,1.550879
0.673226,0.832732,1.557460,1.554731
0.751287,0.970861,1.559162,1.557460
0.990152,0.829648,1.559628,1.559162
0.799261,0.852481,1.559168,1.559628
0.957380,0.993067,1.558310,1.559168
1.015129,0.808202,1.557306,1.558310
0.805969,0.839513,1.556732,1.557306
0.852567,0.979619,1.556509,1.556732
0.997319,0.824964,1.556690,1.556509
0.802291,0.834081,1.557079,1.556690
0.799093,0.991339,1.557531,1.557079
1.006012,0.833600,1.558100,1.557531
0.806379,0.838248,1.558670,1.558100
0.807880,0.957344,1.559401,1.558670
1.004984,0.844523,1.560193,1.559401
0.803657,0.851853,1.560658,1.560193
0.804704,0.970222,1.560896,1.560658
1.006830,0.845430,1.560868,1.560896
0.804192,0.857413,1.560640,1.560868
0.945948,0.996865,1.560360,1.560640
1.008749,0.817675,1.560072,1.560360
0.811240,0.973437,1.559644,1.560072
1.058748,0.983316,1.558929,1.559644
1.167182,0.808884,1.561313,1.558929
0.994482,0.897184,1.563591,1.561313
0.984114,0.714388,1.564388,1.563591
0.774373,0.694049,1.564056,1.564388
0.652599,0.719790,1.563538,1.564056
0.730633,0.566311,1.563216,1.563538
0.534063,0.516870,1.563426,1.563216
0.484487,0.597392,1.563953,1.563426
0.547840,0.463809,1.564913,1.563953
0.409239,0.416701,1.566078,1.564913
0.382707,0.445211,1.567894,1.566078
0.441120,0.357028,1.571238,1.567894
0.336187,0.323469,1.574346,1.571238
0.329430,0.374689,1.577480,1.574346
0.218687,0.305504,1.586038,1.577480
0.390086,0.262572,1.606833,1.586038
0.440441,0.287587,1.644047,1.606833
0.467166,0.230688,1.705336,1.644047
0.365277,0.312096,1.762052,1.705336
0.417039,0.328906,1.823481,1.762052
0.444159,0.256273,1.900638,1.823481
0.442064,0.331883,1.990031,1.900638
0.319097,0.320187,2.109663,1.990031
0.186931,0.366821,2.224860,2.109663
0.154645,0.568208,2.358322,2.224860
0.369212,0.662883,2.524132,2.358322
0.580503,0.723969,2.687308,2.524132
0.904332,0.689206,2.819934,2.687308
0.905962,0.740609,2.903327,2.819934
1.009086,0.934880,2.966359,2.903327
1.373635,0.808310,3.021734,2.966359
1.021995,0.829786,3.059304,3.021734
0.896634,0.918968,3.091812,3.059304
0.947645,0.763119,3.123003,3.091812
0.724784,0.803870,3.141280,3.123003
0.864006,0.916853,3.128475,3.141280
0.777288,0.785165,3.124860,3.128475
0.872721,0.806703,3.131119,3.124860
0.775010,0.953577,3.142328,3.131119
0.867418,0.795339,3.129485,3.142328
0.806198,0.800318,3.121588,3.129485
0.786737,0.950993,3.117723,3.121588
1.009562,0.807387,3.117921,3.117723
0.809019,0.812443,3.120511,3.117921
0.799799,0.983139,3.123911,3.120511
0.990941,0.832280,3.127399,3.123911
0.798551,0.834165,3.129166,3.127399
0.808189,0.978147,3.129877,3.129166
1.008530,0.773594,3.129446,3.129877
0.802976,0.870979,3.128477,3.129446
0.946781,0.967757,3.127463,3.128477
0.833736,0.810896,3.126575,3.127463
0.933725,0.848948,3.126272,3.126575
0.831046,0.980196,3.126364,3.126272
0.938093,0.820322,3.126789,3.126364
0.840322,0.835892,3.127171,3.126789
0.792652,0.975052,3.127574,3.127171
0.999745,0.825706,3.128122,3.127574
0.791742,0.845360,3.128493,3.128122
0.793385,1.007587,3.128851,3.128493
0.994704,0.812806,3.129200,3.128851
0.794856,0.835744,3.129463,3.129200
0.785405,1.000901,3.129763,3.129463
0.980698,0.817522,3.130296,3.129763
0.791257,0.839517,3.130885,3.130296
0.925072,1.021094,3.131347,3.130885
0.830954,0.812593,3.131589,3.131347
0.953390,0.836124,3.131161,3.131589
0.877514,0.968196,3.131504,3.131161
1.048311,0.801504,3.133995,3.131504
0.627563,0.783770,3.135840,3.133995
0.650073,0.801465,3.136506,3.135840
0.770556,0.639470,3.136317,3.136506
0.584985,0.586583,3.135822,3.136317
0.536428,0.656212,3.135373,3.135822
0.612877,0.495290,3.135059,3.135373
0.458501,0.479722,3.134809,3.135059
0.434981,0.516043,3.134204,3.134809
0.496650,0.384431,3.132732,3.134204
0.369254,0.398258,3.130642,3.132732
0.405607,0.404511,3.127828,3.130642
0.337376,0.304655,3.124195,3.127828
0.348075,0.309767,3.121488,3.124195
0.283511,0.297572,3.119585,3.121488
0.285526,0.237660,3.118949,3.119585
0.233140,0.238306,3.119394,3.118949
0.207972,0.205899,3.120324,3.119394
0.225259,0.177061,3.121419,3.120324
0.156314,0.167341,3.122066,3.121419
0.130452,0.186535,3.122391,3.122066
0.119375,0.114734,3.122352,3.122391
0.077470,0.116981,3.122030,3.122352
0.068833,0.105602,3.121729,3.122030
0.094982,0.083218,3.121484,3.121729
0.090581,0.052910,3.121452,3.121484
0.108873,0.063157,3.121461,3.121452
0.093332,0.039362,3.121526,3.121461
0.103231,0.028217,3.121541,3.121526
0.075149,0.073429,3.121576,3.121541
0.058591,0.019365,3.121594,3.121576
0.044075,0.061828,3.121647,3.121594
0.000000,0.006704,3.121787,3.121647
0.000000,0.011609,3.121771,3.121787
0.000000,0.000000,0.000000,0.000000
0.000000,0.008233,2.049564,0.000000
0.021359,0.055990,2.036915,2.049564
0.034914,0.057455,2.028108,2.036915
0.032111,0.032470,2.034535,2.028108
0.000000,0.034704,2.046338,2.034535
0.000000,0.036127,2.052814,2.046338
0.000000,0.028998,2.048346,2.052814
0.000000,0.048098,2.045470,2.048346
0.000000,0.015540,2.044094,2.045470
0.000000,0.036318,2.044091,2.044094
0.000000,0.040380,2.044442,2.044091
0.000000,0.052763,2.045128,2.044442
0.000000,0.034593,2.045758,2.045128
0.000000,0.032268,2.046144,2.045758
0.000000,0.018918,2.045914,2.046144
0.000000,0.007336,2.045018,2.045914
0.023994,0.017126,2.043044,2.045018
0.036031,0.052517,2.034362,2.043044
0.034674,0.045629,2.030894,2.034362
0.034991,0.022768,2.028830,2.030894
0.045770,0.048961,2.028673,2.028830
0.040410,0.001856,2.029706,2.028673
0.041726,0.009658,2.031576,2.029706
0.052449,0.038207,2.034148,2.031576
0.037328,0.036580,2.035830,2.034148
0.019400,0.039694,2.036767,2.035830
0.058244,0.023639,2.036125,2.036767
0.066083,0.067803,2.035121,2.036125
0.084657,0.029252,2.036165,2.035121
0.068475,0.049073,2.036944,2.036165
0.081335,0.077692,2.038010,2.036944
0.098756,0.045360,2.039889,2.038010
0.080064,0.023596,2.041410,2.039889
0.086238,0.050135,2.042393,2.041410
0.084283,0.031596,2.042644,2.042393
0.065630,0.043454,2.041362,2.042644
0.061977,0.046345,2.039670,2.041362
0.064213,0.041408,2.037722,2.039670
0.051624,0.039849,2.036541,2.037722
0.065608,0.017007,2.033837,2.036541
0.176812,0.062523,2.005718,2.033837
0.164629,0.093233,1.973516,2.005718
0.088881,0.171365,1.901912,1.973516
0.076408,0.248685,1.807723,1.901912
0.227715,0.343569,1.696171,1.807723
0.455183,0.402225,1.574460,1.696171
0.435133,0.514099,1.488924,1.574460
0.560283,0.644222,1.411454,1.488924
0.552114,0.631508,1.314732,1.411454
0.495718,0.701903,1.208610,1.314732
0.651375,0.899403,1.074975,1.208610
0.926644,0.992935,0.893246,1.074975
0.768966,0.957067,0.707060,0.893246
0.993920,0.782759,0.541691,0.707060
0.992837,0.791265,0.422766,0.541691
0.895923,0.968409,0.322548,0.422766
1.078372,0.773628,0.230907,0.322548
0.815884,0.829391,0.172308,0.230907
0.760996,0.954818,0.128873,0.172308
0.896269,0.788733,0.099317,0.128873
0.689550,0.817784,0.087714,0.099317
0.684231,0.976238,0.083901,0.087714
0.856740,0.941745,0.084474,0.083901
0.868151,0.980130,0.084532,0.084474
0.884208,0.805913,0.080032,0.084532
0.724346,0.818857,0.072857,0.080032
0.771031,0.954432,0.065902,0.072857
0.994440,0.796423,0.061076,0.065902
0.799372,0.847336,0.058692,0.061076
0.950549,0.976306,0.058080,0.058692
0.999450,0.813251,0.058109,0.058080
0.814406,0.830871,0.058117,0.058109
0.867280,1.018789,0.058476,0.058117
1.006293,0.977453,0.058693,0.058476
1.002091,0.992041,0.058493,0.058693
0.948154,0.838318,0.058175,0.058493
0.858233,1.011514,0.057926,0.058175
1.011036,0.954161,0.058062,0.057926
0.946994,0.831021,0.058639,0.058062
0.841128,0.959175,0.059373,0.058639
0.997797,0.836373,0.060228,0.059373
0.797980,0.839499,0.060437,0.060228
0.801960,0.982489,0.060139,0.060437
0.991733,0.810827,0.059499,0.060139
0.788958,0.861890,0.059009,0.059499
0.790803,0.988197,0.058537,0.059009
0.991943,0.806142,0.058161,0.058537
0.794617,0.826217,0.058256,0.058161
0.786240,0.985759,0.058728,0.058256
0.987631,0.815535,0.046503,0.058728
0.827969,0.835396,0.009758,0.046503
1.045720,0.952877,0.068985,0.009758
1.125195,0.789655,0.112786,0.068985
0.847311,0.709942,0.125743,0.112786
0.803146,0.780458,0.127936,0.125743
0.822613,0.619123,0.122954,0.127936
0.595129,0.603674,0.115431,0.122954
0.544991,0.628328,0.106694,0.115431
0.615232,0.485473,0.097005,0.106694
0.456831,0.438839,0.090558,0.097005
0.428609,0.504886,0.085795,0.090558
0.491437,0.394271,0.083060,0.085795
0.377861,0.391344,0.083633,0.083060
0.350320,0.376995,0.080985,0.083633
0.372699,0.313292,0.065217,0.080985
0.209156,0.288567,0.074334,0.065217
0.302534,0.330977,0.115125,0.074334
0.476471,0.276728,0.200814,0.115125
0.408285,0.219429,0.273820,0.200814
0.396403,0.273516,0.307770,0.273820
0.357660,0.243216,0.275267,0.307770
0.352227,0.248851,0.224180,0.275267
0.453553,0.325808,0.241463,0.224180
0.413102,0.323500,0.336734,0.241463
0.250673,0.358161,0.448779,0.336734
0.225554,0.488593,0.574131,0.448779
0.304813,0.466634,0.714337,0.574131
0.338375,0.579412,0.833405,0.714337
0.477699,0.742312,0.954168,0.833405
0.826522,0.695387,1.090329,0.954168
0.851469,0.775511,1.192080,1.090329
1.102061,0.920279,1.279960,1.192080
1.136761,0.796336,1.363557,1.279960
0.813735,0.810399,1.419266,1.363557
0.801361,0.932972,1.465439,1.419266
0.858440,0.957034,1.509672,1.465439
0.822448,0.920108,1.546098,1.509672
0.781620,0.803603,1.572853,1.546098
0.709732,0.794505,1.587115,1.572853
0.699708,0.949469,1.592601,1.587115
0.914163,0.775439,1.586777,1.592601
0.763799,0.804009,1.575356,1.586777
0.775308,0.971499,1.562666,1.575356
0.986301,0.810100,1.551574,1.562666
0.795295,0.836746,1.546961,1.551574
0.806726,0.973929,1.546404,1.546961
1.012440,0.802555,1.549304,1.546404
0.801608,0.821042,1.552852,1.549304
0.946866,1.008524,1.556160,1.552852
0.839236,0.808780,1.558622,1.556160
0.938418,0.832823,1.559490,1.558622
0.843894,0.975634,1.559478,1.559490
0.950326,0.839291,1.558745,1.559478
0.856411,1.030956,1.558048,1.558745
1.021060,0.982182,1.557517,1.558048
0.967745,0.863853,1.557469,1.557517
0.866602,0.986466,1.557635,1.557469
1.017741,0.837464,1.557812,1.557635
0.814209,0.811870,1.557799,1.557812
0.812293,0.967485,1.557715,1.557799
1.008382,0.839834,1.557533,1.557715
0.792605,0.827087,1.557453,1.557533
0.796579,0.970520,1.557580,1.557453
1.004305,0.827071,1.557962,1.557580
0.802969,0.834361,1.558530,1.557962
0.800387,0.973104,1.559305,1.558530
0.997702,0.833248,1.560281,1.559305
0.785781,0.840402,1.561196,1.560281
0.939663,0.981310,1.561912,1.561196
1.024328,0.810657,1.562143,1.561912
0.885163,0.836218,1.564419,1.562143
1.002147,0.928306,1.567165,1.564419
1.066612,0.711007,1.568588,1.567165
0.750018,0.708241,1.569077,1.568588
0.666784,0.736607,1.569599,1.569077
0.739517,0.587865,1.570907,1.569599
0.544037,0.528391,1.572651,1.570907
0.496626,0.604672,1.574529,1.572651
0.559386,0.454582,1.576027,1.574529
0.424033,0.440223,1.576420,1.576027
0.395586,0.456238,1.575936,1.576420
0.456648,0.348308,1.574334,1.575936
0.334239,0.347818,1.572059,1.574334
0.342888,0.358048,1.569097,1.572059
0.271804,0.269567,1.566113,1.569097
0.280798,0.300248,1.559348,1.566113
0.416613,0.319692,1.546266,1.559348
0.476849,0.263402,1.518456,1.546266
0.345706,0.237378,1.472529,1.518456
0.291252,0.340080,1.410733,1.472529
0.304493,0.278172,1.321381,1.410733
0.314794,0.313608,1.237942,1.321381
0.263909,0.381536,1.148830,1.237942
0.337782,0.376862,1.045588,1.148830
0.342037,0.403334,0.949459,1.045588
0.440390,0.594049,0.833118,0.949459
0.606250,0.579674,0.683046,0.833118
0.552238,0.663342,0.546748,0.683046
0.708903,0.861072,0.415837,0.546748
0.931569,0.775882,0.285752,0.415837
0.851197,0.806685,0.197912,0.285752
0.966202,0.962767,0.135888,0.197912
1.047609,0.787004,0.086773,0.135888
0.778653,0.803932,0.062803,0.086773
0.728104,0.960735,0.057350,0.062803
0.873045,0.781953,0.066418,0.057350
0.687472,0.784284,0.075520,0.066418
0.693230,0.929441,0.079269,0.075520
0.899481,0.783917,0.077829,0.079269
0.751449,0.812165,0.075494,0.077829
0.765844,0.945300,0.074309,0.075494
0.980113,0.800324,0.075087,0.074309
0.791168,0.822157,0.075847,0.075087
0.942188,0.940871,0.075592,0.075847
1.005285,0.789821,0.074458,0.075592
0.801983,0.859202,0.073319,0.074458
0.849447,0.933995,0.072413,0.073319
0.994687,0.826632,0.071366,0.072413
0.792046,0.831708,0.070193,0.071366
0.790899,0.987893,0.068757,0.070193
0.983137,0.841899,0.066637,0.068757
0.796384,0.842858,0.064943,0.066637
0.795746,1.002784,0.063496,0.064943
1.009921,0.802437,0.062286,0.063496
0.802981,0.850503,0.061856,0.062286
0.800591,0.998846,0.061655,0.061856
0.997444,0.804301,0.061848,0.061655
0.804394,0.846249,0.062350,0.061848
0.948024,1.001103,0.062820,0.062350
0.995426,0.847159,0.063445,0.062820
0.804078,0.878718,0.063760,0.063445
0.842107,0.998447,0.063328,0.063760
0.980635,0.801744,0.061975,0.063328
0.785458,0.827823,0.060822,0.061975
0.787079,0.966054,0.059824,0.060822
0.990896,0.807748,0.058923,0.059824
0.792043,0.826981,0.058615,0.058923
0.790387,0.982245,0.057947,0.058615
0.960002,0.834416,0.021985,0.057947
0.844940,0.999528,0.041828,0.021985
1.182440,0.943675,0.101522,0.041828
1.107678,0.733910,0.123292,0.101522
0.778101,0.821032,0.127626,0.123292
0.841959,0.588153,0.124419,0.127626
0.619894,0.598926,0.117985,0.124419
0.669064,0.624187,0.109942,0.117985
0.535150,0.478901,0.100252,0.109942
0.540601,0.493449,0.092339,0.100252
0.444157,0.507248,0.084989,0.092339
0.471380,0.383970,0.077883,0.084989
0.388915,0.352556,0.073514,0.077883
0.335936,0.425003,0.065749,0.073514
0.352882,0.308294,0.021193,0.065749
0.207065,0.299292,0.019338,0.021193
0.251235,0.323401,0.080756,0.019338
0.548495,0.272753,0.184955,0.080756
0.461221,0.244485,0.270061,0.184955
0.413184,0.297760,0.323560,0.270061
0.486116,0.260682,0.322426,0.323560
0.392826,0.290375,0.303426,0.322426
0.545163,0.365282,0.338784,0.303426
0.489155,0.313155,0.443590,0.338784
0.454208,0.349684,0.554724,0.443590
0.244506,0.504791,0.682632,0.554724
0.395517,0.487182,0.833941,0.682632
0.500845,0.588932,0.962954,0.833941
0.630054,0.778321,1.088761,0.962954
0.849634,0.705119,1.217070,1.088761
0.807146,0.760538,1.301549,1.217070
0.881328,0.929400,1.367896,1.301549
1.154733,0.807492,1.429511,1.367896
0.882374,0.817896,1.472172,1.429511
0.834704,0.921184,1.509123,1.472172
0.952894,0.786700,1.544718,1.509123
0.724275,0.768574,1.568070,1.544718
0.834233,0.913363,1.584739,1.568070
0.740545,0.787951,1.592900,1.584739
0.859365,0.821434,1.589078,1.592900
0.806849,0.933749,1.577006,1.589078
0.926726,0.786058,1.560652,1.577006
0.839594,0.841371,1.549968,1.560652
0.789941,0.970949,1.543921,1.549968
0.986532,0.798269,1.542761,1.543921
0.808768,0.840757,1.545223,1.542761
0.793637,0.982270,1.549150,1.545223
0.990088,0.803426,1.553629,1.549150
0.797153,1.017359,1.556187,1.553629
1.003668,0.962115,1.557703,1.556187
1.002800,0.813367,1.557755,1.557703
0.800656,0.994100,1.557257,1.557755
0.992495,0.821359,1.556737,1.557257
0.791928,0.814399,1.556522,1.556737
0.790072,0.976033,1.556704,1.556522
0.987501,0.812526,1.557347,1.556704
0.802724,0.829320,1.557984,1.557347
0.950977,1.015334,1.558604,1.557984
1.002617,0.988524,1.559169,1.558604
1.000821,0.999280,1.559538,1.559169
0.845487,0.853954,1.559695,1.559538
0.941457,0.834516,1.559691,1.559695
0.848508,1.006997,1.559643,1.559691
0.964844,0.805441,1.559660,1.559643
0.860588,0.849785,1.559815,1.559660
0.798524,0.987314,1.560097,1.559815
1.010505,0.853260,1.560637,1.560097
0.804144,0.854888,1.561164,1.560637
0.805984,0.973958,1.561430,1.561164
1.168403,0.779774,1.561562,1.561430
0.971729,0.808606,1.564029,1.561562
0.945092,0.930941,1.566978,1.564029
1.063202,0.705807,1.568166,1.566978
0.740454,0.692627,1.567955,1.568166
0.776039,0.754475,1.567388,1.567955
0.623741,0.554439,1.566614,1.567388
0.646583,0.558274,1.565840,1.566614
0.530054,0.595157,1.564875,1.565840
0.549857,0.468792,1.563289,1.564875
0.451047,0.424892,1.561361,1.563289
0.399947,0.458700,1.558918,1.561361
0.462633,0.360218,1.556126,1.558918
0.345193,0.340964,1.553991,1.556126
0.285839,0.384157,1.552082,1.553991
0.240226,0.257862,1.550817,1.552082
0.294955,0.281735,1.545539,1.550817
0.390690,0.322362,1.533742,1.545539
0.506225,0.238886,1.507845,1.533742
0.357172,0.239119,1.463563,1.507845
0.406965,0.305195,1.402528,1.463563
0.417193,0.280354,1.314559,1.402528
0.564716,0.336808,1.232540,1.314559
0.460979,0.366425,1.145708,1.232540
0.573649,0.358438,1.044435,1.145708
0.208664,0.417253,0.945861,1.044435
0.068781,0.624376,0.828014,0.945861
0.246008,0.610903,0.675226,0.828014
0.412092,0.681616,0.538111,0.675226
0.697829,0.838646,0.407737,0.538111
1.104702,0.775762,0.278236,0.407737
0.906060,0.855554,0.192513,0.278236
0.953593,0.953431,0.133051,0.192513
1.078511,0.938758,0.084360,0.133051
0.975168,0.937842,0.055901,0.084360
0.876621,0.779910,0.055243,0.055901
0.678594,0.772907,0.065862,0.055243
0.695172,0.937944,0.074293,0.065862
0.874957,0.793007,0.077155,0.074293
0.726010,0.811957,0.075490,0.077155
0.888995,0.978782,0.073624,0.075490
0.944862,0.800850,0.073721,0.073624
0.781802,0.815817,0.074639,0.073721
0.842304,0.953012,0.075105,0.074639
0.985434,0.819759,0.074173,0.075105
0.781697,0.824781,0.072548,0.074173
0.782359,0.993207,0.070386,0.072548
0.986619,0.807081,0.067731,0.070386
0.792788,0.817508,0.065912,0.067731
0.789800,0.990580,0.064496,0.065912
0.992814,0.988193,0.063732,0.064496
0.995079,0.982707,0.063635,0.063732
0.991954,0.813105,0.063991,0.063635
0.792954,0.864015,0.064222,0.063991
0.787147,0.999468,0.064153,0.064222
0.989589,0.830685,0.063374,0.064153
0.791883,0.800088,0.062447,0.063374
0.933765,0.991889,0.061430,0.062447
0.843622,0.836518,0.060269,0.061430
0.954188,0.862669,0.059316,0.060269
0.851397,0.974150,0.058872,0.059316
0.948236,0.813429,0.059393,0.058872
0.842431,0.826452,0.060391,0.059393
0.787589,0.970943,0.061992,0.060391
0.979989,0.848170,0.063878,0.061992
0.791583,0.844808,0.064828,0.063878
0.796395,0.969189,0.065144,0.064828
0.993302,0.805015,0.064763,0.065144
0.794952,0.991148,0.048310,0.064763
1.082836,0.993369,0.023739,0.048310
1.208279,0.809362,0.088359,0.023739
0.925678,0.873687,0.114977,0.088359
1.019183,0.698951,0.124649,0.114977
0.725487,0.791504,0.123732,0.124649
0.783887,0.710325,0.117145,0.123732
0.683962,0.580022,0.107635,0.117145
0.500903,0.592098,0.099118,0.107635
0.556562,0.447797,0.090463,0.099118
0.418080,0.473133,0.084737,0.090463
0.475632,0.478670,0.080083,0.084737
0.396391,0.360034,0.076355,0.080083
0.412104,0.367468,0.072529,0.076355
0.331705,0.371753,0.042068,0.072529
0.255444,0.267240,0.024802,0.042068
0.248701,0.289643,0.075063,0.024802
0.365610,0.329876,0.160454,0.075063
0.511032,0.247007,0.259172,0.160454
0.359023,0.259188,0.310041,0.259172
0.320253,0.271974,0.307716,0.310041
0.404347,0.260679,0.267707,0.307716
0.453737,0.269776,0.286440,0.267707
0.431774,0.363516,0.368180,0.286440
0.487093,0.368445,0.495481,0.368180
0.393896,0.404447,0.618777,0.495481
0.547276,0.566502,0.744301,0.618777
0.539830,0.549205,0.893018,0.744301
0.683441,0.650111,1.014947,0.893018
0.782588,0.827189,1.131073,1.014947
1.053345,0.743421,1.245488,1.131073
1.018777,0.796339,1.321276,1.245488
1.035827,0.957511,1.385122,1.321276
1.177432,0.774912,1.446117,1.385122
0.827355,0.828384,1.487556,1.446117
0.755173,0.922588,1.522855,1.487556
0.875854,0.774351,1.556061,1.522855
0.686454,0.809959,1.577027,1.556061
0.714382,0.904716,1.590731,1.577027
0.918635,0.778355,1.594730,1.590731
0.746727,0.772082,1.588146,1.594730
0.903287,0.963797,1.575991,1.588146
0.824388,0.782400,1.561400,1.575991
0.934265,0.840690,1.552481,1.561400
0.837759,0.943521,1.547713,1.552481
0.932990,0.790898,1.547174,1.547713
0.843630,0.849640,1.549461,1.547174
0.792608,0.965299,1.552756,1.549461
0.983067,0.817804,1.556289,1.552756
0.784759,0.976012,1.558144,1.556289
0.986050,0.974526,1.558874,1.558144
0.999560,0.836078,1.558440,1.558874
0.802760,0.968217,1.557786,1.558440
1.004054,0.825170,1.557097,1.557786
0.796458,0.866408,1.556813,1.557097
0.794827,0.990523,1.556872,1.556813
0.999061,1.026979,1.557210,1.556872
0.999581,0.997069,1.557723,1.557210
1.007912,0.813411,1.558175,1.557723
0.808618,0.827667,1.558437,1.558175
0.803319,0.992776,1.558607,1.558437
1.007781,0.842743,1.558773,1.558607
0.803940,0.831245,1.558977,1.558773
0.949916,0.974581,1.559217,1.558977
0.831933,0.828374,1.559608,1.559217
0.928987,0.836107,1.559931,1.559608
0.789932,0.977264,1.560108,1.559931
0.343246,0.848392,1.560303,1.560108
0.169317,0.828362,1.560245,1.560303
0.169892,0.990264,1.559390,1.560245
0.030739,0.788370,1.560490,1.559390
0.466763,0.805448,1.563128,1.560490
0.691855,0.908435,1.564780,1.563128
0.855268,0.675717,1.565417,1.564780
0.632783,0.640271,1.565710,1.565417
0.585303,0.747477,1.566081,1.565710
0.660365,0.537646,1.566875,1.566081
0.496870,0.493724,1.567710,1.566875
0.542660,0.511910,1.568388,1.567710
0.438949,0.424252,1.568754,1.568388
0.460053,0.411620,1.568963,1.568754
0.388403,0.442472,1.569333,1.568963
0.407065,0.337088,1.570031,1.569333
0.320508,0.347972,1.569909,1.570031
0.216379,0.362457,1.570874,1.569909
0.323484,0.302488,1.579572,1.570874
0.417232,0.282338,1.603094,1.579572
0.173679,0.269898,1.643003,1.603094
0.341324,0.236176,1.703635,1.643003
0.315631,0.238917,1.754360,1.703635
0.360219,0.292558,1.804515,1.754360
0.587133,0.283445,1.884637,1.804515
0.439156,0.329450,1.971464,1.884637
0.355655,0.389985,2.071713,1.971464
0.221653,0.476767,2.209964,2.071713
0.229926,0.524815,2.369102,2.209964
0.409185,0.566515,2.532913,2.369102
0.456910,0.644745,2.664887,2.532913
0.818387,0.846616,2.782010,2.664887
1.105441,0.731186,2.887485,2.782010
0.997518,0.829286,2.952258,2.887485
1.124168,0.946173,3.003939,2.952258
1.176147,0.780706,3.052408,3.003939
0.852922,0.799155,3.086223,3.052408
0.786609,0.925744,3.115514,3.086223
0.936725,0.761463,3.141844,3.115514
0.726896,0.816806,3.128546,3.141844
0.720990,0.881518,3.122675,3.128546
0.893445,0.947906,3.127621,3.122675
0.880141,0.924314,3.140995,3.127621
0.859131,0.792056,3.130461,3.140995
0.710346,0.845260,3.122381,3.130461
0.721869,0.952283,3.118418,3.122381
0.937691,0.777069,3.118632,3.118418
0.763944,0.820381,3.121378,3.118632
0.918449,0.952626,3.125048,3.121378
0.838836,0.807238,3.128779,3.125048
0.947079,0.850823,3.130609,3.128779
0.853011,0.988021,3.131285,3.130609
0.945317,0.828475,3.130944,3.131285
0.849384,0.821600,3.130195,3.130944
0.802462,0.972877,3.129488,3.130195
0.999456,0.859292,3.128945,3.129488
0.801941,0.875975,3.128862,3.128945
0.793499,0.971558,3.128974,3.128862
0.994144,0.799949,3.129286,3.128974
0.797425,0.850061,3.129510,3.129286
0.797625,0.989134,3.129732,3.129510
0.995749,0.825888,3.130054,3.129732
0.788305,0.839861,3.130301,3.130054
0.929134,0.967404,3.130460,3.130301
0.837186,0.845611,3.130600,3.130460
0.954817,0.876081,3.130870,3.130600
0.847133,0.957149,3.131196,3.130870
0.937867,0.822409,3.131389,3.131196
0.830566,0.836025,3.131502,3.131389
0.787609,1.006162,3.131679,3.131502
0.975682,0.786625,3.131699,3.131679
0.829858,0.823873,3.131262,3.131699
0.891859,0.974797,3.131569,3.131262
1.231838,0.754733,3.132770,3.131569
0.876155,0.747679,3.133043,3.132770
0.769155,0.807280,3.132958,3.133043
0.836705,0.768935,3.132879,3.132958
0.724981,0.666884,3.132984,3.132879
0.639515,0.636671,3.133307,3.132984
0.580254,0.578989,3.133784,3.133307
0.538841,0.466962,3.134235,3.133784
0.399107,0.417856,3.134729,3.134235
0.382344,0.469059,3.135518,3.134729
0.436682,0.355637,3.137103,3.135518
0.323163,0.320848,3.139273,3.137103
0.357010,0.358629,3.142299,3.139273
0.291885,0.290356,3.137480,3.142299
0.298358,0.267501,3.133763,3.137480
0.249748,0.244651,3.131652,3.133763
0.253836,0.181014,3.131488,3.131652
0.198038,0.175022,3.132596,3.131488
0.187274,0.240684,3.134099,3.132596
0.216324,0.163650,3.135842,3.134099
0.147123,0.156044,3.136757,3.135842
0.148223,0.071813,3.137141,3.136757
0.114235,0.100065,3.136807,3.137141
0.075410,0.049958,3.136179,3.136807
0.083333,0.059899,3.135453,3.136179
0.067323,0.040418,3.135036,3.135453
0.066426,0.060989,3.134775,3.135036
0.084899,0.027638,3.134689,3.134775
0.067819,0.009338,3.134752,3.134689
0.059158,0.042022,3.134888,3.134752
0.000000,0.022223,3.130823,3.134888
0.000000,0.000000,0.000000,0.000000
0.000000,0.035922,2.054584,0.000000
0.022054,0.035483,2.043152,2.054584
0.024445,0.025421,2.031516,2.043152
0.031589,0.067677,2.026444,2.031516
0.025745,0.027864,2.020272,2.026444
0.000000,0.026365,2.020561,2.020272
0.018681,0.029034,2.025693,2.020561
0.000000,0.036431,2.026328,2.025693
0.000000,0.029645,2.026615,2.026328
0.000000,0.022776,2.026286,2.026615
0.000000,0.023938,2.026289,2.026286
0.000000,0.036707,2.026145,2.026289
0.000000,0.042562,2.025951,2.026145
0.000000,0.010617,2.025579,2.025951
0.000000,0.029494,2.025225,2.025579
0.021674,0.027592,2.019723,2.025225
0.030753,0.022163,2.011655,2.019723
0.037138,0.032644,2.011182,2.011655
0.032835,0.007820,2.011545,2.011182
0.035840,0.018718,2.012961,2.011545
0.050466,0.024020,2.015880,2.012961
0.036309,0.040393,2.018202,2.015880
0.027956,0.036131,2.020002,2.018202
0.032258,0.035663,2.021211,2.020002
0.037246,0.022662,2.021635,2.021211
0.059592,0.043780,2.021338,2.021635
0.076426,0.036326,2.020876,2.021338
0.062780,0.018933,2.020837,2.020876
0.066610,0.046253,2.021764,2.020837
0.073060,0.020689,2.023675,2.021764
0.054167,0.026165,2.024798,2.023675
0.054820,0.015598,2.024786,2.024798
0.055160,0.046238,2.024225,2.024786
0.036541,0.028688,2.023367,2.024225
0.044946,0.005170,2.022131,2.023367
0.051604,0.047136,2.020932,2.022131
0.030693,0.023959,2.020404,2.020932
0.195251,0.004960,2.003689,2.020404
0.203358,0.046963,1.979055,2.003689
0.169600,0.113820,1.935379,1.979055
0.089856,0.221667,1.851266,1.935379
0.087040,0.269304,1.751798,1.851266
0.302016,0.432663,1.639584,1.751798
0.478215,0.444730,1.521806,1.639584
0.406000,0.529177,1.443781,1.521806
0.453333,0.658066,1.375597,1.443781
0.548155,0.629263,1.278606,1.375597
0.510721,0.713478,1.165882,1.278606
0.624611,0.929249,1.021540,1.165882
0.852981,0.805761,0.834027,1.021540
0.581810,0.840832,0.683695,0.834027
0.823660,0.967454,0.545312,0.683695
1.170321,0.784430,0.407861,0.545312
0.919633,0.794378,0.313932,0.407861
1.048878,0.945788,0.236301,0.313932
1.032001,0.773741,0.165898,0.236301
0.775883,0.831623,0.124407,0.165898
0.760316,0.947737,0.099341,0.124407
0.854542,0.788426,0.088634,0.099341
0.676914,0.802620,0.088091,0.088634
0.680140,0.928216,0.088624,0.088091
0.866657,0.824949,0.086725,0.088624
0.713382,0.801928,0.081918,0.086725
0.723417,0.952702,0.073454,0.081918
0.976935,0.824756,0.064470,0.073454
0.807494,0.813865,0.059737,0.064470
0.802260,0.973268,0.057391,0.059737
0.992797,0.833879,0.057454,0.057391
0.788044,0.838016,0.058335,0.057454
0.922870,0.990707,0.058888,0.058335
0.998338,0.827428,0.059663,0.058888
0.806437,0.859240,0.059615,0.059663
0.857435,0.962464,0.058676,0.059615
1.017632,0.816238,0.057286,0.058676
0.811409,0.839480,0.056920,0.057286
0.800168,0.991452,0.057239,0.056920
1.000154,0.816206,0.057819,0.057239
0.797145,0.836797,0.058424,0.057819
0.800849,0.970742,0.058826,0.058424
1.000633,0.823658,0.058702,0.058826
0.792830,0.858110,0.058052,0.058702
0.789581,0.975192,0.057230,0.058052
0.841662,0.836190,0.056277,0.057230
0.743833,0.822356,0.055994,0.056277
0.912222,0.979439,0.056202,0.055994
0.969126,0.798643,0.057185,0.056202
0.776158,0.824465,0.058386,0.057185
0.822610,0.966380,0.059533,0.058386
0.990954,0.814737,0.035277,0.059533
0.856567,0.881180,0.022930,0.035277
0.918939,0.890211,0.082221,0.022930
1.107204,0.743277,0.115243,0.082221
0.812007,0.712408,0.123321,0.115243
0.719304,0.776125,0.122383,0.123321
0.794551,0.596397,0.115038,0.122383
0.581864,0.593386,0.107018,0.115038
0.536597,0.611519,0.098836,0.107018
0.608268,0.478474,0.090473,0.098836
0.449410,0.465108,0.085093,0.090473
0.495928,0.470384,0.081577,0.085093
0.481855,0.374510,0.079749,0.081577
0.357122,0.385452,0.079627,0.079749
0.352536,0.382612,0.065258,0.079627
0.321078,0.297881,0.045185,0.065258
0.222740,0.309882,0.056687,0.045185
0.306944,0.336934,0.117123,0.056687
0.503503,0.249324,0.214096,0.117123
0.394373,0.252140,0.288103,0.214096
0.299182,0.276365,0.316568,0.288103
0.294155,0.247621,0.285766,0.316568
0.298425,0.274208,0.259709,0.285766
0.378278,0.367257,0.308365,0.259709
0.434501,0.334639,0.417417,0.308365
0.290299,0.405196,0.536082,0.417417
0.363816,0.512940,0.660529,0.536082
0.397303,0.524411,0.805547,0.660529
0.615251,0.621945,0.927896,0.805547
0.719493,0.800758,1.049418,0.927896
1.018389,0.891606,1.178172,1.049418
1.086791,0.947806,1.285774,1.178172
1.101174,0.758318,1.368240,1.285774
0.850472,0.810956,1.423060,1.368240
0.818535,0.907560,1.468688,1.423060
0.885069,0.782813,1.512613,1.468688
0.681482,0.793798,1.543276,1.512613
0.687842,0.934755,1.568358,1.543276
0.874026,0.770450,1.587668,1.568358
0.708368,0.775684,1.594317,1.587668
0.723053,0.941941,1.591119,1.594317
0.923533,0.808794,1.577692,1.591119
0.759847,0.784061,1.564220,1.577692
0.776707,0.946922,1.552797,1.564220
0.983886,0.807188,1.545617,1.552797
0.788566,0.836145,1.544560,1.545617
0.953510,0.976295,1.546767,1.544560
1.007894,0.828293,1.551240,1.546767
0.808191,0.846473,1.554906,1.551240
0.854235,0.991511,1.557521,1.554906
1.002218,0.826104,1.558892,1.557521
0.803076,0.843882,1.558877,1.558892
0.811262,0.991918,1.558116,1.558877
0.993929,0.825587,1.557189,1.558116
0.801267,0.842516,1.556796,1.557189
0.817250,0.976440,1.556612,1.556796
1.026798,1.003884,1.556706,1.556612
1.027008,0.991310,1.557062,1.556706
1.018494,0.828443,1.557383,1.557062
0.808981,0.969317,1.557620,1.557383
0.994333,0.995213,1.557863,1.557620
0.982838,0.837263,1.558228,1.557863
0.777129,0.992536,1.558794,1.558228
0.976247,1.026476,1.559640,1.558794
0.998178,0.977336,1.560556,1.559640
1.005673,0.824529,1.561409,1.560556
0.812363,1.006670,1.562080,1.561409
1.031427,0.969402,1.562675,1.562080
1.025258,0.865322,1.562768,1.562675
0.838950,0.975251,1.562570,1.562768
1.154153,0.801416,1.565189,1.562570
0.928477,0.785229,1.567668,1.565189
0.853766,0.864581,1.568704,1.567668
0.912824,0.676129,1.568756,1.568704
0.662512,0.630523,1.568784,1.568756
0.720749,0.690153,1.569266,1.568784
0.577637,0.540514,1.570364,1.569266
0.604749,0.484419,1.571803,1.570364
0.480967,0.508731,1.573388,1.571803
0.507948,0.393798,1.575021,1.573388
0.417079,0.377520,1.576218,1.575021
0.362294,0.436371,1.577578,1.576218
0.410391,0.316574,1.579300,1.577578
0.266799,0.337770,1.581586,1.579300
0.215085,0.317764,1.584156,1.581586
0.395581,0.289192,1.580035,1.584156
0.393412,0.261366,1.567763,1.580035
0.396930,0.292139,1.544080,1.567763
0.420609,0.224220,1.489110,1.544080
0.316057,0.256529,1.427700,1.489110
0.327089,0.346658,1.351976,1.427700
0.326995,0.291809,1.253855,1.351976
0.314588,0.390366,1.168690,1.253855
0.373672,0.461549,1.065400,1.168690
0.379226,0.458414,0.943795,1.065400
0.510470,0.617697,0.822667,0.943795
0.665628,0.616552,0.664189,0.822667
0.665294,0.716546,0.525078,0.664189
0.826784,0.859188,0.395736,0.525078
1.104419,0.740236,0.269471,0.395736
0.948352,0.825849,0.188838,0.269471
0.923609,0.934327,0.131546,0.188838
1.013905,0.824670,0.085339,0.131546
0.748911,0.822249,0.065268,0.085339
0.712590,0.908453,0.063581,0.065268
0.876937,0.770547,0.071353,0.063581
0.699107,0.802502,0.076906,0.071353
0.713472,0.918641,0.078327,0.076906
0.920435,0.815138,0.076127,0.078327
0.754165,0.963876,0.074107,0.076127
0.966758,0.943127,0.074458,0.074107
0.980630,0.797725,0.076035,0.074458
0.930492,0.979869,0.076737,0.076035
0.830142,0.834679,0.076070,0.076737
0.929452,0.805287,0.074676,0.076070
0.843778,0.989189,0.072884,0.074676
0.941287,0.816942,0.070218,0.072884
0.835550,0.833597,0.068384,0.070218
0.772548,0.966586,0.066861,0.068384
0.957656,0.820887,0.065502,0.066861
0.784607,0.854922,0.064749,0.065502
0.799901,0.960574,0.064023,0.064749
0.997665,0.836959,0.063363,0.064023
0.792669,0.851388,0.062955,0.063363
0.789319,1.000571,0.062505,0.062955
0.758360,0.813633,0.062140,0.062505
0.377271,0.857553,0.061837,0.062140
0.753315,0.992369,0.061303,0.061837
0.783415,0.843330,0.060835,0.061303
0.920591,0.828569,0.059972,0.060835
0.835699,1.019026,0.058900,0.059972
0.929863,0.808891,0.058184,0.058900
0.829633,0.817967,0.058161,0.058184
0.780673,0.964153,0.058694,0.058161
0.983122,0.845019,0.059827,0.058694
0.790617,0.838884,0.060967,0.059827
0.787434,0.977521,0.061831,0.060967
0.934243,0.835804,0.046209,0.061831
0.810446,0.830666,0.010099,0.046209
0.863573,0.954619,0.072140,0.010099
1.136291,0.757374,0.112733,0.072140
0.841745,0.712669,0.124623,0.112733
0.871832,0.821189,0.126586,0.124623
0.702349,0.614169,0.121800,0.126586
0.717203,0.568820,0.115091,0.121800
0.583111,0.645803,0.107762,0.115091
0.597234,0.467753,0.099918,0.107762
0.492638,0.491566,0.094123,0.099918
0.436510,0.489839,0.088841,0.094123
0.495881,0.347436,0.083577,0.088841
0.365992,0.356030,0.079860,0.083577
0.329164,0.386559,0.065220,0.079860
0.300858,0.319207,0.024495,0.065220
0.191700,0.267332,0.055871,0.024495
0.308959,0.328011,0.137139,0.055871
0.513062,0.241349,0.239577,0.137139
0.406274,0.252134,0.310944,0.239577
0.427387,0.300630,0.336047,0.310944
0.417405,0.252031,0.320744,0.336047
0.538988,0.336507,0.329235,0.320744
1.192176,0.366029,0.417990,0.329235
0.307717,0.349399,0.545318,0.417990
0.136189,0.452475,0.675043,0.545318
0.224184,0.441540,0.832820,0.675043
0.346456,0.542246,0.965599,0.832820
0.538437,0.730835,1.096629,0.965599
0.724939,0.673078,1.228625,1.096629
0.752007,0.739541,1.314542,1.228625
0.858369,0.936547,1.379918,1.314542
1.161822,0.802939,1.436255,1.379918
0.884865,0.813269,1.474414,1.436255
0.816492,0.917011,1.507633,1.474414
0.913992,0.773647,1.540882,1.507633
0.682764,0.805270,1.564074,1.540882
0.655320,0.900851,1.581644,1.564074
0.825755,0.781743,1.591392,1.581644
0.689411,0.820766,1.588738,1.591392
0.866097,0.929657,1.577423,1.588738
0.962854,0.803232,1.561114,1.577423
0.784206,0.808419,1.550112,1.561114
0.848261,0.954659,1.543656,1.550112
0.988340,0.806606,1.542361,1.543656
0.791806,0.832135,1.544913,1.542361
0.793135,0.983214,1.549085,1.544913
0.987367,0.810994,1.553723,1.549085
0.794400,0.833260,1.556360,1.553723
0.805005,0.989246,1.557666,1.556360
1.011579,0.838980,1.557694,1.557666
0.808940,0.869608,1.557035,1.557694
0.802074,1.014339,1.556359,1.557035
1.000892,0.790538,1.555840,1.556359
0.802488,0.838557,1.555806,1.555840
0.948928,0.957634,1.556061,1.555806
1.010919,1.004021,1.556660,1.556061
1.006833,0.982960,1.557193,1.556660
0.851317,0.817451,1.557427,1.557193
0.946113,1.036224,1.557579,1.557427
0.992276,0.962607,1.557714,1.557579
0.851961,0.807959,1.557919,1.557714
0.944742,0.987267,1.558196,1.557919
0.992954,0.811244,1.558639,1.558196
0.794437,0.850207,1.559040,1.558639
0.854456,0.993242,1.559398,1.559040
1.006960,0.812850,1.559725,1.559398
0.802918,0.826704,1.560028,1.559725
0.807668,0.995057,1.560325,1.560028
1.019195,0.830066,1.559813,1.560325
0.877066,0.828188,1.560733,1.559813
0.944618,0.942415,1.563948,1.560733
1.106842,0.747796,1.566965,1.563948
0.783265,0.710571,1.568467,1.566965
0.686503,0.776104,1.569661,1.568467
0.756261,0.599621,1.570915,1.569661
0.554566,0.546318,1.571838,1.570915
0.607026,0.593825,1.572888,1.571838
0.590199,0.478631,1.574547,1.572888
0.447103,0.461303,1.576360,1.574547
0.446075,0.479957,1.578538,1.576360
0.491202,0.368184,1.580862,1.578538
0.371804,0.356034,1.581823,1.580862
0.337116,0.384790,1.580626,1.581823
0.285235,0.317211,1.578318,1.580626
0.226799,0.270627,1.574233,1.578318
0.324146,0.346380,1.564721,1.574233
1.476943,0.284536,1.545185,1.564721
0.445839,0.245780,1.514747,1.545185
0.318595,0.293854,1.462106,1.514747
0.459554,0.286666,1.384257,1.462106
0.468076,0.296460,1.306602,1.384257
0.605606,0.335450,1.220619,1.306602
0.552354,0.432873,1.119728,1.220619
0.468849,0.488918,1.009518,1.119728
0.154759,0.484670,0.876561,1.009518
0.233802,0.569200,0.751456,0.876561
0.209981,0.760415,0.608893,0.751456
0.568359,0.701196,0.448779,0.608893
0.659444,0.759066,0.333886,0.448779
0.699102,0.945673,0.236481,0.333886
1.008191,0.796694,0.156750,0.236481
0.833532,0.827323,0.111053,0.156750
0.774953,0.919706,0.077879,0.111053
0.869002,0.785316,0.060342,0.077879
0.683281,0.827817,0.061610,0.060342
0.696767,0.964972,0.068404,0.061610
0.874326,0.765838,0.074356,0.068404
0.724863,0.839344,0.075020,0.074356
0.891100,0.937045,0.073373,0.075020
0.813378,0.787991,0.072186,0.073373
0.902832,0.996535,0.072454,0.072186
0.976486,0.965576,0.071892,0.072454
0.844214,0.826888,0.069383,0.071892
0.943926,0.980647,0.066471,0.069383
0.981423,0.980660,0.064368,0.066471
0.980813,0.984844,0.064111,0.064368
0.831960,0.831602,0.065174,0.064111
0.928402,0.961524,0.066639,0.065174
0.982275,0.991440,0.068035,0.066639
0.837591,0.805950,0.068319,0.068035
0.942492,0.985172,0.067562,0.068319
0.999188,0.798515,0.066470,0.067562
0.793198,0.849138,0.065602,0.066470
0.842352,0.987341,0.064932,0.065602
1.004778,0.827490,0.064274,0.064932
0.796659,0.827282,0.063779,0.064274
0.795826,0.964494,0.063379,0.063779
1.004615,1.029031,0.063099,0.063379
0.997705,0.989733,0.062665,0.063099
0.998259,0.854175,0.062043,0.062665
0.798386,0.835695,0.061588,0.062043
0.801742,0.985101,0.061356,0.061588
0.649590,0.834740,0.061082,0.061356
0.574305,0.817396,0.060664,0.061082
0.702476,1.004770,0.060237,0.060664
0.962293,0.824454,0.059836,0.060237
0.785185,0.809393,0.037524,0.059836
1.015718,0.992508,0.026612,0.037524
1.003633,0.783177,0.093711,0.026612
1.068644,0.780962,0.119533,0.093711
0.854062,0.828111,0.126951,0.119533
0.824050,0.649698,0.123915,0.126951
0.661615,0.624385,0.116514,0.123915
0.563195,0.647230,0.107492,0.116514
0.629328,0.517695,0.097355,0.107492
0.458656,0.501204,0.089885,0.097355
0.433916,0.505387,0.083851,0.089885
0.510884,0.408251,0.079168,0.083851
0.388051,0.381583,0.076889,0.079168
0.363874,0.411089,0.075858,0.076889
0.412256,0.326908,0.052902,0.075858
0.249160,0.304310,0.033127,0.052902
0.240207,0.364647,0.062615,0.033127
0.367953,0.254300,0.155386,0.062615
0.480105,0.273735,0.237321,0.155386
0.404670,0.287014,0.300597,0.237321
0.391334,0.218262,0.304343,0.300597
0.394089,0.287325,0.261025,0.304343
0.505794,0.323965,0.247747,0.261025
0.554636,0.305911,0.325379,0.247747
0.353796,0.335482,0.426663,0.325379
0.378896,0.451019,0.551717,0.426663
0.545362,0.481535,0.695250,0.551717
0.628525,0.515548,0.815091,0.695250
0.741975,0.727887,0.936749,0.815091
1.092199,0.661567,1.073284,0.936749
0.949190,0.779741,1.176179,1.073284
1.174045,0.946900,1.265235,1.176179
1.111050,0.780280,1.350788,1.265235
1.110790,0.984521,1.410042,1.350788
0.997239,0.917090,1.468819,1.410042
0.768795,0.801805,1.514837,1.468819
0.813799,0.933074,1.546635,1.514837
0.848936,0.764221,1.574847,1.546635
0.700712,0.811252,1.590157,1.574847
0.764552,0.908326,1.596852,1.590157
0.932726,0.799311,1.592062,1.596852
0.754107,0.799459,1.580795,1.592062
0.762000,0.933033,1.567443,1.580795
0.944371,0.812357,1.554697,1.567443
0.764615,0.849157,1.548492,1.554697
0.772775,0.957825,1.546512,1.548492
0.978886,0.786445,1.548443,1.546512
0.782350,0.818238,1.551718,1.548443
0.790339,0.981193,1.555068,1.551718
0.973996,0.817855,1.557999,1.555068
0.780176,0.847875,1.559207,1.557999
0.935086,0.969284,1.559355,1.559207
0.992196,0.817800,1.558634,1.559355
0.803069,0.836182,1.557738,1.558634
0.862502,1.011191,1.556909,1.557738
1.027359,0.821512,1.556187,1.556909
0.818102,0.855507,1.555955,1.556187
0.810225,0.991779,1.555971,1.555955
1.002710,0.818702,1.556243,1.555971
0.796714,0.856673,1.556625,1.556243
0.790949,0.978166,1.557054,1.556625
0.992846,0.837930,1.557458,1.557054
0.799275,0.844271,1.557744,1.557458
0.797107,0.966885,1.557956,1.557744
0.999131,0.797616,1.558069,1.557956
0.797182,0.857076,1.558170,1.558069
0.949095,0.969280,1.558421,1.558170
0.993453,0.824647,1.558944,1.558421
0.794766,0.834397,1.559692,1.558944
0.845913,0.976289,1.560306,1.559692
1.089503,0.849486,1.561310,1.560306
0.953335,0.816061,1.564708,1.561310
0.944934,0.901008,1.568038,1.564708
1.041924,0.845619,1.569803,1.568038
0.898285,0.782832,1.570176,1.569803
0.784220,0.600953,1.569998,1.570176
0.574431,0.582319,1.569678,1.569998
0.522857,0.598859,1.569347,1.569678
0.580799,0.472911,1.568956,1.569347
0.434652,0.427649,1.568951,1.568956
0.398993,0.469081,1.569654,1.568951
0.458312,0.379364,1.571709,1.569654
0.342273,0.338219,1.574351,1.571709
0.377356,0.357920,1.576972,1.574351
0.238792,0.304261,1.580500,1.576972
0.225105,0.292873,1.585938,1.580500
0.378013,0.324655,1.603721,1.585938
0.500716,0.284099,1.644069,1.603721
0.448727,0.239741,1.692119,1.644069
0.386440,0.310115,1.745760,1.692119
0.415430,0.236040,1.800967,1.745760
0.401222,0.272036,1.860170,1.800967
0.444550,0.337848,1.942713,1.860170
0.400923,0.346429,2.055146,1.942713
0.289109,0.401908,2.165892,2.055146
0.260695,0.468917,2.294831,2.165892
0.345415,0.500642,2.456566,2.294831
0.388349,0.599128,2.593663,2.456566
0.726033,0.791170,2.722990,2.593663
0.949598,0.710796,2.844937,2.722990
1.198583,0.802416,2.920646,2.844937
1.141524,0.947669,2.978993,2.920646
1.232643,0.813341,3.032909,2.978993
0.979564,0.936580,3.070177,3.032909
1.028128,0.902604,3.107953,3.070177
0.911696,0.789385,3.136365,3.107953
0.774034,0.898834,3.131716,3.136365
0.887527,0.799436,3.123045,3.131716
0.696378,0.824088,3.125023,3.123045
0.701197,0.961524,3.134083,3.125023
0.880400,0.786802,3.137204,3.134083
0.739162,0.796098,3.127334,3.137204
0.738181,0.966664,3.121108,3.127334
0.946792,0.826727,3.119088,3.121108
0.772905,0.801286,3.120789,3.119088
0.771589,0.939715,3.124283,3.120789
0.992979,0.820866,3.128662,3.124283
0.795165,0.855664,3.131392,3.128662
0.945189,0.992822,3.132797,3.131392
0.985123,0.791408,3.132916,3.132797
0.790012,0.834857,3.132240,3.132916
0.838782,0.996226,3.131279,3.132240
0.978781,0.818679,3.130223,3.131279
0.783105,0.846408,3.129627,3.130223
0.779535,0.986451,3.129383,3.129627
0.982413,0.807291,3.129544,3.129383
0.786361,0.987879,3.129896,3.129544
0.985576,0.973428,3.130390,3.129896
0.986247,0.990853,3.130934,3.130390
0.994022,0.973661,3.131398,3.130934
0.993737,0.840714,3.131495,3.131398
0.810123,1.008251,3.131457,3.131495
1.010796,0.814338,3.131341,3.131457
0.797679,0.867902,3.131256,3.131341
0.786578,0.970128,3.131132,3.131256
0.986038,0.819379,3.131265,3.131132
0.782836,0.833279,3.131699,3.131265
0.783363,0.978066,3.132328,3.131699
1.012964,0.854803,3.132720,3.132328
0.909708,0.799982,3.133709,3.132720
1.028061,0.942797,3.134722,3.133709
0.987189,0.700859,3.134871,3.134722
0.729614,0.695485,3.134390,3.134871
0.700420,0.765308,3.133741,3.134390
0.731754,0.591982,3.133319,3.133741
0.531121,0.539446,3.133436,3.133319
0.489037,0.598466,3.133986,3.133436
0.561108,0.457850,3.134924,3.133986
0.420122,0.441719,3.135778,3.134924
0.396551,0.454405,3.136586,3.135778
0.449784,0.430970,3.137573,3.136586
0.406842,0.405643,3.139010,3.137573
0.377010,0.314786,3.141284,3.139010
0.279641,0.283873,3.140615,3.141284
0.259033,0.267196,3.137430,3.140615
0.295788,0.219325,3.134782,3.137430
0.217715,0.259986,3.133942,3.134782
0.248566,0.239173,3.134136,3.133942
0.198328,0.172690,3.135252,3.134136
0.224328,0.193261,3.136428,3.135252
0.231382,0.126552,3.137696,3.136428
0.180045,0.098544,3.138310,3.137696
0.174862,0.094678,3.138356,3.138310
0.147201,0.084179,3.137984,3.138356
0.128147,0.069433,3.137362,3.137984
0.082907,0.065140,3.136821,3.137362
0.081738,0.046871,3.136458,3.136821
0.073749,0.044113,3.136204,3.136458
0.060628,0.035784,3.136174,3.136204
0.000000,0.000000,0.000000,0.000000
0.000000,0.048799,2.054748,0.000000
0.020232,0.033384,2.053087,2.054748
0.028930,0.068508,2.055236,2.053087
0.039046,0.030149,2.051413,2.055236
0.024648,0.033251,2.049705,2.051413
0.000000,0.016580,2.055092,2.049705
0.000000,0.030866,2.065563,2.055092
0.000000,0.065434,2.064110,2.065563
0.000000,0.022864,2.063527,2.064110
0.000000,0.039741,2.063460,2.063527
0.000000,0.019964,2.063574,2.063460
0.000000,0.030244,2.063828,2.063574
0.024504,0.017421,2.051395,2.063828
0.033796,0.035495,2.051016,2.051395
0.029638,0.014083,2.051148,2.051016
0.059909,0.030049,2.053458,2.051148
0.039019,0.026344,2.055120,2.053458
0.035683,0.029981,2.056696,2.055120
0.057024,0.039813,2.057605,2.056696
0.053807,0.035800,2.056888,2.057605
0.061395,0.050999,2.055560,2.056888
0.094017,0.052828,2.055089,2.055560
0.091312,0.047250,2.055952,2.055089
0.093840,0.020141,2.058216,2.055952
0.112643,0.031529,2.061337,2.058216
0.073170,0.018451,2.063871,2.061337
0.064304,0.039066,2.065193,2.063871
0.057187,0.014474,2.063921,2.065193
0.039318,0.014043,2.061228,2.063921
0.037757,0.058872,2.058650,2.061228
0.040088,0.004249,2.056938,2.058650
0.137997,0.044494,2.046829,2.056938
0.156283,0.024829,2.018798,2.046829
0.148816,0.103131,1.974429,2.018798
0.118868,0.222484,1.900073,1.974429
0.090883,0.255394,1.774340,1.900073
0.189560,0.336873,1.656266,1.774340
0.211490,0.520242,1.552339,1.656266
0.441443,0.508156,1.464662,1.552339
0.463490,0.626258,1.403565,1.464662
0.414616,0.760246,1.326380,1.403565
0.634013,0.733685,1.196323,1.326380
0.549915,0.762214,1.057814,1.196323
0.848329,0.976971,0.899069,1.057814
0.711349,0.801429,0.716291,0.899069
1.126096,0.848653,0.575274,0.716291
1.055975,0.975645,0.447694,0.575274
1.074148,0.831068,0.327298,0.447694
0.864230,0.936030,0.250748,0.327298
0.943397,0.934668,0.181575,0.250748
0.850851,0.805869,0.134088,0.181575
0.733545,0.915206,0.108522,0.134088
0.834096,0.749685,0.094105,0.108522
0.660287,0.838396,0.090542,0.094105
0.666326,0.954733,0.089929,0.090542
0.843752,0.814366,0.087896,0.089929
0.685250,0.779391,0.083073,0.087896
0.736978,0.984560,0.074765,0.083073
0.967861,0.847902,0.065633,0.074765
0.786302,0.988306,0.060479,0.065633
0.988711,0.985055,0.058244,0.060479
0.965053,0.845582,0.057896,0.058244
0.786985,0.981900,0.057488,0.057896
1.011568,0.791099,0.057234,0.057488
0.817459,0.998444,0.057048,0.057234
0.999587,0.977183,0.057145,0.057048
1.001275,0.815788,0.057485,0.057145
0.796188,0.969789,0.057543,0.057485
1.000412,0.785576,0.057566,0.057543
0.797039,0.876521,0.057760,0.057566
0.944030,0.981849,0.058003,0.057760
1.008577,0.820901,0.057959,0.058003
0.799370,0.867051,0.057998,0.057959
0.851890,0.992851,0.058231,0.057998
0.996135,0.833034,0.058357,0.058231
0.789001,0.825181,0.058364,0.058357
0.788468,1.030572,0.058678,0.058364
0.990382,0.805244,0.059207,0.058678
0.786279,0.803745,0.059601,0.059207
0.785710,0.981309,0.059810,0.059601
0.985421,0.794635,0.059832,0.059810
0.787382,0.848551,0.047693,0.059832
0.822323,0.966775,0.009032,0.047693
1.121719,0.787562,0.078371,0.009032
0.919678,0.800285,0.113475,0.078371
1.006609,0.853252,0.127292,0.113475
0.920715,0.649623,0.128479,0.127292
0.659692,0.630907,0.123005,0.128479
0.631735,0.669919,0.114733,0.123005
0.659379,0.509629,0.104534,0.114733
0.489373,0.508302,0.096970,0.104534
0.458615,0.529197,0.090950,0.096970
0.511641,0.447368,0.086501,0.090950
0.384957,0.402014,0.084476,0.086501
0.360722,0.390976,0.084037,0.084476
0.421662,0.304564,0.075024,0.084037
0.279975,0.297469,0.055727,0.075024
0.192593,0.381532,0.062094,0.055727
0.318801,0.293918,0.116568,0.062094
0.367142,0.249679,0.191899,0.116568
0.456500,0.242590,0.268903,0.191899
0.411167,0.193277,0.306932,0.268903
0.245105,0.257340,0.282083,0.306932
0.274722,0.325039,0.244283,0.282083
0.470197,0.295124,0.288908,0.244283
0.342008,0.328464,0.376355,0.288908
0.256810,0.426390,0.491786,0.376355
0.273071,0.402275,0.638667,0.491786
0.209752,0.488123,0.759978,0.638667
0.207872,0.686677,0.886368,0.759978
0.230648,0.665898,1.029030,0.886368
0.335399,0.737106,1.139016,1.029030
0.526545,0.927013,1.235452,1.139016
0.846275,0.790120,1.325796,1.235452
0.782803,0.806877,1.387815,1.325796
0.925866,0.960137,1.440885,1.387815
0.862309,0.796872,1.490852,1.440885
0.646867,0.782223,1.524495,1.490852
0.671697,0.930209,1.552602,1.524495
0.812326,0.793017,1.577017,1.552602
0.685194,0.831992,1.589315,1.577017
0.716954,0.962964,1.592655,1.589315
0.933914,0.813317,1.584629,1.592655
0.764030,0.828210,1.572534,1.584629
0.776432,0.956471,1.560272,1.572534
0.978905,0.796626,1.550352,1.560272
0.781148,0.830399,1.546740,1.550352
0.795078,0.983147,1.546911,1.546740
0.997603,0.815346,1.550213,1.546911
0.799647,0.831713,1.553700,1.550213
0.946432,0.977094,1.556784,1.553700
0.995802,0.805502,1.558945,1.556784
0.795509,0.843268,1.559416,1.558945
0.853143,0.964238,1.558981,1.559416
1.002342,0.806247,1.557944,1.558981
0.800464,0.858799,1.557158,1.557944
0.804414,0.999070,1.556560,1.557158
1.015065,0.816510,1.556270,1.556560
0.824457,0.862732,1.556390,1.556270
0.830064,0.970825,1.556710,1.556390
1.029672,0.821777,1.557347,1.556710
0.812393,0.998148,1.557890,1.557347
0.992918,0.970430,1.558570,1.557890
0.995799,0.844808,1.559137,1.558570
0.795985,0.976834,1.559499,1.559137
1.002457,0.830174,1.559830,1.559499
0.799595,0.831632,1.560072,1.559830
0.943279,0.985888,1.560398,1.560072
0.835727,0.821175,1.560879,1.560398
0.932002,0.979694,1.561190,1.560879
0.985665,0.984157,1.561011,1.561190
0.883953,0.867034,1.560297,1.561011
1.066198,0.953060,1.562120,1.560297
1.145229,0.906653,1.564604,1.562120
1.000701,0.873788,1.565419,1.564604
0.754565,0.640517,1.565365,1.565419
0.744083,0.606950,1.565355,1.565365
0.605407,0.658373,1.565570,1.565355
0.623597,0.488499,1.566308,1.565570
0.515072,0.497068,1.567350,1.566308
0.445708,0.495847,1.568717,1.567350
0.509287,0.402532,1.570943,1.568717
0.379009,0.369151,1.573570,1.570943
0.362123,0.409359,1.577166,1.573570
0.395569,0.326555,1.581676,1.577166
0.229923,0.293673,1.587020,1.581676
0.212695,0.326893,1.590845,1.587020
0.426374,0.308803,1.586421,1.590845
0.398542,0.266702,1.573092,1.586421
0.463312,0.289506,1.545780,1.573092
0.371518,0.250328,1.487261,1.545780
0.310068,0.281442,1.424951,1.487261
0.315060,0.332511,1.349396,1.424951
0.329067,0.274880,1.253028,1.349396
0.200232,0.358016,1.171295,1.253028
0.230121,0.451153,1.083910,1.171295
0.296332,0.451421,0.959700,1.083910
0.354882,0.554107,0.841097,0.959700
0.417116,0.729790,0.703171,0.841097
0.636231,0.730385,0.534382,0.703171
0.603655,0.763085,0.406311,0.534382
0.741464,0.896102,0.294730,0.406311
1.122630,0.802223,0.196191,0.294730
0.872096,0.819660,0.138943,0.196191
0.937817,0.938310,0.096068,0.138943
0.778819,0.779758,0.068187,0.096068
0.832425,0.817887,0.064131,0.068187
0.723634,0.914364,0.070666,0.064131
0.812897,0.773250,0.077868,0.070666
0.750443,0.946880,0.079683,0.077868
0.929711,0.938306,0.077608,0.079683
0.891592,0.788494,0.075369,0.077608
0.814869,0.971696,0.075960,0.075369
0.972024,0.976092,0.077575,0.075960
0.987923,0.972040,0.077941,0.077575
0.946186,0.795993,0.076465,0.077941
0.849902,0.978747,0.074670,0.076465
1.018291,1.000731,0.072185,0.074670
0.961028,0.847588,0.069137,0.072185
0.860008,0.969973,0.066519,0.069137
0.992837,0.800363,0.064032,0.066519
0.796638,0.887715,0.062956,0.064032
0.796907,1.000326,0.062821,0.062956
0.991279,0.774954,0.063016,0.062821
0.793180,0.846228,0.063175,0.063016
0.796593,1.003970,0.063593,0.063175
1.002276,0.849151,0.063561,0.063593
0.809160,0.860480,0.062832,0.063561
0.809201,0.972646,0.061844,0.062832
1.003057,0.831689,0.060629,0.061844
0.797743,0.807045,0.059570,0.060629
0.951038,0.997438,0.058910,0.059570
0.985035,0.805380,0.058977,0.058910
0.791360,0.836119,0.059564,0.058977
0.838720,0.985607,0.060374,0.059564
0.984966,1.025729,0.061627,0.060374
0.983470,0.921332,0.062761,0.061627
0.930847,0.833051,0.063374,0.062761
0.826051,1.024628,0.055009,0.063374
1.056268,0.993214,0.013484,0.055009
1.079066,0.978372,0.081815,0.013484
1.164628,0.864383,0.120860,0.081815
1.010803,0.732924,0.131716,0.120860
0.758399,0.758541,0.130334,0.131716
0.759270,0.568746,0.122420,0.130334
0.604350,0.642450,0.113054,0.122420
0.624561,0.611646,0.100752,0.113054
0.538915,0.481528,0.089636,0.100752
0.443771,0.494804,0.081856,0.089636
0.484498,0.387133,0.075200,0.081856
0.366464,0.400134,0.071400,0.075200
0.347152,0.390616,0.065137,0.071400
0.361116,0.296858,0.019838,0.065137
0.195862,0.303554,0.018456,0.019838
0.255778,0.324525,0.084747,0.018456
0.501182,0.250621,0.188644,0.084747
0.413672,0.249020,0.272435,0.188644
0.382603,0.283961,0.322325,0.272435
0.455577,0.253309,0.318415,0.322325
0.407024,0.266303,0.298528,0.318415
0.579406,0.336006,0.337303,0.298528
0.534351,0.317561,0.441771,0.337303
0.321630,0.364404,0.555052,0.441771
0.221051,0.507395,0.684854,0.555052
0.448961,0.512366,0.837532,0.684854
0.482415,0.569620,0.966969,0.837532
0.644366,0.750363,1.092175,0.966969
0.928652,0.725412,1.219104,1.092175
0.835283,0.776111,1.302449,1.219104
0.901133,0.942457,1.367971,1.302449
1.157210,0.791026,1.428770,1.367971
0.857740,0.812469,1.470826,1.428770
0.801161,0.921971,1.507297,1.470826
0.937386,0.789592,1.542793,1.507297
0.712545,0.784547,1.566400,1.542793
0.825855,0.937051,1.583345,1.566400
0.882230,0.768128,1.591772,1.583345
0.725990,0.810753,1.588121,1.591772
0.807554,0.953172,1.576354,1.588121
0.982246,0.807325,1.560278,1.576354
0.798644,0.825387,1.549597,1.560278
0.796022,0.946866,1.543460,1.549597
0.993217,0.828892,1.542309,1.543460
0.795279,0.826317,1.544908,1.542309
0.792794,0.992793,1.549144,1.544908
0.985572,0.987337,1.554007,1.549144
0.987146,0.959308,1.557248,1.554007
0.984710,0.824518,1.558439,1.557248
0.800859,0.849956,1.558446,1.558439
0.795345,0.985925,1.557937,1.558446
0.996194,0.828649,1.557064,1.557937
0.801200,0.833264,1.556472,1.557064
0.943347,0.969145,1.556282,1.556472
0.840652,0.814497,1.556526,1.556282
0.946165,0.832737,1.556910,1.556526
0.840807,0.998411,1.557463,1.556910
0.943433,0.843449,1.558052,1.557463
0.839824,0.827702,1.558372,1.558052
0.781921,0.989822,1.558521,1.558372
0.998785,0.832810,1.558511,1.558521
0.804007,0.836850,1.558402,1.558511
0.807106,0.992723,1.558362,1.558402
1.010071,0.813768,1.558453,1.558362
0.805060,0.858349,1.558621,1.558453
0.805331,0.983136,1.559056,1.558621
1.011232,1.001539,1.559795,1.559056
1.007798,0.972608,1.560531,1.559795
1.045474,0.825080,1.561046,1.560531
0.900929,0.817690,1.564110,1.561046
0.926441,0.913750,1.567766,1.564110
1.044982,0.713363,1.570196,1.567766
0.739303,0.698936,1.571306,1.570196
0.778139,0.747653,1.571998,1.571306
0.745242,0.556683,1.572319,1.571998
0.558524,0.543077,1.572211,1.572319
0.539219,0.603215,1.571971,1.572211
0.582339,0.544599,1.571643,1.571971
0.529547,0.487194,1.570921,1.571643
0.468921,0.380952,1.569517,1.570921
0.383259,0.334328,1.567829,1.569517
0.331677,0.383111,1.565449,1.567829
0.302968,0.333655,1.563501,1.565449
0.218334,0.272112,1.561224,1.563501
0.358760,0.355583,1.553696,1.561224
0.558094,0.266892,1.535649,1.553696
0.400254,0.248629,1.506473,1.535649
0.311414,0.259648,1.454345,1.506473
0.375733,0.259687,1.376923,1.454345
0.380953,0.284964,1.299063,1.376923
0.588222,0.359671,1.212214,1.299063
0.446858,0.332412,1.109007,1.212214
0.475404,0.367886,1.021307,1.109007
0.186466,0.530044,0.916999,1.021307
0.093323,0.496649,0.776098,0.916999
0.223963,0.755486,0.646548,0.776098
0.572037,0.798266,0.484112,0.646548
0.655643,0.759997,0.343405,0.484112
0.722715,0.956873,0.242393,0.343405
0.966415,0.960879,0.155570,0.242393
0.971386,0.947599,0.100178,0.155570
0.827717,0.824592,0.065679,0.100178
0.695899,0.805101,0.055450,0.065679
0.664583,0.909617,0.060350,0.055450
0.847955,0.791233,0.069987,0.060350
0.686357,0.816313,0.074442,0.069987
0.715589,0.954789,0.074945,0.074442
0.927605,0.803579,0.073301,0.074945
0.748005,0.831206,0.072989,0.073301
0.754047,0.959708,0.073249,0.072989
0.971560,0.824569,0.072501,0.073249
0.784710,0.840057,0.070549,0.072501
0.936213,0.941801,0.067772,0.070549
0.835438,0.813007,0.065246,0.067772
0.931746,0.813092,0.064574,0.065246
0.834036,0.982313,0.064886,0.064574
0.925228,0.989274,0.065683,0.064886
0.981007,0.990496,0.066501,0.065683
0.985102,0.812896,0.066900,0.066501
0.781862,0.884417,0.066867,0.066900
0.847217,0.980035,0.066594,0.066867
1.008709,0.821515,0.065341,0.066594
0.801156,0.852056,0.063782,0.065341
0.807366,1.010458,0.062477,0.063782
1.003309,0.796463,0.061023,0.062477
0.803708,0.815715,0.060202,0.061023
0.808575,0.990209,0.059956,0.060202
1.012270,0.988840,0.060220,0.059956
1.000349,0.988051,0.060544,0.060220
1.000832,0.831092,0.060997,0.060544
0.795953,0.851548,0.061444,0.060997
0.800962,0.967697,0.061583,0.061444
0.989845,0.840197,0.061276,0.061583
0.797469,0.838873,0.061051,0.061276
0.949520,0.970041,0.060972,0.061051
0.843152,0.818766,0.050623,0.060972
0.992807,0.858755,0.012408,0.050623
0.981209,0.975103,0.063812,0.012408
1.119120,0.770846,0.109248,0.063812
0.902864,0.720473,0.123754,0.109248
0.750931,0.779791,0.126945,0.123754
0.814957,0.633434,0.122197,0.126945
0.579569,0.609576,0.114354,0.122197
0.531743,0.653334,0.105025,0.114354
0.597032,0.488587,0.094750,0.105025
0.446411,0.489602,0.087660,0.094750
0.421661,0.516555,0.082089,0.087660
0.491645,0.403072,0.077551,0.082089
0.370343,0.326762,0.074877,0.077551
0.405775,0.388475,0.066628,0.074877
0.301124,0.302873,0.018715,0.066628
0.244610,0.359849,0.030560,0.018715
0.352308,0.333287,0.122313,0.030560
0.432888,0.267491,0.224505,0.122313
0.471157,0.259715,0.298210,0.224505
0.420126,0.215649,0.318952,0.298210
0.334286,0.273239,0.293963,0.318952
0.477560,0.337865,0.286591,0.293963
0.658374,0.384871,0.364969,0.286591
0.560052,0.399553,0.489976,0.364969
0.462099,0.387930,0.637613,0.489976
0.430305,0.476748,0.762659,0.637613
0.435812,0.648164,0.892370,0.762659
0.649817,0.620776,1.039687,0.892370
0.602358,0.689887,1.151593,1.039687
0.738135,0.884576,1.248777,1.151593
1.048435,0.786753,1.337682,1.248777
0.938896,0.803414,1.396914,1.337682
0.918962,0.984044,1.447299,1.396914
1.011982,0.783300,1.494840,1.447299
0.751032,0.789975,1.527460,1.494840
0.847839,0.923123,1.555026,1.527460
0.754225,0.770412,1.578850,1.555026
0.840295,0.800916,1.590484,1.578850
0.752888,0.925178,1.593246,1.590484
0.855042,0.774342,1.585313,1.593246
0.781983,0.820625,1.573769,1.585313
0.748509,0.940843,1.561922,1.573769
0.938373,0.792327,1.552012,1.561922
0.762626,0.805383,1.548021,1.552012
0.766614,0.988395,1.547656,1.548021
0.972152,0.783770,1.550376,1.547656
0.785536,0.841823,1.553642,1.550376
0.775984,1.010735,1.556543,1.553642
0.977650,0.802139,1.558657,1.556543
0.786477,0.830579,1.559222,1.558657
0.938834,0.965963,1.559006,1.559222
0.843429,0.811089,1.558092,1.559006
0.955432,0.841407,1.557124,1.558092
0.858212,0.982681,1.556296,1.557124
0.963733,0.829191,1.555833,1.556296
0.861995,1.015967,1.555868,1.555833
1.004197,0.987875,1.556191,1.555868
0.946357,0.848672,1.556684,1.556191
0.839818,0.989328,1.557118,1.556684
0.988761,0.823751,1.557564,1.557118
0.786575,0.832050,1.557900,1.557564
0.579294,0.988471,1.558230,1.557900
0.549250,0.806703,1.558582,1.558230
0.651354,0.828619,1.558809,1.558582
0.732837,0.979931,1.558995,1.558809
0.970459,0.819804,1.559256,1.558995
0.784432,0.838341,1.559605,1.559256
0.789734,0.983638,1.560083,1.559605
0.982289,0.812319,1.559662,1.560083
0.859698,0.835359,1.559791,1.559662
1.107981,0.941933,1.562122,1.559791
1.137364,0.750245,1.564320,1.562122
0.805513,0.714967,1.565040,1.564320
0.738606,0.783967,1.565104,1.565040
0.753553,0.725058,1.564732,1.565104
0.679592,0.667209,1.564348,1.564732
0.591551,0.524228,1.564411,1.564348
0.492926,0.574454,1.564760,1.564411
0.541031,0.528442,1.565315,1.564760
0.478143,0.391712,1.565623,1.565315
0.408259,0.429304,1.565460,1.565623
0.449788,0.359009,1.564099,1.565460
0.304621,0.330040,1.561386,1.564099
0.200350,0.345979,1.560469,1.561386
0.367250,0.301575,1.573067,1.560469
0.406134,0.292769,1.601617,1.573067
0.427453,0.258496,1.647792,1.601617
0.496196,0.223648,1.713526,1.647792
0.329063,0.297377,1.763520,1.713526
0.452082,0.327848,1.829576,1.763520
0.518661,0.275547,1.922704,1.829576
0.342911,0.394912,2.018813,1.922704
0.252691,0.359768,2.146624,2.018813
0.169853,0.389331,2.270602,2.146624
0.270474,0.596091,2.408006,2.270602
0.393511,0.568029,2.572498,2.408006
0.688882,0.654681,2.701117,2.572498
0.830707,0.880880,2.811972,2.701117
1.031299,0.746629,2.909562,2.811972
1.054359,0.965679,2.969531,2.909562
1.282401,0.926153,3.026211,2.969531
1.079104,0.801263,3.070757,3.026211
0.863275,0.913134,3.102312,3.070757
0.938381,0.910104,3.131769,3.102312
0.914376,0.936689,3.132384,3.131769
0.861183,0.765625,3.124051,3.132384
0.760145,0.787652,3.126737,3.124051
0.713403,0.915178,3.136455,3.126737
0.915949,0.799621,3.134614,3.136455
0.727058,0.823117,3.124684,3.134614
0.742958,0.957958,3.118728,3.124684
0.971441,0.816985,3.117377,3.118728
0.784802,0.828625,3.119349,3.117377
0.788725,0.981046,3.122808,3.119349
0.978662,0.808541,3.126815,3.122808
0.780487,0.824785,3.129207,3.126815
0.939794,0.965307,3.130458,3.129207
0.846262,0.839008,3.130631,3.130458
0.952124,0.841600,3.130136,3.130631
0.860864,0.974405,3.129418,3.130136
0.950705,0.830189,3.128685,3.129418
0.844431,0.811858,3.128327,3.128685
0.788761,0.960184,3.128102,3.128327
0.981995,0.841299,3.128151,3.128102
0.788407,0.873368,3.128261,3.128151
0.788250,0.981241,3.128531,3.128261
0.983991,0.812588,3.128833,3.128531
0.793403,0.843464,3.129012,3.128833
0.787923,0.997702,3.129060,3.129012
0.991462,0.784905,3.129102,3.129060
0.792034,1.020178,3.129169,3.129102
0.985222,0.980714,3.129294,3.129169
0.974457,0.819872,3.129453,3.129294
0.781342,0.988084,3.129710,3.129453
0.975589,0.824130,3.130035,3.129710
0.779175,0.833654,3.130400,3.130035
0.950760,0.962547,3.130460,3.130400
1.079147,0.801799,3.131335,3.130460
1.024865,0.808195,3.132931,3.131335
0.979672,0.940604,3.133901,3.132931
0.962809,0.667913,3.134084,3.133901
0.673348,0.633538,3.133873,3.134084
0.602757,0.691421,3.133716,3.133873
0.662652,0.563692,3.133512,3.133716
0.483689,0.521494,3.133237,3.133512
0.445741,0.568119,3.132637,3.133237
0.511093,0.432683,3.131521,3.132637
0.390716,0.487519,3.130699,3.131521
0.461744,0.416111,3.130273,3.130699
0.426052,0.340014,3.130894,3.130273
0.314998,0.378192,3.132294,3.130894
0.355608,0.332991,3.134635,3.132294
0.322728,0.288010,3.137132,3.134635
0.299888,0.223639,3.138973,3.137132
0.225133,0.220121,3.139581,3.138973
0.211014,0.203261,3.139358,3.139581
0.231597,0.149399,3.138400,3.139358
0.155613,0.138471,3.137396,3.138400
0.145424,0.185858,3.136542,3.137396
0.124975,0.116893,3.135969,3.136542
0.088237,0.109556,3.135839,3.135969
0.080159,0.099033,3.135995,3.135839
0.076076,0.075832,3.136332,3.135995
0.061815,0.099462,3.136740,3.136332
0.067389,0.043560,3.136995,3.136740
0.062813,0.051219,3.137129,3.136995
0.079838,0.057818,3.137156,3.137129
0.077391,0.029122,3.137090,3.137156
0.055441,0.034089,3.137020,3.137090
0.000000,0.029301,3.136963,3.137020
0.000000,0.028630,3.137033,3.136963
0.016679,0.061067,3.137154,3.137033
0.000000,0.000000,0.000000,0.000000
0.000000,0.036448,2.055998,0.000000
0.022351,0.021899,2.047776,2.055998
0.025813,0.059315,2.041223,2.047776
0.037846,0.031894,2.036443,2.041223
0.032032,0.026209,2.040101,2.036443
0.000000,0.033604,2.053255,2.040101
0.000000,0.023832,2.057472,2.053255
0.000000,0.037125,2.056921,2.057472
0.000000,0.027311,2.057273,2.056921
0.000000,0.048836,2.058019,2.057273
0.000000,0.040819,2.058905,2.058019
0.000000,0.046350,2.060379,2.058905
0.000000,0.040620,2.061338,2.060379
0.023361,0.025533,2.050532,2.061338
0.031584,0.015916,2.047384,2.050532
0.033781,0.031895,2.045137,2.047384
0.036047,0.017339,2.043117,2.045137
0.031005,0.036546,2.042354,2.043117
0.041439,0.028277,2.042344,2.042354
0.064433,0.041128,2.043224,2.042344
0.062336,0.043293,2.045209,2.043224
0.066845,0.024412,2.047406,2.045209
0.085624,0.049288,2.049272,2.047406
0.069444,0.030749,2.050738,2.049272
0.076131,0.053225,2.052160,2.050738
0.104600,0.044318,2.052620,2.052160
0.090941,0.016745,2.053001,2.052620
0.112040,0.049821,2.055101,2.053001
0.088388,0.023627,2.059423,2.055101
0.081006,0.030640,2.063461,2.059423
0.059434,0.075610,2.064521,2.063461
0.055355,0.046602,2.062278,2.064521
0.040423,0.029445,2.059186,2.062278
0.065612,0.051932,2.054635,2.059186
0.051976,0.011108,2.050987,2.054635
0.045310,0.032027,2.050443,2.050987
0.154328,0.064610,2.030694,2.050443
0.136760,0.059330,1.999197,2.030694
0.099425,0.180545,1.940173,1.999197
0.059578,0.220520,1.828640,1.940173
0.192075,0.296951,1.713544,1.828640
0.308940,0.495958,1.603245,1.713544
0.480329,0.426019,1.505959,1.603245
0.494170,0.576340,1.440959,1.505959
0.516239,0.736464,1.370366,1.440959
0.598489,0.839610,1.252251,1.370366
0.714022,0.889985,1.091361,1.252251
0.884109,0.765900,0.907626,1.091361
0.602440,1.006367,0.752748,0.907626
1.152138,0.996575,0.579735,0.752748
1.231326,0.807118,0.433805,0.579735
0.918970,0.938995,0.332765,0.433805
1.047416,0.811245,0.241130,0.332765
0.794515,0.809273,0.181801,0.241130
0.878154,0.922926,0.136705,0.181801
0.743046,0.814473,0.104369,0.136705
0.810904,0.791658,0.091414,0.104369
0.713840,0.904018,0.086737,0.091414
0.802245,0.786226,0.086366,0.086737
0.725747,0.785104,0.086067,0.086366
0.675490,0.978125,0.083629,0.086067
0.882970,0.819021,0.076620,0.083629
0.771154,0.845760,0.068408,0.076620
0.810383,0.948398,0.061237,0.068408
1.015294,0.851007,0.056008,0.061237
0.809322,0.838474,0.054378,0.056008
0.800708,1.000694,0.053788,0.054378
0.987590,0.824650,0.054324,0.053788
0.796366,0.821136,0.055383,0.054324
0.929077,0.994516,0.056710,0.055383
0.828353,0.852405,0.058050,0.056710
0.924073,0.853985,0.058533,0.058050
0.825351,0.955787,0.058631,0.058533
0.919051,0.801215,0.058721,0.058631
0.831916,0.850998,0.059224,0.058721
0.780924,0.969714,0.059735,0.059224
0.986985,0.827875,0.059638,0.059735
0.784860,0.864620,0.058779,0.059638
0.789899,0.977007,0.058003,0.058779
0.990962,0.806633,0.056608,0.058003
0.787601,0.859222,0.055370,0.056608
0.804063,0.966069,0.054695,0.055370
0.991826,0.849241,0.054454,0.054695
0.785296,0.818210,0.054725,0.054454
0.927212,0.953735,0.055508,0.054725
0.825616,0.810909,0.056831,0.055508
0.925425,0.844652,0.038779,0.056831
0.898118,0.952303,0.017982,0.038779
1.065202,0.775635,0.087332,0.017982
0.950645,0.775781,0.116584,0.087332
0.836027,0.857026,0.127166,0.116584
0.891185,0.644450,0.127256,0.127166
0.635040,0.622142,0.121869,0.127256
0.575533,0.698134,0.113773,0.121869
0.651327,0.523201,0.103697,0.113773
0.478348,0.517933,0.096369,0.103697
0.447377,0.532333,0.090434,0.096369
0.516405,0.441704,0.085480,0.090434
0.473250,0.413935,0.082202,0.085480
0.446671,0.334460,0.079597,0.082202
0.329195,0.327575,0.058630,0.079597
0.247918,0.368208,0.047086,0.058630
0.255266,0.273310,0.074638,0.047086
0.319354,0.285365,0.147616,0.074638
0.435896,0.301841,0.230106,0.147616
0.431355,0.223622,0.304015,0.230106
0.271621,0.239478,0.310113,0.304015
0.309922,0.281243,0.270953,0.310113
0.517818,0.292490,0.259578,0.270953
0.436599,0.296311,0.326207,0.259578
0.289691,0.408051,0.426800,0.326207
0.318895,0.361750,0.572182,0.426800
0.236197,0.457818,0.694981,0.572182
0.339504,0.647977,0.821507,0.694981
0.592049,0.597947,0.968417,0.821507
0.582180,0.709116,1.084587,0.968417
0.629663,0.888026,1.190255,1.084587
0.976259,0.775410,1.291029,1.190255
0.886844,0.833255,1.359276,1.291029
0.996971,0.935113,1.417116,1.359276
0.983073,0.787900,1.471168,1.417116
0.699552,0.805487,1.507897,1.471168
0.695515,0.929818,1.539156,1.507897
0.790887,0.780385,1.567767,1.539156
0.650651,0.798561,1.583945,1.567767
0.678786,0.893269,1.591802,1.583945
0.894728,0.793946,1.588900,1.591802
0.743806,0.788731,1.578783,1.588900
0.761131,0.954834,1.566223,1.578783
0.967505,0.806412,1.554040,1.566223
0.777209,0.819408,1.548002,1.554040
0.794581,0.946154,1.545984,1.548002
0.998290,0.811105,1.547905,1.545984
0.798680,0.833747,1.551369,1.547905
0.942562,0.945861,1.555044,1.551369
0.983473,0.840868,1.558258,1.555044
0.781422,0.832149,1.559589,1.558258
0.828223,0.997954,1.559886,1.559589
0.991790,0.817826,1.559307,1.559886
0.795958,0.853469,1.558516,1.559307
0.794452,0.974695,1.557834,1.558516
1.008394,0.825191,1.557535,1.557834
0.816409,0.860988,1.557759,1.557535
0.823010,0.999216,1.558370,1.557759
1.018478,0.811226,1.559127,1.558370
0.801612,0.829815,1.559627,1.559127
0.809677,0.960369,1.560049,1.559627
0.997523,0.829782,1.560162,1.560049
0.794875,0.849361,1.560130,1.560162
0.939359,0.987931,1.559966,1.560130
0.978519,0.838006,1.559741,1.559966
0.803147,0.827017,1.559700,1.559741
0.852619,0.976784,1.559863,1.559700
0.983184,0.800916,1.560555,1.559863
0.785135,0.843695,1.561315,1.560555
0.781546,0.980868,1.561777,1.561315
1.035968,0.812449,1.561735,1.561777
0.907206,0.825285,1.563661,1.561735
0.950106,0.933187,1.566331,1.563661
1.071765,0.725656,1.567878,1.566331
0.768416,0.691912,1.568306,1.567878
0.684226,0.748198,1.568467,1.568306
0.751125,0.560113,1.568559,1.568467
0.552234,0.550814,1.568573,1.568559
0.606078,0.601274,1.568627,1.568573
0.576029,0.454714,1.568969,1.568627
0.421682,0.445696,1.569543,1.568969
0.419723,0.448451,1.570617,1.569543
0.458908,0.374907,1.573040,1.570617
0.338982,0.369065,1.575556,1.573040
0.286400,0.346380,1.578079,1.575556
0.256026,0.312974,1.581306,1.578079
0.278638,0.295666,1.578475,1.581306
0.394728,0.336712,1.567645,1.578475
0.516665,0.229753,1.542602,1.567645
0.368882,0.215961,1.500805,1.542602
0.333762,0.291255,1.441794,1.500805
0.351989,0.288636,1.356488,1.441794
0.286237,0.288739,1.276116,1.356488
0.230382,0.378831,1.189603,1.276116
0.151568,0.445468,1.088470,1.189603
0.227172,0.489614,0.969432,1.088470
0.340577,0.537440,0.829855,0.969432
0.604420,0.588568,0.701245,0.829855
0.690074,0.757438,0.559793,0.701245
0.856947,0.714954,0.407369,0.559793
0.846897,0.962822,0.298855,0.407369
1.091482,0.945418,0.194351,0.298855
1.054363,0.825956,0.126476,0.194351
0.861297,0.955513,0.086196,0.126476
0.930135,0.790335,0.062264,0.086196
0.709778,0.769715,0.062068,0.062264
0.689650,0.941178,0.069646,0.062068
0.864904,0.794121,0.076786,0.069646
0.706837,0.803444,0.078199,0.076786
0.722757,0.945496,0.076542,0.078199
0.940423,0.809904,0.073941,0.076542
0.770620,0.805688,0.073814,0.073941
0.782270,0.978285,0.074829,0.073814
0.986894,0.792549,0.075485,0.074829
0.794861,0.806142,0.074790,0.075485
0.950298,0.994507,0.072823,0.074790
1.001672,0.833924,0.069836,0.072823
0.792544,1.015128,0.067588,0.069836
0.974914,0.952924,0.065741,0.067588
0.965783,0.854257,0.064937,0.065741
0.826547,0.941527,0.064426,0.064937
0.933197,0.805282,0.063988,0.064426
0.834804,0.857202,0.064065,0.063988
0.782852,0.995287,0.064381,0.064065
0.969890,0.807663,0.064484,0.064381
0.783659,0.843443,0.064372,0.064484
0.797256,0.999658,0.064271,0.064372
1.003240,0.808226,0.064217,0.064271
0.798460,0.843733,0.064107,0.064217
0.795016,0.980593,0.063872,0.064107
0.993506,0.824375,0.063219,0.063872
0.786639,0.821939,0.062496,0.063219
0.914401,0.986094,0.061663,0.062496
0.817258,0.835423,0.060872,0.061663
0.923054,0.834699,0.060960,0.060872
0.827760,1.005549,0.061369,0.060960
0.929098,0.810216,0.061225,0.061369
0.829205,1.018559,0.060664,0.061225
0.985572,0.993078,0.042174,0.060664
0.983190,0.846644,0.025489,0.042174
0.976610,0.928127,0.087234,0.025489
1.083725,0.762942,0.121911,0.087234
0.786997,0.722966,0.130698,0.121911
0.697491,0.770872,0.130053,0.130698
0.785755,0.606080,0.122723,0.130053
0.565826,0.569223,0.114210,0.122723
0.512380,0.592594,0.105291,0.114210
0.571763,0.481849,0.095792,0.105291
0.426828,0.425334,0.089156,0.095792
0.408754,0.490609,0.083930,0.089156
0.473039,0.391947,0.079747,0.083930
0.357506,0.371991,0.077255,0.079747
0.399527,0.350703,0.057075,0.077255
0.300739,0.308402,0.032946,0.057075
0.210185,0.299312,0.059170,0.032946
0.351025,0.330951,0.139753,0.059170
0.549776,0.272068,0.244199,0.139753
0.428723,0.229808,0.317407,0.244199
0.393041,0.320672,0.345903,0.317407
0.475954,0.265229,0.333173,0.345903
0.469000,0.294769,0.344441,0.333173
0.479765,0.379052,0.416387,0.344441
0.460786,0.337860,0.537181,0.416387
0.292064,0.390120,0.661427,0.537181
0.248418,0.539440,0.793030,0.661427
0.491430,0.518508,0.949623,0.793030
0.541115,0.616552,1.076402,0.949623
0.724865,0.840939,1.192507,1.076402
0.992583,0.760697,1.299711,1.192507
0.853960,0.785291,1.365778,1.299711
0.989615,0.927106,1.418534,1.365778
1.142375,0.793906,1.469281,1.418534
0.856111,0.789623,1.504862,1.469281
0.782563,0.940067,1.536011,1.504862
0.886312,0.782307,1.565163,1.536011
0.687264,0.791933,1.582460,1.565163
0.682515,0.913700,1.591799,1.582460
0.881094,0.780234,1.590246,1.591799
0.741652,0.808249,1.579517,1.590246
0.761329,0.931686,1.565552,1.579517
0.973364,0.814302,1.552045,1.565552
0.784667,0.818237,1.545680,1.552045
0.929141,0.965877,1.543997,1.545680
0.994779,0.824600,1.546479,1.543997
0.799118,0.838762,1.550236,1.546479
0.841769,0.985390,1.554042,1.550236
0.988507,0.820928,1.557258,1.554042
0.791783,0.838858,1.558540,1.557258
0.803635,0.989949,1.558836,1.558540
0.998016,0.805984,1.558312,1.558836
0.797363,0.847519,1.557588,1.558312
0.797213,0.960157,1.557009,1.557588
1.010757,0.822253,1.556853,1.557009
0.808181,0.846296,1.557105,1.556853
0.806421,1.013400,1.557714,1.557105
1.003021,0.801598,1.558694,1.557714
0.797995,0.841947,1.559427,1.558694
0.942336,0.975500,1.560061,1.559427
0.997616,0.839164,1.560624,1.560061
0.799290,0.838565,1.560852,1.560624
0.854474,0.989257,1.560884,1.560852
1.002514,0.814580,1.560849,1.560884
0.796630,0.857472,1.560831,1.560849
0.798288,0.970510,1.560793,1.560831
0.994834,1.012548,1.560667,1.560793
1.026988,0.966763,1.560526,1.560667
0.997924,0.827559,1.560392,1.560526
0.790124,0.865312,1.559650,1.560392
0.854121,0.959460,1.559130,1.559650
1.189884,0.797509,1.561610,1.559130
0.918597,0.764159,1.564049,1.561610
0.821653,0.832372,1.565314,1.564049
0.873208,0.638106,1.566090,1.565314
0.627753,0.603212,1.566530,1.566090
0.683328,0.676985,1.567039,1.566530
0.548226,0.556809,1.568074,1.567039
0.567964,0.500811,1.569642,1.568074
0.470834,0.537645,1.571759,1.569642
0.496407,0.395881,1.574387,1.571759
0.418105,0.390865,1.576742,1.574387
0.368832,0.435405,1.579330,1.576742
0.423303,0.325267,1.581931,1.579330
0.260568,0.309244,1.584805,1.581931
0.216482,0.350351,1.586910,1.584805
0.433619,0.282023,1.581408,1.586910
0.383728,0.259310,1.568133,1.581408
0.314392,0.261766,1.542595,1.568133
0.418227,0.222706,1.485730,1.542595
0.336363,0.264486,1.423592,1.485730
0.437496,0.305041,1.347185,1.423592
0.491784,0.290703,1.248768,1.347185
0.421785,0.315448,1.164893,1.248768
0.467813,0.462878,1.077519,1.164893
0.244360,0.426762,0.956469,1.077519
0.075567,0.513640,0.839021,0.956469
0.156157,0.714490,0.704194,0.839021
0.532590,0.681889,0.537573,0.704194
0.545929,0.773429,0.409817,0.537573
0.684342,0.932137,0.297544,0.409817
0.910450,0.769941,0.196476,0.297544
0.780612,0.816687,0.139993,0.196476
0.728987,0.963116,0.098452,0.139993
0.824612,0.810497,0.069542,0.098452
0.657234,0.805919,0.062058,0.069542
0.801567,0.947963,0.065110,0.062058
0.713727,0.748878,0.071489,0.065110
0.829342,0.940201,0.074302,0.071489
0.924122,0.980937,0.073156,0.074302
0.794322,0.805789,0.071246,0.073156
0.903743,0.956330,0.071743,0.071246
0.957179,0.841466,0.073600,0.071743
0.776848,0.824757,0.074488,0.073600
0.828365,0.946668,0.074012,0.074488
0.980143,0.818921,0.072263,0.074012
0.787793,0.843751,0.070265,0.072263
0.789248,0.959551,0.068050,0.070265
0.992997,0.835399,0.065787,0.068050
0.790031,0.824606,0.064096,0.065787
0.793368,1.009028,0.063172,0.064096
0.985447,0.810976,0.063158,0.063172
0.793274,0.816406,0.063591,0.063158
0.798361,0.974845,0.063874,0.063591
0.999626,0.841820,0.063813,0.063874
0.792171,0.826951,0.063694,0.063813
0.946117,1.001035,0.063491,0.063694
0.992302,0.820028,0.063602,0.063491
0.793039,0.842344,0.063992,0.063602
0.843738,1.017496,0.064611,0.063992
0.985337,1.008641,0.065341,0.064611
0.988761,0.964615,0.064929,0.065341
0.936233,0.842934,0.063172,0.064929
0.846759,0.834196,0.061361,0.063172
0.801663,1.003463,0.059534,0.061361
1.006216,0.842542,0.058199,0.059534
0.802080,0.806919,0.057436,0.058199
0.802530,0.994660,0.057137,0.057436
1.009961,0.815143,0.030717,0.057137
0.877266,0.845623,0.030626,0.030717
0.917761,0.958841,0.090932,0.030626
1.129203,0.754072,0.123740,0.090932
0.810350,0.729188,0.131354,0.123740
0.823697,0.779295,0.129683,0.131354
0.644686,0.589532,0.121185,0.129683
0.646840,0.591444,0.111669,0.121185
0.522565,0.580159,0.101627,0.111669
0.526571,0.468387,0.091198,0.101627
0.440362,0.547770,0.084115,0.091198
0.484491,0.481002,0.077599,0.084115
0.431954,0.382351,0.073256,0.077599
0.354198,0.345911,0.068941,0.073256
0.354483,0.393095,0.028256,0.068941
0.247146,0.378214,0.018894,0.028256
0.309687,0.267779,0.101792,0.018894
0.427031,0.264109,0.187448,0.101792
0.433061,0.270108,0.269399,0.187448
0.440772,0.238398,0.318703,0.269399
0.344767,0.238164,0.306353,0.318703
0.363901,0.295207,0.283269,0.306353
0.608865,0.293443,0.339865,0.283269
0.398100,0.316975,0.432569,0.339865
0.314309,0.447913,0.548366,0.432569
0.303542,0.437963,0.695649,0.548366
0.295402,0.539001,0.819192,0.695649
0.494458,0.696130,0.947621,0.819192
0.844461,0.655214,1.089281,0.947621
0.793018,0.719294,1.193995,1.089281
1.086377,0.913964,1.282900,1.193995
1.156987,0.788853,1.364458,1.282900
0.952556,0.805929,1.420083,1.364458
0.937154,0.949614,1.466802,1.420083
0.967025,0.776395,1.511011,1.466802
0.718136,0.786292,1.541199,1.511011
0.679652,0.923423,1.565849,1.541199
0.864271,0.783671,1.585501,1.565849
0.715876,0.802615,1.593134,1.585501
0.731010,0.935006,1.591377,1.593134
0.813433,0.796037,1.579753,1.591377
0.719567,0.820985,1.567345,1.579753
0.747465,0.955771,1.556503,1.567345
0.955564,0.806192,1.548953,1.556503
0.771578,0.814384,1.547193,1.548953
0.921463,0.965170,1.548698,1.547193
0.986416,0.822021,1.552550,1.548698
0.781901,0.850951,1.555947,1.552550
0.819170,0.971481,1.558492,1.555947
0.970352,0.831591,1.559762,1.558492
0.780893,0.830024,1.559729,1.559762
0.794007,0.962273,1.559004,1.559729
1.015156,0.810683,1.557945,1.559004
0.803800,1.002894,1.557264,1.557945
1.005274,0.977019,1.556916,1.557264
1.009251,0.856751,1.557015,1.556916
0.808584,0.965085,1.557271,1.557015
1.015951,0.820864,1.557692,1.557271
0.812735,1.005841,1.557969,1.557692
1.009840,0.994745,1.558172,1.557969
0.991252,0.832084,1.557954,1.558172
0.795549,0.980310,1.557553,1.557954
0.994875,0.834488,1.557049,1.557553
0.793194,0.850319,1.556771,1.557049
0.790917,0.978476,1.556628,1.556771
1.014731,0.815619,1.556748,1.556628
0.800797,0.872316,1.557118,1.556748
0.653037,0.969082,1.557776,1.557118
0.385221,0.818773,1.558296,1.557776
0.583720,0.836316,1.558900,1.558296
0.892191,0.957077,1.562021,1.558900
1.135777,0.771459,1.566052,1.562021
0.837248,0.724240,1.567887,1.566052
0.729080,0.798935,1.568632,1.567887
0.778233,0.604943,1.568634,1.568632
0.569812,0.567391,1.568398,1.568634
0.524040,0.616509,1.568196,1.568398
0.592758,0.494825,1.568053,1.568196
0.448333,0.460392,1.567885,1.568053
0.412479,0.488388,1.567555,1.567885
0.469919,0.376143,1.567045,1.567555
0.353332,0.369977,1.567023,1.567045
0.404840,0.402525,1.567255,1.567023
0.333250,0.288952,1.568068,1.567255
0.199395,0.303208,1.572062,1.568068
0.329598,0.336960,1.587712,1.572062
0.524558,0.314632,1.626389,1.587712
0.488992,0.277776,1.685744,1.626389
0.369674,0.233348,1.749627,1.685744
0.323943,0.253499,1.797359,1.749627
0.380751,0.316768,1.858191,1.797359
0.507364,0.291007,1.957453,1.858191
0.291522,0.339213,2.054183,1.957453
0.211821,0.448932,2.165926,2.054183
0.204997,0.432626,2.316827,2.165926
0.245502,0.512044,2.453362,2.316827
0.392668,0.710844,2.594482,2.453362
0.688487,0.657467,2.743647,2.594482
0.835815,0.869744,2.843952,2.743647
1.204757,0.940413,2.933872,2.843952
1.294938,0.817329,2.996948,2.933872
1.038886,0.942948,3.040057,2.996948
1.172203,0.789697,3.081635,3.040057
0.831854,0.799981,3.110649,3.081635
0.911251,0.917255,3.134524,3.110649
0.927842,0.770687,3.131249,3.134524
0.728565,0.771556,3.124361,3.131249
0.773137,0.904120,3.126244,3.124361
0.891298,0.783318,3.137228,3.126244
0.734360,0.824269,3.136162,3.137228
0.721784,0.968575,3.125963,3.136162
0.932702,0.768344,3.119209,3.125963
0.751851,0.803056,3.117963,3.119209
0.755768,0.965781,3.119789,3.117963
0.978501,0.809388,3.123919,3.119789
0.793542,0.840461,3.127301,3.123919
0.788833,0.979836,3.129764,3.127301
1.000166,0.806730,3.130994,3.129764
0.801269,0.830366,3.130878,3.130994
0.950074,0.998837,3.130152,3.130878
1.005395,0.811520,3.129087,3.130152
0.806491,1.024666,3.128330,3.129087
1.009347,0.988347,3.127921,3.128330
0.999426,0.830756,3.128019,3.127921
0.838337,0.950710,3.128299,3.128019
0.936133,0.823020,3.128498,3.128299
0.833098,0.819426,3.128820,3.128498
0.785108,0.948861,3.129211,3.128820
0.987708,0.832556,3.129516,3.129211
0.790266,0.851740,3.129560,3.129516
0.786337,0.999235,3.129549,3.129560
0.982032,0.840785,3.129483,3.129549
0.793108,0.839807,3.129479,3.129483
0.792246,0.989408,3.129715,3.129479
0.994308,0.837658,3.130057,3.129715
0.790476,0.855045,3.130278,3.130057
0.956412,0.976054,3.130638,3.130278
0.854711,0.836256,3.131083,3.130638
1.038573,0.835846,3.132070,3.131083
1.020252,0.969003,3.133844,3.132070
1.081956,0.735396,3.134868,3.133844
0.838890,0.699593,3.134816,3.134868
0.683386,0.777698,3.134349,3.134816
0.743155,0.591691,3.133801,3.134349
0.547320,0.555589,3.133546,3.133801
0.498850,0.611455,3.133529,3.133546
0.568725,0.475529,3.133857,3.133529
0.422001,0.445019,3.134472,3.133857
0.399644,0.469498,3.135271,3.134472
0.456164,0.361002,3.136235,3.135271
0.340377,0.362076,3.136947,3.136235
0.375279,0.347704,3.137731,3.136947
0.310735,0.303178,3.139367,3.137731
0.320977,0.250878,3.141856,3.139367
0.262187,0.301084,3.139702,3.141856
0.275138,0.191441,3.137404,3.139702
0.225921,0.213544,3.136783,3.137404
0.201014,0.225623,3.137182,3.136783
0.213348,0.147919,3.138319,3.137182
0.128136,0.160834,3.139423,3.138319
0.099220,0.157993,3.140324,3.139423
0.113132,0.092180,3.140812,3.140324
0.089900,0.142082,3.140783,3.140812
0.097994,0.097530,3.140330,3.140783
0.099027,0.051900,3.139772,3.140330
0.073512,0.088789,3.139362,3.139772
0.078408,0.032077,3.139023,3.139362
0.058055,0.028458,3.138819,3.139023
0.047723,0.036145,3.138780,3.138819
0.048437,0.026669,3.138873,3.138780
0.039515,0.005996,3.139011,3.138873
0.041989,0.024981,3.139124,3.139011
0.000000,0.000000,0.000000,0.000000
0.000000,0.033281,2.053794,0.000000
0.021420,0.040775,2.043191,2.053794
0.041722,0.040788,2.014904,2.043191
0.031675,0.025531,2.003183,2.014904
0.022191,0.043460,2.013930,2.003183
0.000000,0.009784,2.048838,2.013930
0.000000,0.011315,2.046710,2.048838
0.000000,0.039156,2.045514,2.046710
0.000000,0.032418,2.044974,2.045514
0.000000,0.044661,2.045305,2.044974
0.000000,0.041370,2.045412,2.045305
0.000000,0.017324,2.046033,2.045412
0.000000,0.006366,2.046417,2.046033
0.020031,0.015974,2.037552,2.046417
0.030827,0.018079,2.033673,2.037552
0.030206,0.003903,2.031238,2.033673
0.027457,0.042774,2.030629,2.031238
0.033900,0.016733,2.031296,2.030629
0.032206,0.039959,2.033340,2.031296
0.037570,0.040385,2.036005,2.033340
0.043216,0.034118,2.037886,2.036005
0.063732,0.030477,2.038526,2.037886
0.057741,0.030395,2.039021,2.038526
0.072164,0.044832,2.040269,2.039021
0.068110,0.053489,2.041217,2.040269
0.072841,0.032288,2.042586,2.041217
0.099381,0.040940,2.045796,2.042586
0.076879,0.021599,2.048706,2.045796
0.067544,0.044994,2.049566,2.048706
0.080087,0.015886,2.047739,2.049566
0.050975,0.032397,2.045038,2.047739
0.060853,0.066647,2.041850,2.045038
0.066666,0.021627,2.040463,2.041850
0.052895,0.032260,2.039593,2.040463
0.045398,0.021065,2.039901,2.039593
0.071764,0.039665,2.040821,2.039901
0.157638,0.039410,2.009118,2.040821
0.144655,0.080838,1.973901,2.009118
0.078737,0.149161,1.897148,1.973901
0.036309,0.244607,1.795760,1.897148
0.183603,0.367244,1.681870,1.795760
0.405576,0.398328,1.567338,1.681870
0.322002,0.529196,1.492695,1.567338
0.414156,0.653309,1.424581,1.492695
0.548094,0.639854,1.331264,1.424581
0.439762,0.756864,1.222511,1.331264
0.520871,0.903874,1.083597,1.222511
0.826530,0.775317,0.900415,1.083597
0.460122,0.831866,0.747280,0.900415
0.706220,0.989799,0.604240,0.747280
1.169485,0.776334,0.459041,0.604240
0.932812,0.813691,0.357072,0.459041
1.033645,0.956662,0.272089,0.357072
1.010985,0.794064,0.195407,0.272089
0.735653,0.793676,0.147209,0.195407
0.730065,0.928697,0.114131,0.147209
0.842155,0.773141,0.094335,0.114131
0.669560,0.789210,0.089355,0.094335
0.672749,0.964341,0.089318,0.089355
0.858956,0.806196,0.089004,0.089318
0.695912,0.818464,0.085540,0.089004
0.698510,0.946552,0.077965,0.085540
0.956240,0.820557,0.067261,0.077965
0.800787,0.803953,0.060846,0.067261
0.810394,0.992554,0.057428,0.060846
1.000763,0.814929,0.057186,0.057428
0.801041,0.869662,0.057338,0.057186
0.950063,0.952301,0.057280,0.057338
1.002226,0.814571,0.056880,0.057280
0.790969,0.857795,0.056791,0.056880
0.840350,0.966851,0.057121,0.056791
0.987544,0.825388,0.057853,0.057121
0.788780,0.843668,0.058540,0.057853
0.796103,0.944420,0.059325,0.058540
0.993287,0.828875,0.059614,0.059325
0.792646,0.819963,0.060232,0.059614
0.798148,0.987725,0.060983,0.060232
0.990242,0.818117,0.061922,0.060983
0.790142,0.847503,0.062520,0.061922
0.795665,1.004847,0.062834,0.062520
1.007780,0.827504,0.062627,0.062834
0.802222,0.844799,0.061799,0.062627
0.951948,0.973903,0.060285,0.061799
0.995039,0.801347,0.058441,0.060285
0.788478,0.847821,0.057342,0.058441
0.842886,0.992387,0.057034,0.057342
0.993592,0.820388,0.047473,0.057034
0.837793,0.835159,0.008767,0.047473
0.897461,0.969918,0.066377,0.008767
1.150576,0.764920,0.115559,0.066377
0.851630,0.752500,0.129653,0.115559
0.765414,0.784969,0.131278,0.129653
0.828832,0.619648,0.124871,0.131278
0.602365,0.591483,0.116164,0.124871
0.551217,0.630291,0.106452,0.116164
0.622117,0.489625,0.096179,0.106452
0.457827,0.456720,0.089342,0.096179
0.509394,0.492423,0.083717,0.089342
0.494157,0.351438,0.079040,0.083717
0.377010,0.356544,0.076870,0.079040
0.359136,0.409834,0.069897,0.076870
0.330287,0.304525,0.039771,0.069897
0.186892,0.303807,0.045689,0.039771
0.251228,0.345530,0.090665,0.045689
0.493364,0.268778,0.185467,0.090665
0.429633,0.257961,0.264582,0.185467
0.381510,0.267114,0.309121,0.264582
0.353160,0.273943,0.293818,0.309121
0.407740,0.319644,0.257072,0.293818
0.529363,0.316575,0.312748,0.257072
0.364221,0.309799,0.402643,0.312748
0.295211,0.464940,0.521862,0.402643
0.370477,0.417291,0.666851,0.521862
0.323199,0.505208,0.787743,0.666851
0.499258,0.743557,0.912925,0.787743
0.395211,0.665163,1.053982,0.912925
0.599339,0.749999,1.161487,1.053982
0.764255,0.915671,1.254274,1.161487
0.934792,0.806029,1.339718,1.254274
0.820253,0.829652,1.398133,1.339718
0.727921,0.962521,1.448215,1.398133
0.871971,0.785616,1.496403,1.448215
0.682582,0.800993,1.530079,1.496403
0.483902,0.932395,1.558468,1.530079
0.756281,0.788468,1.582023,1.558468
0.656293,0.811393,1.592314,1.582023
0.695624,0.907530,1.593120,1.592314
0.915283,0.792820,1.583068,1.593120
0.755455,0.983070,1.570621,1.583068
0.974425,0.961997,1.557027,1.570621
0.979393,0.830364,1.549566,1.557027
0.798073,0.942321,1.547966,1.549566
1.001499,1.017019,1.550184,1.547966
1.008466,0.979053,1.554515,1.550184
1.001734,0.838416,1.558549,1.554515
0.804949,0.830353,1.560688,1.558549
0.944463,0.956831,1.561578,1.560688
0.838174,0.819085,1.561080,1.561578
0.950295,0.855771,1.559986,1.561080
0.842882,0.947341,1.558735,1.559986
0.951171,0.806434,1.557670,1.558735
0.861976,0.849465,1.557134,1.557670
0.725128,0.972462,1.557009,1.557134
0.975658,0.825540,1.557292,1.557009
0.796611,0.841101,1.557806,1.557292
0.793459,1.017921,1.558422,1.557806
1.002787,0.824077,1.559242,1.558422
0.811114,0.840950,1.559887,1.559242
0.807790,0.967031,1.560365,1.559887
1.008821,0.814608,1.560830,1.560365
0.802401,0.854222,1.561021,1.560830
0.949702,0.992364,1.561189,1.561021
0.838528,0.825955,1.561424,1.561189
0.930504,0.846827,1.561731,1.561424
0.859028,0.973104,1.562200,1.561731
0.961843,0.814572,1.562142,1.562200
0.919334,0.825528,1.562782,1.562142
0.939018,0.951868,1.565699,1.562782
1.129886,0.750750,1.568306,1.565699
0.808238,0.728250,1.568755,1.568306
0.722394,0.783473,1.568074,1.568755
0.796708,0.597846,1.566984,1.568074
0.586300,0.566853,1.566262,1.566984
0.530565,0.632101,1.566052,1.566262
0.601756,0.456832,1.566857,1.566052
0.434546,0.453816,1.568483,1.566857
0.473468,0.484576,1.570984,1.568483
0.389570,0.342382,1.574923,1.570984
0.414438,0.337919,1.579068,1.574923
0.333974,0.389362,1.583191,1.579068
0.295546,0.302663,1.588588,1.583191
0.228019,0.317803,1.590632,1.588588
0.334419,0.346827,1.585266,1.590632
0.528333,0.258723,1.567704,1.585266
0.426102,0.246325,1.540269,1.567704
0.388996,0.314448,1.490310,1.540269
0.408624,0.242464,1.415105,1.490310
0.253933,0.286784,1.339264,1.415105
0.262529,0.343384,1.254992,1.339264
0.182996,0.356866,1.154602,1.254992
0.204509,0.366816,1.068476,1.154602
0.240081,0.528262,0.965424,1.068476
0.328231,0.521051,0.824662,0.965424
0.497042,0.632696,0.693028,0.824662
0.582578,0.806538,0.550250,0.693028
0.812464,0.721596,0.398324,0.550250
0.884570,0.773449,0.291493,0.398324
0.885773,0.964342,0.204879,0.291493
1.095794,0.790999,0.135656,0.204879
0.843616,0.820517,0.093895,0.135656
0.769333,0.939306,0.067881,0.093895
0.895384,0.788238,0.062447,0.067881
0.697189,0.812853,0.070102,0.062447
0.690946,0.889046,0.077138,0.070102
0.880255,0.781237,0.079641,0.077138
0.725487,0.819842,0.078202,0.079641
0.890430,0.957793,0.075711,0.078202
0.819614,0.780798,0.074937,0.075711
0.931468,0.817663,0.075015,0.074937
0.849180,0.966080,0.074890,0.075015
0.958605,0.782948,0.073577,0.074890
0.854157,0.850503,0.072092,0.073577
0.801344,0.965025,0.070947,0.072092
0.987713,0.797959,0.070158,0.070947
0.784107,0.821148,0.069529,0.070158
0.770097,0.990041,0.068705,0.069529
0.968707,0.796929,0.067892,0.068705
0.791701,0.858607,0.067450,0.067892
0.795069,1.019567,0.066667,0.067450
0.989555,0.825863,0.064863,0.066667
0.795757,0.843926,0.062874,0.064863
0.948238,0.977736,0.061191,0.062874
0.848691,0.811653,0.059837,0.061191
0.960754,0.848868,0.059535,0.059837
0.857181,0.983183,0.059352,0.059535
0.956037,0.813752,0.059550,0.059352
0.846577,0.855646,0.059910,0.059550
0.791825,0.980318,0.060493,0.059910
0.982677,0.862001,0.061457,0.060493
0.782173,0.796479,0.062230,0.061457
0.779711,1.001267,0.062967,0.062230
0.971915,0.803458,0.063599,0.062967
0.779339,1.035024,0.063575,0.063599
0.979648,0.952717,0.063240,0.063575
0.945564,0.845060,0.053533,0.063240
0.824360,0.978540,0.009873,0.053533
1.089990,0.789910,0.071375,0.009873
0.899319,0.786888,0.110489,0.071375
0.844508,0.840261,0.125519,0.110489
0.909958,0.681900,0.127545,0.125519
0.660013,0.660767,0.123015,0.127545
0.715129,0.672189,0.115865,0.123015
0.675770,0.513487,0.106271,0.115865
0.499713,0.521145,0.098432,0.106271
0.487503,0.530404,0.091486,0.098432
0.528058,0.414757,0.084995,0.091486
0.389406,0.375647,0.080897,0.084995
0.362144,0.419007,0.078348,0.080897
0.408618,0.331384,0.064882,0.078348
0.262309,0.323265,0.041775,0.064882
0.197020,0.324544,0.064757,0.041775
0.397976,0.291078,0.151942,0.064757
0.428548,0.246829,0.239924,0.151942
0.464413,0.312978,0.324418,0.239924
0.532828,0.241600,0.372426,0.324418
0.413451,0.262766,0.374316,0.372426
0.549143,0.338653,0.386165,0.374316
0.660831,0.283328,0.467871,0.386165
0.371795,0.414683,0.570916,0.467871
0.286210,0.450216,0.724143,0.570916
0.296114,0.444251,0.890010,0.724143
0.419316,0.605539,1.031642,0.890010
0.614482,0.607096,1.183195,1.031642
0.617632,0.678426,1.286299,1.183195
0.811632,0.875228,1.364710,1.286299
1.163225,0.801248,1.426740,1.364710
0.981941,0.805364,1.464403,1.426740
0.953702,0.952140,1.497021,1.464403
1.056397,0.792784,1.529663,1.497021
0.767232,0.800596,1.553202,1.529663
0.716628,0.919011,1.572745,1.553202
0.862609,0.782960,1.586687,1.572745
0.697756,0.833467,1.588718,1.586687
0.850000,0.929635,1.580967,1.588718
0.790838,0.764092,1.565683,1.580967
0.922193,0.799527,1.553834,1.565683
0.835974,0.974367,1.545853,1.553834
0.936124,0.786699,1.542708,1.545853
0.837437,0.847142,1.544205,1.542708
0.797592,0.987805,1.547809,1.544205
0.993804,0.808641,1.552563,1.547809
0.793712,0.841276,1.555785,1.552563
0.791310,0.968925,1.557788,1.555785
0.989591,0.831693,1.558577,1.557788
0.801741,0.987616,1.558421,1.558577
0.999374,0.951755,1.557936,1.558421
1.001822,0.839591,1.557551,1.557936
0.801347,0.959926,1.557635,1.557551
1.008122,0.836906,1.558307,1.557635
0.800431,0.845855,1.559093,1.558307
0.794534,1.015595,1.559970,1.559093
0.987594,0.827197,1.560756,1.559970
0.790527,0.848290,1.561227,1.560756
0.939802,0.966213,1.561480,1.561227
0.982895,0.840657,1.561668,1.561480
0.790967,0.838979,1.561792,1.561668
0.846343,0.983215,1.562012,1.561792
0.998636,0.817078,1.562333,1.562012
0.806664,0.846142,1.562663,1.562333
0.812219,0.995806,1.562943,1.562663
1.012259,0.826869,1.563091,1.562943
0.811971,0.845244,1.563162,1.563091
0.806845,0.969843,1.563131,1.563162
1.002414,0.810833,1.562419,1.563131
0.834299,0.831345,1.561802,1.562419
0.922783,0.962889,1.563932,1.561802
1.149758,0.765433,1.567201,1.563932
0.837492,0.745556,1.568780,1.567201
0.860229,0.776673,1.569930,1.568780
0.798162,0.641778,1.570799,1.569930
0.580596,0.577812,1.570772,1.570799
0.559901,0.609708,1.570072,1.570772
0.609332,0.476299,1.568254,1.570072
0.463177,0.472332,1.565981,1.568254
0.434565,0.484578,1.563251,1.565981
0.498691,0.392765,1.560511,1.563251
0.375509,0.369016,1.559233,1.560511
0.353193,0.389436,1.558755,1.559233
0.316246,0.297618,1.560095,1.558755
0.208191,0.306221,1.560827,1.560095
0.319481,0.339561,1.555744,1.560827
0.513172,0.257119,1.539414,1.555744
0.384321,0.249570,1.511148,1.539414
0.365151,0.282280,1.459531,1.511148
0.382893,0.240445,1.382276,1.459531
0.343867,0.289402,1.305053,1.382276
0.480659,0.345815,1.219845,1.305053
0.510950,0.332956,1.119808,1.219845
0.360362,0.371351,1.033165,1.119808
0.191519,0.541377,0.926901,1.033165
0.131426,0.543694,0.783700,0.926901
0.140806,0.648014,0.649861,0.783700
0.271017,0.807852,0.510197,0.649861
0.539644,0.735259,0.364922,0.510197
0.692217,0.810822,0.262453,0.364922
0.732001,0.950128,0.179946,0.262453
0.971717,0.783718,0.117355,0.179946
0.724165,0.810304,0.082712,0.117355
0.787331,0.945734,0.062598,0.082712
0.798600,0.793914,0.060341,0.062598
0.648398,0.815957,0.067202,0.060341
0.696239,0.940978,0.073081,0.067202
0.882650,0.814226,0.074938,0.073081
0.731555,0.819378,0.073528,0.074938
0.754067,0.941745,0.072312,0.073528
0.946274,0.822098,0.073352,0.072312
0.772388,0.828953,0.074712,0.073352
0.773950,0.945919,0.074742,0.074712
0.968270,0.781071,0.072714,0.074742
0.773433,0.834654,0.070195,0.072714
0.773916,0.973841,0.067847,0.070195
0.975517,0.827355,0.065577,0.067847
0.790812,0.834127,0.064052,0.065577
0.941052,0.972492,0.062963,0.064052
0.990837,0.835720,0.062446,0.062963
0.794373,0.843636,0.062201,0.062446
0.843428,0.981598,0.061953,0.062201
1.008617,0.799589,0.061539,0.061953
0.799146,0.823001,0.061249,0.061539
0.800645,0.976996,0.061158,0.061249
0.999193,0.854052,0.061550,0.061158
0.790080,0.864622,0.062011,0.061550
0.792762,0.975138,0.062594,0.062011
0.987789,0.819967,0.062935,0.062594
0.789349,0.821141,0.063051,0.062935
0.795354,0.983917,0.063270,0.063051
0.989557,0.800890,0.063827,0.063270
0.795238,0.829943,0.064310,0.063827
0.955525,0.981887,0.064507,0.064310
0.999451,1.019025,0.064397,0.064507
0.998261,0.974166,0.063919,0.064397
0.848459,0.825451,0.062733,0.063919
0.941643,0.872410,0.045699,0.062733
0.911683,0.952541,0.016767,0.045699
1.094428,0.792512,0.087463,0.016767
0.994154,0.780556,0.120296,0.087463
0.833464,0.871069,0.132040,0.120296
0.887016,0.632888,0.131677,0.132040
0.628790,0.647504,0.125536,0.131677
0.574849,0.683934,0.116774,0.125536
0.632373,0.532597,0.105331,0.116774
0.465362,0.577635,0.095916,0.105331
0.521186,0.517658,0.085647,0.095916
0.485100,0.425113,0.077750,0.085647
0.374616,0.440958,0.073235,0.077750
0.437066,0.303533,0.069008,0.073235
0.323633,0.329831,0.039360,0.069008
0.238713,0.333509,0.007052,0.039360
0.281992,0.300531,0.067961,0.007052
0.341251,0.260782,0.153624,0.067961
0.485584,0.309121,0.240184,0.153624
0.474201,0.297766,0.311170,0.240184
0.398201,0.271035,0.310301,0.311170
0.369317,0.249312,0.280126,0.310301
0.564984,0.318809,0.317051,0.280126
0.453211,0.373104,0.404250,0.317051
0.447344,0.340572,0.536494,0.404250
0.305357,0.434692,0.661336,0.536494
0.265766,0.571306,0.788330,0.661336
0.403493,0.568287,0.939159,0.788330
0.464365,0.649915,1.060149,0.939159
0.632970,0.846219,1.171957,1.060149
1.051918,0.751776,1.278816,1.171957
0.841758,0.827421,1.348473,1.278816
0.880328,0.953111,1.407001,1.348473
1.037792,0.795567,1.462237,1.407001
0.786910,0.805291,1.500019,1.462237
0.870845,0.918552,1.532688,1.500019
0.755289,0.787347,1.563404,1.532688
0.856710,0.802511,1.581778,1.563404
0.778020,0.952569,1.592062,1.581778
0.891459,0.780090,1.591664,1.592062
0.796312,0.823594,1.582493,1.591664
0.754428,0.951252,1.569710,1.582493
0.962279,0.770117,1.556571,1.569710
0.774604,0.863287,1.549785,1.556571
0.771748,0.948551,1.547287,1.549785
0.977146,0.796935,1.548764,1.547287
0.783170,0.826208,1.551912,1.548764
0.780140,0.974148,1.555294,1.551912
0.982924,0.820052,1.558063,1.555294
0.792891,0.837606,1.559162,1.558063
0.935198,0.992053,1.559227,1.559162
0.812625,0.812701,1.558495,1.559227
0.944659,0.833940,1.557680,1.558495
0.843764,0.980520,1.556961,1.557680
0.945643,0.831147,1.556503,1.556961
0.850837,0.852887,1.556444,1.556503
0.806448,0.973826,1.556552,1.556444
1.000807,0.811261,1.556804,1.556552
0.792432,0.829991,1.557021,1.556804
0.784618,0.990076,1.557251,1.557021
1.010806,1.024996,1.557393,1.557251
1.003173,0.983117,1.557445,1.557393
1.005783,0.812461,1.557473,1.557445
0.812698,0.828661,1.557478,1.557473
0.812247,0.986730,1.557501,1.557478
1.012201,0.827580,1.557824,1.557501
0.805616,0.818308,1.558275,1.557824
0.800925,0.992391,1.558898,1.558275
0.993880,0.833563,1.559488,1.558898
0.802822,0.840805,1.559101,1.559488
1.054192,0.964056,1.559958,1.559101
1.180769,0.746994,1.562796,1.559958
0.879626,0.749719,1.564334,1.562796
0.823880,0.839871,1.565182,1.564334
0.851926,0.646531,1.566022,1.565182
0.601475,0.592531,1.566759,1.566022
0.543737,0.639481,1.567635,1.566759
0.609217,0.504720,1.568593,1.567635
0.454307,0.488427,1.569249,1.568593
0.424456,0.494607,1.569465,1.569249
0.490993,0.415640,1.569174,1.569465
0.375234,0.357616,1.568534,1.569174
0.353330,0.384246,1.567515,1.568534
0.398327,0.322548,1.565346,1.567515
0.231291,0.323290,1.564781,1.565346
0.248580,0.332141,1.569465,1.564781
0.438161,0.285214,1.594677,1.569465
0.402280,0.283631,1.633411,1.594677
0.443441,0.262580,1.686037,1.633411
0.409738,0.243537,1.749202,1.686037
0.323207,0.276328,1.797174,1.749202
0.432356,0.336768,1.860700,1.797174
0.533732,0.281064,1.961521,1.860700
0.303625,0.336858,2.058562,1.961521
0.272833,0.425490,2.173836,2.058562
0.359568,0.446769,2.326762,2.173836
0.364487,0.511546,2.463003,2.326762
0.471554,0.704872,2.602388,2.463003
0.906549,0.662932,2.747861,2.602388
0.942395,0.762638,2.845146,2.747861
1.196637,0.962960,2.921178,2.845146
1.341298,0.804455,2.987762,2.921178
1.025272,0.975838,3.032435,2.987762
1.076090,0.924760,3.077620,3.032435
0.951276,0.797860,3.113528,3.077620
0.792431,0.911189,3.137468,3.113528
0.876995,0.784754,3.128658,3.137468
0.760017,0.790643,3.122219,3.128658
0.711947,0.941505,3.124726,3.122219
0.887965,0.763177,3.136260,3.124726
0.718070,0.790296,3.137022,3.136260
0.709292,0.933506,3.127068,3.137022
0.913921,0.794470,3.120492,3.127068
0.749472,0.796136,3.119349,3.120492
0.766465,0.980400,3.121249,3.119349
0.973781,0.788645,3.125302,3.121249
0.787225,0.812484,3.128593,3.125302
0.950807,0.999345,3.130952,3.128593
0.854407,0.789061,3.132148,3.130952
0.941361,1.014083,3.132029,3.132148
1.004130,1.013486,3.131106,3.132029
0.856520,1.001391,3.130121,3.131106
0.995146,0.957482,3.129326,3.130121
0.986879,0.855088,3.129024,3.129326
0.932002,0.995892,3.129120,3.129024
0.845311,0.815186,3.129497,3.129120
0.942273,0.852317,3.129880,3.129497
0.849955,0.974282,3.130229,3.129880
0.943029,0.852640,3.130512,3.130229
0.844379,0.827244,3.130547,3.130512
0.800173,0.976311,3.130543,3.130547
1.000062,0.804401,3.130637,3.130543
0.797458,0.876079,3.130814,3.130637
0.781151,0.968258,3.131144,3.130814
0.973437,0.819971,3.131521,3.131144
0.770560,1.003210,3.131856,3.131521
0.961061,1.007756,3.131967,3.131856
0.979434,0.819388,3.131578,3.131967
0.853342,0.962563,3.131115,3.131578
1.086072,0.970403,3.132005,3.131115
1.111966,0.851296,3.132981,3.132005
0.982943,0.671276,3.133493,3.132981
0.692759,0.669749,3.134004,3.133493
0.612042,0.720399,3.134873,3.134004
0.653830,0.549818,3.136430,3.134873
0.478249,0.526553,3.137980,3.136430
0.534221,0.569872,3.139603,3.137980
0.443217,0.436474,3.141356,3.139603
0.481889,0.421441,3.142193,3.141356
0.409551,0.455597,3.140676,3.142193
0.423095,0.347801,3.139331,3.140676
0.345509,0.318746,3.138515,3.139331
0.304681,0.337696,3.137718,3.138515
0.347707,0.283482,3.136659,3.137718
0.254918,0.252237,3.135753,3.136659
0.238794,0.276428,3.135137,3.135753
0.282046,0.224667,3.134993,3.135137
0.212085,0.191503,3.135244,3.134993
0.193696,0.172608,3.135604,3.135244
0.223130,0.138587,3.135993,3.135604
0.167432,0.107219,3.136195,3.135993
0.182024,0.135965,3.136240,3.136195
0.134228,0.085446,3.136137,3.136240
0.108970,0.079053,3.135894,3.136137
0.082932,0.092170,3.135587,3.135894
0.104519,0.028097,3.135294,3.135587
0.090507,0.039055,3.135093,3.135294
0.078337,0.054035,3.134982,3.135093
0.081374,0.044910,3.134858,3.134982
0.053293,0.030316,3.134825,3.134858
0.000000,0.021029,3.134768,3.134825
0.000000,0.000000,0.000000,0.000000
0.000000,0.002571,2.056742,0.000000
0.000000,0.017036,2.050298,2.056742
0.022410,0.056780,2.033185,2.050298
0.030297,0.029565,2.024692,2.033185
0.033317,0.033723,2.020209,2.024692
0.016142,0.043360,2.020776,2.020209
0.000000,0.052022,2.018857,2.020776
0.000000,0.038602,2.017967,2.018857
0.000000,0.023878,2.018595,2.017967
0.000000,0.029391,2.019291,2.018595
0.000000,0.010621,2.019518,2.019291
0.000000,0.023056,2.019415,2.019518
0.000000,0.035104,2.019115,2.019415
0.000000,0.032798,2.017431,2.019115
0.000000,0.024408,2.010459,2.017431
0.000000,0.028839,2.008965,2.010459
0.000000,0.036453,2.010358,2.008965
0.026308,0.019128,2.010375,2.010358
0.029116,0.004013,2.009064,2.010375
0.000000,0.032895,2.009115,2.009064
0.023582,0.050578,2.010945,2.009115
0.018838,0.029068,2.012107,2.010945
0.033877,0.030941,2.012861,2.012107
0.040635,0.019281,2.013148,2.012861
0.042248,0.031247,2.013203,2.013148
0.055852,0.051911,2.013088,2.013203
0.097707,0.040973,2.013393,2.013088
0.095059,0.031209,2.014756,2.013393
0.097680,0.059394,2.016806,2.014756
0.114245,0.036799,2.018620,2.016806
0.071421,0.026482,2.018394,2.018620
0.057716,0.043760,2.018986,2.018394
0.064642,0.044944,2.019403,2.018986
0.052546,0.023251,2.018504,2.019403
0.056271,0.031677,2.016325,2.018504
0.061913,0.022393,2.013186,2.016325
0.047739,0.032213,2.010810,2.013186
0.039426,0.008828,2.009753,2.010810
0.133639,0.016633,1.991554,2.009753
0.172848,0.063398,1.966148,1.991554
0.126026,0.133606,1.910263,1.966148
0.049843,0.196381,1.830370,1.910263
0.174264,0.337689,1.722209,1.830370
0.431010,0.356635,1.591952,1.722209
0.384820,0.468874,1.502853,1.591952
0.437618,0.611890,1.428053,1.502853
0.603870,0.579623,1.341987,1.428053
0.419515,0.704405,1.248312,1.341987
0.478501,0.874715,1.124590,1.248312
0.737426,0.770701,0.949901,1.124590
0.422146,0.797729,0.792899,0.949901
0.643564,0.994718,0.641960,0.792899
1.101435,0.852392,0.486775,0.641960
0.925820,0.808419,0.378104,0.486775
0.911993,0.923684,0.288293,0.378104
1.000982,0.805762,0.207277,0.288293
0.755247,0.777194,0.154798,0.207277
0.714989,0.929446,0.116327,0.154798
0.857081,0.816249,0.091327,0.116327
0.677311,0.793280,0.083357,0.091327
0.677524,0.947478,0.083350,0.083357
0.863565,0.786890,0.086158,0.083350
0.698152,0.823430,0.086019,0.086158
0.712171,0.950220,0.081483,0.086019
0.958017,0.806428,0.071997,0.081483
0.788862,0.852340,0.064293,0.071997
0.936238,0.962757,0.059898,0.064293
0.996663,0.814570,0.057871,0.059898
0.794948,0.829168,0.057763,0.057871
0.838349,0.971148,0.058300,0.057763
0.991466,0.822448,0.059474,0.058300
0.794837,0.832784,0.060479,0.059474
0.793046,0.955834,0.061267,0.060479
0.991002,0.822169,0.061798,0.061267
0.805303,0.877049,0.061815,0.061798
0.798957,0.962944,0.061379,0.061815
1.015840,0.808085,0.060458,0.061379
0.803709,0.829168,0.059335,0.060458
0.795556,0.982496,0.058175,0.059335
1.009715,0.821752,0.057221,0.058175
0.805698,0.830050,0.057206,0.057221
0.967904,0.996803,0.057326,0.057206
1.015059,0.811406,0.057571,0.057326
0.806137,0.836780,0.057612,0.057571
0.850678,1.020487,0.057797,0.057612
0.983621,0.828798,0.058685,0.057797
0.775868,0.831532,0.059506,0.058685
0.778549,0.998497,0.059923,0.059506
0.976894,0.810649,0.058716,0.059923
0.794276,0.840935,0.028747,0.058716
0.878252,0.972188,0.034873,0.028747
1.156463,0.759884,0.101598,0.034873
0.880126,0.771166,0.125161,0.101598
0.806919,0.806365,0.131240,0.125161
0.872624,0.643546,0.126961,0.131240
0.626095,0.573556,0.119055,0.126961
0.680559,0.677499,0.109477,0.119055
0.641742,0.509194,0.098599,0.109477
0.472450,0.493529,0.090832,0.098599
0.461012,0.503667,0.084927,0.090832
0.498210,0.405860,0.080281,0.084927
0.378384,0.380198,0.078684,0.080281
0.355881,0.383960,0.078530,0.078684
0.381838,0.321820,0.055941,0.078530
0.215895,0.315949,0.053278,0.055941
0.207607,0.379552,0.073752,0.053278
0.448041,0.270097,0.154844,0.073752
0.395162,0.266802,0.232736,0.154844
0.357609,0.247465,0.296342,0.232736
0.322529,0.234632,0.302612,0.296342
0.226104,0.268652,0.260723,0.302612
0.374716,0.330329,0.250667,0.260723
0.444327,0.303347,0.322937,0.250667
0.333125,0.332982,0.421455,0.322937
0.361609,0.478301,0.541657,0.421455
0.480160,0.469559,0.678995,0.541657
0.463427,0.560638,0.796104,0.678995
0.549567,0.781773,0.915720,0.796104
0.861646,0.684411,1.053056,0.915720
0.832186,0.751717,1.158664,1.053056
0.923883,0.938668,1.252166,1.158664
1.225441,0.785454,1.343400,1.252166
0.877789,0.806140,1.404794,1.343400
0.761479,0.933046,1.455046,1.404794
0.860489,0.787058,1.501764,1.455046
0.656351,0.793517,1.533758,1.501764
0.763679,0.913590,1.560464,1.533758
0.801496,0.771702,1.582867,1.560464
0.689313,0.773437,1.592847,1.582867
0.766374,0.985731,1.593396,1.592847
0.933242,0.806303,1.582792,1.593396
0.768902,0.801173,1.569512,1.582792
0.781393,0.958773,1.557100,1.569512
0.984690,0.817245,1.547952,1.557100
0.799932,0.818992,1.545289,1.547952
0.804296,0.975501,1.546359,1.545289
1.000308,0.830342,1.550101,1.546359
0.801396,0.833516,1.553666,1.550101
0.797177,0.993966,1.556548,1.553666
0.995156,0.812254,1.558370,1.556548
0.795144,0.855546,1.558708,1.558370
0.947950,0.971313,1.558275,1.558708
1.004417,0.839816,1.557411,1.558275
0.810702,0.828944,1.556733,1.557411
0.866170,0.976983,1.556455,1.556733
1.012161,0.816447,1.556662,1.556455
0.808333,0.836954,1.557027,1.556662
0.796013,0.975188,1.557518,1.557027
0.968994,0.816450,1.558101,1.557518
0.783193,0.835375,1.558664,1.558101
0.785081,0.971927,1.559177,1.558664
0.987132,0.829388,1.559623,1.559177
0.759285,0.860149,1.559746,1.559623
0.772150,0.978022,1.559488,1.559746
0.996398,0.843772,1.559293,1.559488
0.798764,0.841325,1.559370,1.559293
0.940686,0.986449,1.559597,1.559370
0.994908,0.802227,1.560075,1.559597
0.804992,0.832410,1.560062,1.560075
0.909653,0.987462,1.560315,1.560062
1.182394,0.790778,1.563398,1.560315
0.942444,0.773733,1.565677,1.563398
0.854763,0.857525,1.566597,1.565677
0.912857,0.644288,1.566774,1.566597
0.646908,0.630159,1.567002,1.566774
0.582803,0.666754,1.567845,1.567002
0.653654,0.505268,1.570197,1.567845
0.496946,0.504076,1.573332,1.570197
0.454755,0.547738,1.577406,1.573332
0.521949,0.411110,1.582594,1.577406
0.400257,0.388786,1.586959,1.582594
0.448325,0.421965,1.591344,1.586959
0.428268,0.340041,1.595779,1.591344
0.275370,0.314327,1.599360,1.595779
0.219772,0.352333,1.601903,1.599360
0.407267,0.352458,1.596072,1.601903
0.520240,0.309223,1.577664,1.596072
0.462389,0.240537,1.542463,1.577664
0.341628,0.223332,1.491068,1.542463
0.242714,0.281243,1.426000,1.491068
0.341946,0.274559,1.334732,1.426000
0.265642,0.285848,1.251584,1.334732
0.170355,0.416065,1.164825,1.251584
0.273002,0.389339,1.059520,1.164825
0.196411,0.449037,0.954063,1.059520
0.362157,0.619412,0.832509,0.954063
0.753385,0.616422,0.674899,0.832509
0.715479,0.707321,0.536043,0.674899
0.923741,0.894043,0.406018,0.536043
0.836847,0.783981,0.279740,0.406018
0.957441,0.789246,0.199436,0.279740
0.891376,0.975014,0.140041,0.199436
0.940516,0.812586,0.088594,0.140041
0.786617,0.815307,0.064411,0.088594
0.708178,0.915763,0.061258,0.064411
0.874000,0.772436,0.070947,0.061258
0.712707,0.775091,0.077395,0.070947
0.718696,0.939490,0.079334,0.077395
0.916939,0.769423,0.076972,0.079334
0.751313,0.804435,0.074590,0.076972
0.775172,0.963716,0.073325,0.074590
0.979768,0.970359,0.072895,0.073325
0.984982,0.962164,0.072169,0.072895
0.989088,0.806268,0.070595,0.072169
0.798002,0.846540,0.068970,0.070595
0.795736,0.970227,0.067701,0.068970
0.992413,0.795258,0.067052,0.067701
0.775766,0.860098,0.067202,0.067052
0.938976,0.986744,0.067758,0.067202
0.999015,0.815796,0.067846,0.067758
0.796545,0.823302,0.066985,0.067846
0.845521,0.969499,0.065880,0.066985
0.978491,0.803295,0.064990,0.065880
0.781982,0.832548,0.064551,0.064990
0.784469,1.007689,0.064298,0.064551
1.003759,0.809332,0.064436,0.064298
0.807533,0.824344,0.064794,0.064436
0.805388,0.983686,0.065178,0.064794
1.001530,0.834412,0.065468,0.065178
0.798714,1.019958,0.065234,0.065468
0.997288,0.961286,0.064185,0.065234
0.986277,0.880786,0.063093,0.064185
0.787601,1.012543,0.062228,0.063093
0.989232,0.846841,0.061466,0.062228
0.791202,0.999631,0.060948,0.061466
0.994293,0.974022,0.060055,0.060948
0.992168,0.838593,0.058071,0.060055
0.762498,1.015458,0.027842,0.058071
1.051565,0.823926,0.047517,0.027842
0.927024,0.790581,0.097676,0.047517
1.083690,0.859128,0.121398,0.097676
0.939864,0.869175,0.129111,0.121398
0.814401,0.754579,0.126307,0.129111
0.618572,0.580938,0.118721,0.126307
0.638127,0.564020,0.110549,0.118721
0.519715,0.575536,0.102261,0.110549
0.538418,0.472534,0.094148,0.102261
0.442542,0.445951,0.088704,0.094148
0.392768,0.452198,0.084410,0.088704
0.453188,0.380218,0.080567,0.084410
0.338890,0.321833,0.073209,0.080567
0.287345,0.345175,0.036740,0.073209
0.227634,0.285512,0.025188,0.036740
0.251059,0.292802,0.086101,0.025188
0.362088,0.310424,0.175605,0.086101
0.520664,0.234177,0.277585,0.175605
0.377143,0.212325,0.326849,0.277585
0.441699,0.303070,0.326868,0.326849
0.441866,0.272008,0.306423,0.326868
0.622016,0.307053,0.348015,0.306423
0.506163,0.365821,0.434276,0.348015
0.507954,0.365828,0.568531,0.434276
0.341253,0.400133,0.695926,0.568531
0.347883,0.577855,0.826331,0.695926
0.487169,0.565454,0.979930,0.826331
0.526836,0.676306,1.100075,0.979930
0.740069,0.835219,1.207508,1.100075
1.122075,0.762673,1.305978,1.207508
0.932007,0.922743,1.368958,1.305978
1.156908,0.959959,1.431786,1.368958
1.060676,0.820924,1.482440,1.431786
0.772694,0.910625,1.518487,1.482440
0.897648,0.793684,1.552899,1.518487
0.696499,0.774461,1.574657,1.552899
0.697581,0.933271,1.588680,1.574657
0.911058,0.803455,1.592870,1.588680
0.748107,0.824055,1.585941,1.592870
0.901004,0.961361,1.573037,1.585941
0.984276,0.798171,1.557888,1.573037
0.801741,0.850859,1.548954,1.557888
0.849102,0.982103,1.544598,1.548954
1.000245,0.788013,1.544907,1.544598
0.798325,0.803433,1.547968,1.544907
0.797104,0.972811,1.552052,1.547968
0.998333,0.811684,1.556266,1.552052
0.794579,0.840342,1.558489,1.556266
0.779987,0.986611,1.559387,1.558489
0.984976,0.817825,1.559218,1.559387
0.796465,0.846595,1.558522,1.559218
0.798766,0.978004,1.557761,1.558522
1.011426,0.820608,1.557305,1.557761
0.813214,0.855387,1.557315,1.557305
0.961098,0.998420,1.557572,1.557315
1.013328,0.839501,1.557989,1.557572
0.806644,0.846923,1.558293,1.557989
0.851125,0.947009,1.558573,1.558293
1.006096,0.809591,1.558810,1.558573
0.803473,0.841582,1.558967,1.558810
0.812990,0.971800,1.558998,1.558967
1.004957,0.821253,1.558942,1.558998
0.798229,0.853925,1.558893,1.558942
0.796927,0.977868,1.558879,1.558893
1.004042,0.825119,1.558900,1.558879
0.800101,0.838592,1.559083,1.558900
0.572864,0.978911,1.559425,1.559083
0.559617,0.819757,1.559825,1.559425
0.225537,0.812797,1.559549,1.559825
0.384572,0.984775,1.560956,1.559549
0.928260,0.800408,1.564533,1.560956
0.789709,0.754547,1.565841,1.564533
0.765873,0.796346,1.565693,1.565841
0.805490,0.634509,1.564812,1.565693
0.599422,0.605700,1.564083,1.564812
0.556755,0.670620,1.563910,1.564083
0.632842,0.493408,1.564498,1.563910
0.463430,0.484498,1.565683,1.564498
0.442122,0.498878,1.567261,1.565683
0.521621,0.412983,1.569532,1.567261
0.395872,0.395060,1.571826,1.569532
0.370276,0.406833,1.574703,1.571826
0.398665,0.313253,1.578315,1.574703
0.227128,0.317350,1.582948,1.578315
0.295845,0.360160,1.584199,1.582948
0.628747,0.271955,1.575870,1.584199
0.337093,0.256943,1.559081,1.575870
0.356995,0.299017,1.523779,1.559081
0.457709,0.220574,1.459524,1.523779
0.339445,0.261545,1.391812,1.459524
0.325488,0.334458,1.312395,1.391812
0.394675,0.324564,1.213205,1.312395
0.313460,0.351847,1.130354,1.213205
0.447167,0.473930,1.037901,1.130354
0.395234,0.504257,0.906589,1.037901
0.334313,0.577451,0.781914,0.906589
0.487533,0.751035,0.638050,0.781914
1.030135,0.709679,0.473082,0.638050
1.001461,0.758892,0.352411,0.473082
1.149752,0.937870,0.249929,0.352411
1.168139,0.803845,0.166425,0.249929
0.821280,0.803630,0.117190,0.166425
0.755439,0.931005,0.082348,0.117190
0.804611,0.774900,0.066505,0.082348
0.607248,0.812945,0.070434,0.066505
0.666108,0.925668,0.079154,0.070434
0.829854,0.793049,0.085744,0.079154
0.697988,0.805359,0.085980,0.085744
0.738998,0.943975,0.082673,0.085980
0.957812,0.790982,0.078257,0.082673
0.771105,0.824570,0.075535,0.078257
0.780986,0.985736,0.073571,0.075535
0.998719,0.808274,0.071788,0.073571
0.791682,0.795939,0.070478,0.071788
0.936616,0.993508,0.069037,0.070478
0.971279,0.794730,0.067433,0.069037
0.780700,0.837620,0.066676,0.067433
0.839535,0.989436,0.066171,0.066676
0.984011,0.795121,0.065589,0.066171
0.788481,0.842073,0.065358,0.065589
0.794047,0.986591,0.065555,0.065358
0.990897,0.853379,0.066040,0.065555
0.790687,0.837856,0.066232,0.066040
0.789318,1.010422,0.066028,0.066232
1.005715,0.799549,0.065028,0.066028
0.809117,0.849072,0.063615,0.065028
0.805598,0.989167,0.062100,0.063615
1.001680,0.826481,0.060874,0.062100
0.796011,0.834800,0.059423,0.060874
0.947705,1.010180,0.058508,0.059423
1.001800,0.819819,0.057985,0.058508
0.796778,0.845699,0.057893,0.057985
0.849355,0.979191,0.058515,0.057893
0.990683,0.810829,0.059354,0.058515
0.787306,0.806285,0.059769,0.059354
0.796525,0.991583,0.060129,0.059769
0.987575,0.854041,0.060172,0.060129
0.791683,0.842199,0.035341,0.060172
0.867640,0.976930,0.027806,0.035341
1.197631,0.753693,0.091198,0.027806
0.901594,0.752948,0.115536,0.091198
0.809905,0.859978,0.123396,0.115536
0.878823,0.638134,0.121085,0.123396
0.641932,0.623021,0.114509,0.121085
0.680263,0.658934,0.106164,0.114509
0.636494,0.520609,0.096686,0.106164
0.469319,0.482461,0.089899,0.096686
0.464378,0.512280,0.084375,0.089899
0.511925,0.394807,0.079561,0.084375
0.386053,0.417537,0.076618,0.079561
0.361412,0.436256,0.074016,0.076618
0.399668,0.292166,0.045033,0.074016
0.226977,0.325156,0.005856,0.045033
0.207543,0.341424,0.050515,0.005856
0.454044,0.304520,0.152291,0.050515
0.420635,0.241537,0.239310,0.152291
0.401192,0.281431,0.310608,0.239310
0.429296,0.240707,0.330569,0.310608
0.351065,0.264787,0.308482,0.330569
0.519861,0.318830,0.314869,0.308482
0.669314,0.335949,0.399821,0.314869
0.395798,0.339030,0.502241,0.399821
0.342427,0.487851,0.628883,0.502241
0.426136,0.458105,0.779928,0.628883
0.409273,0.549865,0.907893,0.779928
0.532641,0.727903,1.035346,0.907893
0.823506,0.682709,1.169291,1.035346
0.874573,0.763624,1.262131,1.169291
1.029794,0.941796,1.337497,1.262131
1.346515,0.785583,1.407132,1.337497
0.983303,0.812127,1.454802,1.407132
0.851490,0.945257,1.494936,1.454802
0.965882,0.745789,1.533230,1.494936
0.709295,0.786303,1.558901,1.533230
0.815325,0.924423,1.578364,1.558901
0.882313,0.798353,1.591083,1.578364
0.572962,0.790729,1.591959,1.591083
0.534851,0.950477,1.584109,1.591959
0.842354,0.953785,1.569839,1.584109
0.928810,0.926941,1.556644,1.569839
0.924209,0.808492,1.549077,1.556644
0.820174,0.833704,1.547296,1.549077
0.779157,0.981996,1.548716,1.547296
0.979782,0.823902,1.552462,1.548716
0.782022,0.824063,1.555810,1.552462
0.783744,0.965450,1.558459,1.555810
0.983656,0.845068,1.560050,1.558459
0.783969,0.840743,1.560151,1.560050
0.797949,0.976655,1.559604,1.560151
1.005734,0.811187,1.558612,1.559604
0.803075,0.830317,1.557878,1.558612
0.945501,0.965621,1.557328,1.557878
0.844905,0.825643,1.557073,1.557328
0.940485,0.846509,1.557096,1.557073
0.838305,0.978540,1.557285,1.557096
0.930887,0.831155,1.557655,1.557285
0.828233,0.830611,1.557884,1.557655
0.797268,1.001976,1.558009,1.557884
1.001187,0.818836,1.557997,1.558009
0.813310,0.849075,1.558016,1.557997
0.805947,0.979534,1.558040,1.558016
1.003640,0.807331,1.558113,1.558040
0.804706,0.848496,1.558168,1.558113
0.797550,0.974529,1.558148,1.558168
1.000333,0.824300,1.558148,1.558148
0.480255,0.838287,1.558182,1.558148
0.740165,0.953477,1.557611,1.558182
0.847936,0.805284,1.557773,1.557611
1.058902,0.814477,1.560516,1.557773
0.963474,0.926273,1.563212,1.560516
0.971195,0.715491,1.565329,1.563212
0.779037,0.693698,1.566731,1.565329
0.640120,0.703937,1.568167,1.566731
0.714019,0.560978,1.569964,1.568167
0.524513,0.531309,1.571513,1.569964
0.488883,0.563148,1.573102,1.571513
0.548993,0.465087,1.574964,1.573102
0.407149,0.418174,1.576528,1.574964
0.380519,0.445569,1.578277,1.576528
0.439281,0.343698,1.580765,1.578277
0.325906,0.351668,1.582937,1.580765
0.319399,0.344801,1.585664,1.582937
0.196213,0.279963,1.592165,1.585664
0.343924,0.281804,1.608662,1.592165
0.463022,0.327875,1.641044,1.608662
0.496003,0.288342,1.697359,1.641044
0.457059,0.290515,1.763365,1.697359
0.415591,0.243875,1.821241,1.763365
0.411449,0.303147,1.882199,1.821241
0.534748,0.359989,1.966588,1.882199
0.411269,0.303520,2.081815,1.966588
0.212870,0.364596,2.193580,2.081815
0.142575,0.516538,2.323883,2.193580
0.307295,0.534712,2.487464,2.323883
0.394436,0.575638,2.624217,2.487464
0.646942,0.742916,2.750338,2.624217
1.139390,0.759704,2.866315,2.750338
0.993100,0.773512,2.937047,2.866315
1.034715,0.957596,2.991398,2.937047
1.284129,0.798910,3.041889,2.991398
0.974170,0.786559,3.077059,3.041889
1.015579,0.920692,3.107605,3.077059
0.965242,0.781575,3.135685,3.107605
0.741286,0.797065,3.132658,3.135685
0.755114,0.932274,3.124235,3.132658
0.891979,0.759639,3.125226,3.124235
0.715757,0.777649,3.133532,3.125226
0.742561,0.961571,3.139971,3.133532
0.915449,0.794253,3.128139,3.139971
0.683369,0.845830,3.122069,3.128139
0.716630,0.943189,3.119850,3.122069
0.950226,0.820698,3.121137,3.119850
0.782698,0.821390,3.123805,3.121137
0.784755,0.942153,3.126765,3.123805
0.974855,0.805610,3.129428,3.126765
0.791226,0.867537,3.130625,3.129428
0.957557,0.935096,3.130873,3.130625
1.010812,0.816587,3.130287,3.130873
0.810849,0.854654,3.129615,3.130287
0.855873,0.989722,3.129012,3.129615
0.995097,0.826729,3.128532,3.129012
0.789294,0.823728,3.128420,3.128532
0.779931,0.982712,3.128564,3.128420
0.973645,0.831609,3.128891,3.128564
0.794054,0.857070,3.129314,3.128891
0.792302,0.994730,3.129880,3.129314
0.991293,0.789872,3.130404,3.129880
0.788421,0.825057,3.130599,3.130404
0.800662,0.992451,3.130664,3.130599
0.998514,0.815547,3.130573,3.130664
0.802129,0.844133,3.130446,3.130573
0.945605,0.989989,3.130426,3.130446
0.984376,0.837838,3.130728,3.130426
0.775409,0.858001,3.131175,3.130728
0.826486,0.973846,3.131750,3.131175
0.978587,1.022535,3.132283,3.131750
1.102767,0.989228,3.133017,3.132283
1.116687,0.796590,3.134882,3.133017
0.965472,0.768276,3.135710,3.134882
0.810372,0.831139,3.135918,3.135710
0.856108,0.657216,3.136019,3.135918
0.616595,0.590118,3.136260,3.136019
0.561039,0.659551,3.136699,3.136260
0.628022,0.496124,3.137517,3.136699
0.455587,0.478114,3.138341,3.137517
0.429411,0.500487,3.139152,3.138341
0.496443,0.411239,3.139882,3.139152
0.375054,0.378527,3.140346,3.139882
0.417920,0.410860,3.140722,3.140346
0.346110,0.314394,3.141336,3.140722
0.360860,0.281912,3.142077,3.141336
0.296351,0.335038,3.141226,3.142077
0.300411,0.239889,3.139334,3.141226
0.249447,0.232776,3.138154,3.139334
0.220770,0.226744,3.137573,3.138154
0.240884,0.178098,3.137703,3.137573
0.167747,0.167956,3.138177,3.137703
0.144684,0.198164,3.138867,3.138177
0.181476,0.142960,3.139484,3.138867
0.134284,0.103548,3.139755,3.139484
0.125291,0.094764,3.139707,3.139755
0.107111,0.089938,3.139441,3.139707
0.078178,0.096996,3.139132,3.139441
0.078475,0.064198,3.138850,3.139132
0.058670,0.063897,3.138593,3.138850
0.059323,0.019033,3.138423,3.138593
0.034294,0.062611,3.138355,3.138423
0.034174,0.031700,3.138344,3.138355
0.034470,0.038237,3.138339,3.138344
0.044757,0.038790,3.138288,3.138339
0.000000,0.000000,0.000000,0.000000
0.000000,0.023861,2.054801,0.000000
0.016786,0.041344,2.048110,2.054801
0.023783,0.044866,2.033274,2.048110
0.036602,0.040167,2.020376,2.033274
0.025797,0.044698,2.018893,2.020376
0.000000,0.050803,2.030857,2.018893
0.000000,0.034496,2.047936,2.030857
0.000000,0.044029,2.046141,2.047936
0.000000,0.035836,2.045526,2.046141
0.000000,0.027370,2.045956,2.045526
0.000000,0.050575,2.047260,2.045956
0.000000,0.019472,2.048973,2.047260
0.000000,0.037150,2.050618,2.048973
0.016408,0.010518,2.042550,2.050618
0.021517,0.024596,2.037852,2.042550
0.026906,0.036425,2.036822,2.037852
0.030828,0.026296,2.036883,2.036822
0.031914,0.044071,2.037700,2.036883
0.043734,0.051573,2.039265,2.037700
0.066154,0.014285,2.041272,2.039265
0.064912,0.034734,2.042243,2.041272
0.069943,0.053401,2.042394,2.042243
0.091037,0.041520,2.042405,2.042394
0.071540,0.045076,2.043054,2.042405
0.072268,0.033796,2.044198,2.043054
0.088288,0.018132,2.045765,2.044198
0.063095,0.019765,2.047253,2.045765
0.059780,0.041173,2.047854,2.047253
0.070857,0.053037,2.046930,2.047854
0.060533,0.023385,2.045255,2.046930
0.070779,0.059596,2.043795,2.045255
0.072236,0.038572,2.041998,2.043795
0.051255,0.035433,2.041216,2.041998
0.052579,0.044751,2.041963,2.041216
0.074104,0.020986,2.043540,2.041963
0.131319,0.037425,2.034015,2.043540
0.196063,0.051617,2.009333,2.034015
0.112496,0.098451,1.967501,2.009333
0.049262,0.217652,1.895350,1.967501
0.158982,0.331257,1.769562,1.895350
0.338182,0.395703,1.630500,1.769562
0.446099,0.448926,1.524998,1.630500
0.376872,0.526894,1.458191,1.524998
0.451687,0.751687,1.392238,1.458191
0.524487,0.666390,1.286315,1.392238
0.506823,0.702610,1.166171,1.286315
0.730112,0.897483,1.020071,1.166171
0.604918,0.814007,0.833871,1.020071
0.856373,0.831206,0.685253,0.833871
1.038077,0.960392,0.547399,0.685253
1.155895,0.807498,0.409474,0.547399
0.982336,0.831265,0.313668,0.409474
0.866013,0.904915,0.234661,0.313668
0.988710,0.792867,0.165735,0.234661
0.740198,0.769143,0.127012,0.165735
0.692564,0.910497,0.104570,0.127012
0.833249,0.790127,0.094209,0.104570
0.662050,0.806301,0.091482,0.094209
0.668605,0.920884,0.089955,0.091482
0.844463,0.826638,0.086744,0.089955
0.691613,0.826044,0.081215,0.086744
0.860821,0.976818,0.073190,0.081215
0.820140,0.805545,0.065539,0.073190
0.922678,0.882884,0.062364,0.065539
0.842623,0.955763,0.060855,0.062364
0.948153,0.753003,0.059227,0.060855
0.845834,0.851004,0.058527,0.059227
0.781842,1.017480,0.058229,0.058527
0.978675,0.844681,0.058367,0.058229
0.789540,0.832735,0.058449,0.058367
0.793353,1.010423,0.058336,0.058449
0.999882,0.845288,0.057895,0.058336
0.800443,0.799559,0.057237,0.057895
0.798668,0.962572,0.056416,0.057237
0.996701,0.803351,0.055493,0.056416
0.793045,0.841695,0.055267,0.055493
0.937649,0.995409,0.055996,0.055267
0.837473,0.806955,0.057787,0.055996
0.942234,0.811647,0.059454,0.057787
0.840167,0.972223,0.061078,0.059454
0.928183,0.824442,0.062437,0.061078
0.830674,0.842652,0.063150,0.062437
0.784224,0.996416,0.063570,0.063150
0.985480,0.796033,0.063569,0.063570
0.787705,0.851041,0.063494,0.063569
0.792857,0.995247,0.063462,0.063494
1.002735,0.819803,0.033967,0.063462
0.854957,0.834634,0.027878,0.033967
0.907209,0.940288,0.088329,0.027878
1.119286,0.763057,0.121307,0.088329
0.819910,0.696762,0.129497,0.121307
0.870540,0.768738,0.128455,0.129497
0.687849,0.605142,0.120976,0.128455
0.692985,0.587616,0.112490,0.120976
0.560169,0.611511,0.103603,0.112490
0.568086,0.544997,0.094218,0.103603
0.537975,0.539638,0.086404,0.094218
0.492948,0.401805,0.080830,0.086404
0.363949,0.357037,0.078457,0.080830
0.356436,0.417973,0.076824,0.078457
0.362070,0.275544,0.050473,0.076824
0.222305,0.297893,0.048344,0.050473
0.225725,0.352265,0.075947,0.048344
0.456587,0.275889,0.163613,0.075947
0.400408,0.239244,0.242360,0.163613
0.352201,0.284518,0.299507,0.242360
0.354488,0.217611,0.297210,0.299507
0.308470,0.229562,0.253281,0.297210
0.419777,0.365679,0.251953,0.253281
0.532525,0.317121,0.336068,0.251953
0.345862,0.342425,0.440943,0.336068
0.412037,0.471939,0.566426,0.440943
0.489554,0.486279,0.708244,0.566426
0.506384,0.539101,0.828065,0.708244
0.681406,0.721169,0.949956,0.828065
1.003344,0.707978,1.087189,0.949956
0.894980,0.731221,1.190339,1.087189
0.935176,0.937330,1.279626,1.190339
1.164239,0.793879,1.363128,1.279626
0.853269,0.791685,1.419049,1.363128
0.744117,0.954608,1.466173,1.419049
0.823687,0.793404,1.510668,1.466173
0.638357,0.774429,1.541227,1.510668
0.632007,0.903386,1.566203,1.541227
0.810152,0.774482,1.585685,1.566203
0.681901,0.760989,1.592774,1.585685
0.850367,0.976938,1.590471,1.592774
0.937596,0.793766,1.578402,1.590471
0.782172,0.830820,1.565775,1.578402
0.841015,0.982271,1.554895,1.565775
1.003565,0.798897,1.547848,1.554895
0.806114,0.854600,1.546684,1.547848
0.812106,1.010602,1.548452,1.546684
1.015778,0.795288,1.552365,1.548452
0.812707,0.839753,1.555702,1.552365
0.800725,0.986376,1.558156,1.555702
1.003408,0.831313,1.559433,1.558156
0.804551,0.837774,1.559275,1.559433
0.809335,1.009832,1.558477,1.559275
1.003919,0.817159,1.557344,1.558477
0.808283,0.862868,1.556580,1.557344
0.958320,0.948728,1.556234,1.556580
1.001545,0.828417,1.556433,1.556234
0.812388,0.867773,1.556821,1.556433
0.867236,0.994290,1.557265,1.556821
1.010597,0.813371,1.557770,1.557265
0.797593,0.851028,1.558180,1.557770
0.797202,0.967677,1.558483,1.558180
0.983063,0.840392,1.558956,1.558483
0.788983,0.835855,1.559466,1.558956
0.783503,0.977102,1.560069,1.559466
0.991322,0.824266,1.560948,1.560069
0.793931,0.839418,1.561769,1.560948
0.804279,0.973129,1.562490,1.561769
1.009983,0.803878,1.563043,1.562490
0.807005,0.836215,1.562476,1.563043
0.995283,0.983531,1.561561,1.562476
1.147931,0.788961,1.562858,1.561561
0.703299,0.767707,1.563757,1.562858
0.304563,0.855651,1.563601,1.563757
0.197340,0.628263,1.563063,1.563601
0.253359,0.631180,1.562741,1.563063
0.405038,0.681350,1.562776,1.562741
0.583833,0.503634,1.563567,1.562776
0.469745,0.499063,1.564629,1.563567
0.454048,0.544380,1.565755,1.564629
0.523789,0.404900,1.566773,1.565755
0.389200,0.387481,1.567258,1.566773
0.366041,0.435102,1.567463,1.567258
0.428492,0.339329,1.566451,1.567463
0.276738,0.330952,1.565414,1.566451
0.254335,0.336140,1.563720,1.565414
0.394578,0.267082,1.555061,1.563720
0.386001,0.278845,1.540302,1.555061
0.421365,0.311097,1.513918,1.540302
0.409971,0.231696,1.455577,1.513918
0.306425,0.266563,1.391974,1.455577
0.365557,0.337545,1.314147,1.391974
0.402841,0.315713,1.214694,1.314147
0.134713,0.334406,1.129775,1.214694
0.073166,0.419203,1.041580,1.129775
0.085429,0.440694,0.919005,1.041580
0.083389,0.515252,0.800395,0.919005
0.204288,0.733718,0.666984,0.800395
0.495577,0.671556,0.503354,0.666984
0.531286,0.750726,0.379533,0.503354
0.941920,0.904998,0.271793,0.379533
1.183198,0.796545,0.175085,0.271793
0.934422,0.810252,0.122681,0.175085
0.895000,0.923217,0.084406,0.122681
0.944707,0.769708,0.060036,0.084406
0.714476,0.818173,0.059795,0.060036
0.691182,0.928322,0.069010,0.059795
0.864575,0.769275,0.077855,0.069010
0.703767,0.834955,0.080039,0.077855
0.723728,0.908609,0.078851,0.080039
0.936495,0.799345,0.077058,0.078851
0.758985,0.804698,0.077579,0.077058
0.774809,0.956221,0.078911,0.077579
0.984377,0.790656,0.079311,0.078911
0.793178,0.832674,0.077904,0.079311
0.946857,0.980945,0.075306,0.077904
0.989620,0.811881,0.072029,0.075306
0.787498,0.842633,0.069740,0.072029
0.838137,0.970862,0.067940,0.069740
0.978188,0.832311,0.066473,0.067940
0.790427,0.841601,0.065978,0.066473
0.785706,0.957079,0.065417,0.065978
0.977947,0.806814,0.064733,0.065417
0.785251,0.865163,0.064574,0.064733
0.787093,1.002012,0.064517,0.064574
0.983120,0.827841,0.064037,0.064517
0.798739,0.831789,0.063588,0.064037
0.794994,0.985575,0.063385,0.063588
1.008769,0.846871,0.063461,0.063385
0.806348,0.853926,0.062978,0.063461
0.953064,0.976401,0.062070,0.062978
0.998176,0.818040,0.060879,0.062070
0.795497,0.843021,0.059861,0.060879
0.838435,0.950517,0.059032,0.059861
0.978994,0.827288,0.058746,0.059032
0.783747,0.829506,0.059101,0.058746
0.784395,0.954132,0.060053,0.059101
0.979947,0.816347,0.061948,0.060053
0.779131,0.844216,0.061049,0.061948
0.742713,0.998673,0.026882,0.061049
1.063837,0.825176,0.050038,0.026882
0.913855,0.787447,0.099115,0.050038
0.889753,0.861717,0.120832,0.099115
0.966951,0.677167,0.127094,0.120832
0.679819,0.654087,0.124562,0.127094
0.731616,0.691818,0.117918,0.124562
0.700777,0.554936,0.108113,0.117918
0.516399,0.533380,0.100021,0.108113
0.498823,0.497976,0.092563,0.100021
0.536841,0.471828,0.085384,0.092563
0.397192,0.434177,0.080255,0.085384
0.375408,0.430730,0.075756,0.080255
0.441204,0.331394,0.066145,0.075756
0.297986,0.302420,0.030188,0.066145
0.215971,0.359651,0.022519,0.030188
0.322091,0.362338,0.086003,0.022519
0.546103,0.324393,0.193351,0.086003
0.552547,0.269562,0.293613,0.193351
0.396469,0.272568,0.338015,0.293613
0.394719,0.270825,0.334123,0.338015
0.525512,0.270512,0.323168,0.334123
0.478753,0.297088,0.376063,0.323168
0.533971,0.390168,0.468585,0.376063
0.312319,0.367128,0.609041,0.468585
0.318338,0.427531,0.736517,0.609041
0.354219,0.628244,0.868800,0.736517
0.591604,0.591051,1.022728,0.868800
0.604275,0.672802,1.140854,1.022728
0.758423,0.861290,1.243012,1.140854
1.074170,0.753122,1.334057,1.243012
0.952859,0.820228,1.391853,1.334057
0.956844,0.928353,1.441178,1.391853
1.070772,0.778407,1.488995,1.441178
0.779425,0.939332,1.522424,1.488995
0.893435,0.926778,1.555793,1.522424
0.872487,0.795637,1.579471,1.555793
0.705778,0.918957,1.590874,1.579471
0.897270,0.796500,1.591997,1.590874
0.732402,0.812349,1.582858,1.591997
0.759486,0.949585,1.569113,1.582858
0.973167,0.808917,1.554575,1.569113
0.790152,0.848792,1.547044,1.554575
0.955572,0.967758,1.544320,1.547044
1.009061,0.817613,1.546169,1.544320
0.800760,0.842255,1.549967,1.546169
0.849470,1.011636,1.554242,1.549967
1.010538,0.806582,1.558037,1.554242
0.811900,0.829470,1.559819,1.558037
0.804624,0.988438,1.560305,1.559819
1.006914,0.841513,1.559660,1.560305
0.800569,0.879917,1.558739,1.559660
0.799355,0.967780,1.557854,1.558739
0.998423,0.979820,1.557280,1.557854
0.994869,0.984529,1.557361,1.557280
0.999061,0.823160,1.557913,1.557361
0.794710,0.822473,1.558581,1.557913
0.800154,0.981220,1.559292,1.558581
0.997039,0.834315,1.559879,1.559292
0.791762,0.842410,1.560234,1.559879
0.938704,0.987577,1.560438,1.560234
0.839208,0.810342,1.560497,1.560438
0.938090,0.974400,1.560431,1.560497
0.984554,0.969420,1.560401,1.560431
0.836713,0.843547,1.560374,1.560401
0.928265,0.978979,1.560279,1.560374
0.990612,0.816798,1.560327,1.560279
0.793287,0.857515,1.560577,1.560327
0.844959,0.990470,1.560324,1.560577
1.119741,0.820959,1.561379,1.560324
0.954819,0.798522,1.564704,1.561379
0.916347,0.876157,1.567078,1.564704
0.983381,0.687232,1.567592,1.567078
0.688004,0.673866,1.567368,1.567592
0.627751,0.734390,1.566960,1.567368
0.707184,0.583868,1.566405,1.566960
0.523292,0.528523,1.566103,1.566405
0.479725,0.571189,1.566124,1.566103
0.553957,0.445234,1.566791,1.566124
0.420336,0.402095,1.567980,1.566791
0.469096,0.452296,1.569772,1.567980
0.459046,0.345113,1.572693,1.569772
0.335716,0.339634,1.575008,1.572693
0.245185,0.347254,1.578549,1.575008
0.312313,0.284748,1.579325,1.578549
0.384938,0.268444,1.572249,1.579325
0.425490,0.308964,1.555946,1.572249
0.512429,0.218876,1.515973,1.555946
0.364703,0.251628,1.462226,1.515973
0.344879,0.303660,1.394087,1.462226
0.556415,0.257605,1.301174,1.394087
0.483036,0.338109,1.218052,1.301174
0.431959,0.436468,1.133516,1.218052
0.475711,0.489596,1.026179,1.133516
0.313828,0.580573,0.891285,1.026179
0.432945,0.591502,0.739721,0.891285
0.555768,0.657196,0.598442,0.739721
0.956850,0.864255,0.459635,0.598442
1.092699,0.758494,0.319920,0.459635
1.119606,0.810681,0.226031,0.319920
0.989968,0.958361,0.159171,0.226031
0.957615,0.773459,0.105179,0.159171
0.756499,0.775488,0.076769,0.105179
0.691869,0.946191,0.066450,0.076769
0.889673,0.774228,0.070914,0.066450
0.698920,0.771387,0.078009,0.070914
0.710792,0.945649,0.082822,0.078009
0.889793,0.948627,0.082935,0.082822
0.940423,0.977721,0.079709,0.082935
0.964479,0.808610,0.077153,0.079709
0.780869,0.783312,0.076281,0.077153
0.793326,0.947718,0.075320,0.076281
1.002449,0.977146,0.073179,0.075320
0.990318,1.000475,0.070651,0.073179
0.968764,0.827551,0.068400,0.070651
0.783616,1.015249,0.066938,0.068400
0.985985,0.990498,0.065289,0.066938
0.983563,0.835092,0.063820,0.065289
0.797325,1.021346,0.063059,0.063820
0.994289,0.806796,0.062749,0.063059
0.806025,0.826626,0.062837,0.062749
0.811791,0.939709,0.062840,0.062837
1.001345,0.818928,0.062694,0.062840
0.789580,0.875817,0.062569,0.062694
0.945614,1.001928,0.062461,0.062569
0.994177,0.828916,0.062428,0.062461
0.793432,0.826951,0.062802,0.062428
0.842679,1.000917,0.063741,0.062802
0.985198,0.818366,0.064557,0.063741
0.793381,0.842926,0.064831,0.064557
0.794569,0.992649,0.064860,0.064831
0.999419,0.830723,0.064572,0.064860
0.801639,0.808391,0.063883,0.064572
0.800379,0.956125,0.063159,0.063883
1.002849,0.842370,0.062943,0.063159
0.795735,0.818596,0.063190,0.062943
0.800893,0.996820,0.049900,0.063190
1.076012,0.833391,0.017557,0.049900
0.924986,0.823040,0.078795,0.017557
1.110158,0.944730,0.115137,0.078795
1.033516,0.849843,0.128867,0.115137
0.871726,0.766506,0.128090,0.128867
0.657627,0.605988,0.120839,0.128090
0.655586,0.609910,0.112538,0.120839
0.535811,0.592268,0.103827,0.112538
0.554890,0.489081,0.094986,0.103827
0.462832,0.436295,0.089162,0.094986
0.401728,0.479898,0.084793,0.089162
0.472203,0.393075,0.080839,0.084793
0.351165,0.344512,0.077233,0.080839
0.319405,0.344100,0.049061,0.077233
0.256409,0.314385,0.019521,0.049061
0.218875,0.340727,0.075193,0.019521
0.478611,0.316226,0.177402,0.075193
0.522079,0.298721,0.273550,0.177402
0.430175,0.268254,0.314684,0.273550
0.434434,0.245258,0.286669,0.314684
0.438123,0.326227,0.265532,0.286669
0.684610,0.273260,0.330808,0.265532
0.463188,0.320456,0.427287,0.330808
0.412935,0.459513,0.547198,0.427287
0.360148,0.423007,0.695530,0.547198
0.298572,0.493459,0.818972,0.695530
0.461997,0.713702,0.946740,0.818972
0.606573,0.674593,1.087714,0.946740
0.884211,0.743568,1.191996,1.087714
0.978109,0.947615,1.280702,1.191996
1.128464,0.796804,1.362724,1.280702
1.054639,0.812816,1.418685,1.362724
0.903852,0.940552,1.465632,1.418685
0.975917,0.797674,1.509941,1.465632
0.720871,0.776179,1.540087,1.509941
0.693850,0.904635,1.564823,1.540087
0.865599,0.767362,1.584751,1.564823
0.707691,0.967217,1.592426,1.584751
0.911804,0.938669,1.589389,1.592426
0.938835,0.815649,1.576815,1.589389
0.772733,0.955023,1.564304,1.576815
0.954537,0.768409,1.552856,1.564304
0.776080,0.843329,1.547680,1.552856
0.777564,0.959790,1.546494,1.547680
0.984997,0.815756,1.548734,1.546494
0.800875,0.836482,1.551912,1.548734
0.953343,0.971015,1.555002,1.551912
0.989955,0.815309,1.557377,1.555002
0.815427,0.999021,1.558104,1.557377
1.014699,0.980150,1.557719,1.558104
1.017205,0.836186,1.556688,1.557719
0.852299,0.999945,1.555813,1.556688
0.949815,0.835919,1.555270,1.555813
0.850348,0.823038,1.555245,1.555270
0.801387,0.994144,1.555478,1.555245
0.992991,0.827082,1.556054,1.555478
0.790282,0.852489,1.556639,1.556054
0.780160,0.965600,1.557221,1.556639
0.987772,0.829119,1.557653,1.557221
0.791873,0.848728,1.557866,1.557653
0.802086,0.975733,1.558075,1.557866
1.005745,0.810810,1.558319,1.558075
0.799063,0.818396,1.558678,1.558319
0.931898,0.985900,1.559049,1.558678
0.840094,0.815840,1.559422,1.559049
0.944701,0.834951,1.559642,1.559422
0.505048,0.975832,1.559771,1.559642
0.798215,0.990594,1.558938,1.559771
1.029979,0.992322,1.558090,1.558938
1.133162,0.794221,1.560119,1.558090
0.900832,0.767463,1.561515,1.560119
0.855135,0.842705,1.562047,1.561515
0.857846,0.643226,1.562452,1.562047
0.614422,0.615981,1.563305,1.562452
0.559964,0.683027,1.565145,1.563305
0.625187,0.554621,1.568765,1.565145
0.461647,0.490715,1.572632,1.568765
0.430289,0.542522,1.576885,1.572632
0.509582,0.387818,1.581421,1.576885
0.383692,0.376397,1.584159,1.581421
0.358687,0.424026,1.585844,1.584159
0.403816,0.306199,1.585231,1.585844
0.250164,0.312134,1.584145,1.585231
0.252777,0.347006,1.588459,1.584145
0.430036,0.264228,1.612848,1.588459
0.389077,0.256410,1.651015,1.612848
0.435431,0.248299,1.703279,1.651015
0.387397,0.221712,1.766880,1.703279
0.310898,0.266211,1.816720,1.766880
0.397053,0.320337,1.882635,1.816720
0.516576,0.284818,1.985742,1.882635
0.338562,0.342122,2.084516,1.985742
0.352560,0.450900,2.197937,2.084516
0.339809,0.526245,2.349747,2.197937
0.353268,0.612280,2.516914,2.349747
0.549083,0.612381,2.676920,2.516914
0.609918,0.827041,2.792385,2.676920
1.123281,0.901597,2.899571,2.792385
1.274793,0.779079,2.972489,2.899571
1.017284,0.967317,3.019205,2.972489
1.182490,0.784606,3.063852,3.019205
0.851427,0.783142,3.095369,3.063852
0.790177,0.926861,3.122431,3.095369
0.934128,0.809337,3.138492,3.122431
0.722402,0.768415,3.127128,3.138492
0.854781,0.938821,3.123996,3.127128
0.890499,0.801263,3.130895,3.123996
0.719125,0.791350,3.141621,3.130895
0.762594,0.935468,3.132220,3.141621
0.913537,0.802926,3.122935,3.132220
0.750373,0.806783,3.119329,3.122935
0.610088,0.956884,3.119101,3.119329
0.874394,0.816449,3.121481,3.119101
0.758329,0.832758,3.124369,3.121481
0.775221,0.976936,3.127050,3.124369
0.989778,0.801301,3.128958,3.127050
0.801539,0.861320,3.129574,3.128958
0.798977,0.983595,3.129340,3.129574
1.004479,0.843427,3.128530,3.129340
0.802075,0.814676,3.127800,3.128530
0.949348,0.978913,3.127274,3.127800
0.998036,0.817790,3.126967,3.127274
0.663570,1.012260,3.127088,3.126967
0.272203,0.971726,3.127651,3.127088
0.404489,0.844311,3.128543,3.127651
0.651922,1.045103,3.129488,3.128543
0.902246,0.832195,3.130610,3.129488
0.756970,0.814439,3.131289,3.130610
0.775119,0.986903,3.131573,3.131289
0.984241,0.831439,3.131674,3.131573
0.788241,0.836398,3.131490,3.131674
0.786269,1.001182,3.131114,3.131490
0.978526,0.812389,3.130633,3.131114
0.774224,0.837781,3.130228,3.130633
0.775050,0.979854,3.129850,3.130228
0.981384,0.834218,3.129426,3.129850
0.828104,0.808243,3.129145,3.129426
1.062262,0.929450,3.130085,3.129145
1.143762,0.737062,3.131563,3.130085
0.840555,0.764915,3.131998,3.131563
0.774235,0.808943,3.131855,3.131998
0.809744,0.740242,3.131435,3.131855
0.696873,0.662510,3.131336,3.131435
0.601341,0.501574,3.131968,3.131336
0.495699,0.489192,3.133103,3.131968
0.429551,0.527729,3.134694,3.133103
0.507061,0.401158,3.137016,3.134694
0.389995,0.385309,3.139287,3.137016
0.361837,0.450884,3.141998,3.139287
0.419641,0.324368,3.139054,3.141998
0.310223,0.326991,3.135447,3.139054
0.295082,0.308991,3.131631,3.135447
0.319483,0.293339,3.127968,3.131631
0.296038,0.269836,3.126392,3.127968
0.268240,0.178201,3.126850,3.126392
0.196944,0.192472,3.128129,3.126850
0.178757,0.191409,3.129534,3.128129
0.199448,0.153221,3.130925,3.129534
0.142263,0.141609,3.131550,3.130925
0.152593,0.165031,3.131582,3.131550
0.149241,0.098783,3.131184,3.131582
0.105315,0.078769,3.130717,3.131184
0.104775,0.083223,3.130190,3.130717
0.129775,0.064967,3.129727,3.130190
0.123052,0.034546,3.129519,3.129727
0.102540,0.045465,3.129570,3.129519
0.097351,0.060788,3.129560,3.129570
0.079848,0.047147,3.129597,3.129560
0.000000,0.000000,0.000000,0.000000
0.000000,0.041509,2.057991,0.000000
0.020848,0.022730,2.052947,2.057991
0.023705,0.052836,2.046371,2.052947
0.028981,0.045051,2.041929,2.046371
0.030429,0.034689,2.032561,2.041929
0.000000,0.015503,2.029438,2.032561
0.000000,0.041122,2.029169,2.029438
0.000000,0.006249,2.023786,2.029169
0.000000,0.021534,2.024613,2.023786
0.000000,0.031712,2.024438,2.024613
0.000000,0.035421,2.023319,2.024438
0.000000,0.025347,2.022581,2.023319
0.000000,0.019180,2.022471,2.022581
0.000000,0.036043,2.022693,2.022471
0.000000,0.022562,2.022650,2.022693
0.000000,0.041052,2.022175,2.022650
0.024456,0.021308,2.013335,2.022175
0.027801,0.025034,2.015348,2.013335
0.024617,0.042572,2.016924,2.015348
0.031971,0.022070,2.017776,2.016924
0.000000,0.020515,2.016175,2.017776
0.027718,0.050326,2.013108,2.016175
0.035698,0.050446,2.011540,2.013108
0.052233,0.032171,2.011979,2.011540
0.091552,0.036125,2.014503,2.011979
0.085580,0.043400,2.018025,2.014503
0.074675,0.037432,2.020395,2.018025
0.088454,0.024039,2.021696,2.020395
0.065932,0.040458,2.021851,2.021696
0.061289,0.025554,2.021446,2.021851
0.068119,0.018513,2.020310,2.021446
0.064587,0.025044,2.018173,2.020310
0.065041,0.034846,2.015434,2.018173
0.062542,0.038331,2.013072,2.015434
0.169841,0.032962,1.996629,2.013072
0.166511,0.073001,1.973239,1.996629
0.137843,0.139567,1.927543,1.973239
0.050542,0.201807,1.832788,1.927543
0.142688,0.312036,1.724604,1.832788
0.334803,0.446663,1.611081,1.724604
0.475838,0.464061,1.495435,1.611081
0.449847,0.512297,1.417413,1.495435
0.578075,0.725317,1.346120,1.417413
0.565873,0.671916,1.240177,1.346120
0.538906,0.746076,1.121297,1.240177
0.551316,0.947959,0.975550,1.121297
0.693597,0.817622,0.791232,0.975550
0.736462,0.859211,0.644142,0.791232
0.943008,0.949934,0.507482,0.644142
1.191354,0.776475,0.373704,0.507482
0.895315,0.825021,0.284771,0.373704
1.005678,0.940718,0.212983,0.284771
0.963326,0.779181,0.150043,0.212983
0.716718,0.814549,0.115524,0.150043
0.728973,0.919613,0.096174,0.115524
0.842920,0.790448,0.088045,0.096174
0.670990,0.798974,0.086834,0.088045
0.675838,0.895215,0.086353,0.086834
0.857915,0.824931,0.083855,0.086353
0.706428,0.817651,0.078685,0.083855
0.741868,0.973819,0.071258,0.078685
0.966940,0.822210,0.064566,0.071258
0.784361,0.829574,0.060984,0.064566
0.808339,0.989341,0.058348,0.060984
0.996726,0.833310,0.056694,0.058348
0.792783,0.841140,0.056097,0.056694
0.935683,0.975540,0.055540,0.056097
0.989742,0.826839,0.055995,0.055540
0.783330,0.829114,0.056886,0.055995
0.833947,0.956224,0.057903,0.056886
0.987626,0.831203,0.059140,0.057903
0.793451,0.879944,0.060188,0.059140
0.794421,0.951324,0.061115,0.060188
0.985678,0.829237,0.061443,0.061115
0.794464,0.844604,0.061286,0.061443
0.796605,0.962421,0.060659,0.061286
1.005659,0.790264,0.058959,0.060659
0.799320,0.846424,0.057533,0.058959
0.797983,0.977166,0.056686,0.057533
0.995863,0.844619,0.056977,0.056686
0.789297,0.881903,0.057818,0.056977
0.926015,0.941990,0.058515,0.057818
0.984049,0.845928,0.059088,0.058515
0.778380,0.822749,0.059298,0.059088
0.831315,0.975480,0.058111,0.059298
1.022194,0.797648,0.018707,0.058111
0.873732,0.833733,0.047710,0.018707
0.930906,0.930645,0.099287,0.047710
1.096037,0.728285,0.123877,0.099287
0.792022,0.714252,0.128621,0.123877
0.696396,0.784227,0.125635,0.128621
0.772445,0.580711,0.116643,0.125635
0.568467,0.560682,0.107634,0.116643
0.522566,0.617218,0.099151,0.107634
0.587671,0.466915,0.091429,0.099151
0.434824,0.438618,0.087035,0.091429
0.485675,0.472271,0.084102,0.087035
0.473420,0.363964,0.082357,0.084102
0.352860,0.342404,0.080622,0.082357
0.328685,0.368680,0.058300,0.080622
0.269521,0.278071,0.051829,0.058300
0.237266,0.285560,0.081881,0.051829
0.355442,0.356597,0.156317,0.081881
0.540430,0.240277,0.249594,0.156317
0.406389,0.211052,0.302534,0.249594
0.345184,0.251361,0.302327,0.302534
0.413725,0.269464,0.253738,0.302327
0.397690,0.300088,0.259350,0.253738
0.397472,0.389422,0.328270,0.259350
0.417843,0.311182,0.451430,0.328270
0.334961,0.363856,0.574468,0.451430
0.498697,0.567598,0.697145,0.574468
0.749149,0.548335,0.841260,0.697145
0.750579,0.607422,0.960712,0.841260
0.878130,0.850006,1.078259,0.960712
1.173385,0.918676,1.199705,1.078259
1.178286,0.918388,1.299648,1.199705
1.066347,0.756125,1.378266,1.299648
0.841195,0.802280,1.431830,1.378266
0.706913,0.932402,1.477082,1.431830
0.797691,0.748131,1.520643,1.477082
0.624860,0.785453,1.550623,1.520643
0.623041,0.938742,1.574263,1.550623
0.817625,0.795783,1.591071,1.574263
0.689865,0.795845,1.595098,1.591071
0.730409,0.946814,1.589447,1.595098
0.957572,0.814234,1.575165,1.589447
0.784042,0.848665,1.562366,1.575165
0.942728,0.965144,1.552434,1.562366
0.850284,0.808711,1.546566,1.552434
0.949114,0.853258,1.546006,1.546566
0.858386,0.985286,1.548229,1.546006
0.962915,0.808067,1.552243,1.548229
0.853578,0.839404,1.555461,1.552243
0.805844,0.953207,1.557772,1.555461
0.993728,0.844000,1.558819,1.557772
0.799005,0.849727,1.558584,1.558819
0.806811,0.980810,1.557759,1.558584
1.010177,0.820783,1.556682,1.557759
0.809307,0.826332,1.556155,1.556682
0.804937,0.983653,1.556062,1.556155
1.000384,0.837012,1.556437,1.556062
0.801750,0.856489,1.556962,1.556437
0.950224,0.980158,1.557486,1.556962
0.849721,0.815482,1.558064,1.557486
0.928315,0.836022,1.558447,1.558064
0.833218,0.985258,1.558639,1.558447
0.939432,0.835843,1.558677,1.558639
0.851458,1.005483,1.558573,1.558677
0.999312,0.992247,1.558461,1.558573
0.944440,0.819112,1.558504,1.558461
0.845865,0.991537,1.558707,1.558504
0.992259,0.829069,1.559283,1.558707
0.803014,0.818678,1.559690,1.559283
0.812318,0.959662,1.559256,1.559690
1.119807,0.811488,1.560423,1.559256
0.956404,0.803214,1.563049,1.560423
0.878968,0.883949,1.564894,1.563049
0.947407,0.691108,1.566229,1.564894
0.677666,0.677944,1.567475,1.566229
0.620506,0.706961,1.569216,1.567475
0.705501,0.522154,1.571751,1.569216
0.520198,0.518563,1.574200,1.571751
0.563562,0.554281,1.576943,1.574200
0.545220,0.458318,1.580253,1.576943
0.412755,0.397975,1.582916,1.580253
0.399812,0.426266,1.585520,1.582916
0.436654,0.402027,1.588353,1.585520
0.355885,0.382241,1.589979,1.588353
0.253369,0.292248,1.591119,1.589979
0.313855,0.358528,1.586479,1.591119
0.511496,0.306699,1.570529,1.586479
0.473983,0.253930,1.539684,1.570529
0.387859,0.274700,1.490205,1.539684
0.369050,0.315945,1.415254,1.490205
0.309427,0.328066,1.321504,1.415254
0.260594,0.310789,1.220745,1.321504
0.128878,0.329628,1.135107,1.220745
0.138674,0.463706,1.044438,1.135107
0.266128,0.471532,0.917678,1.044438
0.347008,0.623689,0.797299,0.917678
0.749183,0.751658,0.635085,0.797299
0.964793,0.739940,0.474588,0.635085
0.842598,0.900430,0.353497,0.474588
1.111608,0.773478,0.236579,0.353497
0.960828,0.808659,0.165918,0.236579
0.892379,0.977565,0.113780,0.165918
0.979330,0.784170,0.072065,0.113780
0.735900,0.773264,0.059498,0.072065
0.700608,0.903725,0.066073,0.059498
0.843239,0.767192,0.077223,0.066073
0.683044,0.777715,0.082211,0.077223
0.821033,0.949761,0.082391,0.082211
0.917624,0.766310,0.079054,0.082391
0.748700,0.813833,0.076832,0.079054
0.816813,1.007211,0.076495,0.076832
0.979291,0.935066,0.077188,0.076495
0.983912,0.959650,0.076790,0.077188
0.948404,0.787031,0.074998,0.076790
0.853589,0.828295,0.073232,0.074998
0.789508,0.975735,0.071666,0.073232
0.990468,0.823651,0.070217,0.071666
0.792375,0.852901,0.068959,0.070217
0.773815,0.985812,0.067480,0.068959
0.968795,0.838655,0.065832,0.067480
0.789110,0.837587,0.064769,0.065832
0.797469,0.974437,0.063855,0.064769
0.998273,0.801738,0.062972,0.063855
0.793533,0.835236,0.062641,0.062972
0.946093,0.993816,0.062997,0.062641
0.848351,0.846288,0.063268,0.062997
0.957367,0.995022,0.063328,0.063268
1.005628,0.989165,0.062964,0.063328
0.845302,0.825779,0.062574,0.062964
0.941878,1.008414,0.061528,0.062574
0.984667,0.817796,0.060286,0.061528
0.779051,0.828444,0.059524,0.060286
0.826535,0.998893,0.059345,0.059524
0.973323,0.802612,0.059624,0.059345
0.783385,0.829141,0.060250,0.059624
0.788613,0.989125,0.061115,0.060250
0.982590,0.826261,0.060363,0.061115
0.797153,0.868780,0.029653,0.060363
0.843662,0.978343,0.035744,0.029653
1.159708,0.763672,0.099814,0.035744
0.876385,0.788603,0.122425,0.099814
0.800262,0.778477,0.129026,0.122425
0.857669,0.655926,0.126253,0.129026
0.622256,0.615192,0.119712,0.126253
0.670023,0.644037,0.111623,0.119712
0.628671,0.504027,0.102329,0.111623
0.467204,0.501375,0.095041,0.102329
0.472978,0.516643,0.088348,0.095041
0.486455,0.412614,0.082309,0.088348
0.359477,0.382234,0.078470,0.082309
0.336128,0.425228,0.073728,0.078470
0.366969,0.301638,0.036343,0.073728
0.201777,0.288067,0.023294,0.036343
0.224324,0.353779,0.064557,0.023294
0.476862,0.305873,0.167056,0.064557
0.424943,0.239825,0.254339,0.167056
0.411484,0.300615,0.322100,0.254339
0.477890,0.224943,0.339448,0.322100
0.396781,0.270145,0.324143,0.339448
0.531927,0.306950,0.348650,0.324143
0.571870,0.320555,0.443682,0.348650
0.364897,0.339630,0.551345,0.443682
0.345950,0.488720,0.679638,0.551345
0.465271,0.475513,0.832237,0.679638
0.469347,0.565184,0.962286,0.832237
0.550897,0.755803,1.089178,0.962286
0.830343,0.679356,1.218293,1.089178
0.830895,0.776607,1.303170,1.218293
0.935689,0.940481,1.369307,1.303170
1.195583,0.807757,1.430177,1.369307
0.903542,0.819623,1.472405,1.430177
0.810804,0.914705,1.509095,1.472405
0.901516,0.764028,1.544702,1.509095
0.667741,0.808158,1.568197,1.544702
0.779651,0.905411,1.585048,1.568197
0.823246,0.782244,1.593576,1.585048
0.701836,0.812759,1.590074,1.593576
0.801149,0.963253,1.578097,1.590074
0.970809,0.812381,1.561542,1.578097
0.793360,0.809281,1.550829,1.561542
0.796220,0.953346,1.544907,1.550829
0.984013,0.809362,1.544036,1.544907
0.790144,0.844539,1.546673,1.544036
0.789870,0.987447,1.550706,1.546673
0.989191,0.804468,1.555107,1.550706
0.786629,0.828867,1.557621,1.555107
0.781136,1.004554,1.558738,1.557621
0.974784,0.834023,1.558658,1.558738
0.790244,0.840759,1.558014,1.558658
0.940923,0.968629,1.557300,1.558014
1.001978,0.838041,1.556674,1.557300
0.798029,0.851212,1.556526,1.556674
0.849770,0.975422,1.556677,1.556526
1.006057,0.819244,1.557168,1.556677
0.800923,0.863636,1.557631,1.557168
0.794430,0.976471,1.558182,1.557631
0.982252,0.834031,1.558780,1.558182
0.780449,0.827790,1.559168,1.558780
0.803961,0.989135,1.559520,1.559168
0.999171,0.829055,1.559862,1.559520
0.801746,1.014073,1.560190,1.559862
0.994702,0.973380,1.560591,1.560190
0.996160,0.844921,1.560967,1.560591
0.793628,0.979571,1.561333,1.560967
1.008322,0.812304,1.561767,1.561333
0.800443,0.847768,1.562123,1.561767
0.945466,0.969394,1.561855,1.562123
0.898916,0.818013,1.563016,1.561855
1.075292,0.805354,1.566588,1.563016
0.941852,0.883852,1.569515,1.566588
0.906798,0.702131,1.571295,1.569515
0.708062,0.659394,1.572299,1.571295
0.608336,0.688258,1.573164,1.572299
0.685507,0.556319,1.573775,1.573164
0.503202,0.515071,1.573879,1.573775
0.477061,0.567222,1.573736,1.573879
0.552465,0.438199,1.572928,1.573736
0.415050,0.419088,1.571481,1.572928
0.391136,0.456356,1.569021,1.571481
0.449559,0.364154,1.564862,1.569021
0.329922,0.312018,1.559594,1.564862
0.277738,0.384848,1.554364,1.559594
0.254239,0.288245,1.545771,1.554364
0.428180,0.284004,1.533258,1.545771
0.446071,0.303594,1.513711,1.533258
0.448808,0.251473,1.470847,1.513711
0.338097,0.293678,1.413777,1.470847
0.450601,0.308345,1.327072,1.413777
0.574194,0.287118,1.227960,1.327072
0.499531,0.396120,1.138069,1.227960
0.530152,0.356749,1.034433,1.138069
0.369396,0.405077,0.939493,1.034433
0.261523,0.557039,0.823375,0.939493
0.479161,0.560513,0.675136,0.823375
0.592140,0.617343,0.542120,0.675136
0.725862,0.866554,0.413247,0.542120
1.146581,0.763391,0.284491,0.413247
0.938949,0.788536,0.196041,0.284491
0.994306,0.961846,0.132692,0.196041
1.156228,0.832957,0.084152,0.132692
0.804374,0.797226,0.059926,0.084152
0.841530,0.908466,0.055500,0.059926
0.854177,0.943574,0.065341,0.055500
0.864092,0.970402,0.074388,0.065341
0.734942,0.776942,0.076631,0.074388
0.851803,0.803567,0.075399,0.076631
0.785089,0.948176,0.074344,0.075399
0.895830,0.795522,0.074762,0.074344
0.827760,0.806084,0.075477,0.074762
0.786612,0.934461,0.075523,0.075477
0.977063,0.828910,0.074263,0.075523
0.782867,0.836413,0.072521,0.074263
0.785088,0.972620,0.071186,0.072521
0.973950,0.803156,0.069801,0.071186
0.785527,0.840921,0.068663,0.069801
0.792488,0.977567,0.067394,0.068663
0.990124,0.803010,0.065906,0.067394
0.801085,0.873073,0.064984,0.065906
0.947949,0.986616,0.064358,0.064984
0.844232,0.835476,0.063694,0.064358
0.948624,0.848738,0.063063,0.063694
0.847247,0.982212,0.062274,0.063063
0.949007,0.851445,0.060992,0.062274
0.847561,0.858308,0.059851,0.060992
0.790374,0.995098,0.058925,0.059851
0.994062,0.794969,0.058150,0.058925
0.797533,0.843995,0.057786,0.058150
0.798334,0.972531,0.058005,0.057786
0.995891,0.839828,0.058467,0.058005
0.792595,0.998345,0.058935,0.058467
0.990625,0.966690,0.059567,0.058935
0.974255,0.839916,0.060681,0.059567
0.784316,0.983763,0.061494,0.060681
0.986075,0.833435,0.061893,0.061494
0.789101,0.834700,0.057162,0.061893
0.800443,0.990889,0.019589,0.057162
1.114618,0.802481,0.063220,0.019589
0.946603,0.761514,0.107938,0.063220
1.041347,0.850507,0.126945,0.107938
0.926105,0.690000,0.130466,0.126945
0.663525,0.641608,0.125068,0.130466
0.628196,0.679182,0.115656,0.125068
0.642058,0.509799,0.103453,0.115656
0.471285,0.526535,0.093830,0.103453
0.429907,0.534210,0.085192,0.093830
0.507587,0.398541,0.077215,0.085192
0.387131,0.414426,0.072530,0.077215
0.358922,0.460799,0.069669,0.072530
0.421901,0.346131,0.061447,0.069669
0.293020,0.343651,0.025803,0.061447
0.206686,0.328231,0.021092,0.025803
0.296085,0.304898,0.080981,0.021092
0.376529,0.269031,0.167723,0.080981
0.504279,0.313848,0.254784,0.167723
0.468389,0.221248,0.318552,0.254784
0.323088,0.214141,0.313177,0.318552
0.383732,0.324745,0.281585,0.313177
0.558439,0.309484,0.307293,0.281585
0.422728,0.313960,0.388469,0.307293
0.331013,0.374618,0.497872,0.388469
0.414485,0.410922,0.646541,0.497872
0.364723,0.505112,0.770391,0.646541
0.465431,0.662951,0.899474,0.770391
0.713338,0.636112,1.045206,0.899474
0.654556,0.700471,1.155808,1.045206
0.779030,0.925003,1.251755,1.155808
1.040027,0.763325,1.339671,1.251755
0.901936,0.803159,1.398809,1.339671
1.027616,0.935767,1.448852,1.398809
0.978160,0.783960,1.496363,1.448852
0.722801,0.803289,1.529388,1.496363
0.723380,0.910385,1.557286,1.529388
0.864325,0.811380,1.581337,1.557286
0.711349,0.794891,1.592837,1.581337
0.724063,0.940055,1.594820,1.592837
0.944781,0.799251,1.585455,1.594820
0.770754,0.826087,1.572811,1.585455
0.773220,0.972265,1.560365,1.572811
0.974139,0.776838,1.550436,1.560365
0.776856,0.789742,1.547096,1.550436
0.779997,0.956829,1.547620,1.547096
0.980695,0.797149,1.551155,1.547620
0.782720,0.851791,1.554694,1.551155
0.924842,0.958760,1.557611,1.554694
0.979982,0.822562,1.559556,1.557611
0.784773,0.849121,1.559913,1.559556
0.848938,0.975398,1.559381,1.559913
1.016388,0.825930,1.558241,1.559381
0.813158,0.856560,1.557240,1.558241
0.804240,0.980767,1.556519,1.557240
0.995997,0.823641,1.556279,1.556519
0.796350,0.833884,1.556555,1.556279
0.793917,0.985620,1.557139,1.556555
0.993696,0.816003,1.557939,1.557139
0.780715,0.839051,1.558568,1.557939
0.788936,0.993595,1.559133,1.558568
0.988345,0.836138,1.559657,1.559133
0.793762,0.814306,1.560037,1.559657
0.945772,0.976338,1.560392,1.560037
0.989978,0.809681,1.560781,1.560392
0.784308,0.835160,1.561085,1.560781
0.829844,0.966943,1.561311,1.561085
0.977601,0.803337,1.561479,1.561311
0.794040,0.858151,1.561513,1.561479
0.793769,0.963658,1.560769,1.561513
1.097980,0.827322,1.559738,1.560769
0.943640,0.815439,1.561159,1.559738
0.941448,0.909391,1.562761,1.561159
1.019316,0.881694,1.563614,1.562761
0.858339,0.748694,1.564544,1.563614
0.758424,0.580712,1.565983,1.564544
0.556054,0.684435,1.567591,1.565983
0.636070,0.616509,1.569744,1.567591
0.569675,0.511113,1.571408,1.569744
0.428973,0.509143,1.572261,1.571408
0.499308,0.394894,1.572475,1.572261
0.381839,0.442352,1.572162,1.572475
0.441878,0.400237,1.571240,1.572162
0.360215,0.325249,1.569480,1.571240
0.203871,0.342995,1.569949,1.569480
0.369424,0.289858,1.582302,1.569949
0.402707,0.270353,1.610422,1.582302
0.504660,0.312035,1.655560,1.610422
0.433859,0.246362,1.720551,1.655560
0.384360,0.244431,1.769410,1.720551
0.362149,0.336030,1.821554,1.769410
0.515394,0.242285,1.907594,1.821554
0.388132,0.297179,1.997957,1.907594
0.229268,0.387569,2.101557,1.997957
0.305349,0.417882,2.243727,2.101557
0.289635,0.467496,2.375801,2.243727
0.318328,0.649687,2.516810,2.375801
0.588045,0.645096,2.675375,2.516810
0.688722,0.718073,2.788645,2.675375
0.902484,0.859311,2.879557,2.788645
1.264737,0.776907,2.957267,2.879557
1.063658,0.809062,3.006923,2.957267
1.223253,0.935865,3.048977,3.006923
0.968779,0.802622,3.089384,3.048977
0.970981,0.780382,3.117267,3.089384
0.804868,0.936092,3.139693,3.117267
0.859299,0.763008,3.127977,3.139693
0.760343,0.826324,3.122982,3.127977
0.712784,0.937885,3.126776,3.122982
0.893973,0.781819,3.138742,3.126776
0.708528,0.810534,3.134900,3.138742
0.703447,0.928558,3.125628,3.134900
0.916420,0.812963,3.119910,3.125628
0.762679,0.811394,3.119237,3.119910
0.777072,0.957065,3.121263,3.119237
0.992431,0.992327,3.125130,3.121263
0.989326,0.952651,3.128781,3.125130
0.998730,0.781285,3.130962,3.128781
0.800855,0.870589,3.131547,3.130962
0.796638,1.011380,3.131163,3.131547
0.996052,0.813391,3.130329,3.131163
0.792552,0.828944,3.129622,3.130329
0.946793,0.991230,3.129144,3.129622
0.989400,0.834498,3.129121,3.129144
0.783414,0.829799,3.129257,3.129121
0.834116,0.955325,3.129614,3.129257
0.718566,0.998888,3.130069,3.129614
0.904597,0.952734,3.130748,3.130069
0.907650,0.822243,3.131181,3.130748
0.821469,1.017512,3.131279,3.131181
0.975911,0.985168,3.131106,3.131279
0.939100,0.830957,3.130821,3.131106
0.842580,1.008922,3.130577,3.130821
0.983766,0.842555,3.130425,3.130577
0.784321,0.832254,3.130382,3.130425
0.789828,1.008032,3.130380,3.130382
0.976810,0.833198,3.130433,3.130380
0.789193,0.813055,3.130349,3.130433
0.872591,1.003561,3.130554,3.130349
1.186847,0.811533,3.132259,3.130554
0.908025,0.902018,3.133538,3.132259
1.001879,0.839601,3.134251,3.133538
0.857011,0.666006,3.134698,3.134251
0.626212,0.727050,3.135420,3.134698
0.671278,0.642189,3.136789,3.135420
0.595744,0.605974,3.138418,3.136789
0.545273,0.424333,3.139562,3.138418
0.415312,0.408558,3.139920,3.139562
0.394005,0.468647,3.139634,3.139920
0.455310,0.347879,3.138653,3.139634
0.337607,0.347055,3.137233,3.138653
0.372558,0.397726,3.135291,3.137233
0.310764,0.311917,3.133168,3.135291
0.316859,0.255062,3.132268,3.133168
0.257434,0.267190,3.132384,3.132268
0.270201,0.207363,3.133177,3.132384
0.225873,0.212472,3.134026,3.133177
0.191961,0.213819,3.134704,3.134026
0.189447,0.140479,3.135033,3.134704
0.124963,0.161298,3.134988,3.135033
0.098265,0.149587,3.134721,3.134988
0.081671,0.089586,3.134293,3.134721
0.054106,0.094156,3.134068,3.134293
0.050364,0.118970,3.133914,3.134068
0.069122,0.081945,3.133905,3.133914
0.057188,0.040283,3.133978,3.133905
0.071933,0.051552,3.134165,3.133978
0.055758,0.049928,3.134399,3.134165
0.061372,0.025254,3.134504,3.134399
0.051504,0.010165,3.134534,3.134504
0.000000,0.000000,0.000000,0.000000
0.000000,0.037788,2.057096,0.000000
0.000000,0.041754,2.052060,2.057096
0.022725,0.037863,2.043122,2.052060
0.029121,0.028238,2.043488,2.043122
0.028701,0.028150,2.056515,2.043488
0.000000,0.024705,2.069036,2.056515
0.000000,0.028179,2.066056,2.069036
0.000000,0.034660,2.064212,2.066056
0.000000,0.042530,2.063483,2.064212
0.019096,0.045402,2.063521,2.063483
0.023412,0.028848,2.064017,2.063521
0.017718,0.024287,2.065317,2.064017
0.000000,0.031456,2.066188,2.065317
0.000000,0.010785,2.065235,2.066188
0.000000,0.026757,2.062803,2.065235
0.021268,0.029094,2.059288,2.062803
0.028200,0.010411,2.055097,2.059288
0.037006,0.045165,2.051215,2.055097
0.044502,0.018976,2.048845,2.051215
0.038150,0.046416,2.047635,2.048845
0.048592,0.042816,2.047135,2.047635
0.065452,0.024932,2.047585,2.047135
0.049463,0.035201,2.049587,2.047585
0.045886,0.022212,2.052921,2.049587
0.065356,0.035264,2.056504,2.052921
0.058920,0.046014,2.058544,2.056504
0.064021,0.052526,2.059414,2.058544
0.090083,0.020721,2.059518,2.059414
0.108291,0.031000,2.059808,2.059518
0.117598,0.013960,2.060877,2.059808
0.086271,0.038217,2.062383,2.060877
0.079974,0.047149,2.063807,2.062383
0.080326,0.046007,2.063881,2.063807
0.054618,0.028808,2.063436,2.063881
0.056994,0.036567,2.062997,2.063436
0.047603,0.021448,2.061446,2.062997
0.043382,0.006286,2.059123,2.061446
0.046448,0.032441,2.057143,2.059123
0.051940,0.020311,2.056062,2.057143
0.165421,0.024419,2.041390,2.056062
0.137856,0.041995,2.014563,2.041390
0.098058,0.142983,1.961980,2.014563
0.080414,0.230722,1.856435,1.961980
0.194135,0.310772,1.739784,1.856435
0.313524,0.430991,1.627513,1.739784
0.464587,0.470862,1.530028,1.627513
0.441232,0.564748,1.467960,1.530028
0.573487,0.731221,1.403929,1.467960
0.501579,0.636496,1.295851,1.403929
0.618378,0.740233,1.173112,1.295851
0.682383,0.913031,1.023854,1.173112
0.540738,0.810427,0.833793,1.023854
0.526476,0.838038,0.681768,0.833793
0.777508,0.934790,0.540614,0.681768
1.120454,0.784419,0.402367,0.540614
0.858032,0.934701,0.310916,0.402367
1.025093,0.943012,0.223956,0.310916
0.950150,0.810286,0.160397,0.223956
0.716587,0.930683,0.123958,0.160397
0.854591,0.782162,0.099145,0.123958
0.675668,0.838136,0.090503,0.099145
0.678994,0.920975,0.087926,0.090503
0.866129,0.813478,0.086425,0.087926
0.702655,0.821322,0.083451,0.086425
0.727120,0.997342,0.077294,0.083451
0.953612,0.795226,0.067858,0.077294
0.790899,0.833387,0.060816,0.067858
0.937130,0.980502,0.056671,0.060816
1.006603,0.801189,0.055138,0.056671
0.821172,0.866115,0.054748,0.055138
0.857648,0.989178,0.054710,0.054748
0.999742,0.821341,0.055424,0.054710
0.782684,0.825337,0.056632,0.055424
0.773367,0.974496,0.058171,0.056632
0.976197,0.825601,0.060041,0.058171
0.790365,0.818547,0.060986,0.060041
0.799255,0.999228,0.061004,0.060986
1.015198,0.820526,0.060650,0.061004
0.807087,0.832672,0.060226,0.060650
0.798745,0.973084,0.060081,0.060226
0.995055,0.817780,0.060251,0.060081
0.799456,0.985088,0.060182,0.060251
1.007629,0.983957,0.060176,0.060182
1.005963,0.836813,0.060383,0.060176
0.945483,0.991136,0.060175,0.060383
0.838424,0.792822,0.059568,0.060175
0.933503,0.816347,0.059206,0.059568
0.834933,0.971469,0.059217,0.059206
0.925125,0.826822,0.059192,0.059217
0.834403,0.822618,0.044940,0.059192
0.842623,0.977714,0.010594,0.044940
1.153137,0.811902,0.080684,0.010594
0.919243,0.797512,0.112677,0.080684
0.849780,0.864469,0.124651,0.112677
0.915851,0.644970,0.125406,0.124651
0.662672,0.757289,0.120387,0.125406
0.737696,0.681088,0.111067,0.120387
0.656216,0.520733,0.101757,0.111067
0.487521,0.610115,0.094836,0.101757
0.557730,0.449666,0.088855,0.094836
0.416523,0.399011,0.086321,0.088855
0.394245,0.467631,0.085740,0.086321
0.458163,0.347636,0.086718,0.085740
0.342108,0.338050,0.071728,0.086718
0.330737,0.363874,0.054184,0.071728
0.279061,0.252358,0.078482,0.054184
0.303980,0.292198,0.147340,0.078482
0.423382,0.271855,0.227088,0.147340
0.451126,0.216882,0.300583,0.227088
0.269268,0.245560,0.305918,0.300583
0.267117,0.322787,0.265959,0.305918
0.490790,0.256148,0.244903,0.265959
0.395617,0.313471,0.309051,0.244903
0.316444,0.409739,0.410071,0.309051
0.297189,0.462935,0.552930,0.410071
0.374586,0.554062,0.700320,0.552930
0.615085,0.551574,0.846470,0.700320
0.599092,0.749632,0.967773,0.846470
0.946251,0.840994,1.108061,0.967773
1.121738,0.788051,1.225167,1.108061
0.917457,0.911254,1.305558,1.225167
1.099616,0.771060,1.381815,1.305558
0.814881,0.800343,1.433880,1.381815
0.719402,0.943362,1.478114,1.433880
0.811728,0.763601,1.520462,1.478114
0.638023,0.797737,1.549412,1.520462
0.776853,0.928160,1.572425,1.549412
0.845124,0.780678,1.589076,1.572425
0.706016,0.791909,1.593132,1.589076
0.781537,0.961353,1.587771,1.593132
0.954739,0.797907,1.573914,1.587771
0.778396,0.818513,1.561269,1.573914
0.790044,0.938178,1.551280,1.561269
1.003067,0.824885,1.545560,1.551280
0.797258,0.830237,1.545439,1.545560
0.805078,0.969938,1.548366,1.545439
1.011185,1.002287,1.553055,1.548366
1.002876,0.991348,1.557160,1.553055
0.991099,0.837466,1.559301,1.557160
0.796172,0.839892,1.559595,1.559301
0.798726,0.980195,1.559013,1.559595
1.009337,0.798493,1.557869,1.559013
0.806769,0.853643,1.556878,1.557869
0.958168,0.979649,1.556227,1.556878
0.863174,0.844918,1.555939,1.556227
0.961449,0.825916,1.556083,1.555939
0.863460,0.976602,1.556461,1.556083
0.952885,0.841255,1.557047,1.556461
0.845345,0.833832,1.557476,1.557047
0.792815,0.986249,1.557818,1.557476
0.982657,0.817247,1.558150,1.557818
0.796277,0.856729,1.558400,1.558150
0.808172,0.970247,1.558722,1.558400
1.006897,0.826241,1.559048,1.558722
0.803089,0.996517,1.559288,1.559048
0.999017,0.985706,1.559768,1.559288
0.995572,0.861965,1.560360,1.559768
0.792342,0.966896,1.560678,1.560360
1.046006,0.821935,1.560548,1.560678
0.884472,0.814034,1.562529,1.560548
0.948592,0.935727,1.565280,1.562529
1.115236,0.729230,1.566896,1.565280
0.789880,0.696905,1.567560,1.566896
0.829732,0.752248,1.568284,1.567560
0.774138,0.586375,1.569748,1.568284
0.564517,0.563582,1.571565,1.569748
0.542009,0.608584,1.573826,1.571565
0.586601,0.463694,1.576805,1.573826
0.425596,0.416084,1.579240,1.576805
0.398141,0.452721,1.581539,1.579240
0.461618,0.356370,1.583984,1.581539
0.346063,0.332838,1.585442,1.583984
0.301578,0.363885,1.586263,1.585442
0.264943,0.300497,1.587211,1.586263
0.270369,0.291766,1.582846,1.587211
0.395425,0.299545,1.571065,1.582846
0.502721,0.232484,1.544439,1.571065
0.359546,0.261326,1.500372,1.544439
0.336527,0.268731,1.440768,1.500372
0.278513,0.259212,1.353532,1.440768
0.300263,0.313798,1.271533,1.353532
0.205032,0.393163,1.183439,1.271533
0.097929,0.377432,1.080272,1.183439
0.081528,0.431139,0.984204,1.080272
0.229392,0.576541,0.867296,0.984204
0.582342,0.542314,0.715968,0.867296
0.582066,0.660515,0.577486,0.715968
0.723186,0.866948,0.443328,0.577486
1.041766,0.928599,0.310902,0.443328
1.100605,0.972715,0.205995,0.310902
1.086248,0.776249,0.137411,0.205995
0.816428,0.824431,0.095317,0.137411
0.741613,0.929192,0.067947,0.095317
0.880052,0.791051,0.061626,0.067947
0.689340,0.779786,0.068198,0.061626
0.842708,0.892800,0.075262,0.068198
0.757765,0.795677,0.078704,0.075262
0.874089,0.792603,0.077658,0.078704
0.801573,0.929172,0.075679,0.077658
0.914855,0.800029,0.075322,0.075679
0.834590,0.802683,0.075841,0.075322
0.789149,0.944534,0.076191,0.075841
0.997944,0.812367,0.075581,0.076191
0.803363,0.840070,0.074330,0.075581
0.799254,0.982044,0.072687,0.074330
0.986430,0.822973,0.070863,0.072687
0.795928,0.984990,0.069715,0.070863
0.984884,0.967406,0.068229,0.069715
0.986012,0.851060,0.067082,0.068229
0.788890,0.993855,0.066469,0.067082
0.997167,1.018594,0.066007,0.066469
0.997599,0.969452,0.065202,0.066007
1.009839,0.858048,0.064191,0.065202
0.810565,0.845775,0.063208,0.064191
0.813504,0.972175,0.062377,0.063208
1.006467,0.810756,0.061848,0.062377
0.800457,0.876148,0.061878,0.061848
0.954171,0.966328,0.061942,0.061878
0.850137,0.825046,0.061810,0.061942
0.943713,0.839732,0.061652,0.061810
0.836489,0.999090,0.061656,0.061652
0.934364,0.829964,0.061638,0.061656
0.835324,0.854852,0.061032,0.061638
0.786979,0.984945,0.060323,0.061032
0.984472,0.816733,0.060112,0.060323
0.788101,0.806375,0.060034,0.060112
0.786206,0.978583,0.042841,0.060034
1.028951,0.959694,0.028018,0.042841
1.123876,0.945272,0.092344,0.028018
1.093245,0.722859,0.119430,0.092344
0.804377,0.872392,0.126020,0.119430
0.881389,0.736649,0.124129,0.126020
0.775924,0.601664,0.116744,0.124129
0.564887,0.655387,0.108419,0.116744
0.636762,0.507551,0.098652,0.108419
0.472038,0.473164,0.091562,0.098652
0.441258,0.521405,0.085483,0.091562
0.392338,0.378119,0.079880,0.085483
0.240821,0.389232,0.076245,0.079880
0.276306,0.400280,0.070483,0.076245
0.269598,0.327914,0.027015,0.070483
0.217350,0.300371,0.015887,0.027015
0.255646,0.331150,0.077123,0.015887
0.445163,0.282144,0.181429,0.077123
0.456619,0.255231,0.266864,0.181429
0.413012,0.324455,0.321821,0.266864
0.476766,0.240409,0.320623,0.321821
0.422060,0.267113,0.297036,0.320623
0.514395,0.349406,0.327535,0.297036
0.496045,0.346166,0.427169,0.327535
0.377216,0.377585,0.537423,0.427169
0.292847,0.492416,0.666487,0.537423
0.453940,0.466019,0.817209,0.666487
0.489652,0.577595,0.945082,0.817209
0.735493,0.757594,1.070944,0.945082
0.737921,0.721151,1.200684,1.070944
0.975216,0.751456,1.286791,1.200684
0.939405,0.954867,1.355307,1.286791
1.078188,0.793864,1.419413,1.355307
0.917418,0.811623,1.463885,1.419413
0.782112,0.940155,1.502661,1.463885
0.885951,0.737327,1.540368,1.502661
0.681973,0.776621,1.565175,1.540368
0.689874,0.902348,1.583197,1.565175
0.873665,0.794017,1.593030,1.583197
0.717273,0.816702,1.590869,1.593030
0.734669,0.939939,1.579928,1.590869
0.944214,0.834017,1.563374,1.579928
0.772397,0.823837,1.551630,1.563374
0.926052,0.954711,1.544415,1.551630
0.838133,0.833916,1.542309,1.544415
0.941754,0.826193,1.544374,1.542309
0.841956,0.981622,1.548342,1.544374
0.938083,0.970992,1.553131,1.548342
0.988662,0.963194,1.556603,1.553131
0.987985,0.823987,1.558054,1.556603
0.798319,0.857806,1.558035,1.558054
0.846110,0.974553,1.557516,1.558035
0.996665,0.836737,1.556800,1.557516
0.802549,0.814324,1.556224,1.556800
0.800433,0.995298,1.555941,1.556224
1.011148,0.808393,1.555988,1.555941
0.812241,0.847495,1.556362,1.555988
0.808843,1.006836,1.556924,1.556362
1.009386,0.830240,1.557673,1.556924
0.806575,0.838094,1.558286,1.557673
0.810253,0.989337,1.558758,1.558286
1.003749,0.789158,1.559258,1.558758
0.798811,0.868131,1.559551,1.559258
0.956432,0.994947,1.559732,1.559551
1.011091,0.835987,1.559740,1.559732
0.813450,0.856417,1.559565,1.559740
0.861039,0.962056,1.559362,1.559565
1.011689,0.819863,1.559124,1.559362
0.808418,0.844495,1.558896,1.559124
0.824219,0.970160,1.558010,1.558896
1.146539,0.845452,1.559320,1.558010
0.950498,0.774948,1.562380,1.559320
0.891408,0.862536,1.564588,1.562380
0.957012,0.686359,1.565968,1.564588
0.681740,0.644236,1.567187,1.565968
0.619745,0.706545,1.568615,1.567187
0.689791,0.537461,1.570392,1.568615
0.511796,0.510989,1.571816,1.570392
0.565945,0.556798,1.573308,1.571816
0.550080,0.450327,1.575074,1.573308
0.413995,0.475038,1.576830,1.575074
0.474481,0.438240,1.579317,1.576830
0.441969,0.338237,1.581334,1.579317
0.315161,0.388181,1.581727,1.581334
0.258698,0.298704,1.581391,1.581727
0.315619,0.284456,1.575676,1.581391
0.417474,0.305786,1.562690,1.575676
0.520405,0.240718,1.535769,1.562690
0.388060,0.292247,1.491957,1.535769
0.443492,0.289261,1.418518,1.491957
0.537102,0.294946,1.328527,1.418518
0.519037,0.319160,1.242508,1.328527
0.568683,0.308394,1.139200,1.242508
0.388663,0.388951,1.052211,1.139200
0.216938,0.506422,0.951080,1.052211
0.030258,0.509959,0.811724,0.951080
0.078744,0.587277,0.683731,0.811724
0.219293,0.797222,0.544243,0.683731
0.487019,0.733385,0.394569,0.544243
0.533150,0.765522,0.287772,0.394569
0.764592,0.966386,0.197757,0.287772
0.969625,0.812364,0.128226,0.197757
0.762238,0.832865,0.088918,0.128226
0.751929,0.980469,0.063049,0.088918
0.839280,0.793610,0.055067,0.063049
0.664723,0.766976,0.061483,0.055067
0.679744,0.954247,0.069007,0.061483
0.869270,0.752065,0.073142,0.069007
0.735735,0.835627,0.072860,0.073142
0.762687,0.939749,0.071770,0.072860
0.960615,0.830059,0.072111,0.071770
0.779092,0.801315,0.073228,0.072111
0.786530,0.961109,0.073683,0.073228
0.988176,0.814724,0.073017,0.073683
0.780345,0.832847,0.071883,0.073017
0.916544,0.999811,0.070568,0.071883
0.961688,0.816529,0.068996,0.070568
0.776888,0.818974,0.067432,0.068996
0.831024,0.988014,0.065834,0.067432
0.985371,0.813815,0.064362,0.065834
0.797124,0.858369,0.063340,0.064362
0.798447,0.981149,0.062175,0.063340
1.004276,1.003223,0.060997,0.062175
0.998669,0.967481,0.060198,0.060997
1.001790,0.799571,0.060018,0.060198
0.798635,0.842565,0.060062,0.060018
0.794989,1.002846,0.060438,0.060062
0.990913,0.836360,0.061209,0.060438
0.802776,0.826462,0.062160,0.061209
0.795511,0.979221,0.063171,0.062160
0.996978,0.830261,0.064130,0.063171
0.795265,0.853512,0.064610,0.064130
0.938453,0.951396,0.064714,0.064610
0.843405,0.837915,0.064377,0.064714
0.941347,0.846065,0.063898,0.064377
0.846358,0.956755,0.063363,0.063898
0.946432,0.802986,0.062959,0.063363
0.845874,0.839558,0.055140,0.062959
0.835884,0.982106,0.013099,0.055140
1.166921,0.825047,0.067292,0.013099
0.961336,0.816032,0.106906,0.067292
0.873582,0.852407,0.123395,0.106906
0.926840,0.666332,0.126839,0.123395
0.669211,0.757880,0.122656,0.126839
0.735478,0.714400,0.113636,0.122656
0.647463,0.519366,0.104027,0.113636
0.470518,0.546004,0.096386,0.104027
0.539665,0.468652,0.088814,0.096386
0.412028,0.451898,0.083706,0.088814
0.383072,0.457604,0.079697,0.083706
0.448603,0.343985,0.075915,0.079697
0.337779,0.347756,0.055099,0.075915
0.330405,0.360020,0.012749,0.055099
0.263157,0.298637,0.057785,0.012749
0.319455,0.278763,0.141966,0.057785
0.454026,0.306586,0.230072,0.141966
0.529414,0.209903,0.312136,0.230072
0.338823,0.231317,0.329808,0.312136
0.348632,0.306178,0.308726,0.329808
0.584962,0.280243,0.310400,0.308726
0.538566,0.304964,0.381941,0.310400
0.393506,0.387402,0.486697,0.381941
0.375609,0.390893,0.634498,0.486697
0.379494,0.432137,0.763589,0.634498
0.472119,0.617996,0.895891,0.763589
0.599106,0.614681,1.046565,0.895891
0.599490,0.669391,1.160070,1.046565
0.873413,0.864929,1.257714,1.160070
1.140468,0.753833,1.345716,1.257714
0.960408,0.811072,1.402907,1.345716
1.036918,0.958167,1.451494,1.402907
1.040809,0.788660,1.497456,1.451494
0.761931,0.802540,1.528931,1.497456
0.715784,0.929287,1.555502,1.528931
0.865767,0.780076,1.578379,1.555502
0.696147,0.796130,1.589436,1.578379
0.718122,0.942888,1.591843,1.589436
0.918388,0.778101,1.583720,1.591843
0.742593,0.800701,1.572211,1.583720
0.763515,0.955410,1.560700,1.572211
0.964428,0.793552,1.551379,1.560700
0.781344,0.823986,1.548035,1.551379
0.919573,0.967826,1.548284,1.548035
0.980868,0.797202,1.551443,1.548284
0.788767,0.839826,1.554812,1.551443
0.848423,0.950110,1.557702,1.554812
0.996849,0.823804,1.559636,1.557702
0.791097,0.852746,1.559977,1.559636
0.789571,0.966165,1.559438,1.559977
1.009578,0.834524,1.558263,1.559438
0.806240,1.005337,1.557289,1.558263
1.008617,0.964539,1.556523,1.557289
1.009251,1.003934,1.556493,1.556523
0.998276,0.987150,1.556968,1.556493
1.003060,0.852889,1.557627,1.556968
0.804164,0.962143,1.558226,1.557627
0.994625,0.812238,1.558656,1.558226
0.792270,0.829176,1.558846,1.558656
0.787866,0.981165,1.558943,1.558846
0.985990,0.817444,1.558932,1.558943
0.794535,0.837770,1.558905,1.558932
0.797686,0.976580,1.558813,1.558905
1.013878,0.825590,1.558725,1.558813
0.802619,0.836823,1.558627,1.558725
0.944917,0.991449,1.558695,1.558627
0.990741,0.829661,1.559036,1.558695
0.786774,0.857660,1.558818,1.559036
0.938314,0.999358,1.559291,1.558818
1.237182,0.771799,1.562608,1.559291
0.938115,0.787089,1.564753,1.562608
0.822962,0.861990,1.565403,1.564753
0.889751,0.674505,1.564832,1.565403
0.644071,0.726662,1.563925,1.564832
0.719117,0.657873,1.562887,1.563925
0.634440,0.510782,1.562479,1.562887
0.463468,0.556651,1.562651,1.562479
0.549624,0.425481,1.563437,1.562651
0.406990,0.403053,1.564102,1.563437
0.378941,0.446603,1.564669,1.564102
0.442880,0.334637,1.564751,1.564669
0.322245,0.337559,1.563719,1.564751
0.285322,0.354902,1.563620,1.563719
0.233990,0.285529,1.571076,1.563620
0.408729,0.277251,1.593576,1.571076
0.457591,0.304902,1.632979,1.593576
0.479404,0.222810,1.694920,1.632979
0.370927,0.219702,1.747772,1.694920
0.350917,0.309316,1.797110,1.747772
0.538791,0.266773,1.873294,1.797110
0.427540,0.303254,1.959793,1.873294
0.313181,0.412568,2.060322,1.959793
0.380732,0.379629,2.194696,2.060322
0.234942,0.450250,2.322723,2.194696
0.264182,0.602323,2.462607,2.322723
0.598459,0.593634,2.625654,2.462607
0.690902,0.688264,2.747349,2.625654
1.079662,0.862438,2.848115,2.747349
1.083141,0.777669,2.934654,2.848115
1.263471,0.838413,2.988394,2.934654
1.107146,0.961201,3.033307,2.988394
1.117477,0.800898,3.076612,3.033307
0.897118,0.796399,3.106626,3.076612
0.775162,0.894090,3.131351,3.106626
0.918901,0.759834,3.132987,3.131351
0.719839,0.779416,3.124591,3.132987
0.707342,0.953201,3.124990,3.124591
0.885075,0.794798,3.134989,3.124990
0.723829,0.926929,3.138566,3.134989
0.883572,0.973804,3.126645,3.138566
0.898696,0.829040,3.120151,3.126645
0.775295,0.960007,3.119145,3.120151
0.994420,0.983421,3.121472,3.119145
1.000896,0.960946,3.125412,3.121472
0.998068,0.963440,3.128863,3.125412
1.009040,0.966878,3.130826,3.128863
1.012485,0.828262,3.131107,3.130826
0.805022,0.806222,3.130508,3.131107
0.797438,0.983738,3.129612,3.130508
0.976782,1.035295,3.128533,3.129612
0.993621,0.964849,3.127893,3.128533
0.999221,0.790722,3.127810,3.127893
0.801645,0.990591,3.127947,3.127810
1.010223,0.975998,3.128243,3.127947
1.000793,0.837032,3.128590,3.128243
0.792969,0.998704,3.128906,3.128590
0.992223,0.842997,3.129228,3.128906
0.788746,0.841291,3.129719,3.129228
0.791106,0.987421,3.130386,3.129719
1.000409,0.834156,3.131222,3.130386
0.799497,0.862461,3.131887,3.131222
0.936951,0.989857,3.132365,3.131887
0.973272,0.792727,3.132631,3.132365
0.791414,0.873256,3.132628,3.132631
0.854257,1.009416,3.132631,3.132628
1.018842,0.817037,3.132136,3.132631
0.883067,0.842389,3.132106,3.132136
0.956686,0.926170,3.132961,3.132106
1.127902,0.716372,3.133156,3.132961
0.803087,0.709661,3.132406,3.133156
0.706735,0.785525,3.131357,3.132406
0.764340,0.724743,3.130161,3.131357
0.665087,0.642610,3.129564,3.130161
0.585076,0.472375,3.129871,3.129564
0.434481,0.568288,3.130844,3.129871
0.512880,0.507626,3.132858,3.130844
0.483099,0.386932,3.135281,3.132858
0.368497,0.420867,3.137213,3.135281
0.424190,0.332897,3.139305,3.137213
0.311784,0.335588,3.141027,3.139305
0.289793,0.295485,3.141582,3.141027
0.323016,0.253081,3.138565,3.141582
0.237856,0.259905,3.136576,3.138565
0.269575,0.205519,3.135686,3.136576
0.263342,0.217896,3.135940,3.135686
0.184737,0.179102,3.136875,3.135940
0.178811,0.187901,3.137922,3.136875
0.200380,0.120813,3.138930,3.137922
0.164665,0.135953,3.139364,3.138930
0.148413,0.137132,3.139419,3.139364
0.140076,0.087788,3.139145,3.139419
0.106275,0.062095,3.138741,3.139145
0.093917,0.097894,3.138281,3.138741
0.098947,0.054388,3.137932,3.138281
0.073427,0.059692,3.137729,3.137932
0.072260,0.043021,3.137684,3.137729
0.077710,0.028758,3.137769,3.137684
0.060425,0.044104,3.137891,3.137769
0.000000,0.000000,0.000000,0.000000
0.000000,0.008601,2.058489,0.000000
0.000000,0.010644,2.054363,2.058489
0.025886,0.051195,2.033880,2.054363
0.025479,0.048276,2.021694,2.033880
0.028956,0.036202,2.024060,2.021694
0.000000,0.031174,2.029334,2.024060
0.000000,0.041352,2.030589,2.029334
0.000000,0.018987,2.039131,2.030589
0.000000,0.009321,2.041204,2.039131
0.000000,0.018569,2.039677,2.041204
0.000000,0.018092,2.037876,2.039677
0.000000,0.043917,2.035908,2.037876
0.000000,0.021263,2.034635,2.035908
0.000000,0.016044,2.034492,2.034635
0.000000,0.021351,2.034896,2.034492
0.000000,0.008748,2.030979,2.034896
0.021991,0.025792,2.024961,2.030979
0.042961,0.034235,2.026263,2.024961
0.038601,0.025956,2.027018,2.026263
0.040851,0.012689,2.028416,2.027018
0.040217,0.038470,2.030229,2.028416
0.068796,0.030939,2.030633,2.030229
0.056009,0.038400,2.029859,2.030633
0.081101,0.009907,2.028768,2.029859
0.093406,0.038810,2.029236,2.028768
0.092932,0.016824,2.031300,2.029236
0.110399,0.026585,2.034646,2.031300
0.082056,0.035229,2.036777,2.034646
0.065427,0.046455,2.037656,2.036777
0.065415,0.023372,2.036647,2.037656
0.045208,0.015682,2.034751,2.036647
0.050350,0.021853,2.032075,2.034751
0.048253,0.008661,2.029917,2.032075
0.147149,0.005722,2.016751,2.029917
0.174134,0.071827,1.981876,2.016751
0.110697,0.129389,1.927719,1.981876
0.025218,0.248009,1.838440,1.927719
0.217619,0.292743,1.704229,1.838440
0.364469,0.365943,1.597876,1.704229
0.347048,0.551992,1.514683,1.597876
0.524901,0.497051,1.440444,1.514683
0.465739,0.627630,1.377128,1.440444
0.452616,0.807603,1.285477,1.377128
0.673083,0.742167,1.137533,1.285477
0.606926,0.796659,0.988473,1.137533
0.736412,0.984505,0.826294,0.988473
0.600189,0.790680,0.648489,0.826294
1.053208,0.818902,0.516068,0.648489
1.012186,0.946122,0.399593,0.516068
1.055617,0.803580,0.291352,0.399593
0.879803,0.800748,0.222555,0.291352
0.770452,0.922092,0.168122,0.222555
0.883381,0.754446,0.123730,0.168122
0.680215,0.818168,0.102300,0.123730
0.661741,0.936545,0.091871,0.102300
0.832347,0.759781,0.087945,0.091871
0.679476,0.821597,0.086760,0.087945
0.687963,0.998237,0.084278,0.086760
0.885742,0.803800,0.077419,0.084278
0.748466,0.818525,0.069648,0.077419
0.914614,1.003632,0.062524,0.069648
0.828332,0.819839,0.057157,0.062524
0.926857,0.849052,0.056322,0.057157
0.831632,0.964882,0.057209,0.056322
0.933688,0.802777,0.058560,0.057209
0.825948,0.853709,0.059539,0.058560
0.783812,0.987002,0.060388,0.059539
0.991214,0.795770,0.060491,0.060388
0.791131,0.991354,0.060298,0.060491
0.999766,0.980983,0.059964,0.060298
0.991962,0.832635,0.059334,0.059964
0.800167,0.964920,0.058391,0.059334
1.009752,0.807881,0.057590,0.058391
0.796873,0.850887,0.057494,0.057590
0.785252,0.972143,0.058244,0.057494
0.980071,0.823383,0.059739,0.058244
0.792095,0.837553,0.060535,0.059739
0.798711,1.011264,0.060823,0.060535
0.991753,0.827628,0.060247,0.060823
0.795427,0.838720,0.059241,0.060247
0.946086,0.961865,0.058262,0.059241
0.987924,0.820966,0.058149,0.058262
0.786496,0.847297,0.058711,0.058149
0.838404,1.007780,0.057228,0.058711
0.973553,0.787850,0.011504,0.057228
0.963334,0.824032,0.057841,0.011504
0.932131,0.917709,0.104807,0.057841
1.062563,0.728398,0.125613,0.104807
0.761648,0.709890,0.128596,0.125613
0.678195,0.749864,0.124829,0.128596
0.758794,0.586841,0.116044,0.124829
0.552562,0.550576,0.107159,0.116044
0.505261,0.553432,0.098337,0.107159
0.577265,0.432733,0.089643,0.098337
0.430132,0.455583,0.084058,0.089643
0.479999,0.489181,0.080047,0.084058
0.398595,0.377232,0.077470,0.080047
0.416992,0.352231,0.072747,0.077470
0.316082,0.349542,0.043874,0.072747
0.265925,0.306337,0.043017,0.043874
0.296112,0.303437,0.096686,0.043017
0.387583,0.300575,0.180523,0.096686
0.518328,0.237972,0.275055,0.180523
0.368361,0.235055,0.314147,0.275055
0.288491,0.288296,0.300951,0.314147
0.424938,0.238207,0.259892,0.300951
0.368485,0.362227,0.291921,0.259892
0.323603,0.397578,0.395619,0.291921
0.253409,0.382610,0.532805,0.395619
0.269469,0.533623,0.657611,0.532805
0.515797,0.515876,0.802425,0.657611
0.502672,0.622130,0.924725,0.802425
0.604182,0.792859,1.045992,0.924725
0.892868,0.728783,1.174334,1.045992
0.778682,0.815456,1.263762,1.174334
0.932049,0.924061,1.337594,1.263762
1.020909,0.785721,1.407621,1.337594
0.793502,0.973683,1.455389,1.407621
0.885792,0.928788,1.502725,1.455389
0.847224,0.786003,1.539926,1.502725
0.710932,0.926898,1.564896,1.539926
0.818370,0.946939,1.584576,1.564896
0.897157,0.940700,1.592336,1.584576
0.921321,0.775465,1.586655,1.592336
0.757136,0.838930,1.575172,1.586655
0.825757,0.954611,1.562246,1.575172
0.981978,0.792951,1.550658,1.562246
0.788454,0.839320,1.545747,1.550658
0.783762,0.960035,1.545048,1.545747
1.006974,0.830464,1.547887,1.545048
0.805267,0.843252,1.551623,1.547887
0.805436,0.971154,1.555092,1.551623
0.999380,0.812467,1.557590,1.555092
0.796377,0.825304,1.558334,1.557590
0.795039,1.015847,1.558120,1.558334
1.000508,0.813104,1.557149,1.558120
0.798301,0.848466,1.556321,1.557149
0.959922,0.960959,1.555606,1.556321
1.021711,0.843793,1.555130,1.555606
0.821545,1.015293,1.555178,1.555130
1.022265,0.979432,1.555635,1.555178
1.014333,0.822643,1.556269,1.555635
0.858475,1.015817,1.556860,1.556269
0.966127,0.841499,1.557577,1.556860
0.841392,0.820510,1.558227,1.557577
0.804859,0.981013,1.558832,1.558227
1.014192,0.825057,1.559322,1.558832
0.807809,0.828425,1.559527,1.559322
0.800928,0.971158,1.559754,1.559527
0.989229,0.834042,1.560151,1.559754
0.783405,0.828505,1.560688,1.560151
0.788788,0.967200,1.561370,1.560688
0.996093,0.820188,1.561275,1.561370
0.888281,0.809093,1.562285,1.561275
1.107519,0.941646,1.564559,1.562285
0.946491,0.739437,1.565584,1.564559
0.920087,0.706676,1.564937,1.565584
0.724417,0.758333,1.563698,1.564937
0.723933,0.578449,1.562841,1.563698
0.583440,0.556863,1.563305,1.562841
0.514077,0.618185,1.565189,1.563305
0.581238,0.472088,1.569100,1.565189
0.440286,0.438357,1.573485,1.569100
0.420769,0.490506,1.578639,1.573485
0.488688,0.386786,1.585002,1.578639
0.371636,0.360685,1.590189,1.585002
0.342804,0.385160,1.594377,1.590189
0.303461,0.295513,1.600497,1.594377
0.221620,0.308211,1.603618,1.600497
0.386587,0.341906,1.600089,1.603618
0.434061,0.227424,1.584714,1.600089
0.434770,0.231139,1.556308,1.584714
0.341040,0.268666,1.506718,1.556308
0.301788,0.339971,1.432720,1.506718
0.401879,0.349143,1.342209,1.432720
0.331473,0.310371,1.246658,1.342209
0.229620,0.351062,1.166015,1.246658
0.237329,0.468185,1.073664,1.166015
0.335334,0.479048,0.942125,1.073664
0.362643,0.584996,0.819031,0.942125
0.480408,0.766869,0.675767,0.819031
0.740778,0.882278,0.507337,0.675767
0.900965,0.909595,0.357434,0.507337
1.062001,0.821285,0.241752,0.357434
0.861451,0.850751,0.174527,0.241752
0.802178,0.943430,0.123712,0.174527
0.898789,0.804081,0.083465,0.123712
0.699133,0.955886,0.066885,0.083465
0.846355,0.901484,0.066116,0.066885
0.852561,0.784327,0.074228,0.066116
0.695651,0.939175,0.078556,0.074228
0.898103,0.779651,0.078141,0.078556
0.749599,0.805160,0.075505,0.078141
0.769935,0.964227,0.073512,0.075505
0.973298,0.826273,0.074388,0.073512
0.784748,0.783402,0.075752,0.074388
0.941483,0.985832,0.075843,0.075752
1.000065,0.777577,0.073893,0.075843
0.799026,0.838545,0.071340,0.073893
0.848379,0.961564,0.068628,0.071340
0.988124,0.852078,0.065539,0.068628
0.788586,0.845164,0.063817,0.065539
0.774738,0.991905,0.062561,0.063817
0.986371,0.810479,0.062275,0.062561
0.789474,0.866324,0.062405,0.062275
0.791427,0.990700,0.062608,0.062405
0.988905,0.825051,0.062802,0.062608
0.789761,0.807931,0.062511,0.062802
0.794304,0.995112,0.061947,0.062511
1.003483,0.822122,0.061204,0.061947
0.801614,0.844394,0.061045,0.061204
0.945804,0.945010,0.061381,0.061045
0.988068,0.816621,0.061754,0.061381
0.789788,1.003952,0.061821,0.061754
0.980781,0.988098,0.062118,0.061821
0.976334,1.017981,0.062989,0.062118
0.983092,0.986757,0.063509,0.062989
0.836179,0.814294,0.063125,0.063509
0.933659,1.012099,0.062360,0.063125
0.979490,0.816506,0.061374,0.062360
0.781495,0.838598,0.038908,0.061374
0.914312,0.984358,0.023197,0.038908
1.171986,0.956991,0.091458,0.023197
1.126202,0.853112,0.121368,0.091458
0.953774,0.859406,0.127311,0.121368
0.852759,0.760998,0.122264,0.127311
0.735495,0.578533,0.112591,0.122264
0.539224,0.533838,0.103778,0.112591
0.515706,0.609387,0.095617,0.103778
0.566400,0.446266,0.087630,0.095617
0.421752,0.448516,0.082438,0.087630
0.397561,0.485783,0.078635,0.082438
0.461017,0.377028,0.076311,0.078635
0.339676,0.323374,0.071012,0.076311
0.309212,0.361248,0.035052,0.071012
0.257953,0.291016,0.031990,0.035052
0.262878,0.277776,0.103984,0.031990
0.399886,0.325431,0.194022,0.103984
0.523691,0.230670,0.291957,0.194022
0.370619,0.225646,0.332162,0.291957
0.430114,0.284498,0.325347,0.332162
0.518037,0.275968,0.304699,0.325347
0.472043,0.302140,0.350508,0.304699
0.408839,0.389053,0.442551,0.350508
0.323582,0.368517,0.580837,0.442551
0.178448,0.403242,0.710840,0.580837
0.300660,0.565993,0.842931,0.710840
0.614456,0.735837,0.998279,0.842931
0.828580,0.787449,1.144489,0.998279
0.898048,0.739941,1.262077,1.144489
0.844232,0.776912,1.336470,1.262077
0.907670,0.938333,1.394584,1.336470
1.152111,0.763324,1.449520,1.394584
0.855583,0.830316,1.488107,1.449520
0.788443,0.922364,1.521920,1.488107
0.911407,0.760752,1.554632,1.521920
0.695580,0.789442,1.575473,1.554632
0.825985,0.932470,1.588884,1.575473
0.751195,0.789949,1.592124,1.588884
0.884549,0.808532,1.584129,1.592124
0.808627,0.942953,1.570017,1.584129
0.933862,0.811433,1.553873,1.570017
0.842623,0.795936,1.544738,1.553873
0.789643,0.964248,1.540548,1.544738
0.989565,0.821636,1.541312,1.540548
0.788882,0.850356,1.544857,1.541312
0.799065,0.982070,1.549449,1.544857
0.986596,0.826530,1.554202,1.549449
0.796770,1.007455,1.556660,1.554202
1.004717,0.972980,1.557702,1.556660
1.008499,0.822993,1.557310,1.557702
0.803594,1.019401,1.556394,1.557310
1.001210,0.798744,1.555384,1.556394
0.805200,0.843990,1.554923,1.555384
0.800179,0.948859,1.554914,1.554923
1.007463,0.809186,1.555563,1.554914
0.797491,0.854047,1.556416,1.555563
0.945908,0.979018,1.557409,1.556416
0.988469,0.834196,1.558478,1.557409
0.790925,0.822491,1.559210,1.558478
0.841942,1.000829,1.559791,1.559210
1.003058,0.837731,1.560292,1.559791
0.803948,0.849483,1.560580,1.560292
0.806232,0.963404,1.560905,1.560580
1.008692,0.824695,1.561278,1.560905
0.812144,0.835900,1.561484,1.561278
0.813983,0.994701,1.561759,1.561484
1.001752,0.818588,1.562199,1.561759
0.812148,0.841489,1.562374,1.562199
0.828468,0.985434,1.562088,1.562374
1.149986,0.785065,1.564431,1.562088
0.932009,0.792023,1.567052,1.564431
1.007883,0.869522,1.568385,1.567052
0.898139,0.834441,1.569128,1.568385
0.795509,0.740148,1.569973,1.569128
0.614689,0.576661,1.571121,1.569973
0.646189,0.621258,1.572311,1.571121
0.620944,0.571858,1.573727,1.572311
0.488327,0.460959,1.574625,1.573727
0.510867,0.467676,1.574726,1.574625
0.486429,0.362809,1.573873,1.574726
0.366262,0.350965,1.572401,1.573873
0.348415,0.378660,1.569661,1.572401
0.270420,0.300160,1.566764,1.569661
0.258677,0.316887,1.561673,1.566764
0.382538,0.300963,1.550778,1.561673
0.513188,0.251281,1.527761,1.550778
0.385704,0.243119,1.489280,1.527761
0.313454,0.292486,1.429755,1.489280
0.357400,0.277292,1.344791,1.429755
0.425543,0.301756,1.262572,1.344791
0.512380,0.410429,1.172304,1.262572
0.509748,0.329333,1.067603,1.172304
0.332247,0.375389,0.978209,1.067603
0.215579,0.561957,0.868787,0.978209
0.358827,0.558689,0.724023,0.868787
0.324841,0.593968,0.591017,0.724023
0.403448,0.820189,0.456420,0.591017
0.657028,0.726644,0.320233,0.456420
0.675871,0.799476,0.225975,0.320233
0.832064,0.944859,0.152648,0.225975
1.089346,0.818642,0.098205,0.152648
0.754542,0.851769,0.068719,0.098205
0.680226,0.901875,0.055762,0.068719
0.814502,0.753686,0.060655,0.055762
0.655625,0.819448,0.069416,0.060655
0.658160,0.937731,0.076327,0.069416
0.858465,0.808722,0.079027,0.076327
0.719230,0.788472,0.078095,0.079027
0.897040,0.968645,0.076658,0.078095
0.961154,0.964369,0.074877,0.076658
0.978578,1.007718,0.073125,0.074877
0.840955,0.805632,0.071274,0.073125
0.937074,0.827453,0.069148,0.071274
0.837443,0.954526,0.067348,0.069148
0.940138,0.820906,0.066168,0.067348
0.833884,0.861721,0.065809,0.066168
0.782959,0.967406,0.065627,0.065809
0.980930,0.817115,0.065288,0.065627
0.775465,0.851562,0.065034,0.065288
0.784327,0.981246,0.064746,0.065034
0.988361,0.803708,0.064527,0.064746
0.790602,0.875934,0.064506,0.064527
0.786112,0.990687,0.064775,0.064506
0.987201,0.810874,0.065255,0.064775
0.792731,0.821628,0.065219,0.065255
0.940130,0.972992,0.064608,0.065219
0.851291,0.811516,0.063228,0.064608
0.947133,0.873307,0.061699,0.063228
0.847667,0.990128,0.060327,0.061699
0.954053,0.831025,0.059263,0.060327
0.846750,0.844368,0.058847,0.059263
0.794758,0.971715,0.058711,0.058847
0.998277,0.804592,0.058941,0.058711
0.793435,0.813700,0.059784,0.058941
0.797361,0.983654,0.060981,0.059784
0.993575,0.819385,0.061991,0.060981
0.787192,1.021210,0.041667,0.061991
1.103643,0.929509,0.031749,0.041667
1.206828,0.811573,0.100085,0.031749
0.912368,0.907847,0.124769,0.100085
0.968565,0.863090,0.130907,0.124769
0.838300,0.758642,0.125833,0.130907
0.727470,0.576033,0.116368,0.125833
0.531865,0.548349,0.107586,0.116368
0.494936,0.620930,0.098805,0.107586
0.565402,0.448522,0.089596,0.098805
0.428195,0.416747,0.083368,0.089596
0.473797,0.442463,0.078515,0.083368
0.388639,0.348572,0.074232,0.078515
0.393579,0.374831,0.064427,0.074232
0.345773,0.363734,0.012890,0.064427
0.192846,0.323427,0.029580,0.012890
0.323053,0.340042,0.107762,0.029580
0.503048,0.326433,0.214753,0.107762
0.514636,0.264869,0.307427,0.214753
0.380917,0.229567,0.329628,0.307427
0.412251,0.316272,0.307637,0.329628
0.547447,0.335356,0.313855,0.307637
0.499298,0.321295,0.406677,0.313855
0.431401,0.426722,0.516902,0.406677
0.458973,0.409354,0.667773,0.516902
0.402901,0.471562,0.794883,0.667773
0.505719,0.671692,0.926853,0.794883
0.804571,0.615637,1.074199,0.926853
0.829063,0.732310,1.183379,1.074199
0.950501,0.885755,1.275751,1.183379
1.231981,0.772916,1.358669,1.275751
1.039511,0.804665,1.414019,1.358669
1.009895,0.953449,1.461336,1.414019
1.051518,0.766687,1.506584,1.461336
0.760418,0.792176,1.537538,1.506584
0.705842,0.903460,1.563085,1.537538
0.862306,0.775031,1.584203,1.563085
0.701465,0.797002,1.593086,1.584203
0.857835,0.947544,1.592800,1.593086
0.792219,0.743365,1.582200,1.592800
0.618485,0.810699,1.569738,1.582200
0.757480,0.970227,1.558325,1.569738
0.923834,0.804002,1.550009,1.558325
0.753129,0.828399,1.547852,1.550009
0.761518,0.943203,1.549216,1.547852
0.973824,0.796959,1.553303,1.549216
0.782902,0.838276,1.557072,1.553303
0.788902,0.975706,1.560105,1.557072
0.995764,0.851445,1.561826,1.560105
0.817417,0.829052,1.561776,1.561826
0.812911,0.987239,1.560773,1.561776
1.007505,0.809644,1.559182,1.560773
0.806206,0.866627,1.558071,1.559182
0.954797,0.988117,1.557385,1.558071
1.009952,0.818467,1.557138,1.557385
0.805962,0.831995,1.557189,1.557138
0.851014,0.996589,1.557393,1.557189
0.991457,0.817476,1.557675,1.557393
0.789654,0.825537,1.557920,1.557675
0.790241,0.994607,1.558123,1.557920
0.983751,0.834703,1.558403,1.558123
0.795711,0.843508,1.558648,1.558403
0.799218,0.961242,1.558889,1.558648
1.010567,0.817710,1.559135,1.558889
0.798924,0.818003,1.559329,1.559135
0.800534,0.975108,1.559633,1.559329
0.988533,0.993315,1.560187,1.559633
0.998524,0.963965,1.560904,1.560187
0.994621,0.832663,1.560602,1.560904
0.863757,0.845177,1.560618,1.560602
1.094879,0.945429,1.562693,1.560618
0.976348,0.771985,1.564425,1.562693
0.954784,0.718257,1.564650,1.564425
0.742125,0.764298,1.564255,1.564650
0.735677,0.609651,1.563565,1.564255
0.599800,0.579692,1.563270,1.563565
0.524375,0.623499,1.563417,1.563270
0.599669,0.458151,1.564183,1.563417
0.445613,0.456304,1.565042,1.564183
0.423631,0.501354,1.566092,1.565042
0.491169,0.461229,1.567373,1.566092
0.459071,0.422624,1.568861,1.567373
0.401542,0.353650,1.569766,1.568861
0.228874,0.267795,1.571637,1.569766
0.213643,0.359911,1.578471,1.571637
0.479773,0.273783,1.604847,1.578471
0.419568,0.232292,1.643356,1.604847
0.423602,0.279797,1.695129,1.643356
0.398119,0.236845,1.757170,1.695129
0.326450,0.250715,1.804043,1.757170
0.482780,0.348531,1.867151,1.804043
0.550441,0.304082,1.969336,1.867151
0.337111,0.314365,2.068202,1.969336
0.299150,0.420316,2.183696,2.068202
0.246232,0.451335,2.336858,2.183696
0.265563,0.529368,2.473655,2.336858
0.442473,0.695878,2.613775,2.473655
0.916650,0.668997,2.759996,2.613775
0.940336,0.727431,2.856971,2.759996
1.012950,0.941680,2.931349,2.856971
1.364779,0.791650,2.994920,2.931349
1.056827,0.795033,3.037217,2.994920
0.988038,0.970011,3.073769,3.037217
1.072180,0.765465,3.109502,3.073769
0.781305,0.765205,3.133420,3.109502
0.880892,0.886623,3.133364,3.133420
0.908818,0.780149,3.123158,3.133364
0.728225,0.824396,3.124085,3.123158
0.762233,0.929371,3.132601,3.124085
0.900725,0.794897,3.138575,3.132601
0.723980,0.787823,3.128255,3.138575
0.749846,0.949670,3.121404,3.128255
0.981823,0.808039,3.118654,3.121404
0.790948,0.821729,3.119830,3.118654
0.785114,0.975255,3.122792,3.119830
0.983211,0.800084,3.126661,3.122792
0.790986,0.835203,3.129186,3.126661
0.793310,0.972250,3.130664,3.129186
0.988334,0.806087,3.130875,3.130664
0.788595,0.811772,3.130308,3.130875
0.944641,0.982001,3.129611,3.130308
0.998668,1.040031,3.129008,3.129611
0.994005,0.953604,3.128855,3.129008
0.841488,0.817257,3.128986,3.128855
0.943290,0.865966,3.129329,3.128986
0.847242,0.972436,3.129612,3.129329
0.945908,0.981588,3.129956,3.129612
0.995282,0.988410,3.130527,3.129956
0.985845,0.838557,3.131018,3.130527
0.791789,0.826238,3.131286,3.131018
0.846383,0.993695,3.131603,3.131286
0.995222,0.849414,3.131964,3.131603
0.789084,0.847270,3.132388,3.131964
0.786444,0.982470,3.132920,3.132388
0.994544,0.830575,3.133306,3.132920
0.787929,0.849715,3.133503,3.133306
0.710214,0.986818,3.133500,3.133503
0.938831,0.973461,3.133169,3.133500
1.116746,0.948133,3.134004,3.133169
1.175820,0.809450,3.135677,3.134004
0.856049,0.864170,3.136157,3.135677
0.903267,0.799439,3.135842,3.136157
0.792676,0.627682,3.135257,3.135842
0.569135,0.674811,3.134979,3.135257
0.641113,0.673849,3.134817,3.134979
0.575452,0.526835,3.134921,3.134817
0.530274,0.417674,3.135177,3.134921
0.400037,0.495818,3.135503,3.135177
0.469407,0.426551,3.136074,3.135503
0.436507,0.350568,3.136650,3.136074
0.321650,0.347773,3.137072,3.136650
0.367132,0.358420,3.137171,3.137072
0.332067,0.307827,3.136759,3.137171
0.305558,0.222630,3.136220,3.136759
0.233766,0.222053,3.135876,3.136220
0.218173,0.233311,3.135607,3.135876
0.244655,0.148918,3.135436,3.135607
0.172415,0.158336,3.135353,3.135436
0.175718,0.165766,3.135339,3.135353
0.143523,0.109945,3.135363,3.135339
0.157870,0.096062,3.135377,3.135363
0.126034,0.095109,3.135496,3.135377
0.123184,0.115458,3.135606,3.135496
0.110685,0.075571,3.135656,3.135606
0.095496,0.064941,3.135710,3.135656
0.110818,0.059728,3.135699,3.135710
0.084441,0.030176,3.135707,3.135699
0.076810,0.016346,3.135695,3.135707
0.094525,0.031347,3.135723,3.135695
0.065189,0.017999,3.135793,3.135723
0.000000,0.017645,3.135803,3.135793
0.000000,0.036270,3.135838,3.135803
0.000000,0.041617,3.135956,3.135838
0.000000,0.000000,0.000000,0.000000
0.000000,0.019640,2.053226,0.000000
0.000000,0.027457,2.048296,2.053226
0.028975,0.041075,2.049742,2.048296
0.026236,0.039442,2.054544,2.049742
0.021597,0.032708,2.057649,2.054544
0.000000,0.046645,2.059122,2.057649
0.000000,0.027462,2.059956,2.059122
0.000000,0.032108,2.053874,2.059956
0.000000,0.034232,2.050980,2.053874
0.000000,0.044790,2.048780,2.050980
0.000000,0.015811,2.048618,2.048780
0.000000,0.035575,2.049347,2.048618
0.000000,0.012524,2.050147,2.049347
0.000000,0.028646,2.050886,2.050147
0.000000,0.035051,2.051657,2.050886
0.000000,0.037954,2.051783,2.051657
0.000000,0.027837,2.050146,2.051783
0.020148,0.029124,2.046914,2.050146
0.029827,0.016504,2.039457,2.046914
0.038420,0.012518,2.035537,2.039457
0.042004,0.021612,2.035368,2.035537
0.057588,0.045749,2.034794,2.035368
0.049156,0.037928,2.035214,2.034794
0.049057,0.053196,2.036758,2.035214
0.080484,0.040815,2.038374,2.036758
0.074862,0.011888,2.039214,2.038374
0.090082,0.030653,2.040737,2.039214
0.130094,0.034111,2.043086,2.040737
0.103780,0.048008,2.044648,2.043086
0.097646,0.027739,2.046220,2.044648
0.116043,0.035420,2.048128,2.046220
0.084781,0.026688,2.048719,2.048128
0.082801,0.046702,2.048923,2.048719
0.072196,0.026639,2.048520,2.048923
0.050013,0.062990,2.047586,2.048520
0.050158,0.015744,2.046362,2.047586
0.056623,0.011537,2.045309,2.046362
0.039509,0.020451,2.044943,2.045309
0.114317,0.023466,2.038051,2.044943
0.204463,0.051259,2.015179,2.038051
0.143757,0.090832,1.978197,2.015179
0.101979,0.159089,1.916028,1.978197
0.040282,0.227883,1.803800,1.916028
0.187461,0.319534,1.694074,1.803800
0.327805,0.455809,1.590996,1.694074
0.574244,0.479955,1.496118,1.590996
0.493450,0.568364,1.432783,1.496118
0.562566,0.757507,1.360583,1.432783
0.459698,0.684817,1.237140,1.360583
0.621837,0.766512,1.102007,1.237140
0.730607,0.930717,0.943111,1.102007
0.500579,0.792981,0.754888,0.943111
0.744173,1.022927,0.610310,0.754888
1.148279,0.977088,0.457089,0.610310
1.037470,0.802862,0.336550,0.457089
0.852606,0.936557,0.256809,0.336550
0.934916,0.797411,0.186030,0.256809
0.711499,0.792808,0.141260,0.186030
0.689666,0.930574,0.108837,0.141260
0.835396,0.778083,0.088062,0.108837
0.668338,0.802698,0.083264,0.088062
0.680728,0.949055,0.085383,0.083264
0.887783,0.797820,0.087873,0.085383
0.723935,0.801196,0.085594,0.087873
0.746912,0.950463,0.078457,0.085594
0.976006,0.835459,0.068304,0.078457
0.807127,0.827110,0.062065,0.068304
0.962680,0.971836,0.058988,0.062065
1.002671,0.820208,0.059059,0.058988
0.794790,0.838016,0.059877,0.059059
0.831425,0.967739,0.060620,0.059877
0.976472,1.015584,0.061168,0.060620
0.987071,0.976891,0.061638,0.061168
0.938440,0.781076,0.061643,0.061638
0.849715,0.855138,0.060737,0.061643
0.792638,0.986256,0.059186,0.060737
1.004092,0.830142,0.057464,0.059186
0.798869,0.852062,0.056486,0.057464
0.798293,0.971362,0.056434,0.056486
0.997093,0.808312,0.057196,0.056434
0.796259,0.844238,0.058147,0.057196
0.795675,0.970759,0.059264,0.058147
0.995636,0.831992,0.060019,0.059264
0.795011,0.854281,0.060209,0.060019
0.941127,0.972606,0.060269,0.060209
0.835527,0.807776,0.059665,0.060269
0.935414,0.865909,0.059468,0.059665
0.833407,0.951464,0.059910,0.059468
0.933237,0.805476,0.060254,0.059910
0.844426,1.022592,0.036961,0.060254
1.103199,0.940053,0.035671,0.036961
1.091085,0.813422,0.101062,0.035671
0.945732,0.888160,0.124953,0.101062
0.973829,0.827926,0.131976,0.124953
0.845042,0.757119,0.127461,0.131976
0.720439,0.580279,0.117881,0.127461
0.580871,0.544725,0.108759,0.117881
0.506792,0.592156,0.100226,0.108759
0.576454,0.442407,0.092166,0.100226
0.429960,0.428386,0.086998,0.092166
0.401894,0.440963,0.083383,0.086998
0.457386,0.362079,0.081137,0.083383
0.344126,0.341046,0.075298,0.081137
0.305508,0.321798,0.052356,0.075298
0.250021,0.327768,0.058932,0.052356
0.239236,0.274700,0.101982,0.058932
0.419317,0.325243,0.178689,0.101982
0.423115,0.254117,0.269022,0.178689
0.409529,0.238776,0.304745,0.269022
0.311275,0.292096,0.285536,0.304745
0.342099,0.266529,0.234497,0.285536
0.382620,0.287950,0.261088,0.234497
0.295386,0.369634,0.341514,0.261088
0.325751,0.335757,0.472062,0.341514
0.285167,0.404378,0.592596,0.472062
0.322044,0.595227,0.712239,0.592596
0.552463,0.566317,0.854523,0.712239
0.519037,0.641001,0.972356,0.854523
0.604499,0.860722,1.088538,0.972356
0.924789,0.944781,1.208418,1.088538
1.091639,0.956952,1.307875,1.208418
1.067349,0.777410,1.386119,1.307875
0.745234,0.783385,1.438190,1.386119
0.702931,0.909214,1.481440,1.438190
0.828604,0.775182,1.522944,1.481440
0.640812,0.805357,1.551464,1.522944
0.757356,0.928238,1.574180,1.551464
0.824050,0.779510,1.590476,1.574180
0.703588,0.832530,1.594037,1.590476
0.792333,0.921111,1.588139,1.594037
0.961830,0.978705,1.574236,1.588139
0.973646,0.946442,1.559807,1.574236
0.934596,0.804330,1.550442,1.559807
0.832822,0.999549,1.547340,1.550442
0.994582,0.974855,1.548272,1.547340
0.954038,0.836653,1.551777,1.548272
0.854644,1.001126,1.555107,1.551777
0.998366,0.820111,1.557771,1.555107
0.801295,0.829887,1.558597,1.557771
0.805175,0.962740,1.558396,1.558597
1.006393,0.814852,1.557354,1.558396
0.805583,0.855407,1.556304,1.557354
0.812898,0.990113,1.555447,1.556304
1.011911,0.808296,1.554999,1.555447
0.800196,0.847735,1.555023,1.554999
0.798521,0.999209,1.555330,1.555023
0.985369,0.817596,1.556046,1.555330
0.771072,0.838708,1.556706,1.556046
0.921784,0.999893,1.557408,1.556706
0.981003,0.844877,1.558220,1.557408
0.791320,0.855662,1.558802,1.558220
0.856558,0.987664,1.559315,1.558802
0.983951,0.827977,1.559710,1.559315
0.792749,0.833952,1.560050,1.559710
0.789051,0.961462,1.560662,1.560050
0.990401,0.813318,1.561536,1.560662
0.805830,0.838099,1.562199,1.561536
0.804630,0.959919,1.562302,1.562199
1.061664,0.809488,1.562270,1.562302
0.897991,0.822115,1.564469,1.562270
0.925898,0.896639,1.566613,1.564469
1.023694,0.705942,1.567284,1.566613
0.725618,0.679680,1.567178,1.567284
0.772837,0.755355,1.567376,1.567178
0.722267,0.579206,1.568770,1.567376
0.537008,0.535619,1.570932,1.568770
0.521735,0.559156,1.574026,1.570932
0.557625,0.439227,1.578417,1.574026
0.413242,0.405126,1.582457,1.578417
0.375888,0.451531,1.586676,1.582457
0.451467,0.352951,1.591116,1.586676
0.341815,0.348877,1.593356,1.591116
0.276211,0.355197,1.594599,1.593356
0.281125,0.292097,1.593891,1.594599
0.303633,0.269021,1.586631,1.593891
0.388428,0.305204,1.571496,1.586631
0.490367,0.245603,1.538946,1.571496
0.356459,0.228217,1.489403,1.538946
0.292988,0.324319,1.425474,1.489403
0.276217,0.288963,1.334647,1.425474
0.275766,0.310641,1.250597,1.334647
0.156137,0.362928,1.161612,1.250597
0.124243,0.380669,1.057257,1.161612
0.144365,0.406229,0.957310,1.057257
0.280233,0.573718,0.838588,0.957310
0.633349,0.594658,0.686443,0.838588
0.633334,0.667791,0.549505,0.686443
0.762167,0.858197,0.418718,0.549505
1.022860,0.787395,0.289099,0.418718
0.885674,0.814101,0.202073,0.289099
0.901195,0.970980,0.140038,0.202073
1.037623,0.785486,0.089960,0.140038
0.763917,0.803064,0.065341,0.089960
0.842083,0.947359,0.059475,0.065341
0.854968,0.790596,0.067735,0.059475
0.681863,0.786493,0.074854,0.067735
0.742347,0.934190,0.078316,0.074854
0.914008,0.782620,0.077222,0.078316
0.747852,0.800025,0.075190,0.077222
0.776535,0.943661,0.074714,0.075190
0.988511,0.825156,0.075230,0.074714
0.801458,0.806020,0.075208,0.075230
0.809167,0.983446,0.073942,0.075208
1.013638,0.827318,0.071851,0.073942
0.806206,0.802328,0.069924,0.071851
0.800458,0.990150,0.068361,0.069924
0.987644,0.809730,0.067076,0.068361
0.775528,0.824192,0.066093,0.067076
0.918514,0.996353,0.065372,0.066093
0.979024,0.820520,0.065227,0.065372
0.796672,0.843110,0.065038,0.065227
0.850629,0.987557,0.064650,0.065038
0.992149,0.809315,0.064025,0.064650
0.788647,0.831811,0.063540,0.064025
0.788722,0.980359,0.063226,0.063540
0.991798,0.821768,0.063283,0.063226
0.802987,0.848192,0.063398,0.063283
0.802186,1.005254,0.063258,0.063398
0.999092,0.999215,0.062704,0.063258
0.996955,0.960903,0.061784,0.062704
0.987108,0.811238,0.061304,0.061784
0.786761,0.849788,0.061453,0.061304
0.786466,1.010971,0.061738,0.061453
0.983519,0.810406,0.061756,0.061738
0.784283,0.840886,0.061600,0.061756
0.933215,0.973762,0.061408,0.061600
0.832663,0.814979,0.053096,0.061408
0.920775,0.849844,0.013974,0.053096
0.921163,0.984010,0.059173,0.013974
1.088152,0.777139,0.110205,0.059173
0.938375,0.868799,0.125827,0.110205
0.930805,0.801651,0.128609,0.125827
0.776750,0.619354,0.122635,0.128609
0.631045,0.661863,0.114326,0.122635
0.659870,0.551687,0.103785,0.114326
0.484361,0.486889,0.095845,0.103785
0.450072,0.524640,0.089123,0.095845
0.524330,0.411303,0.082970,0.089123
0.392194,0.415916,0.078840,0.082970
0.372857,0.419055,0.075600,0.078840
0.428353,0.315072,0.055761,0.075600
0.274958,0.337098,0.016694,0.055761
0.202152,0.361032,0.041144,0.016694
0.362561,0.291256,0.136611,0.041144
0.416109,0.259914,0.223981,0.136611
0.490743,0.297252,0.303453,0.223981
0.466048,0.239773,0.337735,0.303453
0.381853,0.239048,0.323543,0.337735
0.480427,0.337942,0.319277,0.323543
0.518236,0.294055,0.394161,0.319277
0.315325,0.369257,0.493086,0.394161
0.255266,0.455343,0.616146,0.493086
0.347214,0.418938,0.770662,0.616146
0.385044,0.490249,0.901282,0.770662
0.499283,0.721195,1.034230,0.901282
0.817923,0.667982,1.174346,1.034230
0.600099,0.880005,1.270425,1.174346
0.994760,0.963980,1.357948,1.270425
1.112861,0.808636,1.420574,1.357948
0.872480,0.947510,1.463893,1.420574
1.004138,0.785667,1.505713,1.463893
0.760296,0.802318,1.535302,1.505713
0.859938,0.929043,1.560501,1.535302
0.744921,0.772183,1.581818,1.560501
0.827034,0.787632,1.590882,1.581818
0.762361,0.933200,1.590378,1.590882
0.892773,0.806427,1.577842,1.590378
0.816921,0.815123,1.563665,1.577842
0.787819,0.934796,1.551304,1.563665
0.988376,0.800194,1.542901,1.551304
0.781201,0.850910,1.541185,1.542901
0.791145,0.977198,1.543272,1.541185
0.990941,0.804290,1.548146,1.543272
0.793180,0.845175,1.552456,1.548146
0.797914,0.978791,1.555802,1.552456
0.995680,0.797487,1.557830,1.555802
0.797427,0.833401,1.558189,1.557830
0.951494,0.947131,1.557858,1.558189
0.844530,0.829577,1.557207,1.557858
0.941856,0.847978,1.556808,1.557207
0.849143,0.994011,1.556682,1.556808
0.945125,1.011606,1.556948,1.556682
0.995967,0.965865,1.557500,1.556948
0.995709,0.833644,1.558157,1.557500
0.794558,0.848963,1.558720,1.558157
0.841124,0.970781,1.559165,1.558720
0.985992,0.815009,1.559559,1.559165
0.803919,0.861893,1.559799,1.559559
0.819842,0.987777,1.559983,1.559799
1.015568,0.841031,1.560309,1.559983
0.803631,0.851576,1.560591,1.560309
0.807898,0.972910,1.560973,1.560591
1.002855,0.835041,1.561570,1.560973
0.807008,0.814231,1.562108,1.561570
0.799494,0.997026,1.562674,1.562108
0.998173,0.817100,1.562725,1.562674
0.841371,0.822026,1.563166,1.562725
1.095589,0.970449,1.565882,1.563166
1.143161,0.762368,1.568741,1.565882
0.814539,0.722959,1.569796,1.568741
0.746350,0.787697,1.570418,1.569796
0.772999,0.599280,1.570648,1.570418
0.573768,0.594186,1.570283,1.570648
0.524357,0.606937,1.569822,1.570283
0.572237,0.484304,1.569568,1.569822
0.426500,0.452120,1.569917,1.569568
0.408768,0.510199,1.570560,1.569917
0.481595,0.367394,1.571214,1.570560
0.366522,0.449101,1.571569,1.571214
0.419956,0.362551,1.570679,1.571569
0.280421,0.311748,1.569626,1.570679
0.233351,0.326537,1.565831,1.569626
0.472926,0.296864,1.553500,1.565831
0.395304,0.233024,1.534684,1.553500
0.461336,0.266733,1.498477,1.534684
0.364060,0.258996,1.432002,1.498477
0.364315,0.261830,1.362219,1.432002
0.492226,0.336371,1.280044,1.362219
0.584860,0.335768,1.176461,1.280044
0.423858,0.366048,1.090240,1.176461
0.356254,0.454399,0.998360,1.090240
0.262690,0.439174,0.868845,0.998360
0.210178,0.518918,0.746363,0.868845
0.335658,0.707784,0.607951,0.746363
0.738772,0.732715,0.450669,0.607951
0.674538,0.759107,0.336786,0.450669
0.670899,0.935007,0.239002,0.336786
0.961396,0.817798,0.156631,0.239002
0.783396,0.985167,0.110250,0.156631
0.893681,0.942720,0.072354,0.110250
0.848197,0.796055,0.059499,0.072354
0.672799,0.962243,0.063929,0.059499
0.846962,0.793620,0.072341,0.063929
0.704947,0.822703,0.075475,0.072341
0.856915,0.957230,0.073305,0.075475
0.938487,0.770204,0.069552,0.073305
0.755336,0.820038,0.069064,0.069552
0.817091,0.947173,0.070257,0.069064
0.966823,0.817225,0.070925,0.070257
0.780446,0.842805,0.070091,0.070925
0.785430,0.988325,0.068499,0.070091
0.980542,0.815923,0.066476,0.068499
0.788137,0.811924,0.064976,0.066476
0.782489,0.960701,0.064106,0.064976
0.953773,0.824741,0.064551,0.064106
0.768686,0.853187,0.065682,0.064551
0.785458,0.972792,0.066454,0.065682
0.991251,0.820814,0.066150,0.066454
0.797339,0.838810,0.065362,0.066150
0.957223,0.973204,0.064178,0.065362
0.998786,0.820373,0.063069,0.064178
0.797205,0.843476,0.062115,0.063069
0.843253,0.973159,0.061571,0.062115
0.987468,0.837158,0.061236,0.061571
0.795549,0.832787,0.060951,0.061236
0.796842,0.980065,0.060514,0.060951
0.996434,0.820393,0.059558,0.060514
0.797958,0.819862,0.059287,0.059558
0.794560,0.976392,0.059524,0.059287
0.983380,0.831255,0.060782,0.059524
0.786779,0.827051,0.062088,0.060782
0.782300,0.997249,0.063108,0.062088
0.993099,0.791933,0.064174,0.063108
0.790996,0.861364,0.064394,0.064174
0.947137,0.945424,0.038927,0.064394
1.096273,0.796971,0.039307,0.038927
0.920406,0.792462,0.091246,0.039307
0.961336,0.932180,0.116310,0.091246
0.969295,0.711879,0.123967,0.116310
0.684329,0.663489,0.121065,0.123967
0.614874,0.710475,0.113830,0.121065
0.682283,0.562120,0.103473,0.113830
0.496971,0.526347,0.095224,0.103473
0.461795,0.562626,0.088475,0.095224
0.552301,0.533978,0.083267,0.088475
0.508100,0.489111,0.080063,0.083267
0.462662,0.349792,0.078045,0.080063
0.344705,0.347295,0.073168,0.078045
0.314367,0.391255,0.038309,0.073168
0.246686,0.283476,0.019851,0.038309
0.218888,0.359039,0.070831,0.019851
0.415815,0.333184,0.159104,0.070831
0.466927,0.231274,0.261304,0.159104
0.446318,0.260049,0.318041,0.261304
0.396776,0.287188,0.322590,0.318041
0.453923,0.277919,0.292255,0.322590
0.492546,0.293882,0.318775,0.292255
0.468720,0.368690,0.397834,0.318775
0.432713,0.358793,0.525677,0.397834
0.348476,0.415390,0.650399,0.525677
0.335405,0.555320,0.778566,0.650399
0.445905,0.556129,0.930599,0.778566
0.473581,0.632230,1.052814,0.930599
0.562213,0.841076,1.166086,1.052814
0.981582,0.916459,1.274668,1.166086
1.068184,0.937556,1.358907,1.274668
1.204739,0.804649,1.424372,1.358907
0.899507,0.957677,1.469066,1.424372
0.983418,0.931961,1.513876,1.469066
0.895400,0.941284,1.548959,1.513876
0.884811,0.933229,1.575197,1.548959
0.906639,0.783977,1.590298,1.575197
0.727098,0.948394,1.593171,1.590298
0.928014,0.791305,1.585179,1.593171
0.769614,0.813283,1.573308,1.585179
0.780273,0.939885,1.561179,1.573308
0.983678,0.809388,1.551371,1.561179
0.791129,0.843074,1.547792,1.551371
0.936419,0.954090,1.547969,1.547792
0.983336,0.791127,1.551147,1.547969
0.785601,0.837364,1.554547,1.551147
0.824998,0.974455,1.557534,1.554547
0.976144,0.816046,1.559563,1.557534
0.776572,0.830558,1.560053,1.559563
0.791368,0.979902,1.559708,1.560053
0.968768,0.847954,1.558702,1.559708
0.793418,0.829267,1.557809,1.558702
0.808080,0.972828,1.557069,1.557809
1.012888,0.825815,1.556652,1.557069
0.803627,0.842255,1.556582,1.556652
0.807741,0.978543,1.556774,1.556582
0.999274,0.803171,1.557190,1.556774
0.798862,0.827865,1.557410,1.557190
0.943931,1.005990,1.557541,1.557410
0.981111,0.824118,1.557524,1.557541
0.795621,0.817959,1.557535,1.557524
0.856585,0.977689,1.557712,1.557535
1.002002,0.823006,1.558077,1.557712
0.794221,0.826456,1.558413,1.558077
0.795418,1.013005,1.558827,1.558413
0.991728,0.809632,1.559143,1.558827
0.788478,0.848142,1.559169,1.559143
0.787787,0.978936,1.558671,1.559169
1.053570,0.807711,1.557436,1.558671
0.919468,0.812244,1.558829,1.557436
0.954224,0.931723,1.561076,1.558829
1.045905,0.735683,1.562552,1.561076
0.765800,0.696201,1.563155,1.562552
0.821140,0.739583,1.563781,1.563155
0.761863,0.580955,1.564880,1.563781
0.556929,0.535732,1.566407,1.564880
0.526498,0.580027,1.568668,1.566407
0.562576,0.444243,1.572115,1.568668
0.416487,0.434285,1.575453,1.572115
0.388363,0.439559,1.578649,1.575453
0.445224,0.448012,1.581056,1.578649
0.414817,0.384884,1.580563,1.581056
0.303894,0.308750,1.577416,1.580563
0.207633,0.315034,1.577415,1.577416
0.339950,0.340887,1.590819,1.577415
0.556502,0.268993,1.628996,1.590819
0.436916,0.232778,1.677574,1.628996
0.378296,0.271242,1.732955,1.677574
0.392346,0.269431,1.790126,1.732955
0.382671,0.275739,1.848084,1.790126
0.538145,0.345940,1.929594,1.848084
0.367914,0.300396,2.042971,1.929594
0.277418,0.381176,2.149872,2.042971
0.241625,0.478055,2.275623,2.149872
0.305056,0.509594,2.435820,2.275623
0.411105,0.582846,2.573188,2.435820
0.532848,0.798318,2.704528,2.573188
1.012121,0.702732,2.830385,2.704528
0.963682,0.786689,2.909666,2.830385
1.029125,0.955736,2.970767,2.909666
1.291058,0.793032,3.026214,2.970767
0.906742,0.795366,3.064001,3.026214
0.817561,0.929110,3.096711,3.064001
0.937188,0.937288,3.127699,3.096711
0.899023,0.928053,3.134536,3.127699
0.906060,0.767270,3.123952,3.134536
0.700411,0.791483,3.124562,3.123952
0.709505,0.923807,3.132734,3.124562
0.899693,0.787691,3.138552,3.132734
0.724320,0.832183,3.128235,3.138552
0.878009,0.925671,3.121278,3.128235
0.948584,0.779183,3.118592,3.121278
0.772798,0.834979,3.119906,3.118592
0.824119,0.964566,3.123005,3.119906
0.970008,0.802645,3.126941,3.123005
0.785798,0.840476,3.129427,3.126941
0.795340,0.978834,3.130815,3.129427
1.008995,0.833321,3.130948,3.130815
0.804927,0.808633,3.130317,3.130948
0.616684,0.966972,3.129271,3.130317
0.873920,0.819113,3.128039,3.129271
0.752563,0.848787,3.127285,3.128039
0.775091,0.956248,3.126953,3.127285
0.976520,0.814032,3.127060,3.126953
0.785907,0.819080,3.127384,3.127060
0.932159,1.012676,3.127822,3.127384
0.978670,0.851026,3.128372,3.127822
0.792271,1.033214,3.128764,3.128372
0.990915,0.967505,3.129176,3.128764
1.002938,0.823807,3.129560,3.129176
0.852672,0.963367,3.129842,3.129560
0.950083,1.000949,3.130245,3.129842
0.982136,1.008878,3.130694,3.130245
0.979330,0.830918,3.130997,3.130694
0.775573,0.864151,3.131068,3.130997
0.833729,1.005513,3.131024,3.131068
1.035160,0.995388,3.130701,3.131024
1.409798,0.962114,3.131591,3.130701
1.130642,0.750631,3.132946,3.131591
0.901173,0.911530,3.133261,3.132946
0.898111,0.820125,3.132840,3.133261
0.755230,0.612269,3.132246,3.132840
0.608885,0.642381,3.131885,3.132246
0.636771,0.510808,3.131685,3.131885
0.470384,0.505362,3.131545,3.131685
0.436380,0.531427,3.131127,3.131545
0.510065,0.415951,3.129958,3.131127
0.381593,0.392864,3.128645,3.129958
0.347855,0.414935,3.127421,3.128645
0.395325,0.343208,3.126743,3.127421
0.298339,0.295983,3.127192,3.126743
0.278388,0.333073,3.128541,3.127192
0.315961,0.210272,3.130698,3.128541
0.234400,0.256653,3.132173,3.130698
0.259180,0.209027,3.133079,3.132173
0.236224,0.176502,3.133322,3.133079
0.161812,0.188390,3.132875,3.133322
0.134720,0.188287,3.132088,3.132875
0.126181,0.169876,3.131123,3.132088
0.091654,0.147686,3.130529,3.131123
0.076876,0.073240,3.130323,3.130529
0.058529,0.083679,3.130423,3.130323
0.089843,0.080783,3.130670,3.130423
0.098434,0.053850,3.130942,3.130670
0.083727,0.056909,3.131124,3.130942
0.094127,0.053323,3.131268,3.131124
0.070951,0.036105,3.131356,3.131268
0.066585,0.046777,3.131354,3.131356
0.057887,0.020739,3.131326,3.131354
0.000000,0.000000,0.000000,0.000000
0.000000,0.025163,2.053254,0.000000
0.022769,0.048266,2.048858,2.053254
0.024314,0.059597,2.046684,2.048858
0.026573,0.067093,2.048164,2.046684
0.024444,0.045959,2.048736,2.048164
0.000000,0.043938,2.052286,2.048736
0.000000,0.026196,2.060095,2.052286
0.000000,0.054029,2.059242,2.060095
0.000000,0.017725,2.059093,2.059242
0.000000,0.046695,2.059171,2.059093
0.000000,0.025784,2.059583,2.059171
0.000000,0.027679,2.060286,2.059583
0.025394,0.027106,2.046924,2.060286
0.025488,0.018141,2.050041,2.046924
0.038318,0.040825,2.056050,2.050041
0.051878,0.029230,2.058050,2.056050
0.063385,0.005959,2.057910,2.058050
0.058480,0.021293,2.056688,2.057910
0.065797,0.042515,2.055398,2.056688
0.090731,0.041196,2.054730,2.055398
0.071433,0.023950,2.055306,2.054730
0.074154,0.054634,2.056485,2.055306
0.083398,0.055130,2.058000,2.056485
0.063550,0.036840,2.059827,2.058000
0.081689,0.051013,2.061529,2.059827
0.073584,0.014742,2.061176,2.061529
0.052453,0.058527,2.059484,2.061176
0.064241,0.012275,2.056047,2.059484
0.050584,0.019253,2.052504,2.056047
0.054103,0.058278,2.049893,2.052504
0.061835,0.022168,2.048145,2.049893
0.162831,0.019613,2.032451,2.048145
0.202109,0.045715,2.004367,2.032451
0.151996,0.108192,1.958934,2.004367
0.058520,0.215920,1.879620,1.958934
0.212998,0.263532,1.751475,1.879620
0.326834,0.372611,1.638874,1.751475
0.449463,0.534611,1.542105,1.638874
0.525230,0.527685,1.456231,1.542105
0.471875,0.593622,1.391816,1.456231
0.441484,0.828545,1.306303,1.391816
0.657937,0.707580,1.167394,1.306303
0.593717,0.783753,1.023571,1.167394
0.716867,0.964919,0.861590,1.023571
0.582723,0.817084,0.678920,0.861590
1.020898,0.830792,0.542676,0.678920
1.008687,0.990025,0.422997,0.542676
1.037587,0.805955,0.310977,0.422997
0.862854,0.822623,0.238421,0.310977
0.764101,0.927273,0.179961,0.238421
0.900486,0.775360,0.130100,0.179961
0.702789,0.803451,0.103656,0.130100
0.686753,0.941145,0.088982,0.103656
0.848547,0.796129,0.083983,0.088982
0.684232,0.810271,0.084501,0.083983
0.682184,0.959329,0.084319,0.084501
0.877467,0.997284,0.079669,0.084319
0.951621,0.985018,0.070218,0.079669
0.992035,0.806005,0.061269,0.070218
0.811440,0.812525,0.056318,0.061269
0.806346,0.983497,0.053954,0.056318
1.008702,0.829845,0.053477,0.053954
0.800925,0.823985,0.053812,0.053477
0.948112,0.941753,0.054708,0.053812
0.989843,0.836862,0.056818,0.054708
0.788562,0.862528,0.058586,0.056818
0.837786,0.969651,0.060032,0.058586
0.989785,0.802865,0.060890,0.060032
0.784450,0.804039,0.061073,0.060890
0.787691,0.991933,0.060979,0.061073
0.989582,0.830276,0.060970,0.060979
0.796128,0.849904,0.061218,0.060970
0.792394,0.977174,0.061552,0.061218
0.985101,0.811509,0.061313,0.061552
0.800553,0.828447,0.061593,0.061313
0.799194,0.988575,0.061879,0.061593
0.994232,0.824184,0.061609,0.061879
0.791945,0.843566,0.061253,0.061609
0.936021,0.971974,0.060886,0.061253
0.979332,1.016714,0.060779,0.060886
0.979065,0.966467,0.060743,0.060779
0.842911,0.820727,0.048896,0.060743
0.983047,0.809685,0.008393,0.048896
0.964410,1.005960,0.066407,0.008393
1.079825,0.786188,0.111730,0.066407
0.895994,0.738594,0.125611,0.111730
0.758073,0.802379,0.128132,0.125611
0.824327,0.600549,0.123596,0.128132
0.607448,0.583309,0.116540,0.123596
0.549999,0.612657,0.108020,0.116540
0.616271,0.529353,0.098078,0.108020
0.450041,0.462827,0.091252,0.098078
0.419633,0.484604,0.085885,0.091252
0.487254,0.376506,0.081526,0.085885
0.366419,0.368882,0.079442,0.081526
0.398219,0.386988,0.072966,0.079442
0.299434,0.310284,0.043538,0.072966
0.253859,0.281867,0.049437,0.043538
0.284216,0.332192,0.097473,0.049437
0.442090,0.283185,0.190822,0.097473
0.431530,0.302966,0.268641,0.190822
0.412285,0.300880,0.310025,0.268641
0.328432,0.257056,0.277055,0.310025
0.331537,0.320731,0.247365,0.277055
0.450169,0.305559,0.306814,0.247365
0.284319,0.314848,0.398998,0.306814
0.218308,0.423606,0.517889,0.398998
0.325402,0.412573,0.663206,0.517889
0.303029,0.502035,0.783634,0.663206
0.319835,0.711249,0.908832,0.783634
0.481504,0.670688,1.050117,0.908832
0.607405,0.738774,1.157482,1.050117
0.746217,0.888596,1.249850,1.157482
0.991779,0.811016,1.336045,1.249850
0.801795,0.821287,1.396015,1.336045
0.903197,0.932744,1.447651,1.396015
0.923697,0.792323,1.497193,1.447651
0.697911,0.797894,1.531115,1.497193
0.710627,0.961075,1.558921,1.531115
0.830391,0.758344,1.581489,1.558921
0.686015,0.798782,1.591355,1.581489
0.713481,0.973655,1.592017,1.591355
0.927488,0.774941,1.582249,1.592017
0.762640,0.820446,1.570136,1.582249
0.773690,0.947904,1.558882,1.570136
0.974007,0.787044,1.550776,1.558882
0.784780,0.971174,1.548476,1.550776
0.980857,0.975743,1.549714,1.548476
1.002147,0.823234,1.552987,1.549714
0.797689,0.990225,1.555622,1.552987
0.991501,0.811303,1.557580,1.555622
0.794089,0.834869,1.558052,1.557580
0.941148,0.987234,1.557743,1.558052
0.865717,0.837794,1.556758,1.557743
0.958038,0.852545,1.555851,1.556758
0.847164,0.978547,1.555226,1.555851
0.949392,0.798511,1.554965,1.555226
0.854930,0.985599,1.555359,1.554965
1.014446,0.977711,1.556436,1.555359
0.944299,0.830600,1.557738,1.556436
0.825349,0.999768,1.558743,1.557738
0.987168,1.031035,1.559647,1.558743
1.008797,0.996080,1.560101,1.559647
0.969110,0.807269,1.560043,1.560101
0.868877,0.850802,1.559729,1.560043
0.812058,0.972007,1.559471,1.559729
0.999855,0.806419,1.559370,1.559471
0.795730,0.865038,1.559481,1.559370
0.792252,1.007717,1.559805,1.559481
0.983770,0.820819,1.560275,1.559805
0.808471,0.849151,1.560168,1.560275
0.857188,0.964408,1.561512,1.560168
1.169335,0.914787,1.564965,1.561512
1.068826,0.880120,1.566521,1.564965
0.939226,0.679382,1.566254,1.566521
0.671689,0.645355,1.565601,1.566254
0.604311,0.693447,1.565168,1.565601
0.686789,0.553258,1.565321,1.565168
0.511636,0.503971,1.566095,1.565321
0.568881,0.556879,1.567489,1.566095
0.546215,0.526933,1.569580,1.567489
0.508294,0.442093,1.571969,1.569580
0.397792,0.378040,1.574396,1.571969
0.420384,0.339224,1.576113,1.574396
0.303017,0.370405,1.577460,1.576113
0.264446,0.280048,1.578756,1.577460
0.329307,0.318656,1.574218,1.578756
0.403762,0.340885,1.561733,1.574218
0.499583,0.220164,1.533697,1.561733
0.360076,0.239764,1.487975,1.533697
0.306672,0.327173,1.426558,1.487975
0.276318,0.278138,1.338724,1.426558
0.278189,0.308415,1.257105,1.338724
0.172071,0.364896,1.170004,1.257105
0.114844,0.417373,1.067568,1.170004
0.184362,0.397251,0.969189,1.067568
0.368939,0.623886,0.850828,0.969189
0.502659,0.586893,0.697876,0.850828
0.730648,0.690289,0.559336,0.697876
0.754188,0.867260,0.426478,0.559336
0.895353,0.783191,0.294506,0.426478
0.966528,0.810006,0.206126,0.294506
0.966060,0.937812,0.142569,0.206126
1.121895,0.804100,0.090488,0.142569
0.815935,0.796266,0.064896,0.090488
0.745932,0.930213,0.059461,0.064896
0.898857,0.751459,0.068749,0.059461
0.696724,0.808286,0.076384,0.068749
0.701408,0.944145,0.079395,0.076384
0.903987,0.782198,0.078250,0.079395
0.743987,0.809797,0.076193,0.078250
0.899418,0.935836,0.075558,0.076193
0.813321,0.792315,0.076322,0.075558
0.926836,0.798691,0.076722,0.076322
0.838448,0.955487,0.075765,0.076722
0.938694,0.807787,0.073065,0.075765
0.847690,0.821798,0.070531,0.073065
0.796400,0.973925,0.068304,0.070531
0.983978,0.794945,0.066565,0.068304
0.777505,0.804049,0.066286,0.066565
0.765073,0.942114,0.066921,0.066286
0.971235,0.831275,0.068157,0.066921
0.789185,0.836391,0.069233,0.068157
0.790175,1.016363,0.069594,0.069233
0.978613,0.863539,0.069230,0.069594
0.777134,0.843543,0.068192,0.069230
0.938929,1.007107,0.066392,0.068192
0.839312,0.829124,0.064067,0.066392
0.948067,0.852361,0.062399,0.064067
0.853017,0.980868,0.061103,0.062399
0.951137,0.795182,0.060343,0.061103
0.843636,0.827436,0.060128,0.060343
0.790024,0.975952,0.060473,0.060128
0.981470,0.835549,0.060794,0.060473
0.778177,0.846386,0.061130,0.060794
0.778167,0.981316,0.061321,0.061130
0.970593,0.810871,0.061885,0.061321
0.780743,0.812853,0.062785,0.061885
0.781060,0.969673,0.063449,0.062785
0.983709,0.841726,0.029939,0.063449
0.855522,0.835375,0.035021,0.029939
1.092307,0.959033,0.090474,0.035021
0.955761,0.727329,0.119020,0.090474
0.937936,0.717014,0.126158,0.119020
0.734583,0.774367,0.125359,0.126158
0.751679,0.722386,0.118995,0.125359
0.716229,0.640750,0.110249,0.118995
0.635998,0.507014,0.101600,0.110249
0.469392,0.476109,0.094913,0.101600
0.456033,0.548280,0.088951,0.094913
0.497135,0.374145,0.083097,0.088951
0.374156,0.369920,0.078821,0.083097
0.350525,0.381398,0.069802,0.078821
0.355721,0.297356,0.023664,0.069802
0.193264,0.319495,0.017884,0.023664
0.246718,0.325769,0.078702,0.017884
0.522475,0.330021,0.183455,0.078702
0.553830,0.272819,0.284896,0.183455
0.518848,0.226044,0.330754,0.284896
0.399616,0.266917,0.319809,0.330754
0.416538,0.335092,0.307018,0.319809
0.646586,0.310535,0.370762,0.307018
0.445791,0.323597,0.463440,0.370762
0.420711,0.475694,0.581614,0.463440
0.330619,0.438971,0.731316,0.581614
0.477509,0.519768,0.858532,0.731316
0.556628,0.700777,0.989665,0.858532
0.851066,0.829276,1.131969,0.989665
0.996012,0.883339,1.253178,1.131969
1.027336,0.766618,1.341798,1.253178
0.860986,0.807390,1.398821,1.341798
0.934053,0.937979,1.447517,1.398821
1.032877,0.773990,1.494099,1.447517
0.764869,0.780628,1.526407,1.494099
0.727539,0.914865,1.553990,1.526407
0.877594,0.803190,1.578098,1.553990
0.703919,0.796837,1.589987,1.578098
0.713036,0.975185,1.592824,1.589987
0.917541,0.765205,1.583147,1.592824
0.756507,0.798733,1.568994,1.583147
0.780848,0.956765,1.555133,1.568994
0.980874,0.815856,1.544630,1.555133
0.778007,0.844502,1.541378,1.544630
0.928111,0.979282,1.542366,1.541378
0.983571,0.852041,1.546687,1.542366
0.788462,0.815380,1.551002,1.546687
0.837290,0.937505,1.554716,1.551002
0.988252,0.820073,1.557357,1.554716
0.793349,0.818587,1.558128,1.557357
0.795411,0.973993,1.557976,1.558128
0.992755,0.834627,1.557275,1.557976
0.790078,0.825381,1.556635,1.557275
0.797542,0.992196,1.556235,1.556635
1.001987,1.000479,1.556159,1.556235
1.006341,0.978082,1.556489,1.556159
1.002096,0.827484,1.557065,1.556489
0.795101,0.818320,1.557584,1.557065
0.791450,1.006508,1.558088,1.557584
0.984632,0.828120,1.558505,1.558088
0.789107,0.836858,1.558830,1.558505
0.944260,0.977113,1.559134,1.558830
0.849712,0.839794,1.559543,1.559134
0.964592,0.826523,1.559860,1.559543
0.871019,0.985648,1.560018,1.559860
0.967757,0.844276,1.560124,1.560018
0.854515,0.814119,1.560194,1.560124
0.794069,0.973213,1.560230,1.560194
1.000072,0.833364,1.559552,1.560230
0.889708,0.839538,1.559284,1.559552
0.935321,0.961486,1.561670,1.559284
1.150666,0.740824,1.565042,1.561670
0.820517,0.855016,1.566860,1.565042
0.864825,0.778973,1.568611,1.566860
0.763757,0.638816,1.569809,1.568611
0.564277,0.656908,1.570125,1.569809
0.636812,0.499816,1.569802,1.570125
0.464463,0.496239,1.569278,1.569802
0.445720,0.533986,1.568692,1.569278
0.523456,0.387009,1.568145,1.568692
0.392033,0.400566,1.568171,1.568145
0.435578,0.426845,1.568992,1.568171
0.413350,0.339347,1.569872,1.568992
0.250767,0.298318,1.571452,1.569872
0.254100,0.378393,1.570616,1.571452
0.898286,0.266357,1.560784,1.570616
0.363687,0.271743,1.543628,1.560784
0.349030,0.292783,1.512029,1.543628
0.411788,0.245780,1.448664,1.512029
0.352040,0.238063,1.382051,1.448664
0.446334,0.331797,1.302035,1.382051
0.622571,0.299459,1.201435,1.302035
0.437265,0.431731,1.117144,1.201435
0.433470,0.475046,1.006520,1.117144
0.179981,0.471546,0.873320,1.006520
0.125391,0.658144,0.746139,0.873320
0.285612,0.804578,0.582725,0.746139
0.467326,0.865527,0.424866,0.582725
0.697561,0.767958,0.294610,0.424866
0.668768,0.847881,0.206817,0.294610
0.773071,0.961697,0.144338,0.206817
0.936490,0.770696,0.093973,0.144338
0.694765,0.793209,0.067909,0.093973
0.766340,0.956078,0.058799,0.067909
0.800595,0.780044,0.064239,0.058799
0.665821,0.810844,0.070926,0.064239
0.725652,0.952069,0.074799,0.070926
0.896039,0.809072,0.074423,0.074799
0.752209,0.801648,0.073192,0.074423
0.748665,0.943355,0.073092,0.073192
0.949913,0.823416,0.074722,0.073092
0.778625,0.827940,0.075464,0.074722
0.782200,0.967665,0.074461,0.075464
0.998784,0.820779,0.071177,0.074461
0.797934,0.815419,0.067885,0.071177
0.786244,0.974301,0.065156,0.067885
0.982577,0.802788,0.062866,0.065156
0.781078,0.834266,0.062339,0.062866
0.920246,0.985427,0.063095,0.062339
0.982142,0.842393,0.064422,0.063095
0.783695,0.833207,0.065258,0.064422
0.832752,0.953441,0.065463,0.065258
0.985174,0.812889,0.064791,0.065463
0.782533,0.858823,0.063864,0.064791
0.792581,0.972382,0.062966,0.063864
0.992773,0.837387,0.062217,0.062966
0.794265,0.849986,0.061848,0.062217
0.795116,0.977396,0.061622,0.061848
0.986898,0.841380,0.061454,0.061622
0.791066,0.860444,0.061502,0.061454
0.793757,0.973502,0.061506,0.061502
0.981913,0.805820,0.061214,0.061506
0.790688,0.845977,0.061040,0.061214
0.941993,1.004258,0.061298,0.061040
0.982140,0.801647,0.062001,0.061298
0.791649,0.867827,0.062377,0.062001
0.845098,0.946968,0.062007,0.062377
1.013935,0.834043,0.027667,0.062007
0.886770,0.797867,0.037280,0.027667
0.966442,0.968556,0.095171,0.037280
1.130378,0.757574,0.123573,0.095171
0.788346,0.705789,0.129034,0.123573
0.687802,0.761073,0.126664,0.129034
0.747566,0.588343,0.118883,0.126664
0.539126,0.562956,0.110618,0.118883
0.497427,0.598021,0.101656,0.110618
0.563881,0.475398,0.091697,0.101656
0.422172,0.442670,0.084415,0.091697
0.456079,0.461741,0.078384,0.084415
0.446824,0.409508,0.073305,0.078384
0.342649,0.370461,0.068460,0.073305
0.328471,0.395032,0.035743,0.068460
0.256863,0.294691,0.009072,0.035743
0.240800,0.294211,0.069340,0.009072
0.393000,0.314273,0.159268,0.069340
0.569247,0.257710,0.260526,0.159268
0.424741,0.260498,0.314199,0.260526
0.359484,0.261881,0.315848,0.314199
0.414452,0.268878,0.279115,0.315848
0.457502,0.307860,0.297170,0.279115
0.487248,0.358610,0.377212,0.297170
0.495033,0.331079,0.502502,0.377212
0.342682,0.411418,0.624948,0.502502
0.336518,0.555954,0.750603,0.624948
0.384691,0.535502,0.899376,0.750603
0.386884,0.628315,1.021711,0.899376
0.687845,0.845617,1.138031,1.021711
1.141817,0.923273,1.252549,1.138031
1.251828,0.936084,1.342640,1.252549
1.212494,0.786364,1.412034,1.342640
1.043497,0.809563,1.459283,1.412034
0.864228,0.921091,1.499358,1.459283
0.929426,0.786754,1.537325,1.499358
0.704674,0.800928,1.562546,1.537325
0.695429,0.902978,1.581424,1.562546
0.904199,0.766168,1.592921,1.581424
0.726658,0.810190,1.592324,1.592921
0.743395,0.953643,1.583174,1.592324
0.934148,0.791858,1.567934,1.583174
0.753627,0.821681,1.556318,1.567934
0.900886,0.952635,1.548269,1.556318
0.821213,0.828839,1.544748,1.548269
0.920938,0.827283,1.545840,1.544748
0.834126,0.972850,1.549206,1.545840
0.933251,0.798453,1.553812,1.549206
0.842240,0.828368,1.556827,1.553812
0.787388,0.972139,1.558592,1.556827
0.997481,0.809480,1.558953,1.558592
0.802137,0.847722,1.558293,1.558953
0.806820,0.977988,1.557287,1.558293
1.007960,0.823009,1.555990,1.557287
0.808324,0.839159,1.555044,1.555990
0.803191,0.957455,1.554287,1.555044
1.003240,0.829326,1.553899,1.554287
0.795662,0.818696,1.553884,1.553899
0.938270,0.982019,1.554071,1.553884
0.834909,0.818346,1.554409,1.554071
0.929580,0.866576,1.554777,1.554409
0.840343,0.977162,1.555265,1.554777
0.948669,0.834098,1.555977,1.555265
0.861033,0.838782,1.556627,1.555977
0.811875,1.002360,1.557300,1.556627
1.005251,0.798480,1.558033,1.557300
0.799949,0.848009,1.558626,1.558033
0.799629,1.004801,1.559225,1.558626
0.992303,0.826576,1.560056,1.559225
0.791617,0.848896,1.560294,1.560056
0.853949,0.967540,1.561388,1.560294
1.225068,0.802995,1.565785,1.561388
0.942681,0.757863,1.568832,1.565785
0.965954,0.849328,1.570590,1.568832
0.750659,0.642512,1.571536,1.570590
0.751332,0.623488,1.571901,1.571536
0.606439,0.671963,1.572093,1.571901
0.602850,0.520076,1.572073,1.572093
0.492164,0.581489,1.571812,1.572073
0.524712,0.502263,1.571353,1.571812
0.453493,0.401478,1.570911,1.571353
0.385529,0.417455,1.570631,1.570911
0.423948,0.336546,1.570097,1.570631
0.305328,0.323485,1.568318,1.570097
0.209166,0.356503,1.566837,1.568318
0.305136,0.371834,1.572672,1.566837
0.493940,0.326642,1.601715,1.572672
0.522463,0.253254,1.653973,1.601715
0.402634,0.222832,1.709044,1.653973
0.351093,0.291982,1.761662,1.709044
0.454815,0.263613,1.823933,1.761662
0.458988,0.281764,1.895375,1.823933
0.410516,0.357607,1.987451,1.895375
0.312446,0.329098,2.108437,1.987451
0.219322,0.383566,2.225883,2.108437
0.208388,0.531559,2.359801,2.225883
0.312563,0.523161,2.524598,2.359801
0.614270,0.637250,2.658545,2.524598
0.844228,0.863106,2.777941,2.658545
1.139377,0.770831,2.884697,2.777941
1.101775,0.779536,2.949622,2.884697
1.099013,0.948463,3.001094,2.949622
1.293392,0.786919,3.050293,3.001094
0.915324,0.800569,3.084868,3.050293
0.837672,0.944573,3.114383,3.084868
0.959405,0.777286,3.140867,3.114383
0.735565,0.806936,3.129335,3.140867
0.725265,0.890687,3.123061,3.129335
0.903133,0.762641,3.127092,3.123061
0.718011,0.819989,3.136991,3.127092
0.838071,0.903506,3.136329,3.136991
0.751145,0.799407,3.125474,3.136329
0.857320,0.841644,3.120756,3.125474
0.784713,0.956412,3.119916,3.120756
0.882439,0.798921,3.122376,3.119916
0.810443,0.992573,3.125657,3.122376
0.988168,0.921784,3.129321,3.125657
0.952690,0.836653,3.131400,3.129321
0.860721,0.973203,3.131898,3.131400
1.008220,0.971139,3.131322,3.131898
1.007802,0.960448,3.130260,3.131322
0.947181,0.849316,3.129355,3.130260
0.841062,0.850893,3.128908,3.129355
0.786002,0.979698,3.128867,3.128908
0.975930,0.821278,3.129236,3.128867
0.490197,0.855909,3.129566,3.129236
0.311667,0.990777,3.129952,3.129566
0.780367,0.802797,3.130395,3.129952
0.719347,0.820668,3.130685,3.130395
0.760976,0.985796,3.130823,3.130685
0.969401,0.822047,3.130708,3.130823
0.782013,0.841299,3.130606,3.130708
0.936738,1.021591,3.130475,3.130606
0.838233,0.798391,3.130357,3.130475
0.933008,0.842592,3.130370,3.130357
0.820439,0.997953,3.130476,3.130370
0.930140,0.797747,3.131015,3.130476
0.837507,1.041930,3.131567,3.131015
1.056040,0.981760,3.132252,3.131567
1.029873,0.788508,3.134948,3.132252
0.954160,0.925306,3.136940,3.134948
0.983872,0.699862,3.137614,3.136940
0.689216,0.687370,3.137514,3.137614
0.623150,0.751551,3.137613,3.137514
0.696526,0.569101,3.138312,3.137613
0.513264,0.541656,3.139212,3.138312
0.470042,0.562856,3.140208,3.139212
0.541022,0.536524,3.141222,3.140208
0.502506,0.496772,3.141656,3.141222
0.474527,0.344454,3.141457,3.141656
0.359511,0.364113,3.141087,3.141457
0.331330,0.357739,3.140831,3.141087
0.371008,0.284129,3.141077,3.140831
0.274718,0.336428,3.142051,3.141077
0.313775,0.255703,3.140890,3.142051
0.297214,0.227635,3.139786,3.140890
0.226948,0.230205,3.139360,3.139786
0.265347,0.201153,3.139448,3.139360
0.184007,0.172214,3.139779,3.139448
0.207386,0.128114,3.140150,3.139779
0.211184,0.134461,3.140486,3.140150
0.146158,0.129396,3.140630,3.140486
0.135330,0.098470,3.140640,3.140630
0.137483,0.059101,3.140500,3.140640
0.093972,0.075394,3.140247,3.140500
0.088993,0.062773,3.139975,3.140247
0.114702,0.023608,3.139688,3.139975
0.075759,0.056428,3.139558,3.139688
0.069430,0.027286,3.139483,3.139558
0.068741,0.020814,3.139454,3.139483
0.000000,0.000000,0.000000,0.000000
0.000000,0.040869,2.057692,0.000000
0.000000,0.028949,2.054171,2.057692
0.019018,0.031943,2.039350,2.054171
0.032854,0.044710,2.032193,2.039350
0.023117,0.024804,2.038210,2.032193
0.000000,0.042505,2.043029,2.038210
0.000000,0.022010,2.035675,2.043029
0.000000,0.024407,2.034287,2.035675
0.000000,0.023909,2.033062,2.034287
0.000000,0.037926,2.033204,2.033062
0.000000,0.044046,2.034281,2.033204
0.000000,0.035922,2.035317,2.034281
0.000000,0.025078,2.036517,2.035317
0.000000,0.050523,2.037532,2.036517
0.000000,0.022498,2.037557,2.037532
0.000000,0.027020,2.036687,2.037557
0.026889,0.021628,2.027349,2.036687
0.060661,0.013782,2.021059,2.027349
0.053817,0.011561,2.016055,2.021059
0.074882,0.064989,2.013986,2.016055
0.073032,0.009351,2.015697,2.013986
0.082940,0.006600,2.019093,2.015697
0.074936,0.042241,2.022940,2.019093
0.074641,0.019313,2.026793,2.022940
0.075995,0.043570,2.029253,2.026793
0.064944,0.052314,2.030937,2.029253
0.093949,0.027162,2.031951,2.030937
0.079498,0.020175,2.032686,2.031951
0.079660,0.025715,2.033854,2.032686
0.094863,0.053339,2.034779,2.033854
0.073781,0.039494,2.035357,2.034779
0.070496,0.011741,2.036136,2.035357
0.082937,0.012260,2.036843,2.036136
0.062912,0.019739,2.036043,2.036843
0.062754,0.038064,2.034908,2.036043
0.049958,0.044816,2.034325,2.034908
0.104700,0.040181,2.027499,2.034325
0.211642,0.044077,2.001323,2.027499
0.163678,0.072938,1.962855,2.001323
0.116272,0.174052,1.899183,1.962855
0.027827,0.243127,1.788742,1.899183
0.176002,0.292092,1.679492,1.788742
0.258646,0.470831,1.577433,1.679492
0.500303,0.637548,1.482790,1.577433
0.647108,0.726945,1.401360,1.482790
0.593384,0.648008,1.303631,1.401360
0.521623,0.867723,1.191793,1.303631
0.737773,0.919064,1.024291,1.191793
0.582081,0.820428,0.840303,1.024291
0.616542,0.953553,0.686009,0.840303
1.182376,0.785856,0.524667,0.686009
0.958106,0.813656,0.409946,0.524667
1.026752,0.932833,0.313795,0.409946
0.814537,0.782409,0.229365,0.313795
0.872609,0.802778,0.176032,0.229365
0.739768,0.939774,0.134670,0.176032
0.804345,0.796772,0.103767,0.134670
0.709919,0.956761,0.091912,0.103767
0.839757,0.947543,0.087726,0.091912
0.811823,0.802988,0.086784,0.087726
0.730320,0.955643,0.084012,0.086784
0.905498,0.811105,0.076637,0.084012
0.761270,0.810730,0.068931,0.076637
0.793629,0.984459,0.061695,0.068931
1.001960,0.828800,0.057014,0.061695
0.801382,0.846396,0.055837,0.057014
0.807173,0.940210,0.055302,0.055837
1.008442,0.819511,0.055189,0.055302
0.800753,0.842266,0.056092,0.055189
0.788994,1.015112,0.057769,0.056092
0.973145,0.826468,0.059798,0.057769
0.781324,0.883642,0.060914,0.059798
0.947027,0.971400,0.061110,0.060914
0.996335,0.988699,0.060428,0.061110
1.006476,0.967064,0.059316,0.060428
0.851503,0.816631,0.058722,0.059316
0.948697,0.829839,0.058721,0.058722
0.837946,0.989355,0.059166,0.058721
0.945040,0.846414,0.059968,0.059166
0.859500,1.006451,0.060159,0.059968
0.993191,0.974230,0.059861,0.060159
0.947041,0.809050,0.059472,0.059861
0.833010,0.953223,0.059527,0.059472
0.970161,0.802971,0.060156,0.059527
0.772830,0.848184,0.061191,0.060156
0.779944,1.030028,0.062090,0.061191
0.979520,0.804386,0.040540,0.062090
0.855225,0.810580,0.017554,0.040540
0.927267,0.969196,0.081644,0.017554
1.141740,0.787868,0.120229,0.081644
0.831665,0.727598,0.130692,0.120229
0.742382,0.775804,0.131244,0.130692
0.815401,0.604541,0.125094,0.131244
0.592312,0.596383,0.117206,0.125094
0.644357,0.617343,0.108406,0.117206
0.599962,0.457673,0.098885,0.108406
0.443396,0.447861,0.092087,0.098885
0.438941,0.487936,0.086518,0.092087
0.490605,0.362551,0.082233,0.086518
0.219248,0.361710,0.080655,0.082233
0.191776,0.374945,0.067258,0.080655
0.251515,0.266434,0.049639,0.067258
0.189956,0.302630,0.070288,0.049639
0.308423,0.302413,0.137923,0.070288
0.465836,0.286968,0.230800,0.137923
0.344759,0.259012,0.291594,0.230800
0.300001,0.255777,0.300187,0.291594
0.319478,0.270685,0.252127,0.300187
0.287460,0.276838,0.234975,0.252127
0.325000,0.369491,0.296341,0.234975
0.267432,0.325230,0.410772,0.296341
0.237622,0.383958,0.527441,0.410772
0.317303,0.547713,0.646918,0.527441
0.555082,0.535408,0.786732,0.646918
0.533571,0.611486,0.904976,0.786732
0.642743,0.791186,1.024496,0.904976
0.997399,0.746465,1.153959,1.024496
0.894293,0.798540,1.246651,1.153959
0.939960,0.940222,1.325778,1.246651
1.095474,0.766447,1.400969,1.325778
0.778185,0.800313,1.451008,1.400969
0.712614,0.930895,1.492493,1.451008
0.822137,0.764048,1.531536,1.492493
0.640235,0.798189,1.557599,1.531536
0.760599,0.943858,1.577539,1.557599
0.841285,0.778744,1.590573,1.577539
0.706587,0.792878,1.591444,1.590573
0.780789,0.950539,1.583434,1.591444
0.960036,0.808608,1.568784,1.583434
0.781577,0.801622,1.557247,1.568784
0.785446,0.967001,1.549098,1.557247
0.985482,0.834038,1.545392,1.549098
0.795667,0.829278,1.546131,1.545392
0.799689,0.987773,1.549002,1.546131
1.001410,0.820601,1.553198,1.549002
0.797311,0.833146,1.556079,1.553198
0.799643,0.970629,1.557843,1.556079
0.996782,0.824006,1.558418,1.557843
0.800539,0.839238,1.557977,1.558418
0.961672,0.981683,1.557076,1.557977
1.007020,0.800657,1.556251,1.557076
0.809734,0.868029,1.556077,1.556251
0.856181,0.987295,1.556351,1.556077
1.007999,0.831361,1.557166,1.556351
0.811620,0.830678,1.557984,1.557166
0.798905,0.977819,1.558769,1.557984
1.000826,0.811267,1.559449,1.558769
0.795956,0.807552,1.559904,1.559449
0.798863,1.002169,1.560174,1.559904
0.986326,0.855101,1.560253,1.560174
0.795363,0.842569,1.560189,1.560253
0.795558,0.937558,1.560036,1.560189
1.001290,0.817684,1.559710,1.560036
0.795231,0.843698,1.559238,1.559710
0.938725,0.982084,1.558654,1.559238
0.991105,0.808843,1.557641,1.558654
0.812809,0.851993,1.556353,1.557641
0.960259,0.970591,1.557380,1.556353
1.160470,0.925764,1.560380,1.557380
1.021818,0.851758,1.561611,1.560380
0.850005,0.650702,1.561506,1.561611
0.678746,0.637723,1.561416,1.561506
0.579311,0.679082,1.561947,1.561416
0.653281,0.519820,1.563684,1.561947
0.489600,0.506841,1.566146,1.563684
0.455128,0.524140,1.569557,1.566146
0.519718,0.412714,1.574472,1.569557
0.391240,0.396444,1.578854,1.574472
0.370487,0.440558,1.583482,1.578854
0.420769,0.302790,1.588028,1.583482
0.271162,0.304713,1.591732,1.588028
0.249716,0.359238,1.594175,1.591732
0.333400,0.293582,1.588324,1.594175
0.441946,0.283450,1.574399,1.588324
0.405868,0.271227,1.548041,1.574399
0.395993,0.235625,1.490089,1.548041
0.323573,0.271093,1.427291,1.490089
0.286382,0.320213,1.350428,1.427291
0.348785,0.279245,1.251495,1.350428
0.214217,0.390025,1.166390,1.251495
0.349493,0.435207,1.061071,1.166390
0.427552,0.485439,0.940029,1.061071
0.382070,0.599191,0.819765,0.940029
0.570882,0.604270,0.662710,0.819765
0.553813,0.698312,0.524667,0.662710
0.635939,0.876044,0.395455,0.524667
0.999676,0.816596,0.268729,0.395455
0.882438,0.829190,0.187589,0.268729
0.885624,0.954574,0.130731,0.187589
1.015626,0.792359,0.084374,0.130731
0.751717,0.801727,0.063292,0.084374
0.813945,0.893055,0.061144,0.063292
0.859510,0.770332,0.070868,0.061144
0.689096,0.816497,0.077483,0.070868
0.749642,0.944451,0.079902,0.077483
0.924677,0.785853,0.077984,0.079902
0.744162,0.820466,0.075917,0.077984
0.753702,0.940808,0.075655,0.075917
0.964878,0.801890,0.076980,0.075655
0.786292,0.839047,0.077404,0.076980
0.793502,0.940369,0.076056,0.077404
1.000630,0.785326,0.073322,0.076056
0.797803,0.814860,0.070917,0.073322
0.800275,0.982906,0.068816,0.070917
0.993744,0.825888,0.067151,0.068816
0.786311,0.842470,0.065916,0.067151
0.940576,0.994249,0.064872,0.065916
0.996496,0.788597,0.064451,0.064872
0.797890,0.849202,0.064523,0.064451
0.843028,0.983969,0.065098,0.064523
0.997922,0.826892,0.065789,0.065098
0.796889,0.845286,0.065756,0.065789
0.803990,0.953845,0.064844,0.065756
1.001494,0.849190,0.063293,0.064844
0.803079,0.847711,0.062168,0.063293
0.807363,1.013352,0.061507,0.062168
0.995644,0.804436,0.061531,0.061507
0.791074,1.028932,0.062269,0.061531
0.971588,0.955897,0.063325,0.062269
0.970018,0.840694,0.064371,0.063325
0.780748,0.987068,0.064847,0.064371
0.975962,0.981113,0.064892,0.064847
0.984658,0.984532,0.064198,0.064892
0.984922,0.801494,0.062999,0.064198
0.792007,1.013213,0.038565,0.062999
1.113241,0.973268,0.039465,0.038565
1.205720,0.856703,0.102580,0.039465
0.869059,0.857801,0.125802,0.102580
0.999358,0.716366,0.133036,0.125802
0.720610,0.648796,0.130388,0.133036
0.777114,0.705247,0.123358,0.130388
0.597990,0.544288,0.113149,0.123358
0.595297,0.511846,0.104255,0.113149
0.488063,0.547937,0.095581,0.104255
0.503933,0.438844,0.086341,0.095581
0.420377,0.469631,0.079498,0.086341
0.461450,0.419573,0.073063,0.079498
0.401648,0.311187,0.060792,0.073063
0.301161,0.367519,0.018450,0.060792
0.254146,0.329011,0.026569,0.018450
0.289755,0.315246,0.101054,0.026569
0.429408,0.333765,0.190937,0.101054
0.546638,0.259153,0.287887,0.190937
0.395168,0.231990,0.323883,0.287887
0.388404,0.301933,0.309840,0.323883
0.571016,0.266695,0.291120,0.309840
0.515796,0.287514,0.341675,0.291120
0.451611,0.383186,0.431653,0.341675
0.398813,0.370690,0.568486,0.431653
0.332602,0.436323,0.691652,0.568486
0.454592,0.614557,0.818467,0.691652
0.644363,0.605864,0.968539,0.818467
0.651298,0.665729,1.088496,0.968539
0.864239,0.868663,1.197335,1.088496
1.124005,0.766333,1.297806,1.197335
0.910888,0.795679,1.362885,1.297806
0.914397,0.932965,1.418498,1.362885
1.042154,0.804005,1.472241,1.418498
0.779746,0.803249,1.509767,1.472241
0.539450,0.927067,1.541639,1.509767
0.813036,0.768099,1.569708,1.541639
0.673425,0.802667,1.584997,1.569708
0.701745,0.888219,1.591919,1.584997
0.939595,0.820927,1.587769,1.591919
0.764072,0.804477,1.575950,1.587769
0.924587,0.968681,1.562011,1.575950
0.983646,0.830416,1.549401,1.562011
0.787843,0.849046,1.543984,1.549401
0.848685,0.970186,1.543073,1.543984
0.996418,0.810400,1.546089,1.543073
0.793401,0.852057,1.550168,1.546089
0.794362,0.983716,1.554240,1.550168
0.999281,0.819420,1.557562,1.554240
0.801062,0.838828,1.558897,1.557562
0.799761,0.985171,1.559154,1.558897
0.990333,0.808783,1.558682,1.559154
0.792759,0.845355,1.558113,1.558682
0.798059,0.965699,1.557581,1.558113
0.995481,0.825513,1.557266,1.557581
0.797324,0.836585,1.557289,1.557266
0.938756,0.983452,1.557510,1.557289
0.989743,0.837992,1.557898,1.557510
0.792133,0.836775,1.558159,1.557898
0.842167,0.985333,1.558408,1.558159
0.994389,0.807208,1.558773,1.558408
0.801886,0.840129,1.559172,1.558773
0.802061,0.995360,1.559648,1.559172
1.002571,0.803713,1.560359,1.559648
0.800790,0.844118,1.561014,1.560359
0.800270,0.976226,1.561742,1.561014
0.999692,0.815194,1.562448,1.561742
0.802104,1.003154,1.562922,1.562448
0.991579,0.991936,1.562941,1.562922
1.045019,0.848407,1.562274,1.562941
0.905792,0.928464,1.563850,1.562274
1.155331,0.787501,1.566158,1.563850
0.836834,0.721620,1.566489,1.566158
0.860041,0.805467,1.566031,1.566489
0.678073,0.625305,1.565565,1.566031
0.693930,0.617057,1.565546,1.565565
0.568609,0.639384,1.565990,1.565546
0.587491,0.472452,1.567275,1.565990
0.490184,0.530746,1.568743,1.567275
0.535150,0.484102,1.570836,1.568743
0.471073,0.390359,1.572772,1.570836
0.395879,0.404136,1.574045,1.572772
0.418874,0.345320,1.573887,1.574045
0.252415,0.309988,1.573209,1.573887
0.200463,0.364967,1.571623,1.573209
0.436160,0.288856,1.563116,1.571623
0.339034,0.252835,1.548925,1.563116
0.343944,0.294333,1.523920,1.548925
0.407295,0.286927,1.467236,1.523920
0.420879,0.308892,1.389586,1.467236
0.583735,0.257452,1.297028,1.389586
0.481014,0.288703,1.213002,1.297028
0.387361,0.435853,1.126720,1.213002
0.454127,0.470074,1.021042,1.126720
0.216728,0.550029,0.888418,1.021042
0.232162,0.546539,0.739744,0.888418
0.256743,0.649453,0.601086,0.739744
0.482440,0.826571,0.463418,0.601086
0.904288,0.793042,0.324035,0.463418
0.864014,0.800825,0.228294,0.324035
1.049026,0.976877,0.158060,0.228294
1.105859,0.787819,0.103227,0.158060
0.841856,0.791328,0.072346,0.103227
0.779702,0.932029,0.058346,0.072346
0.834748,0.777318,0.063097,0.058346
0.660776,0.778985,0.072191,0.063097
0.668960,0.936913,0.079166,0.072191
0.868403,0.770748,0.081358,0.079166
0.732989,0.797578,0.079911,0.081358
0.754091,0.976958,0.077547,0.079911
0.958157,0.813971,0.075396,0.077547
0.779439,0.824625,0.074816,0.075396
0.780071,0.964904,0.074481,0.074816
0.985295,0.811403,0.073642,0.074481
0.787696,0.833991,0.072445,0.073642
0.932414,0.984777,0.071132,0.072445
0.992637,0.829787,0.069071,0.071132
0.791354,0.831055,0.067463,0.069071
0.844175,0.976382,0.066273,0.067463
0.997229,0.824644,0.065385,0.066273
0.795754,0.854467,0.064592,0.065385
0.793516,0.985185,0.063532,0.064592
1.000284,0.823562,0.062153,0.063532
0.801827,0.849261,0.060826,0.062153
0.800077,0.991945,0.059406,0.060826
0.994002,0.823481,0.058332,0.059406
0.794646,0.859641,0.057994,0.058332
0.797365,0.987195,0.058056,0.057994
0.999304,0.810204,0.058284,0.058056
0.794360,0.838895,0.058595,0.058284
0.942251,0.953328,0.059144,0.058595
0.987176,0.830815,0.059902,0.059144
0.784245,1.000612,0.060928,0.059902
0.972964,0.980318,0.062332,0.060928
0.966757,0.842371,0.063467,0.062332
0.826853,0.967895,0.064170,0.063467
0.927009,0.817010,0.063630,0.064170
0.841308,0.988590,0.035470,0.063630
1.116481,0.984325,0.043561,0.035470
1.124106,0.794023,0.100705,0.043561
0.935602,0.894743,0.121227,0.100705
0.925641,0.679375,0.127193,0.121227
0.655478,0.629362,0.124150,0.127193
0.598142,0.710448,0.117070,0.124150
0.659123,0.532743,0.106378,0.117070
0.471891,0.526767,0.097376,0.106378
0.439445,0.553627,0.089359,0.097376
0.510260,0.493790,0.082260,0.089359
0.489204,0.462108,0.077248,0.082260
0.459156,0.348013,0.074145,0.077248
0.343062,0.329417,0.062996,0.074145
0.292043,0.406918,0.023381,0.062996
0.237822,0.314617,0.027908,0.023381
0.250722,0.283846,0.094761,0.027908
0.456339,0.333676,0.184000,0.094761
0.460297,0.220019,0.282281,0.184000
0.448256,0.263954,0.323306,0.282281
0.389510,0.270832,0.312210,0.323306
0.461309,0.265358,0.285630,0.312210
0.528788,0.370709,0.327067,0.285630
0.530167,0.420408,0.436044,0.327067
0.437402,0.393121,0.576972,0.436044
0.298692,0.494397,0.706459,0.576972
0.334573,0.511852,0.857848,0.706459
0.311238,0.588504,0.984649,0.857848
0.498082,0.787168,1.105847,0.984649
0.856683,0.725364,1.227078,1.105847
0.844417,0.781010,1.307663,1.227078
0.935569,0.990000,1.373313,1.307663
1.170824,0.797247,1.435666,1.373313
0.855910,0.793151,1.478059,1.435666
0.771691,0.919981,1.514362,1.478059
0.885662,0.744111,1.549194,1.514362
0.690825,0.799358,1.571559,1.549194
0.841497,0.934843,1.586918,1.571559
0.923043,0.778312,1.593220,1.586918
0.745387,0.796832,1.588322,1.593220
0.783260,0.948200,1.576917,1.588322
0.929591,0.805494,1.562316,1.576917
0.759853,0.816716,1.553028,1.562316
0.759348,0.967157,1.547850,1.553028
0.967350,0.810527,1.547111,1.547850
0.783372,0.798311,1.549584,1.547111
0.783920,1.001828,1.553430,1.549584
0.982708,0.819866,1.557750,1.553430
0.779203,0.837561,1.560200,1.557750
0.781275,0.970040,1.561442,1.560200
0.991562,0.837167,1.561384,1.561442
0.798638,0.826168,1.560587,1.561384
0.956135,0.977201,1.559539,1.560587
1.010764,0.802860,1.558455,1.559539
0.795911,0.854187,1.557852,1.558455
0.836810,0.974496,1.557655,1.557852
0.992790,1.019059,1.557794,1.557655
0.993701,0.993667,1.557992,1.557794
0.941707,0.803936,1.558157,1.557992
0.836890,0.989566,1.558263,1.558157
0.987188,0.974738,1.558253,1.558263
0.950443,0.873327,1.558331,1.558253
0.856189,1.000933,1.558740,1.558331
1.003329,0.850564,1.559543,1.558740
0.806848,0.830793,1.560441,1.559543
0.804182,0.960325,1.561275,1.560441
0.998659,0.809231,1.562081,1.561275
0.799952,0.837465,1.562391,1.562081
0.799097,0.983523,1.561939,1.562391
1.081178,0.834995,1.561313,1.561939
0.935996,0.795212,1.563157,1.561313
0.946280,0.907888,1.564998,1.563157
1.041177,0.885706,1.565405,1.564998
0.891739,0.789123,1.564762,1.565405
0.779960,0.630821,1.563784,1.564762
0.572094,0.556099,1.563216,1.563784
0.614826,0.578543,1.563149,1.563216
0.497216,0.469064,1.563913,1.563149
0.518799,0.456985,1.565159,1.563913
0.424728,0.500949,1.567123,1.565159
0.439609,0.380207,1.569996,1.567123
0.374200,0.358445,1.572381,1.569996
0.330418,0.354029,1.573850,1.572381
0.271095,0.296769,1.576116,1.573850
0.240724,0.273583,1.583820,1.576116
0.356701,0.320031,1.606488,1.583820
0.545137,0.251320,1.653107,1.606488
0.424159,0.239312,1.705303,1.653107
0.338416,0.276047,1.760304,1.705303
0.390492,0.266145,1.819752,1.760304
0.388282,0.265757,1.885160,1.819752
0.512172,0.362295,1.973417,1.885160
0.327224,0.305898,2.091521,1.973417
0.304953,0.410816,2.205572,2.091521
0.195703,0.491387,2.337355,2.205572
0.325032,0.492610,2.501426,2.337355
0.442023,0.727989,2.637237,2.501426
0.767642,0.814739,2.782273,2.637237
1.050126,0.736832,2.889973,2.782273
1.078443,0.916759,2.956537,2.889973
1.302029,0.800203,3.014439,2.956537
0.997979,0.827320,3.053354,3.014439
0.902804,0.963682,3.086784,3.053354
1.007100,0.781313,3.118898,3.086784
0.753808,0.807233,3.139724,3.118898
0.727906,0.929444,3.130400,3.139724
0.892060,0.786518,3.124465,3.130400
0.716959,0.816425,3.128978,3.124465
0.724616,0.933750,3.139242,3.128978
0.932869,0.783045,3.132253,3.139242
0.735448,0.790560,3.123610,3.132253
0.878002,0.932621,3.118833,3.123610
0.963455,0.805055,3.118289,3.118833
0.780242,0.817449,3.120722,3.118289
0.833160,0.971691,3.124327,3.120722
0.978889,0.825834,3.128038,3.124327
0.785544,0.858101,3.130003,3.128038
0.799851,0.965665,3.130832,3.130003
1.002227,0.808221,3.130544,3.130832
0.805985,0.852074,3.129792,3.130544
0.803272,1.000018,3.128913,3.129792
1.006854,0.818853,3.128036,3.128913
0.803611,0.874896,3.127648,3.128036
0.796526,0.936519,3.127569,3.127648
0.987914,0.835802,3.127859,3.127569
0.791562,0.807117,3.128211,3.127859
0.938892,0.971065,3.128656,3.128211
0.987688,0.820591,3.129194,3.128656
0.786261,0.848528,3.129415,3.129194
0.833227,0.977272,3.129505,3.129415
0.974690,0.977345,3.129432,3.129505
0.994470,0.987740,3.129346,3.129432
0.934585,0.836320,3.129415,3.129346
0.830450,0.979168,3.129534,3.129415
0.982406,1.020658,3.129862,3.129534
0.917866,1.008216,3.130377,3.129862
0.955475,0.968446,3.130534,3.130377
1.057624,0.850713,3.130552,3.130534
0.908252,0.938749,3.131819,3.130552
1.052390,0.765629,3.133237,3.131819
0.850007,0.853288,3.133708,3.133237
0.873558,0.778385,3.133676,3.133708
0.749869,0.607506,3.133372,3.133676
0.583840,0.656978,3.133043,3.133372
0.600124,0.511315,3.132606,3.133043
0.446011,0.500986,3.132287,3.132606
0.417864,0.521726,3.132248,3.132287
0.491648,0.417550,3.133018,3.132248
0.367105,0.392279,3.134561,3.133018
0.343729,0.382644,3.137227,3.134561
0.396292,0.351401,3.141431,3.137227
0.298193,0.303546,3.139317,3.141431
0.281393,0.336808,3.136087,3.139317
0.322048,0.239844,3.133921,3.136087
0.247141,0.225016,3.133697,3.133921
0.273028,0.267577,3.134595,3.133697
0.254508,0.211900,3.136152,3.134595
0.240540,0.162492,3.137663,3.136152
0.209706,0.124207,3.138604,3.137663
0.212403,0.125654,3.138846,3.138604
0.162985,0.121250,3.138663,3.138846
0.160251,0.108256,3.138050,3.138663
0.117832,0.079860,3.137463,3.138050
0.102013,0.069151,3.136970,3.137463
0.106804,0.063700,3.136627,3.136970
0.072969,0.052706,3.136481,3.136627
0.069515,0.033296,3.136468,3.136481
0.060322,0.030621,3.136559,3.136468
0.000000,0.019255,3.136390,3.136559
0.000000,0.000000,0.000000,0.000000
0.000000,0.018703,2.054651,0.000000
0.026761,0.032244,2.042902,2.054651
0.029508,0.026081,2.033211,2.042902
0.028410,0.059145,2.032864,2.033211
0.022381,0.054209,2.044948,2.032864
0.000000,0.004272,2.055459,2.044948
0.023104,0.029787,2.069683,2.055459
0.018210,0.048613,2.067896,2.069683
0.000000,0.010038,2.064713,2.067896
0.000000,0.023651,2.062090,2.064713
0.000000,0.027731,2.060405,2.062090
0.000000,0.008950,2.060137,2.060405
0.000000,0.038296,2.060719,2.060137
0.000000,0.049532,2.061695,2.060719
0.000000,0.018755,2.062798,2.061695
0.000000,0.029425,2.063475,2.062798
0.031481,0.025502,2.054877,2.063475
0.029452,0.029011,2.049003,2.054877
0.039067,0.007923,2.043193,2.049003
0.039382,0.023190,2.042177,2.043193
0.032835,0.037426,2.044462,2.042177
0.046909,0.036294,2.048509,2.044462
0.043095,0.031664,2.052416,2.048509
0.058990,0.043912,2.056665,2.052416
0.072937,0.053269,2.058297,2.056665
0.082033,0.033424,2.057235,2.058297
0.104167,0.044243,2.054708,2.057235
0.095476,0.053218,2.053357,2.054708
0.123649,0.015960,2.054253,2.053357
0.097784,0.013561,2.055900,2.054253
0.103554,0.034932,2.057770,2.055900
0.068687,0.017325,2.059315,2.057770
0.059834,0.064442,2.060108,2.059315
0.058732,0.050556,2.059942,2.060108
0.048682,0.016168,2.059182,2.059942
0.036380,0.058448,2.057843,2.059182
0.037610,0.041040,2.055062,2.057843
0.053435,0.033912,2.052147,2.055062
0.041589,0.032950,2.050992,2.052147
0.078289,0.019815,2.047738,2.050992
0.197954,0.029583,2.033952,2.047738
0.174633,0.077306,2.008989,2.033952
0.129361,0.121589,1.962893,2.008989
0.052620,0.200307,1.871294,1.962893
0.179947,0.338261,1.767344,1.871294
0.416337,0.440048,1.636009,1.767344
0.500101,0.566088,1.528952,1.636009
0.572647,0.681328,1.442782,1.528952
0.550460,0.647908,1.354323,1.442782
0.434781,0.780835,1.250160,1.354323
0.718456,0.772897,1.093409,1.250160
0.681894,0.802601,0.940252,1.093409
0.585652,0.947386,0.779789,0.940252
0.972392,0.791378,0.606924,0.779789
0.929939,0.847019,0.480244,0.606924
1.095037,0.947503,0.370952,0.480244
1.108436,0.799085,0.267792,0.370952
0.846581,0.781454,0.199839,0.267792
0.834524,0.938224,0.147560,0.199839
0.906185,0.761574,0.108732,0.147560
0.691932,0.832791,0.092348,0.108732
0.683973,0.921202,0.086110,0.092348
0.851735,0.799553,0.085705,0.086110
0.683692,0.842533,0.086130,0.085705
0.688460,0.967057,0.084277,0.086130
0.907495,0.801850,0.077564,0.084277
0.760785,0.824260,0.069240,0.077564
0.793932,0.975244,0.062147,0.069240
1.005416,0.835910,0.057101,0.062147
0.805349,0.830764,0.055468,0.057101
0.943942,0.983449,0.055561,0.055468
0.971323,0.818148,0.056378,0.055561
0.776768,0.862353,0.057085,0.056378
0.835994,0.949626,0.057524,0.057085
0.990107,0.820953,0.057784,0.057524
0.797240,0.830922,0.057865,0.057784
0.793563,0.978811,0.057815,0.057865
0.988727,0.853635,0.058017,0.057815
0.805854,0.819176,0.058359,0.058017
0.804022,0.980829,0.058413,0.058359
0.990502,0.832122,0.058036,0.058413
0.779820,0.833308,0.057914,0.058036
0.781316,0.997073,0.058495,0.057914
0.990299,0.830433,0.059655,0.058495
0.795079,0.811204,0.060460,0.059655
0.938668,0.990937,0.060881,0.060460
0.982442,0.812247,0.060741,0.060881
0.785704,0.857538,0.060539,0.060741
0.830862,0.954328,0.060488,0.060539
0.979775,0.807286,0.060478,0.060488
0.786017,0.812448,0.049713,0.060478
0.834828,1.007053,0.010214,0.049713
1.148212,0.785355,0.074454,0.010214
0.912741,0.787425,0.109357,0.074454
0.844273,0.869575,0.123376,0.109357
0.929476,0.675375,0.125398,0.123376
0.668299,0.649485,0.120951,0.125398
0.609350,0.698169,0.113503,0.120951
0.674917,0.531599,0.103994,0.113503
0.499010,0.517066,0.096677,0.103994
0.545364,0.501569,0.090456,0.096677
0.531746,0.420608,0.085299,0.090456
0.402352,0.390607,0.082553,0.085299
0.395168,0.402473,0.080745,0.082553
0.422829,0.375540,0.071142,0.080745
0.286213,0.276088,0.040600,0.071142
0.204664,0.352033,0.042426,0.040600
0.349505,0.321801,0.107974,0.042426
0.394835,0.229425,0.189146,0.107974
0.414405,0.308337,0.270834,0.189146
0.437515,0.226743,0.316898,0.270834
0.240440,0.248147,0.300861,0.316898
0.278019,0.286756,0.270580,0.300861
0.509451,0.300783,0.316036,0.270580
0.373850,0.318375,0.404507,0.316036
0.327667,0.440486,0.520917,0.404507
0.266870,0.419896,0.673152,0.520917
0.205305,0.491703,0.799640,0.673152
0.186139,0.664189,0.931044,0.799640
0.221395,0.631678,1.076064,0.931044
0.366906,0.749747,1.183293,1.076064
0.503583,0.906041,1.273924,1.183293
0.949114,0.804829,1.356357,1.273924
0.835899,0.819995,1.412158,1.356357
0.796767,0.949515,1.458521,1.412158
0.939802,0.804136,1.502491,1.458521
0.687179,0.826219,1.532951,1.502491
0.654883,0.921478,1.558541,1.532951
0.820148,0.787141,1.579958,1.558541
0.672766,0.817485,1.589538,1.579958
0.840799,0.939392,1.590115,1.589538
0.919493,0.770357,1.580384,1.590115
0.756715,0.821100,1.568448,1.580384
0.822425,0.973321,1.557325,1.568448
0.979239,0.807418,1.549265,1.557325
0.783058,0.823821,1.546873,1.549265
0.791155,0.990014,1.547726,1.546873
1.002465,0.793154,1.550707,1.547726
0.808732,0.832820,1.553752,1.550707
0.802199,0.973049,1.556181,1.553752
0.997492,0.818977,1.557558,1.556181
0.791188,0.836000,1.557624,1.557558
0.785509,0.982363,1.557109,1.557624
0.992407,0.810553,1.556173,1.557109
0.792903,0.851148,1.555573,1.556173
0.944674,0.974421,1.555410,1.555573
1.006384,0.809306,1.555763,1.555410
0.804673,0.826293,1.556467,1.555763
0.854574,0.973194,1.557303,1.556467
0.987461,0.829255,1.558295,1.557303
0.780776,0.838668,1.558993,1.558295
0.768613,0.996910,1.559638,1.558993
0.950979,0.809788,1.560156,1.559638
0.776901,0.851922,1.560485,1.560156
0.539749,0.988075,1.560546,1.560485
0.860789,0.815070,1.560240,1.560546
0.753596,0.832683,1.560031,1.560240
0.781449,0.972769,1.560065,1.560031
0.985009,0.825695,1.560418,1.560065
0.800654,0.842091,1.560867,1.560418
0.951508,0.989817,1.560593,1.560867
1.079335,0.817089,1.561754,1.560593
0.932290,0.804960,1.564750,1.561754
0.954483,0.879980,1.566836,1.564750
0.965588,0.845739,1.567709,1.566836
0.832991,0.753627,1.568181,1.567709
0.718264,0.599754,1.569173,1.568181
0.587018,0.537640,1.570591,1.569173
0.502666,0.593726,1.572489,1.570591
0.574068,0.468812,1.575031,1.572489
0.427815,0.444063,1.577134,1.575031
0.404656,0.472429,1.579051,1.577134
0.464507,0.374518,1.580915,1.579051
0.355350,0.338807,1.582129,1.580915
0.316367,0.371671,1.583000,1.582129
0.273504,0.289443,1.585137,1.583000
0.256302,0.311777,1.582768,1.585137
0.425620,0.331276,1.573197,1.582768
0.428738,0.236740,1.549757,1.573197
0.426410,0.202206,1.509647,1.549757
0.342758,0.288794,1.451729,1.509647
0.310221,0.333663,1.367460,1.451729
0.364366,0.336420,1.268716,1.367460
0.248242,0.313423,1.167212,1.268716
0.152907,0.390117,1.081180,1.167212
0.151622,0.519280,0.982226,1.081180
0.428795,0.506036,0.844846,0.982226
0.548238,0.587982,0.718217,0.844846
0.691797,0.779797,0.576806,0.718217
1.028176,0.736278,0.421477,0.576806
0.882655,0.767518,0.310978,0.421477
0.884700,0.937262,0.218761,0.310978
1.167694,0.764259,0.144520,0.218761
0.855495,0.845903,0.099329,0.144520
0.775104,0.911443,0.068581,0.099329
0.879145,0.774841,0.061311,0.068581
0.682283,0.790611,0.069838,0.061311
0.802400,0.885991,0.077901,0.069838
0.861961,0.773205,0.081728,0.077901
0.716111,0.804667,0.080379,0.081728
0.786897,0.943755,0.076988,0.080379
0.956438,0.813638,0.074844,0.076988
0.775398,0.829802,0.075237,0.074844
0.781098,0.948852,0.075842,0.075237
0.985701,0.775314,0.076102,0.075842
0.791947,0.818056,0.075398,0.076102
0.791962,1.009965,0.074305,0.075398
0.984524,0.802195,0.072629,0.074305
0.780385,0.807411,0.070862,0.072629
0.782658,0.991334,0.068856,0.070862
1.002187,0.823807,0.066836,0.068856
0.802979,0.837126,0.065571,0.066836
0.959814,1.004638,0.064471,0.065571
0.995537,0.814882,0.063577,0.064471
0.793521,0.847383,0.063161,0.063577
0.846008,0.986700,0.062993,0.063161
1.003566,0.847233,0.063257,0.062993
0.804405,0.843443,0.063271,0.063257
0.801884,1.002036,0.062642,0.063271
1.003958,0.837491,0.061624,0.062642
0.799933,0.829079,0.060883,0.061624
0.798260,0.979251,0.060498,0.060883
0.984054,0.800777,0.060498,0.060498
0.787687,0.858535,0.060770,0.060498
0.784210,0.984482,0.061183,0.060770
0.976352,0.845548,0.061212,0.061183
0.784467,0.857407,0.060929,0.061212
0.930693,0.976614,0.060311,0.060929
0.982217,1.008713,0.059646,0.060311
1.055128,0.967945,0.022932,0.059646
0.878547,0.811620,0.054829,0.022932
1.056568,0.809623,0.103835,0.054829
0.912682,0.875226,0.125463,0.103835
0.907128,0.682462,0.131376,0.125463
0.727399,0.660934,0.128363,0.131376
0.623694,0.704328,0.121472,0.128363
0.688249,0.541265,0.111522,0.121472
0.498844,0.499797,0.103264,0.111522
0.460432,0.567877,0.095883,0.103264
0.530430,0.408532,0.088855,0.095883
0.403260,0.396008,0.084186,0.088855
0.383223,0.436626,0.080263,0.084186
0.425447,0.316098,0.071587,0.080263
0.303962,0.308166,0.034828,0.071587
0.256691,0.318080,0.018382,0.034828
0.251937,0.317005,0.090404,0.018382
0.420966,0.307511,0.176915,0.090404
0.494024,0.279714,0.277837,0.176915
0.404003,0.264352,0.323646,0.277837
0.449483,0.298609,0.309503,0.323646
0.542290,0.271569,0.297473,0.309503
0.484447,0.322927,0.353994,0.297473
0.417051,0.389647,0.447120,0.353994
0.306441,0.377519,0.586260,0.447120
0.216137,0.525420,0.709830,0.586260
0.486004,0.603058,0.861782,0.709830
0.676326,0.628354,1.010646,0.861782
0.707529,0.793196,1.129646,1.010646
1.134975,0.734275,1.246264,1.129646
0.986770,0.782269,1.321758,1.246264
1.024767,0.942002,1.383865,1.321758
1.211325,0.971812,1.443419,1.383865
1.078582,0.957941,1.492605,1.443419
0.971982,0.768122,1.531650,1.492605
0.732874,0.782836,1.557910,1.531650
0.719367,0.931643,1.578118,1.557910
0.895108,0.775435,1.591342,1.578118
0.724971,0.820449,1.592082,1.591342
0.741039,0.935431,1.583080,1.592082
0.974972,0.798053,1.566609,1.583080
0.791647,0.828258,1.554021,1.566609
0.948268,0.957708,1.545739,1.554021
0.981435,0.818360,1.542489,1.545739
0.792390,0.991894,1.544025,1.542489
0.979776,0.973125,1.548748,1.544025
0.986214,0.821208,1.553825,1.548748
0.847019,0.981185,1.557004,1.553825
0.947128,0.826133,1.558914,1.557004
0.848386,0.824788,1.559173,1.558914
0.798207,0.991261,1.558666,1.559173
0.998096,0.819873,1.557653,1.558666
0.797461,0.842156,1.556781,1.557653
0.796392,0.991664,1.556075,1.556781
0.996534,0.806761,1.555791,1.556075
0.800675,0.838929,1.555947,1.555791
0.799905,0.994681,1.556373,1.555947
0.994382,0.845509,1.556846,1.556373
0.789139,0.837764,1.557357,1.556846
0.928429,0.979801,1.557973,1.557357
0.837613,0.834810,1.558652,1.557973
0.935030,0.823821,1.559293,1.558652
0.838215,0.957647,1.559909,1.559293
0.941726,0.845596,1.560516,1.559909
0.847162,0.840080,1.560835,1.560516
0.794296,0.973217,1.561094,1.560835
0.998951,0.809389,1.561424,1.561094
0.799567,0.858882,1.561745,1.561424
0.808844,0.981585,1.561308,1.561745
1.090319,0.818616,1.562751,1.561308
0.927325,0.795212,1.566803,1.562751
0.889940,0.903578,1.569807,1.566803
0.958530,0.704115,1.571005,1.569807
0.681722,0.676716,1.571299,1.571005
0.728676,0.720203,1.571342,1.571299
0.602301,0.540593,1.571250,1.571342
0.622183,0.507635,1.571258,1.571250
0.514526,0.585235,1.571237,1.571258
0.531842,0.434305,1.571190,1.571237
0.439601,0.416082,1.571198,1.571190
0.387052,0.426503,1.570972,1.571198
0.435836,0.348183,1.570660,1.570972
0.311671,0.340740,1.569796,1.570660
0.224992,0.372095,1.569584,1.569796
0.330649,0.264691,1.565499,1.569584
0.358093,0.261348,1.555109,1.565499
0.383017,0.296862,1.535414,1.555109
0.457929,0.234182,1.487661,1.535414
0.354055,0.266091,1.428509,1.487661
0.428913,0.314763,1.355999,1.428509
0.452316,0.265191,1.258640,1.355999
0.436794,0.303119,1.171817,1.258640
0.322029,0.426116,1.084180,1.171817
0.345259,0.374017,0.975377,1.084180
0.208714,0.439073,0.864953,0.975377
0.273452,0.633935,0.740184,0.864953
0.643301,0.639368,0.579441,0.740184
0.765848,0.678320,0.448454,0.579441
0.937817,0.903439,0.330517,0.448454
1.275417,0.743633,0.216360,0.330517
0.970739,0.981420,0.148791,0.216360
1.095261,0.946912,0.094910,0.148791
0.934696,0.799491,0.063909,0.094910
0.678846,0.950980,0.058845,0.063909
0.840956,0.764658,0.068492,0.058845
0.696892,0.803328,0.077402,0.068492
0.711556,0.943607,0.081898,0.077402
0.905668,0.792913,0.080347,0.081898
0.749819,0.816712,0.076857,0.080347
0.908796,0.961099,0.074470,0.076857
0.974557,0.795078,0.074460,0.074470
0.791945,0.978278,0.075342,0.074460
0.983066,0.978067,0.075316,0.075342
0.984534,0.837220,0.074205,0.075316
0.841679,0.996016,0.073090,0.074205
0.930829,0.811094,0.071951,0.073090
0.842434,0.820687,0.070787,0.071951
0.797576,1.017099,0.069020,0.070787
1.009579,0.810056,0.065974,0.069020
0.808010,0.861928,0.063098,0.065974
0.800041,0.998845,0.060759,0.063098
1.003426,0.828313,0.058936,0.060759
0.802428,0.847987,0.058081,0.058936
0.801306,0.963745,0.057705,0.058081
1.001617,0.809868,0.057816,0.057705
0.793165,0.851704,0.058195,0.057816
0.937406,0.976683,0.059051,0.058195
0.840351,0.799954,0.060350,0.059051
0.934257,0.839151,0.061373,0.060350
0.835012,0.970890,0.062013,0.061373
0.938813,0.808770,0.062866,0.062013
0.834121,0.826523,0.063893,0.062866
0.785536,0.997977,0.065209,0.063893
0.987767,0.809095,0.066554,0.065209
0.786483,0.851683,0.067255,0.066554
0.793284,0.974130,0.067794,0.067255
0.988897,0.822037,0.065313,0.067794
0.804733,0.847487,0.031532,0.065313
0.880205,0.980458,0.038092,0.031532
1.176560,0.785755,0.099426,0.038092
0.900795,0.752975,0.121569,0.099426
0.924666,0.841241,0.128574,0.121569
0.723746,0.670371,0.126130,0.128574
0.704618,0.594204,0.119580,0.126130
0.575524,0.629445,0.111152,0.119580
0.590786,0.516636,0.101289,0.111152
0.475381,0.481493,0.093575,0.101289
0.419554,0.519853,0.086755,0.093575
0.488965,0.410058,0.080657,0.086755
0.362325,0.385269,0.077040,0.080657
0.339916,0.411592,0.072324,0.077040
0.362169,0.290520,0.030192,0.072324
0.204967,0.340858,0.011940,0.030192
0.309090,0.324866,0.087999,0.011940
0.486833,0.267355,0.192949,0.087999
0.394009,0.283991,0.278201,0.192949
0.427059,0.239758,0.328519,0.278201
0.331106,0.256376,0.317739,0.328519
0.415002,0.330695,0.299798,0.317739
0.657362,0.298956,0.353337,0.299798
0.466230,0.338329,0.447001,0.353337
0.404478,0.425376,0.564329,0.447001
0.415558,0.430037,0.717050,0.564329
0.382457,0.494947,0.845048,0.717050
0.548373,0.682353,0.977292,0.845048
0.848604,0.654958,1.120350,0.977292
0.723425,0.727662,1.222539,1.120350
0.872421,0.927322,1.306847,1.222539
1.118786,0.783456,1.382494,1.306847
0.928619,0.770895,1.433435,1.382494
0.897387,0.919918,1.476762,1.433435
1.001162,0.933002,1.518396,1.476762
0.897195,0.932205,1.552405,1.518396
0.849004,0.758899,1.576986,1.552405
0.691150,0.794432,1.589437,1.576986
0.718188,0.919545,1.593042,1.589437
0.908222,0.776357,1.585595,1.593042
0.732822,0.808454,1.573764,1.585595
0.885923,0.967498,1.561401,1.573764
0.820221,0.818832,1.551029,1.561401
0.923172,0.836839,1.547030,1.551029
0.842126,0.974585,1.546810,1.547030
0.941422,0.825706,1.549577,1.546810
0.840874,0.836924,1.552729,1.549577
0.793890,0.942113,1.555608,1.552729
0.987636,0.816168,1.557728,1.555608
0.791558,0.843701,1.558375,1.557728
0.786435,0.967992,1.558123,1.558375
1.000017,0.817437,1.557429,1.558123
0.804206,0.833459,1.556985,1.557429
0.805526,0.977620,1.556655,1.556985
1.007993,0.822187,1.556464,1.556655
0.799220,0.847529,1.556562,1.556464
0.948044,1.017404,1.556769,1.556562
0.841315,0.824400,1.557256,1.556769
0.932135,0.816318,1.557681,1.557256
0.829414,0.989285,1.558098,1.557681
0.938586,0.832119,1.558447,1.558098
0.849195,0.854286,1.558694,1.558447
0.805657,1.009789,1.558979,1.558694
1.007288,0.804036,1.559478,1.558979
0.801699,0.857369,1.560125,1.559478
0.799042,0.976883,1.560962,1.560125
0.990963,0.829024,1.561896,1.560962
0.799436,0.836353,1.562511,1.561896
0.800112,0.988347,1.562812,1.562511
1.007368,0.805896,1.562110,1.562812
0.894870,0.821811,1.563043,1.562110
1.110313,0.935152,1.565613,1.563043
0.948010,0.727747,1.567284,1.565613
0.926384,0.830612,1.567600,1.567284
0.826772,0.732693,1.567243,1.567600
0.628448,0.611705,1.566557,1.567243
0.634972,0.636904,1.565820,1.566557
0.598897,0.598990,1.565194,1.565820
0.554486,0.534087,1.565043,1.565194
0.435055,0.427099,1.565438,1.565043
0.465594,0.401191,1.566285,1.565438
0.389082,0.402672,1.567699,1.566285
0.406367,0.313925,1.569899,1.567699
0.275688,0.317532,1.572823,1.569899
0.206202,0.320163,1.580763,1.572823
0.438426,0.266694,1.607204,1.580763
0.435053,0.270778,1.645850,1.607204
0.423321,0.294645,1.699211,1.645850
0.451889,0.239286,1.767266,1.699211
0.330336,0.254966,1.818028,1.767266
0.376170,0.351554,1.879869,1.818028
0.563523,0.294882,1.979463,1.879869
0.383506,0.327504,2.078141,1.979463
0.273212,0.429733,2.190500,2.078141
0.148344,0.383707,2.342284,2.190500
0.234732,0.488891,2.480467,2.342284
0.375576,0.685450,2.621984,2.480467
0.664620,0.665020,2.769812,2.621984
0.846836,0.733592,2.867583,2.769812
0.952358,0.898277,2.941545,2.867583
1.292939,0.801821,3.003034,2.941545
1.060403,0.832120,3.042862,3.003034
0.995325,0.931939,3.077071,3.042862
1.073864,0.771817,3.110574,3.077071
0.770313,0.797800,3.133081,3.110574
0.732582,0.881824,3.134516,3.133081
0.906091,0.751586,3.125278,3.134516
0.717443,0.786956,3.127016,3.125278
0.849483,0.933123,3.135739,3.127016
0.726021,0.787079,3.136029,3.135739
0.846649,0.802388,3.126683,3.136029
0.757655,0.970286,3.120474,3.126683
0.877760,0.759592,3.118098,3.120474
0.794858,0.836010,3.119283,3.118098
0.749194,0.961689,3.122142,3.119283
0.977763,0.809569,3.125865,3.122142
0.798707,0.835850,3.128242,3.125865
0.803063,0.996352,3.129633,3.128242
1.002512,0.802541,3.130039,3.129633
0.799032,0.832167,3.129643,3.130039
0.798410,0.971977,3.128908,3.129643
1.000041,0.815852,3.128045,3.128908
0.795776,0.815235,3.127557,3.128045
0.941187,1.013541,3.127391,3.127557
0.836713,0.835529,3.127583,3.127391
0.935017,0.824900,3.127938,3.127583
0.833372,0.987860,3.128465,3.127938
0.934340,0.845305,3.129001,3.128465
0.835237,0.844657,3.129328,3.129001
0.791301,0.979180,3.129581,3.129328
0.993401,0.823926,3.129745,3.129581
0.791836,0.816462,3.129761,3.129745
0.782242,0.971577,3.129721,3.129761
0.980020,0.832162,3.129570,3.129721
0.777548,1.008564,3.129479,3.129570
0.983241,0.982284,3.129632,3.129479
0.978467,0.841004,3.129980,3.129632
0.782885,0.983419,3.130132,3.129980
1.075480,1.005510,3.130328,3.130132
1.195363,0.922082,3.131902,3.130328
1.131844,0.744717,3.133278,3.131902
0.803999,0.861891,3.134075,3.133278
0.845728,0.766955,3.134986,3.134075
0.754489,0.621643,3.136162,3.134986
0.535388,0.639170,3.137249,3.136162
0.605692,0.620895,3.138229,3.137249
0.560690,0.569265,3.138766,3.138229
0.527170,0.455796,3.138705,3.138766
0.394428,0.415104,3.138406,3.138705
0.367973,0.435647,3.138071,3.138406
0.429467,0.321238,3.137855,3.138071
0.320076,0.311321,3.137980,3.137855
0.346522,0.321401,3.138537,3.137980
0.283529,0.220569,3.139603,3.138537
0.288146,0.287931,3.140532,3.139603
0.277592,0.265244,3.141231,3.140532
0.216690,0.171308,3.141401,3.141231
0.199609,0.180230,3.141174,3.141401
0.185579,0.168760,3.140588,3.141174
0.125589,0.126213,3.140126,3.140588
0.107578,0.129409,3.139845,3.140126
0.122578,0.094395,3.139679,3.139845
0.093728,0.080910,3.139688,3.139679
0.089296,0.086559,3.139784,3.139688
0.111555,0.041425,3.139982,3.139784
0.084050,0.046180,3.140097,3.139982
0.081206,0.066666,3.140213,3.140097
0.081592,0.059972,3.140229,3.140213
0.064069,0.029249,3.140235,3.140229
0.053682,0.030794,3.140196,3.140235
0.047427,0.049302,3.140208,3.140196
0.000000,0.009159,3.140965,3.140208
0.000000,0.000000,0.000000,0.000000
0.000000,0.017607,2.056121,0.000000
0.000000,0.037132,2.052909,2.056121
0.021540,0.058122,2.044752,2.052909
0.033577,0.046304,2.031768,2.044752
0.029159,0.053585,2.025280,2.031768
0.017007,0.048401,2.026963,2.025280
0.000000,0.016650,2.032327,2.026963
0.000000,0.054582,2.038269,2.032327
0.000000,0.030262,2.037731,2.038269
0.000000,0.064508,2.037540,2.037731
0.000000,0.029715,2.038194,2.037540
0.000000,0.034445,2.039013,2.038194
0.000000,0.024818,2.039552,2.039013
0.000000,0.047285,2.040021,2.039552
0.000000,0.022732,2.040694,2.040021
0.026147,0.007467,2.030850,2.040694
0.033232,0.034474,2.025950,2.030850
0.033820,0.041735,2.021441,2.025950
0.039065,0.027133,2.019134,2.021441
0.037798,0.026339,2.020553,2.019134
0.041917,0.021303,2.023875,2.020553
0.041041,0.060172,2.027697,2.023875
0.030972,0.069905,2.029649,2.027697
0.038103,0.023138,2.030654,2.029649
0.061944,0.046110,2.031083,2.030654
0.068282,0.041915,2.030962,2.031083
0.075632,0.061373,2.031127,2.030962
0.115653,0.037083,2.033095,2.031127
0.102246,0.047308,2.035011,2.033095
0.122975,0.034629,2.036871,2.035011
0.094793,0.033350,2.038606,2.036871
0.095948,0.021469,2.039180,2.038606
0.071778,0.043041,2.038624,2.039180
0.066048,0.038179,2.037013,2.038624
0.059268,0.005302,2.035209,2.037013
0.053326,0.041970,2.032993,2.035209
0.050196,0.031547,2.031909,2.032993
0.033765,0.011993,2.032948,2.031909
0.140141,0.040605,2.025616,2.032948
0.151660,0.046694,2.009226,2.025616
0.180381,0.069934,1.969662,2.009226
0.122724,0.143796,1.907107,1.969662
0.018996,0.289314,1.811392,1.907107
0.214835,0.317569,1.675201,1.811392
0.304282,0.418464,1.569479,1.675201
0.367962,0.557606,1.483477,1.569479
0.558796,0.574154,1.401861,1.483477
0.479711,0.661770,1.329197,1.401861
0.586378,0.818601,1.228682,1.329197
0.688180,0.715797,1.075097,1.228682
0.533328,0.816611,0.923331,1.075097
0.723551,0.999833,0.762391,0.923331
1.039905,0.817584,0.587761,0.762391
0.957325,0.845347,0.458490,0.587761
0.907282,0.940639,0.348558,0.458490
1.045566,0.784905,0.251409,0.348558
0.795129,0.783662,0.190259,0.251409
0.745931,0.935006,0.142970,0.190259
0.881249,0.753549,0.108098,0.142970
0.692965,0.761753,0.093189,0.108098
0.681899,0.945119,0.087427,0.093189
0.860524,0.776988,0.086960,0.087427
0.695214,0.816696,0.086626,0.086960
0.837804,0.972447,0.084086,0.086626
0.897906,0.804077,0.076891,0.084086
0.756091,0.850673,0.069381,0.076891
0.838052,0.985319,0.063949,0.069381
0.996220,0.999723,0.060669,0.063949
0.990542,0.985303,0.058809,0.060669
0.943742,0.823509,0.058198,0.058809
0.844162,0.851176,0.057931,0.058198
0.790200,0.988828,0.058103,0.057931
0.999461,0.814284,0.058305,0.058103
0.803215,0.834863,0.058251,0.058305
0.797035,0.995752,0.057745,0.058251
0.990920,0.800575,0.057010,0.057745
0.800994,1.004960,0.056437,0.057010
1.002503,1.000828,0.055924,0.056437
0.996162,0.821204,0.055502,0.055924
0.793544,0.992310,0.056077,0.055502
0.980667,0.829029,0.057408,0.056077
0.786993,0.860115,0.058974,0.057408
0.788163,0.941488,0.060562,0.058974
0.980703,0.818333,0.061876,0.060562
0.783823,0.857229,0.062526,0.061876
0.927808,0.972058,0.062289,0.062526
0.980043,0.806841,0.061781,0.062289
0.798317,0.876668,0.060941,0.061781
0.845432,0.964148,0.060234,0.060941
1.020106,0.829526,0.033861,0.060234
0.881974,0.816796,0.026085,0.033861
0.936791,0.908270,0.089501,0.026085
1.136801,0.934023,0.124741,0.089501
1.009442,0.839321,0.132898,0.124741
0.860513,0.653001,0.129345,0.132898
0.624240,0.595363,0.121997,0.129345
0.565339,0.666382,0.112913,0.121997
0.634175,0.485815,0.102451,0.112913
0.466877,0.474913,0.095120,0.102451
0.431550,0.502234,0.088893,0.095120
0.498166,0.440249,0.083254,0.088893
0.373344,0.375781,0.079732,0.083254
0.393789,0.380274,0.076525,0.079732
0.317320,0.283053,0.047553,0.076525
0.267869,0.274254,0.044636,0.047553
0.249780,0.330150,0.083330,0.044636
0.400060,0.311337,0.174363,0.083330
0.403866,0.239846,0.252367,0.174363
0.330944,0.268711,0.300299,0.252367
0.314413,0.220585,0.287228,0.300299
0.258774,0.241327,0.242230,0.287228
0.349561,0.350347,0.252414,0.242230
0.360589,0.317079,0.342698,0.252414
0.226262,0.362510,0.447888,0.342698
0.226619,0.464049,0.570870,0.447888
0.309106,0.462611,0.710241,0.570870
0.336435,0.564023,0.829051,0.710241
0.496568,0.766665,0.950138,0.829051
0.617115,0.707127,1.086611,0.950138
0.854000,0.783106,1.188375,1.086611
0.853519,0.919651,1.276253,1.188375
0.929848,0.802971,1.360027,1.276253
0.861772,0.788187,1.417178,1.360027
0.762617,0.929464,1.465796,1.417178
0.854925,0.781890,1.512383,1.465796
0.652655,0.806259,1.543528,1.512383
0.647792,0.943521,1.567863,1.543528
0.826720,0.754206,1.586027,1.567863
0.694611,0.831284,1.591811,1.586027
0.721367,0.937560,1.588113,1.591811
0.944455,0.791566,1.575037,1.588113
0.776432,0.835791,1.562277,1.575037
0.935825,0.966970,1.551792,1.562277
0.837498,0.804566,1.545085,1.551792
0.939925,0.847544,1.544106,1.545085
0.849185,0.959499,1.546279,1.544106
0.953054,0.814653,1.550703,1.546279
0.845780,0.867873,1.554378,1.550703
0.794342,0.980967,1.557076,1.554378
0.984164,0.823028,1.558639,1.557076
0.795309,0.846455,1.558893,1.558639
0.812479,0.989883,1.558489,1.558893
1.013335,0.817516,1.557658,1.558489
0.818394,0.845598,1.557092,1.557658
0.820675,0.959476,1.556820,1.557092
1.010910,0.801753,1.556998,1.556820
0.803388,0.823738,1.557307,1.556998
0.942655,0.985322,1.557652,1.557307
0.844709,0.831153,1.557932,1.557652
0.943484,0.833167,1.558062,1.557932
0.832211,0.998425,1.558179,1.558062
0.942858,1.025202,1.558273,1.558179
1.012326,0.970836,1.558555,1.558273
1.013233,0.832944,1.559226,1.558555
0.806876,0.849700,1.560073,1.559226
0.860425,0.991720,1.561015,1.560073
1.010464,0.802877,1.561922,1.561015
0.811735,0.867901,1.562291,1.561922
0.812788,0.968185,1.561636,1.562291
1.122259,0.810397,1.562174,1.561636
0.941521,0.797728,1.564337,1.562174
0.882181,0.870887,1.565436,1.564337
0.961253,0.832546,1.565164,1.565436
0.839524,0.742554,1.564216,1.565164
0.740224,0.598624,1.563818,1.564216
0.554408,0.553906,1.564215,1.563818
0.505068,0.558954,1.565248,1.564215
0.560049,0.455894,1.566921,1.565248
0.410893,0.423838,1.568777,1.566921
0.462168,0.467132,1.571090,1.568777
0.386893,0.373525,1.574407,1.571090
0.413420,0.330338,1.577173,1.574407
0.312278,0.367586,1.579621,1.577173
0.260354,0.328207,1.582877,1.579621
0.294693,0.310337,1.580342,1.582877
0.403362,0.342376,1.569937,1.580342
0.514906,0.239001,1.545374,1.569937
0.390360,0.243670,1.504061,1.545374
0.317706,0.280676,1.445531,1.504061
0.299014,0.240589,1.360786,1.445531
0.351714,0.338758,1.280493,1.360786
0.279570,0.378120,1.177287,1.280493
0.226522,0.406135,1.075779,1.177287
0.122965,0.486699,0.975918,1.075779
0.279970,0.506339,0.837292,0.975918
0.391995,0.567676,0.709406,0.837292
0.517828,0.802110,0.567638,0.709406
0.868758,0.730228,0.413614,0.567638
0.781640,0.776465,0.304337,0.413614
1.016441,0.963578,0.213066,0.304337
1.088155,0.792820,0.141034,0.213066
0.821269,0.819244,0.097931,0.141034
0.803477,0.931228,0.068842,0.097931
0.876334,0.768335,0.060412,0.068842
0.684571,0.801253,0.067810,0.060412
0.683721,0.953292,0.075905,0.067810
0.883980,0.779708,0.079528,0.075905
0.724951,0.777105,0.078069,0.079528
0.750311,0.958074,0.075183,0.078069
0.956545,0.807355,0.073882,0.075183
0.777124,0.841741,0.073714,0.073882
0.788371,0.938755,0.073288,0.073714
0.993936,0.791634,0.071847,0.073288
0.795695,0.840232,0.070534,0.071847
0.944411,0.960446,0.069559,0.070534
0.986555,0.974077,0.069735,0.069559
0.962186,0.994775,0.070342,0.069735
0.823926,0.837146,0.070115,0.070342
0.915122,0.850939,0.069004,0.070115
0.818766,0.954434,0.067357,0.069004
0.935608,0.836429,0.065620,0.067357
0.845168,0.805035,0.064036,0.065620
0.811190,0.975336,0.062462,0.064036
1.005995,0.825065,0.061258,0.062462
0.804525,0.874821,0.061165,0.061258
0.798319,0.983144,0.061770,0.061165
0.996936,0.819619,0.062946,0.061770
0.791442,0.866146,0.063488,0.062946
0.794420,0.972344,0.063748,0.063488
0.990906,0.838132,0.063398,0.063748
0.784932,0.869140,0.062660,0.063398
0.931835,0.973843,0.061621,0.062660
0.829063,0.796121,0.060430,0.061621
0.929196,1.026132,0.060021,0.060430
0.986800,0.961704,0.060047,0.060021
0.838050,0.839509,0.060410,0.060047
0.917448,1.013554,0.049616,0.060410
1.001815,0.812823,0.012533,0.049616
0.853448,0.799888,0.074754,0.012533
0.973507,0.931410,0.113254,0.074754
1.045605,0.721299,0.129689,0.113254
0.740325,0.682788,0.131158,0.129689
0.659926,0.705418,0.126566,0.131158
0.731150,0.598742,0.117044,0.126566
0.535363,0.511945,0.107997,0.117044
0.492625,0.571230,0.098927,0.107997
0.560064,0.442225,0.089373,0.098927
0.420705,0.416171,0.082652,0.089373
0.394687,0.462284,0.076935,0.082652
0.445590,0.356092,0.072219,0.076935
0.326585,0.333090,0.056035,0.072219
0.328309,0.371841,0.014673,0.056035
0.239345,0.302249,0.039342,0.014673
0.283638,0.276268,0.117231,0.039342
0.475411,0.283581,0.207627,0.117231
0.555177,0.260510,0.302822,0.207627
0.398500,0.246651,0.336970,0.302822
0.389072,0.301777,0.325433,0.336970
0.571193,0.292974,0.317288,0.325433
0.535909,0.316359,0.374574,0.317288
0.419299,0.355740,0.471794,0.374574
0.244696,0.361357,0.613447,0.471794
0.112033,0.454656,0.743443,0.613447
0.269910,0.593262,0.877239,0.743443
0.613698,0.595665,1.033223,0.877239
0.628330,0.653880,1.151967,1.033223
0.907651,0.865813,1.254981,1.151967
1.020178,0.779573,1.345924,1.254981
0.859331,0.967728,1.401591,1.345924
1.133988,0.929275,1.455350,1.401591
0.989877,0.798018,1.497848,1.455350
0.748208,0.902650,1.528815,1.497848
0.797733,0.778444,1.559047,1.528815
0.694133,0.805665,1.578318,1.559047
0.658405,0.931168,1.590272,1.578318
0.853120,0.761418,1.591461,1.590272
0.728844,0.804806,1.582062,1.591461
0.760001,0.970405,1.568161,1.582062
0.986278,0.976342,1.553683,1.568161
1.007857,0.949202,1.545042,1.553683
0.989480,0.815634,1.543334,1.545042
0.792809,0.829875,1.545554,1.543334
0.797718,0.975844,1.549453,1.545554
0.986386,0.833656,1.553936,1.549453
0.787460,0.842492,1.556839,1.553936
0.782737,0.958878,1.558658,1.556839
0.979889,0.827623,1.559409,1.558658
0.798527,0.863656,1.559184,1.559409
0.950740,0.981510,1.558615,1.559184
1.002470,0.807389,1.557978,1.558615
0.806817,1.003642,1.557606,1.557978
1.011392,0.986010,1.557424,1.557606
1.015452,0.846760,1.557496,1.557424
0.858779,0.986135,1.557637,1.557496
0.955751,0.810126,1.557865,1.557637
0.857711,0.820339,1.558101,1.557865
0.804822,0.974967,1.558309,1.558101
1.007344,0.832998,1.558497,1.558309
0.803016,0.865491,1.558755,1.558497
0.798599,0.961294,1.559042,1.558755
0.998927,0.833336,1.559617,1.559042
0.802782,0.852413,1.560230,1.559617
0.805152,0.985856,1.560890,1.560230
1.014225,0.839602,1.561522,1.560890
0.806176,0.840278,1.561900,1.561522
0.953761,0.984080,1.561481,1.561900
0.917840,0.815692,1.561669,1.561481
1.099035,0.817424,1.564314,1.561669
0.962593,0.861592,1.566770,1.564314
0.932619,0.706463,1.568399,1.566770
0.720511,0.677554,1.569581,1.568399
0.611970,0.711874,1.570791,1.569581
0.713979,0.547188,1.571774,1.570791
0.518197,0.510480,1.571971,1.571774
0.485022,0.587363,1.571784,1.571971
0.557028,0.453875,1.571331,1.571784
0.413685,0.405084,1.571025,1.571331
0.395256,0.447993,1.571130,1.571025
0.456065,0.339605,1.571700,1.571130
0.338476,0.346955,1.571457,1.571700
0.316017,0.362469,1.571535,1.571457
0.212301,0.299995,1.570135,1.571535
0.379859,0.311893,1.563079,1.570135
0.446768,0.315120,1.548927,1.563079
0.460170,0.236841,1.518839,1.548927
0.370897,0.255506,1.470988,1.518839
0.326165,0.311182,1.407427,1.470988
0.457271,0.278534,1.317029,1.407427
0.457326,0.314267,1.233505,1.317029
0.417415,0.384989,1.146729,1.233505
0.556661,0.364681,1.043143,1.146729
0.310911,0.448685,0.940851,1.043143
0.224335,0.595097,0.820351,0.940851
0.242833,0.618973,0.663049,0.820351
0.371298,0.677781,0.525723,0.663049
0.555167,0.886301,0.398066,0.525723
0.749680,0.759572,0.272731,0.398066
0.937732,0.811344,0.190662,0.272731
0.910507,0.935313,0.133246,0.190662
0.928890,0.763108,0.087364,0.133246
0.758453,0.816906,0.065800,0.087364
0.694567,0.958180,0.060498,0.065800
0.847339,0.798404,0.066622,0.060498
0.697038,0.848599,0.072317,0.066622
0.700364,0.937122,0.075152,0.072317
0.907044,0.767916,0.074230,0.075152
0.749777,0.963974,0.072694,0.074230
0.935608,0.966716,0.072657,0.072694
0.966357,0.827403,0.073489,0.072657
0.785692,0.965098,0.072568,0.073489
0.981967,0.977966,0.069857,0.072568
0.987159,0.994464,0.067124,0.069857
0.989490,0.827034,0.066030,0.067124
0.780062,0.798614,0.066072,0.066030
0.777405,0.967386,0.067190,0.066072
0.980184,0.834108,0.068254,0.067190
0.785833,0.838056,0.068313,0.068254
0.930737,0.976123,0.067308,0.068313
0.839698,0.805029,0.065355,0.067308
0.944021,0.824405,0.063558,0.065355
0.847774,1.014895,0.062119,0.063558
0.953423,0.849431,0.061026,0.062119
0.850990,0.838585,0.060175,0.061026
0.795264,0.997786,0.059684,0.060175
0.996493,0.826889,0.060080,0.059684
0.796494,0.845312,0.060244,0.060080
0.792964,0.964854,0.060470,0.060244
0.997073,0.841056,0.061255,0.060470
0.792824,0.997626,0.061776,0.061255
0.991796,0.991267,0.061888,0.061776
0.985196,0.844930,0.061241,0.061888
0.785437,0.960834,0.060393,0.061241
0.995757,0.996181,0.059183,0.060393
0.996591,0.995108,0.054640,0.059183
1.035577,0.778848,0.014145,0.054640
0.894328,0.829637,0.058491,0.014145
0.928600,0.914664,0.107272,0.058491
1.074571,0.734898,0.128286,0.107272
0.749751,0.698138,0.129624,0.128286
0.775417,0.737603,0.123190,0.129624
0.611483,0.585425,0.111461,0.123190
0.622400,0.581130,0.101300,0.111461
0.506714,0.575813,0.092271,0.101300
0.529363,0.476701,0.084311,0.092271
0.441292,0.501605,0.079753,0.084311
0.477934,0.474535,0.076531,0.079753
0.435172,0.351469,0.075311,0.076531
0.361367,0.388988,0.065354,0.075311
0.325856,0.323237,0.030343,0.065354
0.190931,0.306373,0.042549,0.030343
0.292293,0.333691,0.109830,0.042549
0.552195,0.295384,0.208507,0.109830
0.423110,0.258100,0.284125,0.208507
0.351021,0.264710,0.314975,0.284125
0.392639,0.245560,0.288489,0.314975
0.378757,0.263428,0.264492,0.288489
0.469782,0.355502,0.312734,0.264492
0.473617,0.311666,0.421398,0.312734
0.371725,0.387853,0.536772,0.421398
0.526627,0.476840,0.661449,0.536772
0.662913,0.530105,0.807310,0.661449
0.641093,0.620574,0.930505,0.807310
0.788560,0.815277,1.051565,0.930505
1.044352,0.700692,1.178043,1.051565
0.914406,0.816388,1.265489,1.178043
0.936356,0.940199,1.338852,1.265489
1.278828,0.772348,1.409977,1.338852
0.917294,0.817662,1.458715,1.409977
0.799987,0.936155,1.500047,1.458715
0.887684,0.776942,1.538797,1.500047
0.697573,0.769329,1.563987,1.538797
0.703319,0.934923,1.582677,1.563987
0.903439,0.800235,1.593830,1.582677
0.737488,0.808679,1.593254,1.593830
0.885619,0.935704,1.584629,1.593254
0.937016,0.798061,1.570196,1.584629
0.761250,0.815071,1.559146,1.570196
0.817056,0.954788,1.551477,1.559146
0.961588,0.815373,1.547967,1.551477
0.783765,0.803812,1.548736,1.547967
0.794729,0.966506,1.551599,1.548736
0.985000,0.818758,1.555510,1.551599
0.796706,0.810135,1.558095,1.555510
0.806380,0.980997,1.559566,1.558095
1.000282,0.819202,1.559754,1.559566
0.802877,0.859339,1.559001,1.559754
0.801231,0.962406,1.557904,1.559001
0.992331,0.835933,1.556714,1.557904
0.795940,0.822743,1.556080,1.556714
0.956205,0.992154,1.555890,1.556080
1.001335,0.845333,1.556159,1.555890
0.792989,0.835271,1.556722,1.556159
0.849081,0.998260,1.557437,1.556722
1.004841,0.821755,1.558248,1.557437
0.803977,0.856736,1.558784,1.558248
0.800399,0.967349,1.559228,1.558784
1.015468,0.802160,1.559639,1.559228
0.812507,0.853517,1.559865,1.559639
0.811051,0.986350,1.560018,1.559865
1.009632,0.834138,1.560279,1.560018
0.797105,0.849789,1.560527,1.560279
0.804639,0.941872,1.560716,1.560527
1.006110,0.812114,1.560618,1.560716
0.816669,0.843630,1.559721,1.560618
1.047594,0.957806,1.560316,1.559721
1.154772,0.767592,1.562578,1.560316
0.867580,0.776691,1.563496,1.562578
0.832188,0.808248,1.563596,1.563496
0.865785,0.621257,1.563192,1.563596
0.615132,0.596904,1.562922,1.563192
0.560835,0.649015,1.562893,1.562922
0.631088,0.533654,1.563246,1.562893
0.463333,0.476437,1.563999,1.563246
0.441177,0.507085,1.565349,1.563999
0.508678,0.381104,1.567656,1.565349
0.383241,0.400515,1.569959,1.567656
0.356480,0.416128,1.572363,1.569959
0.394130,0.315816,1.573787,1.572363
0.231484,0.310735,1.575155,1.573787
0.251838,0.354706,1.580895,1.575155
0.454230,0.283824,1.606310,1.580895
0.423699,0.309370,1.644730,1.606310
0.483048,0.266458,1.707947,1.644730
0.362032,0.266132,1.768328,1.707947
0.357585,0.300355,1.818979,1.768328
0.535525,0.277458,1.902181,1.818979
0.397421,0.328433,1.990132,1.902181
0.247506,0.377620,2.093028,1.990132
0.243285,0.403472,2.235351,2.093028
0.199062,0.457520,2.367278,2.235351
0.305700,0.650340,2.508291,2.367278
0.710457,0.655446,2.667141,2.508291
0.795144,0.682777,2.781172,2.667141
0.952353,0.897637,2.873277,2.781172
1.267072,0.790669,2.952140,2.873277
1.062386,0.824038,3.002795,2.952140
1.171297,0.939273,3.045786,3.002795
0.938976,0.776101,3.087766,3.045786
0.962628,0.773054,3.116913,3.087766
0.801401,0.932990,3.140170,3.116913
0.879469,0.780532,3.127339,3.140170
0.773936,0.797204,3.122263,3.127339
0.717790,0.941574,3.126107,3.122263
0.904756,0.804029,3.138443,3.126107
0.724053,0.780632,3.134882,3.138443
0.734069,0.976635,3.125532,3.134882
0.965481,0.805234,3.120119,3.125532
0.766674,0.784626,3.119817,3.120119
0.766880,0.951284,3.122181,3.119817
0.974399,0.794941,3.126240,3.122181
0.780439,0.830954,3.129380,3.126240
0.929400,0.947866,3.131630,3.129380
0.842852,0.851657,3.132688,3.131630
0.954475,0.827513,3.132473,3.132688
0.854775,0.982702,3.131681,3.132473
0.958340,0.833119,3.130582,3.131681
0.850911,0.853845,3.129873,3.130582
0.794206,0.972075,3.129422,3.129873
0.985959,0.827067,3.129339,3.129422
0.783043,0.828839,3.129636,3.129339
0.792209,0.965577,3.130056,3.129636
0.999542,0.818802,3.130732,3.130056
0.795323,0.842481,3.131335,3.130732
0.800212,1.028351,3.131819,3.131335
1.005204,0.810973,3.132013,3.131819
0.797215,0.872974,3.131947,3.132013
0.945717,0.998650,3.131793,3.131947
0.844584,0.847219,3.131555,3.131793
0.949721,0.845833,3.131305,3.131555
0.839066,0.980133,3.131114,3.131305
0.931371,0.787981,3.130836,3.131114
0.828221,0.843779,3.130648,3.130836
0.789358,0.965885,3.130035,3.130648
0.991743,0.822049,3.129756,3.130035
0.897593,0.815539,3.130672,3.129756
0.898226,0.896200,3.131333,3.130672
0.968821,0.694825,3.131774,3.131333
0.683122,0.667945,3.132305,3.131774
0.609458,0.727980,3.133314,3.132305
0.676351,0.521938,3.134888,3.133314
0.488970,0.508877,3.136127,3.134888
0.533431,0.544189,3.136841,3.136127
0.445006,0.426527,3.136630,3.136841
0.473776,0.404783,3.135466,3.136630
0.397936,0.440479,3.133460,3.135466
0.417844,0.329862,3.130550,3.133460
0.341793,0.335711,3.128377,3.130550
0.301918,0.308536,3.126986,3.128377
0.335276,0.272790,3.126863,3.126986
0.240046,0.225878,3.127820,3.126863
0.222164,0.305687,3.129133,3.127820
0.252014,0.206017,3.130428,3.129133
0.185217,0.174376,3.131022,3.130428
0.171279,0.176217,3.131182,3.131022
0.167307,0.143949,3.130929,3.131182
0.112128,0.101868,3.130484,3.130929
0.103061,0.118086,3.129981,3.130484
0.103863,0.131416,3.129611,3.129981
0.121832,0.099462,3.129449,3.129611
0.100847,0.042988,3.129433,3.129449
0.101145,0.079560,3.129600,3.129433
0.100803,0.078963,3.129797,3.129600
0.104385,0.040436,3.130045,3.129797
0.081321,0.028661,3.130094,3.130045
0.069082,0.031952,3.130081,3.130094
0.053807,0.033908,3.129982,3.130081
0.000000,0.012984,3.130171,3.129982
0.000000,0.000000,0.000000,0.000000
0.000000,0.054093,2.050196,0.000000
0.021794,0.048006,2.043532,2.050196
0.027013,0.049508,2.042073,2.043532
0.032900,0.016973,2.043877,2.042073
0.016401,0.020143,2.050720,2.043877
0.000000,0.023806,2.050822,2.050720
0.000000,0.021266,2.048366,2.050822
0.000000,0.029350,2.047109,2.048366
0.000000,0.030756,2.046953,2.047109
0.000000,0.069643,2.047265,2.046953
0.000000,0.028859,2.047976,2.047265
0.000000,0.019784,2.048706,2.047976
0.000000,0.012566,2.049033,2.048706
0.034670,0.024105,2.039541,2.049033
0.037871,0.026505,2.037863,2.039541
0.049338,0.028590,2.036196,2.037863
0.041933,0.039442,2.035194,2.036196
0.056728,0.022853,2.035701,2.035194
0.062693,0.044750,2.037318,2.035701
0.083597,0.041750,2.039810,2.037318
0.097805,0.047052,2.041530,2.039810
0.090619,0.034344,2.042992,2.041530
0.122183,0.077780,2.043746,2.042992
0.123097,0.028273,2.043902,2.043746
0.118652,0.041186,2.043589,2.043902
0.086526,0.026282,2.043967,2.043589
0.070902,0.047069,2.044841,2.043967
0.079663,0.037118,2.045918,2.044841
0.054941,0.041062,2.046176,2.045918
0.048210,0.006627,2.045651,2.046176
0.048470,0.045819,2.043499,2.045651
0.029656,0.024539,2.041265,2.043499
0.028693,0.040731,2.039351,2.041265
0.062530,0.057720,2.036236,2.039351
0.115277,0.015303,2.030095,2.036236
0.157963,0.047582,2.016174,2.030095
0.172578,0.061210,1.982952,2.016174
0.117647,0.141522,1.932376,1.982952
0.030914,0.285754,1.850675,1.932376
0.250653,0.352367,1.721921,1.850675
0.432358,0.441844,1.589421,1.721921
0.380562,0.495426,1.484939,1.589421
0.452203,0.569380,1.412555,1.484939
0.470195,0.768193,1.337589,1.412555
0.586653,0.703587,1.220945,1.337589
0.551933,0.759252,1.094590,1.220945
0.570469,0.926660,0.943593,1.094590
0.659303,0.791227,0.760089,0.943593
0.573771,0.835112,0.617291,0.760089
0.814021,0.996525,0.484498,0.617291
1.101390,0.821278,0.355903,0.484498
0.876337,0.939874,0.272625,0.355903
1.029781,0.933401,0.194750,0.272625
0.937321,0.789558,0.140130,0.194750
0.712905,0.935418,0.110252,0.140130
0.847665,0.770390,0.092227,0.110252
0.673319,0.800580,0.087379,0.092227
0.805347,0.940886,0.086780,0.087379
0.854338,0.796510,0.085691,0.086780
0.705978,0.845709,0.081561,0.085691
0.778805,0.953587,0.074040,0.081561
0.954161,1.019579,0.065654,0.074040
0.999352,0.971998,0.060055,0.065654
0.958649,0.818877,0.057084,0.060055
0.852793,0.835834,0.056007,0.057084
0.796043,0.987571,0.055450,0.056007
0.976757,0.827667,0.055940,0.055450
0.786402,0.826492,0.056887,0.055940
0.794359,0.979371,0.057523,0.056887
0.987388,0.802079,0.057441,0.057523
0.792061,0.867717,0.057074,0.057441
0.795230,0.954431,0.057073,0.057074
0.980244,0.822627,0.057403,0.057073
0.783785,0.835588,0.057393,0.057403
0.924730,0.960193,0.057546,0.057393
0.838078,0.826948,0.057971,0.057546
0.932152,0.832874,0.058777,0.057971
0.837566,0.981936,0.059854,0.058777
0.934789,0.859103,0.061079,0.059854
0.829335,0.989733,0.061701,0.061079
0.971485,0.965282,0.062440,0.061701
0.915759,0.834205,0.062601,0.062440
0.823201,0.966952,0.062218,0.062601
0.972396,1.001775,0.061193,0.062218
0.990622,0.959552,0.054999,0.061193
0.977572,0.804929,0.007416,0.054999
0.958403,0.817597,0.063091,0.007416
0.932924,0.938711,0.109917,0.063091
1.068464,0.726739,0.130153,0.109917
0.779709,0.709590,0.132834,0.130153
0.693418,0.764065,0.129147,0.132834
0.761833,0.571578,0.120635,0.129147
0.552544,0.545795,0.111959,0.120635
0.475162,0.585762,0.103156,0.111959
0.552551,0.457878,0.093895,0.103156
0.360923,0.407233,0.087409,0.093895
0.437249,0.475370,0.081724,0.087409
0.372076,0.346727,0.077242,0.081724
0.387399,0.350199,0.069088,0.077242
0.298592,0.350584,0.041244,0.069088
0.249446,0.282095,0.046316,0.041244
0.287817,0.292273,0.096300,0.046316
0.386147,0.322623,0.178088,0.096300
0.526905,0.237551,0.271825,0.178088
0.348603,0.290595,0.310339,0.271825
0.330933,0.320826,0.286759,0.310339
0.432859,0.271104,0.252518,0.286759
0.404854,0.343137,0.300303,0.252518
0.390656,0.320216,0.410179,0.300303
0.279192,0.370364,0.528732,0.410179
0.286913,0.497912,0.654393,0.528732
0.526113,0.523001,0.799445,0.654393
0.513111,0.607367,0.921892,0.799445
0.633390,0.786732,1.043265,0.921892
0.986883,0.719248,1.171684,1.043265
0.912994,0.788006,1.262079,1.171684
1.072920,0.947413,1.338117,1.262079
1.067173,0.791134,1.409036,1.338117
0.783583,0.792941,1.455697,1.409036
0.711336,0.906334,1.494980,1.455697
0.788064,0.771288,1.532977,1.494980
0.612747,0.790135,1.558949,1.532977
0.625677,0.936180,1.578768,1.558949
0.849497,0.740571,1.591184,1.578768
0.708162,0.808624,1.591178,1.591184
0.725214,0.954381,1.582222,1.591178
0.952269,0.792432,1.566928,1.582222
0.780348,0.846915,1.555360,1.566928
0.794619,0.941088,1.547790,1.555360
1.004078,0.823923,1.544909,1.547790
0.815339,0.836413,1.546194,1.544909
0.970576,0.998520,1.549422,1.546194
1.021007,0.821265,1.553499,1.549422
0.809389,0.840542,1.556133,1.553499
0.855526,0.992232,1.557557,1.556133
0.995051,0.819385,1.557640,1.557557
0.794583,0.845712,1.556985,1.557640
0.794659,1.004266,1.556170,1.556985
1.000057,0.794426,1.555434,1.556170
0.803867,0.828224,1.555203,1.555434
0.810996,0.967019,1.555380,1.555203
1.014185,0.839316,1.555853,1.555380
0.823230,0.851769,1.556225,1.555853
0.803270,0.997647,1.556590,1.556225
0.988290,0.837408,1.557273,1.556590
0.779827,0.827800,1.557971,1.557273
0.932253,1.001668,1.558848,1.557971
0.994554,0.804918,1.560013,1.558848
0.805024,0.855233,1.560950,1.560013
0.852326,0.989769,1.561888,1.560950
0.995831,0.820207,1.562722,1.561888
0.795610,0.839467,1.563092,1.562722
0.797723,0.987213,1.563318,1.563092
0.991742,0.799663,1.563351,1.563318
0.819899,0.836092,1.562745,1.563351
0.890807,0.949986,1.563903,1.562745
1.165951,0.764115,1.566547,1.563903
0.853079,0.753277,1.567345,1.566547
0.757857,0.825458,1.567097,1.567345
0.845306,0.623039,1.566334,1.567097
0.619072,0.590424,1.565740,1.566334
0.673089,0.672410,1.565310,1.565740
0.635816,0.500936,1.565181,1.565310
0.472344,0.492234,1.565740,1.565181
0.464275,0.500500,1.567221,1.565740
0.504067,0.378011,1.569991,1.567221
0.384080,0.393035,1.573117,1.569991
0.355752,0.384226,1.576657,1.573117
0.366156,0.315649,1.579811,1.576657
0.208252,0.309609,1.582570,1.579811
0.248900,0.354554,1.580682,1.582570
0.483648,0.277303,1.568335,1.580682
0.397519,0.262931,1.548131,1.568335
0.379636,0.267073,1.508908,1.548131
0.437538,0.220316,1.440679,1.508908
0.293766,0.278915,1.370118,1.440679
0.342194,0.332322,1.288972,1.370118
0.250555,0.350288,1.187782,1.288972
0.115287,0.326231,1.103545,1.187782
0.167492,0.477678,1.009947,1.103545
0.233402,0.576296,0.876637,1.009947
0.493011,0.688572,0.723467,0.876637
0.596519,0.687866,0.558471,0.723467
0.676560,0.730980,0.428389,0.558471
0.754693,0.930970,0.312848,0.428389
1.080531,0.786921,0.204456,0.312848
0.893988,0.819058,0.142511,0.204456
0.837729,0.947038,0.097327,0.142511
0.950756,0.780091,0.065710,0.097327
0.715644,0.803724,0.059952,0.065710
0.689966,0.907487,0.067218,0.059952
0.849797,0.784313,0.076347,0.067218
0.694716,0.818413,0.079845,0.076347
0.848116,0.916228,0.079771,0.079845
0.776883,0.804181,0.077372,0.079771
0.918715,0.785880,0.076336,0.077372
0.849064,0.951768,0.076376,0.076336
0.946253,0.820217,0.076782,0.076376
0.846470,0.821792,0.075862,0.076782
0.795197,0.982170,0.074504,0.075862
1.000335,0.774307,0.072606,0.074504
0.799268,0.850145,0.071257,0.072606
0.795980,0.983539,0.070227,0.071257
0.973853,0.785911,0.069288,0.070227
0.771896,0.827678,0.068652,0.069288
0.774843,0.968496,0.068264,0.068652
0.979786,0.846308,0.068012,0.068264
0.782680,0.837651,0.067736,0.068012
0.930018,0.984923,0.067380,0.067736
0.825474,0.823709,0.066732,0.067380
0.954226,0.846903,0.065971,0.066732
0.850298,1.009313,0.065038,0.065971
0.957782,0.811864,0.063637,0.065038
0.853067,0.854535,0.062182,0.063637
0.801068,1.001394,0.060706,0.062182
1.010084,0.836469,0.059575,0.060706
0.796840,0.844618,0.058794,0.059575
0.783502,1.006124,0.058437,0.058794
0.983438,0.822982,0.058492,0.058437
0.784640,0.983259,0.058819,0.058492
0.979165,0.974940,0.059390,0.058819
0.981044,0.861295,0.059923,0.059390
0.775421,1.002642,0.057437,0.059923
1.005612,0.814576,0.015135,0.057437
0.849084,0.798933,0.054354,0.015135
0.917191,0.937970,0.101696,0.054354
1.036434,0.733922,0.124201,0.101696
0.759976,0.693018,0.128804,0.124201
0.804168,0.762764,0.126704,0.128804
0.765836,0.573621,0.119151,0.126704
0.554493,0.576334,0.110763,0.119151
0.539571,0.581728,0.101855,0.110763
0.569152,0.463603,0.092468,0.101855
0.420337,0.415514,0.085880,0.092468
0.400309,0.484829,0.080293,0.085880
0.437521,0.358571,0.075297,0.080293
0.323034,0.344726,0.068753,0.075297
0.287214,0.335660,0.033260,0.068753
0.232653,0.310382,0.019583,0.033260
0.246485,0.316837,0.079010,0.019583
0.372418,0.291274,0.168426,0.079010
0.555877,0.262307,0.271538,0.168426
0.424822,0.247756,0.325882,0.271538
0.451334,0.309896,0.330876,0.325882
0.501760,0.280231,0.310769,0.330876
0.487009,0.294218,0.346638,0.310769
0.506890,0.353329,0.433290,0.346638
0.435602,0.342741,0.563910,0.433290
0.242552,0.398972,0.689898,0.563910
0.283599,0.581281,0.820885,0.689898
0.572561,0.566331,0.976777,0.820885
0.576844,0.674149,1.100264,0.976777
0.757642,0.816909,1.211740,1.100264
1.067739,0.768789,1.313173,1.211740
0.899669,0.801177,1.375308,1.313173
0.929709,0.946470,1.426218,1.375308
1.107869,0.808252,1.475584,1.426218
0.805541,0.797394,1.510267,1.475584
0.886244,0.928111,1.540593,1.510267
0.888075,0.750984,1.568682,1.540593
0.708108,0.785335,1.584709,1.568682
0.756747,0.937150,1.592176,1.584709
0.914825,0.781731,1.587919,1.592176
0.747373,0.823757,1.575475,1.587919
0.763502,0.937835,1.560856,1.575475
0.960061,0.813091,1.547833,1.560856
0.791947,0.842002,1.542394,1.547833
0.793252,1.002402,1.541795,1.542394
0.993307,1.005738,1.545346,1.541795
0.989279,0.965030,1.550842,1.545346
0.993458,0.793463,1.555596,1.550842
0.800498,0.833661,1.558173,1.555596
0.807169,0.993064,1.559436,1.558173
1.000481,0.832686,1.559473,1.559436
0.800658,0.820970,1.558790,1.559473
0.945085,1.006027,1.558028,1.558790
0.845635,0.815250,1.557492,1.558028
0.939495,0.840193,1.557522,1.557492
0.861912,1.001141,1.557907,1.557522
0.956705,0.832961,1.558714,1.557907
0.858651,0.988927,1.559442,1.558714
1.013638,0.997232,1.560112,1.559442
0.970247,0.833307,1.560387,1.560112
0.865610,0.971483,1.560392,1.560387
1.013383,0.819008,1.560302,1.560392
0.803954,0.835116,1.560324,1.560302
0.794618,0.975016,1.560619,1.560324
0.996717,0.815448,1.561176,1.560619
0.790195,0.863835,1.561689,1.561176
0.791388,0.959709,1.562062,1.561689
0.987619,0.808569,1.562297,1.562062
0.790378,0.840716,1.561988,1.562297
0.808553,0.974715,1.560677,1.561988
1.091193,0.814202,1.561478,1.560677
0.924008,0.789009,1.563100,1.561478
1.008243,0.842302,1.563427,1.563100
0.908632,0.670601,1.562897,1.563427
0.655592,0.665506,1.562545,1.562897
0.634686,0.703362,1.562744,1.562545
0.678745,0.541770,1.564054,1.562744
0.510846,0.502401,1.566070,1.564054
0.473701,0.547459,1.568930,1.566070
0.544804,0.412466,1.572560,1.568930
0.405780,0.415005,1.575001,1.572560
0.379075,0.414129,1.576411,1.575001
0.438604,0.345014,1.576568,1.576411
0.300684,0.312338,1.575726,1.576568
0.211550,0.337451,1.575754,1.575726
0.332366,0.355085,1.570949,1.575754
0.500042,0.329620,1.556464,1.570949
0.502640,0.248241,1.527728,1.556464
0.353814,0.230352,1.480778,1.527728
0.385887,0.292414,1.418702,1.480778
0.404132,0.267628,1.330276,1.418702
0.534188,0.279909,1.248394,1.330276
0.435200,0.373731,1.162567,1.248394
0.554297,0.373086,1.061171,1.162567
0.315087,0.524388,0.960664,1.061171
0.180008,0.642763,0.817205,0.960664
0.259585,0.621153,0.657307,0.817205
0.349662,0.805919,0.515731,0.657307
0.585915,0.742241,0.368988,0.515731
0.654580,0.796532,0.266634,0.368988
0.753628,0.984294,0.185616,0.266634
1.036191,0.778958,0.122976,0.185616
0.731333,0.805007,0.086829,0.122976
0.670464,0.942876,0.065426,0.086829
0.831370,0.823725,0.062123,0.065426
0.672506,0.794163,0.068060,0.062123
0.683363,0.960239,0.073968,0.068060
0.902843,0.799938,0.076244,0.073968
0.735456,0.813993,0.074517,0.076244
0.902376,0.949665,0.072194,0.074517
0.960995,0.816587,0.071125,0.072194
0.786123,0.790550,0.070663,0.071125
0.842542,0.953387,0.069704,0.070663
0.986511,0.839403,0.068252,0.069704
0.782629,0.825383,0.067134,0.068252
0.776329,0.990966,0.066372,0.067134
0.974039,0.806662,0.065746,0.066372
0.782443,0.811637,0.065369,0.065746
0.785546,1.013158,0.065015,0.065369
0.989666,0.822387,0.064798,0.065015
0.786527,0.835782,0.064932,0.064798
0.781358,0.976802,0.065216,0.064932
0.983733,0.811621,0.065610,0.065216
0.784571,0.850055,0.065710,0.065610
0.938389,0.968236,0.065439,0.065710
1.001201,0.812180,0.064572,0.065439
0.797321,0.838831,0.063514,0.064572
0.847027,0.984803,0.062952,0.063514
0.986573,0.812515,0.063033,0.062952
0.788213,0.868640,0.063171,0.063033
0.799148,1.031931,0.063112,0.063171
0.998269,0.797351,0.062760,0.063112
0.801722,0.840317,0.061999,0.062760
0.810926,0.972163,0.061276,0.061999
1.001391,0.830262,0.060626,0.061276
0.796075,0.974241,0.060269,0.060626
0.996022,0.988862,0.060201,0.060269
0.991540,0.862599,0.043199,0.060201
0.839106,0.970505,0.019141,0.043199
1.172906,0.778265,0.087943,0.019141
0.921130,0.807180,0.118789,0.087943
0.968686,0.847784,0.129760,0.118789
0.750923,0.653476,0.129212,0.129760
0.739530,0.636549,0.123287,0.129212
0.600565,0.704886,0.115217,0.123287
0.607114,0.497068,0.105258,0.115217
0.499610,0.482234,0.097176,0.105258
0.437801,0.529231,0.089685,0.097176
0.503809,0.415982,0.082538,0.089685
0.374318,0.380416,0.078126,0.082538
0.344232,0.422011,0.075014,0.078126
0.389983,0.292100,0.050491,0.075014
0.213262,0.311466,0.023260,0.050491
0.179224,0.308491,0.048410,0.023260
0.414981,0.246248,0.139363,0.048410
0.396429,0.272619,0.221807,0.139363
0.457166,0.262548,0.291732,0.221807
0.374338,0.237896,0.306405,0.291732
0.422467,0.263626,0.272956,0.306405
0.507116,0.317697,0.258094,0.272956
0.600490,0.282192,0.335262,0.258094
0.439163,0.342593,0.435725,0.335262
0.363839,0.422964,0.558552,0.435725
0.429081,0.480731,0.704924,0.558552
0.362404,0.527899,0.827913,0.704924
0.467643,0.752570,0.953531,0.827913
0.753349,0.663448,1.091875,0.953531
0.800145,0.769343,1.193986,1.091875
0.961369,0.922762,1.280929,1.193986
1.355293,0.802272,1.362506,1.280929
1.059367,0.814395,1.418525,1.362506
1.112567,0.942805,1.465896,1.418525
0.879877,0.768241,1.511022,1.465896
0.893058,0.788100,1.542005,1.511022
0.754214,0.949778,1.567364,1.542005
0.841023,0.768448,1.587299,1.567364
0.760196,0.789285,1.594589,1.587299
0.727648,0.959628,1.592163,1.594589
0.928415,0.774868,1.579906,1.592163
0.757173,0.792327,1.567236,1.579906
0.769999,0.932986,1.556344,1.567236
0.951978,0.804366,1.549109,1.556344
0.765236,0.833774,1.547582,1.549109
0.778739,0.978231,1.549141,1.547582
0.999937,0.820793,1.552841,1.549141
0.796031,0.818807,1.555991,1.552841
0.940641,0.946286,1.558329,1.555991
0.843500,0.835753,1.559537,1.558329
0.947079,0.843167,1.559439,1.559537
0.853855,0.971681,1.558686,1.559439
0.951245,1.000788,1.557559,1.558686
1.003133,1.005090,1.556628,1.557559
0.996410,0.809045,1.556209,1.556628
0.793866,0.845125,1.556203,1.556209
0.846681,1.002894,1.556415,1.556203
0.992054,0.792444,1.556784,1.556415
0.788582,0.862822,1.556960,1.556784
0.787017,0.988370,1.556975,1.556960
0.982602,0.830490,1.556854,1.556975
0.797459,0.850726,1.556668,1.556854
0.809867,0.982740,1.556449,1.556668
1.016762,0.807182,1.556193,1.556449
0.806316,0.834116,1.556130,1.556193
0.798935,0.984224,1.556301,1.556130
1.002067,0.824705,1.556828,1.556301
0.406258,0.805796,1.557615,1.556828
0.482700,0.979667,1.558259,1.557615
0.885378,0.812275,1.559277,1.558259
0.847630,0.819930,1.562593,1.559277
0.961336,0.908974,1.566089,1.562593
1.013740,0.699072,1.568775,1.566089
0.706568,0.691735,1.570598,1.568775
0.636304,0.751371,1.572573,1.570598
0.708078,0.566970,1.575004,1.572573
0.524607,0.536541,1.576465,1.575004
0.488022,0.601779,1.577118,1.576465
0.558763,0.455524,1.576823,1.577118
0.427319,0.527984,1.576118,1.576823
0.483581,0.461624,1.575277,1.576118
0.450363,0.375452,1.575349,1.575277
0.343752,0.380159,1.575646,1.575349
0.307610,0.323569,1.576881,1.575646
0.214611,0.288985,1.583478,1.576881
0.415723,0.335921,1.604545,1.583478
0.437700,0.233433,1.649426,1.604545
0.463074,0.248208,1.700570,1.649426
0.355123,0.268487,1.755468,1.700570
0.400746,0.250427,1.814259,1.755468
0.424757,0.284919,1.877991,1.814259
0.433997,0.378749,1.963868,1.877991
0.352392,0.331964,2.078996,1.963868
0.210362,0.370297,2.191102,2.078996
0.152739,0.486256,2.321335,2.191102
0.320256,0.524944,2.484433,2.321335
0.429622,0.608099,2.620728,2.484433
0.658389,0.795900,2.746535,2.620728
1.139163,0.738239,2.862821,2.746535
0.988901,0.785378,2.934290,2.862821
1.229774,0.974025,2.989556,2.934290
1.107568,0.795400,3.040890,2.989556
1.127620,0.788294,3.076540,3.040890
0.871910,0.906320,3.107377,3.076540
0.898969,0.736476,3.135733,3.107377
0.763692,0.945623,3.132785,3.135733
0.880343,0.923527,3.124428,3.132785
0.839589,0.944099,3.128745,3.124428
0.914982,0.937610,3.141416,3.128745
0.936310,0.981372,3.130525,3.141416
0.946078,0.937443,3.121076,3.130525
0.835056,0.837444,3.117815,3.121076
0.954181,0.943638,3.118916,3.117815
1.000335,0.829212,3.122546,3.118916
0.794990,0.860607,3.125952,3.122546
0.833759,0.943018,3.128740,3.125952
0.999817,0.820788,3.130622,3.128740
0.804393,0.842333,3.130939,3.130622
0.803809,0.975399,3.130493,3.130939
0.994191,0.818143,3.129478,3.130493
0.795481,0.846056,3.128618,3.129478
0.788588,0.972564,3.128020,3.128618
0.982273,0.788170,3.127701,3.128020
0.797228,0.868903,3.127736,3.127701
0.795244,0.952851,3.127909,3.127736
0.998946,0.819211,3.128175,3.127909
0.797620,0.846059,3.128491,3.128175
0.939980,1.001135,3.128794,3.128491
0.993424,1.006363,3.129123,3.128794
0.999112,0.987159,3.129559,3.129123
0.842256,0.830239,3.129994,3.129559
0.943414,0.822591,3.130370,3.129994
0.827625,1.002522,3.130785,3.130370
0.914011,0.795927,3.131286,3.130785
0.808173,0.998061,3.131715,3.131286
0.953441,0.951385,3.132281,3.131715
0.907849,0.865435,3.132259,3.132281
0.874327,0.974125,3.132633,3.132259
1.150799,0.782141,3.134333,3.132633
0.890689,0.771973,3.135435,3.134333
0.795378,0.862806,3.136065,3.135435
0.860751,0.663380,3.136436,3.136065
0.613563,0.622811,3.136736,3.136436
0.560471,0.645633,3.137105,3.136736
0.624307,0.607573,3.137634,3.137105
0.565544,0.543123,3.138118,3.137634
0.521923,0.429286,3.138417,3.138118
0.394222,0.415063,3.138304,3.138417
0.368085,0.433749,3.137613,3.138304
0.422867,0.341584,3.136005,3.137613
0.312906,0.307092,3.134270,3.136005
0.343454,0.333937,3.132665,3.134270
0.281018,0.234523,3.131889,3.132665
0.288487,0.251047,3.132398,3.131889
0.241898,0.279327,3.133336,3.132398
0.256100,0.206665,3.134339,3.133336
0.204069,0.173586,3.134870,3.134339
0.174450,0.183802,3.135108,3.134870
0.197215,0.133948,3.134928,3.135108
0.155060,0.119780,3.134505,3.134928
0.142161,0.118834,3.134040,3.134505
0.142317,0.123611,3.133699,3.134040
0.103595,0.053446,3.133626,3.133699
0.094972,0.103075,3.133699,3.133626
0.099225,0.014240,3.133824,3.133699
0.081747,0.035159,3.133997,3.133824
0.074252,0.051535,3.134159,3.133997
0.072722,0.051011,3.134296,3.134159
0.067827,0.023194,3.134354,3.134296
0.050094,0.054404,3.134367,3.134354
0.000000,0.000000,0.000000,0.000000
0.000000,0.014175,2.055140,0.000000
0.017894,0.029220,2.051122,2.055140
0.024713,0.071276,2.035887,2.051122
0.033585,0.029742,2.026073,2.035887
0.022127,0.022875,2.030015,2.026073
0.000000,0.022376,2.059475,2.030015
0.000000,0.037437,2.058934,2.059475
0.000000,0.016644,2.059471,2.058934
0.000000,0.037566,2.060772,2.059471
0.000000,0.016884,2.062747,2.060772
0.000000,0.031646,2.063781,2.062747
0.000000,0.021210,2.064009,2.063781
0.000000,0.014779,2.060186,2.064009
0.021857,0.034122,2.052636,2.060186
0.028354,0.035813,2.050110,2.052636
0.026203,0.023265,2.052577,2.050110
0.025962,0.031600,2.054809,2.052577
0.036580,0.019710,2.055751,2.054809
0.036315,0.030094,2.056205,2.055751
0.057226,0.021872,2.056848,2.056205
0.066839,0.067121,2.057254,2.056848
0.069016,0.015512,2.056955,2.057254
0.087168,0.039128,2.056534,2.056955
0.069409,0.038798,2.056952,2.056534
0.069571,0.041475,2.057909,2.056952
0.083636,0.040914,2.059549,2.057909
0.058160,0.048674,2.060943,2.059549
0.054645,0.045132,2.061902,2.060943
0.055737,0.037339,2.061792,2.061902
0.042936,0.035344,2.061326,2.061792
0.043336,0.029750,2.059904,2.061326
0.037344,0.035934,2.057536,2.059904
0.030540,0.038593,2.056565,2.057536
0.040328,0.058867,2.056545,2.056565
0.056018,0.025375,2.055283,2.056545
0.148587,0.037957,2.036511,2.055283
0.200991,0.069874,2.003290,2.036511
0.131343,0.179574,1.937105,2.003290
0.091676,0.210756,1.826947,1.937105
0.214809,0.306940,1.709317,1.826947
0.380577,0.497179,1.596198,1.709317
0.565758,0.508243,1.498384,1.596198
0.496390,0.542141,1.434245,1.498384
0.545045,0.686390,1.365789,1.434245
0.660644,0.681490,1.252761,1.365789
0.567900,0.779034,1.125321,1.252761
0.793259,0.982880,0.971491,1.125321
0.547236,0.815516,0.782041,0.971491
0.807798,0.841357,0.633310,0.782041
0.985864,0.962487,0.497665,0.633310
1.076796,0.824048,0.368396,0.497665
0.898293,0.825494,0.284771,0.368396
0.801017,0.888481,0.218031,0.284771
0.899249,0.783369,0.159262,0.218031
0.676429,0.777709,0.125740,0.159262
0.662862,0.929629,0.103986,0.125740
0.821638,0.759380,0.092229,0.103986
0.667437,0.792340,0.088810,0.092229
0.678001,0.963394,0.086918,0.088810
0.871598,0.801227,0.083231,0.086918
0.722757,1.049847,0.077047,0.083231
0.948307,0.954217,0.067775,0.077047
0.975630,0.851729,0.059813,0.067775
0.784532,0.928512,0.056601,0.059813
0.992054,0.847468,0.056131,0.056601
0.801852,0.835477,0.056511,0.056131
0.944763,0.955493,0.056995,0.056511
0.996156,0.829744,0.057754,0.056995
0.794650,0.852232,0.058600,0.057754
0.838924,0.946605,0.059585,0.058600
0.985401,0.781776,0.060629,0.059585
0.791911,0.844305,0.061028,0.060629
0.792992,0.984774,0.061027,0.061028
0.995646,0.852210,0.060868,0.061027
0.796907,0.828230,0.060791,0.060868
0.791010,0.949088,0.060759,0.060791
0.978807,0.813848,0.060940,0.060759
0.784645,0.856211,0.061344,0.060940
0.801435,0.982939,0.061300,0.061344
1.003955,0.805196,0.061696,0.061300
0.797065,0.869202,0.062147,0.061696
0.939750,0.975829,0.062041,0.062147
0.990357,0.828091,0.061810,0.062041
0.789517,1.017893,0.061360,0.061810
0.988366,0.978096,0.060609,0.061360
0.995108,0.847358,0.038133,0.060609
0.924002,0.997604,0.021018,0.038133
1.076919,0.799662,0.091558,0.021018
0.957299,0.774495,0.119817,0.091558
0.833054,0.846631,0.130040,0.119817
0.907771,0.670012,0.130020,0.130040
0.655240,0.602626,0.124771,0.130020
0.592738,0.684247,0.117004,0.124771
0.668932,0.514590,0.106905,0.117004
0.490826,0.461374,0.099004,0.106905
0.451698,0.541461,0.092342,0.099004
0.519953,0.399542,0.086954,0.092342
0.388339,0.398419,0.084416,0.086954
0.431593,0.406773,0.083717,0.084416
0.341874,0.317969,0.068815,0.083717
0.318842,0.285555,0.058600,0.068815
0.230306,0.333098,0.080164,0.058600
0.378089,0.252823,0.156866,0.080164
0.405574,0.263802,0.231040,0.156866
0.361387,0.270248,0.289831,0.231040
0.359949,0.239642,0.290424,0.289831
0.300586,0.244076,0.242728,0.290424
0.395943,0.333466,0.223858,0.242728
0.490151,0.291734,0.299390,0.223858
0.251858,0.423951,0.397028,0.299390
0.185644,0.447761,0.540379,0.397028
0.181239,0.461817,0.677856,0.540379
0.202502,0.650923,0.797326,0.677856
0.529519,0.652330,0.937038,0.797326
0.536009,0.723323,1.051718,0.937038
0.632579,0.897927,1.160026,1.051718
1.006148,0.790854,1.266675,1.160026
0.887607,0.829558,1.339542,1.266675
1.052357,0.938439,1.401126,1.339542
0.968841,0.790932,1.459437,1.401126
0.710826,0.803309,1.499640,1.459437
0.736874,0.913157,1.533991,1.499640
0.828475,0.760624,1.564970,1.533991
0.669330,0.809725,1.582436,1.564970
0.701864,0.910417,1.591346,1.582436
0.897884,0.783094,1.589353,1.591346
0.744009,0.803518,1.579452,1.589353
0.764526,0.971676,1.566593,1.579452
0.979730,0.809064,1.553844,1.566593
0.777234,0.817151,1.547479,1.553844
0.786477,0.985607,1.545290,1.547479
1.001796,0.831278,1.546885,1.545290
0.801473,0.824922,1.549941,1.546885
0.948593,0.967702,1.553105,1.549941
0.993922,0.819783,1.555860,1.553105
0.790699,0.852838,1.556834,1.555860
0.839168,0.994007,1.556867,1.556834
0.976764,0.810931,1.556196,1.556867
0.790794,0.840121,1.555611,1.556196
0.800039,0.963049,1.555172,1.555611
1.011195,0.822043,1.554998,1.555172
0.803142,0.840830,1.555167,1.554998
0.802205,0.974618,1.555575,1.555167
1.004320,0.803370,1.556218,1.555575
0.802012,0.833550,1.556686,1.556218
0.804016,0.987667,1.556952,1.556686
1.002253,0.803614,1.557113,1.556952
0.796203,0.838090,1.557285,1.557113
0.954545,0.979809,1.557715,1.557285
1.016582,0.845971,1.558446,1.557715
0.808348,0.847076,1.559359,1.558446
0.850812,0.988832,1.560430,1.559359
0.988416,0.829661,1.561610,1.560430
0.789841,0.835152,1.562452,1.561610
0.795893,1.004902,1.562404,1.562452
1.084112,0.805295,1.562948,1.562404
0.952825,0.803005,1.565878,1.562948
0.934614,0.905410,1.568153,1.565878
1.027322,0.721453,1.568827,1.568153
0.729457,0.685471,1.568727,1.568827
0.657554,0.721756,1.568691,1.568727
0.723475,0.536518,1.569128,1.568691
0.538624,0.534270,1.569958,1.569128
0.570038,0.568117,1.571322,1.569958
0.539041,0.430069,1.573493,1.571322
0.409536,0.405793,1.576091,1.573493
0.407320,0.450981,1.579627,1.576091
0.429509,0.342767,1.585001,1.579627
0.318073,0.326043,1.589424,1.585001
0.233841,0.350422,1.594409,1.589424
0.270579,0.311637,1.597087,1.594409
0.339890,0.277010,1.591548,1.597087
0.394937,0.341262,1.577083,1.591548
0.500358,0.286967,1.543073,1.577083
0.425160,0.299835,1.479693,1.543073
0.278429,0.292747,1.400232,1.479693
0.252827,0.299088,1.322129,1.400232
0.283464,0.339719,1.236188,1.322129
0.159788,0.340951,1.135446,1.236188
0.053519,0.487133,1.046641,1.135446
0.151649,0.536215,0.914905,1.046641
0.405579,0.564006,0.767610,0.914905
0.435493,0.746873,0.625892,0.767610
0.708826,0.722361,0.463951,0.625892
0.666436,0.750200,0.346201,0.463951
0.988813,0.972133,0.245244,0.346201
1.183828,0.785546,0.162091,0.245244
0.907191,0.848014,0.114678,0.162091
0.862091,0.945120,0.080613,0.114678
0.923961,0.750885,0.062006,0.080613
0.708190,0.770376,0.064306,0.062006
0.687727,0.922665,0.072341,0.064306
0.861842,0.779966,0.079122,0.072341
0.707061,0.946952,0.080037,0.079122
0.936577,0.926495,0.077819,0.080037
0.956592,0.804088,0.076549,0.077819
0.778074,0.990488,0.076871,0.076549
0.993885,0.818340,0.077424,0.076871
0.802117,0.967966,0.076647,0.077424
1.007070,0.975473,0.074789,0.076647
1.005995,0.823514,0.073039,0.074789
0.800350,0.982355,0.071739,0.073039
0.994489,0.807540,0.070150,0.071739
0.781819,0.851050,0.068859,0.070150
0.783585,1.005485,0.067381,0.068859
0.989683,0.811957,0.065487,0.067381
0.797716,0.846603,0.063644,0.065487
0.941585,0.969126,0.062056,0.063644
0.993496,0.831139,0.061102,0.062056
0.816300,1.018381,0.061017,0.061102
1.013507,0.958945,0.061193,0.061017
1.012784,0.835237,0.061441,0.061193
0.856022,0.998292,0.061719,0.061441
0.946220,0.832039,0.061863,0.061719
0.841101,0.837331,0.062052,0.061863
0.783948,0.984558,0.062264,0.062052
0.984729,0.813324,0.062210,0.062264
0.780110,0.826958,0.062150,0.062210
0.778349,0.970910,0.062377,0.062150
0.979500,1.009061,0.062869,0.062377
0.989215,0.979995,0.063546,0.062869
0.992100,0.852439,0.064265,0.063546
0.786290,0.823273,0.048048,0.064265
0.840692,0.996563,0.015269,0.048048
1.165385,0.810704,0.084105,0.015269
0.930579,0.807518,0.117005,0.084105
0.860505,0.800676,0.129931,0.117005
0.934121,0.675771,0.131265,0.129931
0.674855,0.628757,0.125982,0.131265
0.702343,0.670218,0.117578,0.125982
0.650339,0.628698,0.106276,0.117578
0.580025,0.512627,0.095142,0.106276
0.447609,0.430138,0.085893,0.095142
0.473315,0.409078,0.079410,0.085893
0.391421,0.413396,0.073995,0.079410
0.410141,0.424770,0.067589,0.073995
0.388035,0.388417,0.027102,0.067589
0.266170,0.289450,0.024147,0.027102
0.251235,0.282526,0.089098,0.024147
0.432170,0.333886,0.178973,0.089098
0.570487,0.283035,0.279658,0.178973
0.497472,0.320307,0.331380,0.279658
0.455171,0.245170,0.318509,0.331380
0.478254,0.294736,0.313955,0.318509
0.482275,0.354022,0.371113,0.313955
0.463926,0.337949,0.482309,0.371113
0.278365,0.375235,0.602128,0.482309
0.249683,0.535475,0.731667,0.602128
0.478445,0.499751,0.884437,0.731667
0.475987,0.612918,1.011805,0.884437
0.585669,0.805498,1.132709,1.011805
0.797661,0.742487,1.250484,1.132709
0.759301,0.792916,1.326294,1.250484
0.980478,0.941509,1.387309,1.326294
0.962656,0.781752,1.445562,1.387309
1.045210,0.796506,1.485708,1.445562
0.837235,0.909855,1.520326,1.485708
0.870148,0.773385,1.553321,1.520326
0.744122,0.798443,1.574342,1.553321
0.705442,0.916496,1.588085,1.574342
0.899316,0.774619,1.592207,1.588085
0.734448,0.807051,1.584975,1.592207
0.757985,0.955246,1.571501,1.584975
0.979863,0.803885,1.555908,1.571501
0.799493,0.847692,1.546926,1.555908
0.795137,0.982506,1.542879,1.546926
0.993290,0.812022,1.543565,1.542879
0.802949,0.838813,1.546883,1.543565
0.969025,0.956432,1.551059,1.546883
0.849319,0.813261,1.555165,1.551059
0.946680,0.997140,1.557228,1.555165
0.998848,0.984294,1.558166,1.557228
0.850639,0.833320,1.558055,1.558166
0.946576,0.983218,1.557534,1.558055
0.999922,0.838025,1.557075,1.557534
0.806503,0.837349,1.556922,1.557075
0.857885,0.985705,1.557068,1.556922
1.012052,0.814587,1.557498,1.557068
0.803385,0.852936,1.557916,1.557498
0.801247,0.993651,1.558334,1.557916
1.000356,0.825258,1.558755,1.558334
0.797409,0.820812,1.559015,1.558755
0.800556,0.987458,1.559075,1.559015
1.002166,0.822908,1.559062,1.559075
0.802392,0.829653,1.559109,1.559062
0.804486,0.995462,1.559282,1.559109
0.991655,0.830668,1.559631,1.559282
0.796775,0.824425,1.560077,1.559631
0.949131,1.008917,1.560637,1.560077
1.001807,0.814935,1.561461,1.560637
0.805604,0.839975,1.561999,1.561461
0.905104,0.969899,1.562644,1.561999
1.182057,0.795186,1.566012,1.562644
0.929688,0.775339,1.568837,1.566012
0.843292,0.869111,1.569758,1.568837
0.897615,0.656612,1.569195,1.569758
0.642486,0.636892,1.568121,1.569195
0.600404,0.718583,1.566732,1.568121
0.681460,0.526059,1.565349,1.566732
0.509780,0.512496,1.564739,1.565349
0.477823,0.525628,1.564990,1.564739
0.551948,0.425105,1.566751,1.564990
0.409862,0.404296,1.569690,1.566751
0.454503,0.417134,1.574000,1.569690
0.441102,0.335377,1.579521,1.574000
0.295116,0.292610,1.584389,1.579521
0.217023,0.369369,1.589190,1.584389
0.426806,0.271100,1.587426,1.589190
1.043789,0.299358,1.577136,1.587426
0.415718,0.271755,1.554265,1.577136
0.381650,0.253329,1.499782,1.554265
0.362542,0.221330,1.440119,1.499782
0.387827,0.292375,1.366630,1.440119
0.582091,0.330177,1.270666,1.366630
0.414867,0.306195,1.187065,1.270666
0.371678,0.447884,1.101465,1.187065
0.380432,0.420405,0.986618,1.101465
0.307118,0.508007,0.871815,0.986618
0.373724,0.691987,0.739762,0.871815
0.695792,0.645673,0.570756,0.739762
0.748899,0.751130,0.438769,0.570756
1.045801,0.897055,0.322207,0.438769
1.190834,0.796338,0.213985,0.322207
0.910440,0.815872,0.152176,0.213985
0.793164,0.955497,0.106392,0.152176
0.851278,0.785444,0.073447,0.106392
0.660978,0.793217,0.065870,0.073447
0.656774,0.943449,0.070980,0.065870
0.824813,0.940209,0.080060,0.070980
0.841329,0.925493,0.084091,0.080060
0.908997,0.771398,0.081665,0.084091
0.751425,0.992347,0.078117,0.081665
0.962059,0.954623,0.076191,0.078117
0.985892,0.837880,0.075935,0.076191
0.792497,0.976637,0.075575,0.075935
0.980358,0.796508,0.073822,0.075575
0.788845,0.822018,0.071689,0.073822
0.785881,0.996266,0.069775,0.071689
0.988399,0.873647,0.068101,0.069775
0.800898,0.844438,0.066731,0.068101
0.943569,0.981411,0.065171,0.066731
1.005643,0.829835,0.063201,0.065171
0.803280,0.839424,0.061494,0.063201
0.851701,0.968113,0.060091,0.061494
0.997558,0.790194,0.058985,0.060091
0.796307,0.857687,0.058624,0.058985
0.796425,0.976388,0.058739,0.058624
0.990874,0.832512,0.059635,0.058739
0.792771,0.810643,0.060839,0.059635
0.791050,0.962104,0.062523,0.060839
0.984232,0.856144,0.064602,0.062523
0.786971,0.834406,0.066527,0.064602
0.792375,1.024726,0.067290,0.066527
0.994971,0.795739,0.066909,0.067290
0.797561,0.818888,0.065789,0.066909
0.951960,0.984672,0.064071,0.065789
1.001603,0.825642,0.062124,0.064071
0.802465,0.854450,0.060802,0.062124
0.854975,0.979753,0.059995,0.060802
1.000133,0.821602,0.041953,0.059995
0.864399,0.835165,0.018568,0.041953
0.935214,0.935176,0.078706,0.018568
1.157219,0.768998,0.116798,0.078706
0.832748,0.746574,0.126147,0.116798
0.750575,0.839906,0.125487,0.126147
0.837217,0.591320,0.118864,0.125487
0.596153,0.612982,0.111762,0.118864
0.528165,0.621611,0.104367,0.111762
0.589032,0.467646,0.096014,0.104367
0.447138,0.423577,0.089474,0.096014
0.490557,0.505851,0.083776,0.089474
0.469962,0.450341,0.078640,0.083776
0.441814,0.427676,0.074385,0.078640
0.331463,0.323004,0.042973,0.074385
0.283478,0.277017,0.009627,0.042973
0.214995,0.358891,0.050296,0.009627
0.381954,0.265966,0.150216,0.050296
0.444818,0.266638,0.234950,0.150216
0.406473,0.263636,0.302572,0.234950
0.442953,0.227328,0.312839,0.302572
0.345649,0.247641,0.283021,0.312839
0.407311,0.347265,0.286198,0.283021
0.452434,0.311616,0.373360,0.286198
0.247729,0.344800,0.476226,0.373360
0.227388,0.444913,0.600526,0.476226
0.300528,0.460261,0.746589,0.600526
0.262895,0.658006,0.871201,0.746589
0.527086,0.750683,1.020428,0.871201
0.795671,0.737683,1.153424,1.020428
0.896363,0.900343,1.248919,1.153424
1.157949,0.966904,1.336687,1.248919
1.310115,0.961260,1.407684,1.336687
1.249864,0.795091,1.463705,1.407684
0.857655,0.800435,1.502372,1.463705
0.894974,0.941800,1.535304,1.502372
0.750422,0.763152,1.565684,1.535304
0.853314,0.791771,1.583215,1.565684
0.767355,0.917147,1.592513,1.583215
0.871712,0.778646,1.591219,1.592513
0.790727,0.795511,1.581808,1.591219
0.738026,0.931832,1.569166,1.581808
0.939086,0.802468,1.556175,1.569166
0.765030,0.813458,1.549417,1.556175
0.775088,0.965859,1.546861,1.549417
0.981649,0.822837,1.548186,1.546861
0.786605,0.821449,1.551099,1.548186
0.786297,0.971038,1.554271,1.551099
0.994747,0.846712,1.556994,1.554271
0.794473,0.822983,1.558083,1.556994
0.939048,0.973259,1.558155,1.558083
0.848677,0.821131,1.557253,1.558155
0.956964,0.833926,1.556276,1.557253
0.853900,0.984206,1.555425,1.556276
0.953217,0.822250,1.554956,1.555425
0.846069,0.841518,1.555034,1.554956
0.799007,0.977267,1.555437,1.555034
0.998618,0.841951,1.556102,1.555437
0.790617,0.831535,1.556674,1.556102
0.785269,0.979359,1.557184,1.556674
0.992141,0.837169,1.557573,1.557184
0.798709,0.861001,1.557711,1.557573
0.800319,0.959364,1.557777,1.557711
0.999681,0.825728,1.557873,1.557777
0.801993,0.840750,1.558048,1.557873
0.950338,0.960674,1.558321,1.558048
0.850346,0.824327,1.558639,1.558321
0.947890,0.835906,1.559045,1.558639
0.846740,0.997687,1.559541,1.559045
0.958478,0.818872,1.559354,1.559541
0.966815,0.847968,1.560795,1.559354
0.841197,0.931404,1.564296,1.560795
0.405483,0.724710,1.567169,1.564296
0.266555,0.715698,1.568262,1.567169
0.488275,0.754903,1.568657,1.568262
0.672019,0.589047,1.569026,1.568657
0.531397,0.578518,1.569701,1.569026
0.503640,0.616748,1.571027,1.569701
0.562357,0.452752,1.573502,1.571027
0.417247,0.431889,1.575988,1.573502
0.461700,0.494783,1.578281,1.575988
0.382950,0.354402,1.579823,1.578281
0.419003,0.404544,1.579934,1.579823
0.404654,0.405945,1.578182,1.579934
0.234133,0.299164,1.577467,1.578182
0.298678,0.349419,1.585696,1.577467
0.496707,0.248328,1.616561,1.585696
0.415562,0.250452,1.659940,1.616561
0.432432,0.264038,1.714743,1.659940
0.410437,0.247307,1.774817,1.714743
0.338994,0.259229,1.825565,1.774817
0.458824,0.338934,1.896865,1.825565
0.510925,0.335526,2.003977,1.896865
0.333822,0.364436,2.105496,2.003977
0.372566,0.439625,2.224706,2.105496
0.288559,0.455003,2.380625,2.224706
0.288551,0.567477,2.518308,2.380625
0.419733,0.750217,2.655869,2.518308
0.784754,0.686835,2.793967,2.655869
0.838782,0.758671,2.883205,2.793967
1.174894,0.931246,2.951510,2.883205
1.343843,0.769988,3.011137,2.951510
1.029347,0.795261,3.051077,3.011137
0.965435,0.938410,3.085382,3.051077
1.033105,0.784654,3.118256,3.085382
0.774204,0.802360,3.139494,3.118256
0.748837,0.916442,3.130661,3.139494
0.870542,0.775798,3.124607,3.130661
0.695092,0.832947,3.128601,3.124607
0.704795,0.916891,3.138710,3.128601
0.881813,0.785476,3.132885,3.138710
0.699827,0.815799,3.124084,3.132885
0.727396,0.950717,3.119151,3.124084
0.953999,0.811644,3.118436,3.119151
0.741566,0.822973,3.120510,3.118436
0.930542,0.968644,3.124686,3.120510
0.645893,0.991123,3.129920,3.124686
0.765609,1.000611,3.132465,3.129920
0.769033,0.798359,3.132311,3.132465
0.914035,0.872635,3.130888,3.132311
0.834096,0.975163,3.129157,3.130888
0.935897,0.784605,3.127536,3.129157
0.844453,0.844964,3.126763,3.127536
0.797417,0.983221,3.126684,3.126763
0.990132,0.847739,3.127149,3.126684
0.788813,0.854473,3.127729,3.127149
0.795600,0.951455,3.128318,3.127729
0.997386,0.845442,3.129026,3.128318
0.797451,0.835835,3.129597,3.129026
0.784462,0.948322,3.129967,3.129597
0.986189,0.813835,3.130232,3.129967
0.789146,1.042651,3.130346,3.130232
0.981823,1.010658,3.130553,3.130346
0.985153,0.807682,3.130551,3.130553
0.790714,0.946648,3.130477,3.130551
0.973007,0.816407,3.130389,3.130477
0.784727,0.852141,3.130308,3.130389
0.931820,0.953600,3.130093,3.130308
1.038734,0.821583,3.129677,3.130093
0.900700,0.846217,3.130319,3.129677
1.011321,0.892499,3.131236,3.130319
1.080369,0.716207,3.131231,3.131236
0.766167,0.707862,3.130743,3.131231
0.683365,0.742455,3.130530,3.130743
0.736672,0.577221,3.131038,3.130530
0.523796,0.546430,3.132222,3.131038
0.480060,0.574477,3.134035,3.132222
0.547805,0.420108,3.136532,3.134035
0.414003,0.424891,3.138599,3.136532
0.389714,0.438136,3.140557,3.138599
0.441600,0.360754,3.142331,3.140557
0.331778,0.364821,3.140412,3.142331
0.365641,0.350725,3.138001,3.140412
0.353092,0.340804,3.134091,3.138001
0.318869,0.263107,3.128697,3.134091
0.251422,0.271944,3.124879,3.128697
0.262976,0.217998,3.123956,3.124879
0.202523,0.203213,3.124607,3.123956
0.185897,0.158434,3.126543,3.124607
0.146274,0.169579,3.128370,3.126543
0.123313,0.193464,3.129934,3.128370
0.126631,0.118192,3.130869,3.129934
0.092317,0.094170,3.130930,3.130869
0.098911,0.085788,3.130460,3.130930
0.116588,0.090280,3.129642,3.130460
0.103920,0.055851,3.128889,3.129642
0.104236,0.050525,3.128365,3.128889
0.075339,0.074398,3.128118,3.128365
0.069035,0.025015,3.128161,3.128118
0.077812,0.015369,3.128342,3.128161
0.040469,0.029062,3.128629,3.128342
0.000000,0.004591,3.129285,3.128629
0.000000,0.000000,0.000000,0.000000
0.000000,0.016493,2.056664,0.000000
0.000000,0.052689,2.052410,2.056664
0.026271,0.051185,2.042032,2.052410
0.036835,0.037983,2.030582,2.042032
0.029409,0.061027,2.016216,2.030582
0.020189,0.044587,2.021513,2.016216
0.000000,0.018734,2.039729,2.021513
0.000000,0.028409,2.056479,2.039729
0.000000,0.021722,2.053580,2.056479
0.000000,0.053073,2.052209,2.053580
0.000000,0.026335,2.051572,2.052209
0.000000,0.030938,2.051272,2.051572
0.000000,0.039085,2.051900,2.051272
0.000000,0.021780,2.053547,2.051900
0.000000,0.046314,2.054981,2.053547
0.000000,0.045424,2.047891,2.054981
0.024756,0.026993,2.042319,2.047891
0.028286,0.031856,2.038465,2.042319
0.032598,0.024245,2.036477,2.038465
0.034147,0.031575,2.036319,2.036477
0.031482,0.016880,2.037611,2.036319
0.041106,0.021812,2.039562,2.037611
0.060413,0.040625,2.040905,2.039562
0.076798,0.028371,2.041072,2.040905
0.080869,0.027553,2.041683,2.041072
0.068335,0.050324,2.042733,2.041683
0.065920,0.055882,2.043871,2.042733
0.086922,0.042147,2.044805,2.043871
0.069330,0.069914,2.045616,2.044805
0.063073,0.062717,2.046310,2.045616
0.077864,0.013620,2.047302,2.046310
0.055444,0.029196,2.047673,2.047302
0.054927,0.035310,2.048240,2.047673
0.060820,0.044313,2.048629,2.048240
0.047615,0.030131,2.048573,2.048629
0.049661,0.012703,2.048282,2.048573
0.044910,0.030293,2.048246,2.048282
0.050321,0.039183,2.047752,2.048246
0.043747,0.009792,2.047628,2.047752
0.148695,0.026362,2.033959,2.047628
0.178387,0.045727,2.010578,2.033959
0.164900,0.078247,1.958682,2.010578
0.064016,0.181213,1.885328,1.958682
0.119141,0.318702,1.779269,1.885328
0.361441,0.369018,1.643909,1.779269
0.357394,0.441083,1.546331,1.643909
0.383065,0.619664,1.467976,1.546331
0.629462,0.600045,1.392242,1.467976
0.434696,0.603641,1.316846,1.392242
0.586583,0.880979,1.207564,1.316846
0.587073,0.738565,1.039614,1.207564
0.628576,0.837374,0.879791,1.039614
0.742883,0.966916,0.719573,0.879791
1.144949,0.828453,0.551869,0.719573
1.029483,0.816552,0.432893,0.551869
0.881714,0.956169,0.333160,0.432893
1.016391,0.774428,0.243955,0.333160
0.769207,0.947716,0.186333,0.243955
0.895121,0.915833,0.134374,0.186333
0.847431,0.826301,0.103937,0.134374
0.667292,0.933496,0.092491,0.103937
0.845749,0.771767,0.088061,0.092491
0.680866,0.804033,0.086081,0.088061
0.692970,0.963217,0.083110,0.086081
0.877340,0.795797,0.076563,0.083110
0.743095,0.819762,0.069994,0.076563
0.768554,0.963627,0.064195,0.069994
1.004056,0.843533,0.059836,0.064195
0.797265,0.836393,0.058836,0.059836
0.937611,0.979257,0.059157,0.058836
0.985929,0.786263,0.059482,0.059157
0.783119,0.826924,0.059778,0.059482
0.843120,0.993368,0.060313,0.059778
0.993316,0.795526,0.060674,0.060313
0.801452,0.837870,0.061088,0.060674
0.809582,0.993989,0.061189,0.061088
1.016197,0.845707,0.060537,0.061189
0.808597,0.829420,0.059724,0.060537
0.804688,0.980521,0.058807,0.059724
0.998689,0.813555,0.057691,0.058807
0.802842,1.028065,0.057123,0.057691
1.006188,0.968961,0.056999,0.057123
1.014456,0.841687,0.057268,0.056999
0.799838,0.963581,0.057766,0.057268
0.988779,0.818796,0.058563,0.057766
0.790714,0.880388,0.059182,0.058563
0.937079,0.981483,0.059534,0.059182
0.832518,0.815938,0.059543,0.059534
0.931339,0.817336,0.059572,0.059543
0.837844,0.974256,0.057138,0.059572
0.966755,0.825353,0.014400,0.057138
0.952921,1.008646,0.052486,0.014400
1.142051,0.905993,0.107093,0.052486
1.004862,0.766338,0.126372,0.107093
0.815846,0.773691,0.129845,0.126372
0.835032,0.620640,0.125879,0.129845
0.605154,0.561437,0.118969,0.125879
0.547172,0.628579,0.110377,0.118969
0.616030,0.470326,0.099697,0.110377
0.449134,0.463417,0.091419,0.099697
0.410780,0.495573,0.084668,0.091419
0.482210,0.376655,0.079818,0.084668
0.360436,0.372613,0.078144,0.079818
0.334538,0.390487,0.072837,0.078144
0.362143,0.288621,0.048778,0.072837
0.206490,0.323119,0.055278,0.048778
0.279327,0.336481,0.088309,0.055278
0.470247,0.254129,0.179265,0.088309
0.423300,0.257908,0.259149,0.179265
0.421777,0.283080,0.308990,0.259149
0.313234,0.215990,0.298256,0.308990
0.283811,0.273930,0.255453,0.298256
0.401193,0.382076,0.267659,0.255453
0.392342,0.298501,0.360334,0.267659
0.211430,0.344620,0.468469,0.360334
0.240463,0.491328,0.592384,0.468469
0.265383,0.460636,0.735331,0.592384
0.266220,0.593721,0.857294,0.735331
0.349648,0.796153,0.979654,0.857294
0.580847,0.720220,1.114096,0.979654
0.605979,0.788072,1.211897,1.114096
0.853523,0.954254,1.294631,1.211897
0.961843,0.773835,1.372682,1.294631
0.762938,0.825398,1.426104,1.372682
0.753135,0.949577,1.471854,1.426104
0.820580,0.795759,1.516357,1.471854
0.633308,0.793355,1.547041,1.516357
0.653516,0.930374,1.571569,1.547041
0.844340,0.789387,1.589765,1.571569
0.702118,0.795107,1.595238,1.589765
0.732412,0.977215,1.590945,1.595238
0.950891,0.802432,1.577468,1.590945
0.776541,0.807141,1.564791,1.577468
0.782719,0.977844,1.554597,1.564791
0.983333,0.800050,1.548405,1.554597
0.792957,0.842518,1.547835,1.548405
0.931426,0.934498,1.550296,1.547835
0.991015,0.807419,1.554636,1.550296
0.792783,0.858883,1.557782,1.554636
0.851781,0.974138,1.559908,1.557782
1.001625,0.796509,1.560671,1.559908
0.798879,0.848091,1.560202,1.560671
0.798915,0.957793,1.559138,1.560202
1.005016,0.811707,1.557762,1.559138
0.804704,0.829961,1.556817,1.557762
0.811375,0.983349,1.556270,1.556817
1.007469,0.821741,1.556233,1.556270
0.818890,0.831291,1.556453,1.556233
0.814071,0.983138,1.556640,1.556453
1.014486,0.821513,1.556869,1.556640
0.800933,0.863788,1.557055,1.556869
0.946385,0.971017,1.557275,1.557055
0.995517,0.834014,1.557668,1.557275
0.809695,0.837401,1.558327,1.557668
0.857616,0.985374,1.559149,1.558327
0.999530,0.812002,1.560432,1.559149
0.795310,0.829688,1.561615,1.560432
0.790552,1.013894,1.562783,1.561615
1.006305,0.812731,1.563832,1.562783
0.811772,0.837544,1.563609,1.563832
0.880601,0.973379,1.563982,1.563609
1.188812,0.791827,1.566739,1.563982
0.923332,0.789096,1.568324,1.566739
0.847072,0.833215,1.569160,1.568324
0.908880,0.629826,1.569812,1.569160
0.646788,0.618778,1.570554,1.569812
0.685951,0.651086,1.571930,1.570554
0.641089,0.490146,1.574434,1.571930
0.479715,0.490692,1.577095,1.574434
0.471239,0.488979,1.580056,1.577095
0.506075,0.418451,1.583432,1.580056
0.365134,0.404925,1.585932,1.583432
0.341569,0.410607,1.588090,1.585932
0.389382,0.329855,1.588953,1.588090
0.225589,0.305265,1.589623,1.588953
0.220145,0.359241,1.587670,1.589623
0.452610,0.286498,1.576970,1.587670
0.406240,0.266870,1.559551,1.576970
0.395026,0.296623,1.528878,1.559551
0.415654,0.221997,1.466581,1.528878
0.262173,0.271571,1.400890,1.466581
0.324061,0.311868,1.321435,1.400890
0.377138,0.334127,1.221403,1.321435
0.278641,0.354446,1.136783,1.221403
0.328068,0.435562,1.046234,1.136783
0.509856,0.460839,0.919285,1.046234
0.503043,0.543465,0.798447,0.919285
0.545617,0.724871,0.660509,0.798447
0.847031,0.694773,0.495860,0.660509
0.768475,0.748936,0.373440,0.495860
0.858231,0.946978,0.267376,0.373440
1.143975,0.742788,0.174583,0.267376
0.889548,0.800369,0.121880,0.174583
0.843160,0.946365,0.084007,0.121880
0.956533,0.787246,0.063356,0.084007
0.714514,0.787437,0.064848,0.063356
0.817183,0.901090,0.072504,0.064848
0.867696,0.755126,0.079061,0.072504
0.710856,0.807625,0.080230,0.079061
0.775716,0.948507,0.078500,0.080230
0.958194,0.980486,0.076219,0.078500
0.973997,0.969788,0.075728,0.076219
0.923885,0.804091,0.076203,0.075728
0.841935,0.826447,0.075920,0.076203
0.799218,0.969911,0.074446,0.075920
1.006635,0.837115,0.072125,0.074446
0.810119,0.845652,0.070238,0.072125
0.800249,0.952956,0.068804,0.070238
0.987297,0.815930,0.067173,0.068804
0.781013,0.851531,0.066114,0.067173
0.784454,0.989952,0.065475,0.066114
0.986097,0.812241,0.065007,0.065475
0.784449,0.822326,0.064463,0.065007
0.933364,0.991113,0.063906,0.064463
0.833390,0.839910,0.063658,0.063906
0.939159,0.874518,0.063450,0.063658
0.856335,0.991060,0.062894,0.063450
0.960478,0.801932,0.061183,0.062894
0.862331,1.008623,0.059827,0.061183
1.008296,0.976391,0.058773,0.059827
0.959172,0.856490,0.058208,0.058773
0.845587,0.994983,0.058124,0.058208
0.977153,0.807281,0.058356,0.058124
0.776414,0.851543,0.058617,0.058356
0.780701,0.982645,0.059114,0.058617
0.977770,0.817250,0.059906,0.059114
0.789113,0.833527,0.060663,0.059906
0.795778,0.969615,0.061280,0.060663
0.967899,0.841002,0.033752,0.061280
0.826050,0.831919,0.027486,0.033752
0.874198,0.928579,0.086600,0.027486
1.095510,0.760525,0.118872,0.086600
0.825200,0.712766,0.127142,0.118872
0.849728,0.770426,0.126840,0.127142
0.812272,0.603591,0.120493,0.126840
0.589475,0.550664,0.113104,0.120493
0.555373,0.623876,0.104911,0.113104
0.588491,0.444495,0.096001,0.104911
0.436219,0.475232,0.089924,0.096001
0.409847,0.492921,0.084853,0.089924
0.470791,0.351192,0.080053,0.084853
0.350005,0.349529,0.076284,0.080053
0.324013,0.384402,0.052560,0.076284
0.289565,0.306652,0.024863,0.052560
0.206127,0.285185,0.057105,0.024863
0.301311,0.316166,0.140996,0.057105
0.529778,0.250685,0.246251,0.140996
0.426930,0.240515,0.317536,0.246251
0.458697,0.292661,0.342186,0.317536
0.490534,0.239516,0.325592,0.342186
0.460160,0.328932,0.336531,0.325592
0.466699,0.356530,0.408371,0.336531
0.330890,0.348988,0.529754,0.408371
0.118102,0.375712,0.656225,0.529754
0.127749,0.518696,0.790971,0.656225
0.447972,0.542788,0.948787,0.790971
0.502372,0.588909,1.076895,0.948787
0.549487,0.802722,1.193495,1.076895
0.872247,0.733866,1.299369,1.193495
0.772701,0.808340,1.364302,1.299369
0.846979,0.962020,1.416394,1.364302
1.197181,0.791611,1.467642,1.416394
0.896858,0.803882,1.503665,1.467642
0.957970,0.939088,1.534829,1.503665
0.895583,0.773305,1.563779,1.534829
0.682854,0.786190,1.581063,1.563779
0.725519,0.933485,1.590588,1.581063
0.890000,0.949725,1.589243,1.590588
0.942197,0.955589,1.576416,1.589243
0.928165,0.949720,1.561275,1.576416
0.996002,0.967537,1.549900,1.561275
0.993471,0.828394,1.545080,1.549900
0.795551,0.833990,1.545480,1.545080
0.847627,0.968899,1.548543,1.545480
0.998784,0.819255,1.553356,1.548543
0.790987,0.846922,1.556918,1.553356
0.785554,0.970226,1.559319,1.556918
0.976268,0.804978,1.560352,1.559319
0.788561,0.860052,1.560028,1.560352
0.792077,0.945840,1.559157,1.560028
0.994601,0.821166,1.558225,1.559157
0.794911,0.857300,1.557739,1.558225
0.796336,0.993521,1.557548,1.557739
0.997798,0.825814,1.557665,1.557548
0.802484,0.828601,1.557974,1.557665
0.953582,0.973994,1.558417,1.557974
1.004087,0.816086,1.558938,1.558417
0.810802,0.834894,1.559398,1.558938
0.859336,1.017904,1.559889,1.559398
1.015039,0.830281,1.560299,1.559889
0.809713,0.819408,1.560531,1.560299
0.807723,1.014341,1.560708,1.560531
1.021886,0.802998,1.560808,1.560708
0.818132,0.865848,1.560751,1.560808
0.823130,0.980683,1.560589,1.560751
1.030001,0.988211,1.560326,1.560589
1.016461,0.960775,1.559929,1.560326
1.030931,0.809104,1.558731,1.559929
0.910385,0.814178,1.559508,1.558731
0.940835,0.954278,1.562525,1.559508
1.095965,0.715167,1.565176,1.562525
0.761796,0.726368,1.566260,1.565176
0.789491,0.752128,1.567157,1.566260
0.641565,0.591783,1.568558,1.567157
0.654946,0.553741,1.570308,1.568558
0.535861,0.579637,1.572681,1.570308
0.566674,0.458700,1.575650,1.572681
0.464138,0.452928,1.577511,1.575650
0.414522,0.477922,1.578444,1.577511
0.477224,0.383990,1.578211,1.578444
0.355774,0.331503,1.577066,1.578211
0.306941,0.376440,1.574533,1.577066
0.247747,0.275305,1.572192,1.574533
0.263192,0.316332,1.566847,1.572192
0.362015,0.351786,1.555381,1.566847
0.502009,0.239939,1.531692,1.555381
0.374383,0.229106,1.491743,1.531692
0.348021,0.298884,1.433223,1.491743
0.370191,0.265245,1.348224,1.433223
0.564656,0.313155,1.266703,1.348224
0.522932,0.372003,1.178102,1.266703
0.513968,0.322732,1.075735,1.178102
0.349633,0.393075,0.983645,1.075735
0.116331,0.567833,0.870583,0.983645
0.205118,0.575607,0.722753,0.870583
0.229653,0.657931,0.585370,0.722753
0.379751,0.869296,0.449677,0.585370
0.652046,0.752815,0.313504,0.449677
0.652742,0.814283,0.220367,0.313504
0.745746,0.916026,0.152615,0.220367
0.985096,0.823303,0.100377,0.152615
0.745338,0.799074,0.071492,0.100377
0.811236,0.917135,0.058776,0.071492
0.697917,0.780937,0.062837,0.058776
0.806406,0.800526,0.070160,0.062837
0.748396,0.945409,0.075065,0.070160
0.858193,0.793646,0.075778,0.075065
0.795834,0.858011,0.074368,0.075778
0.758546,0.959448,0.073601,0.074368
0.944178,0.832193,0.074136,0.073601
0.777909,0.807605,0.074272,0.074136
0.783934,0.964665,0.072895,0.074272
0.981656,0.833060,0.070011,0.072895
0.787457,0.839693,0.067109,0.070011
0.787289,0.942751,0.065080,0.067109
0.992207,0.799547,0.064158,0.065080
0.789990,1.028129,0.063993,0.064158
0.986077,0.954744,0.063934,0.063993
0.999053,0.809870,0.064243,0.063934
0.798627,0.982208,0.064633,0.064243
0.992899,0.797797,0.064975,0.064633
0.804693,0.812868,0.064881,0.064975
0.956566,0.982944,0.064707,0.064881
1.006435,0.845356,0.064643,0.064707
0.806302,0.960629,0.064200,0.064643
1.000014,1.012123,0.063270,0.064200
0.994663,0.858351,0.062566,0.063270
0.839211,1.023606,0.062192,0.062566
0.942653,0.843697,0.062195,0.062192
0.846107,0.838320,0.062121,0.062195
0.794865,0.972161,0.061697,0.062121
0.996088,0.826447,0.060959,0.061697
0.794968,0.861936,0.060435,0.060959
0.793791,0.972047,0.060367,0.060435
0.995421,0.804844,0.060745,0.060367
0.791982,0.828149,0.057069,0.060745
0.807369,0.965219,0.021884,0.057069
1.137623,0.800994,0.060687,0.021884
0.950429,0.806775,0.105505,0.060687
1.029647,0.888977,0.123914,0.105505
0.796207,0.678416,0.126961,0.123914
0.790173,0.625907,0.122211,0.126961
0.635987,0.712683,0.114405,0.122211
0.633154,0.522975,0.104043,0.114405
0.507135,0.608794,0.095740,0.104043
0.539538,0.547422,0.087351,0.095740
0.493142,0.426094,0.081085,0.087351
0.410044,0.462067,0.077076,0.081085
0.451186,0.344398,0.073890,0.077076
0.339898,0.329604,0.058916,0.073890
0.264334,0.385290,0.014511,0.058916
0.251814,0.276057,0.045381,0.014511
0.323326,0.269146,0.126863,0.045381
0.422918,0.318309,0.215182,0.126863
0.513507,0.265937,0.302454,0.215182
0.341082,0.241808,0.324775,0.302454
0.331653,0.323338,0.303494,0.324775
0.546164,0.274578,0.293679,0.303494
0.506833,0.326003,0.357388,0.293679
0.467947,0.402186,0.456031,0.357388
0.369158,0.364644,0.598923,0.456031
0.247281,0.444661,0.723520,0.598923
0.311691,0.625966,0.852047,0.723520
0.452812,0.645343,1.000986,0.852047
0.536408,0.686183,1.117005,1.000986
0.705447,0.851894,1.220466,1.117005
1.070484,0.777912,1.316388,1.220466
0.917433,0.793133,1.379540,1.316388
0.926218,0.962702,1.433051,1.379540
1.129763,0.781694,1.483858,1.433051
0.804969,0.827430,1.518475,1.483858
0.752717,0.905537,1.547495,1.518475
0.883332,0.764861,1.573040,1.547495
0.708725,0.804307,1.586716,1.573040
0.863010,0.959802,1.591908,1.586716
0.920048,0.774856,1.586148,1.591908
0.752088,0.804313,1.575042,1.586148
0.803555,0.959876,1.562899,1.575042
0.963772,0.806239,1.552156,1.562899
0.794215,0.815027,1.547633,1.552156
0.789763,0.976564,1.546920,1.547633
0.993074,0.804207,1.549477,1.546920
0.789584,0.850756,1.552650,1.549477
0.792384,0.952702,1.555540,1.552650
0.980786,0.834120,1.557569,1.555540
0.790614,0.829366,1.558056,1.557569
0.792903,0.976163,1.557680,1.558056
0.995505,0.814547,1.556775,1.557680
0.793314,0.851362,1.556090,1.556775
0.949981,0.956255,1.555715,1.556090
1.008919,0.828758,1.555762,1.555715
0.804703,0.846910,1.556113,1.555762
0.852257,0.986094,1.556672,1.556113
0.992032,0.808550,1.557384,1.556672
0.790739,0.869926,1.557889,1.557384
0.790616,0.973713,1.558241,1.557889
1.001341,0.799597,1.558382,1.558241
0.801317,0.855870,1.558181,1.558382
0.802262,0.990864,1.557757,1.558181
1.009231,0.819234,1.557099,1.557757
0.805404,0.817375,1.556554,1.557099
0.808691,0.978311,1.556249,1.556554
1.003112,0.834798,1.556314,1.556249
0.798934,0.814149,1.556859,1.556314
0.937819,0.952667,1.557554,1.556859
1.027146,0.831812,1.558002,1.557554
0.911179,0.813076,1.560634,1.558002
1.023245,0.930991,1.564146,1.560634
1.068681,0.710613,1.566844,1.564146
0.742662,0.687492,1.568255,1.566844
0.658818,0.738114,1.569440,1.568255
0.734858,0.576010,1.570899,1.569440
0.540871,0.572660,1.572267,1.570899
0.501681,0.567758,1.573499,1.572267
0.568181,0.470838,1.574477,1.573499
0.428480,0.458549,1.574697,1.574477
0.406637,0.473729,1.574455,1.574697
0.469541,0.381414,1.573949,1.574455
0.353008,0.360920,1.572990,1.573949
0.369563,0.381178,1.570905,1.572990
0.270445,0.312102,1.570788,1.570905
0.271572,0.293768,1.581149,1.570788
0.448628,0.316677,1.608997,1.581149
0.556397,0.221846,1.662499,1.608997
0.395182,0.250883,1.717509,1.662499
0.303128,0.312447,1.769215,1.717509
0.453996,0.269123,1.832264,1.769215
0.436124,0.282540,1.905836,1.832264
0.367806,0.370924,1.998048,1.905836
0.362112,0.358350,2.120340,1.998048
0.312359,0.378710,2.240072,2.120340
0.328609,0.534167,2.374789,2.240072
0.521124,0.524118,2.538679,2.374789
0.578930,0.637159,2.670162,2.538679
0.928649,0.848191,2.786214,2.670162
1.163749,0.779130,2.890203,2.786214
1.005353,0.796848,2.954406,2.890203
1.121570,0.945826,3.006010,2.954406
1.253514,0.777609,3.054943,3.006010
0.900351,0.783865,3.088781,3.054943
0.819556,0.932399,3.117738,3.088781
0.963318,0.758400,3.140817,3.117738
0.741357,0.793649,3.127361,3.140817
0.719670,0.946145,3.122190,3.127361
0.898689,0.749955,3.127566,3.122190
0.713877,0.821013,3.138144,3.127566
0.722030,0.947964,3.134999,3.138144
0.903806,0.802500,3.124156,3.134999
0.736882,0.803188,3.119487,3.124156
0.926043,0.955403,3.118748,3.119487
0.982651,0.797345,3.121281,3.118748
0.796081,0.829813,3.124649,3.121281
0.844955,0.969997,3.127969,3.124649
0.993075,0.816988,3.130521,3.127969
0.810570,0.849529,3.131252,3.130521
0.806410,0.958364,3.131044,3.131252
1.003913,0.840971,3.130120,3.131044
0.795975,0.847487,3.129238,3.130120
0.789980,0.959814,3.128591,3.129238
0.987496,0.813087,3.128329,3.128591
0.789342,0.866754,3.128443,3.128329
0.803338,0.980461,3.128703,3.128443
0.620950,0.811262,3.129051,3.128703
0.672634,0.822483,3.129390,3.129051
0.892647,1.001361,3.129621,3.129390
0.826715,0.850101,3.129773,3.129621
0.934263,0.847580,3.129732,3.129773
0.832408,0.972165,3.129570,3.129732
0.939422,0.820788,3.129317,3.129570
0.831716,0.849562,3.129299,3.129317
0.788373,0.969147,3.129471,3.129299
0.973200,0.824763,3.129841,3.129471
0.783380,0.828086,3.130196,3.129841
0.778736,1.010004,3.130360,3.130196
0.905598,0.842208,3.130308,3.130360
0.783207,0.805021,3.131864,3.130308
0.851691,0.935989,3.134091,3.131864
1.063285,0.723961,3.135216,3.134091
0.758922,0.687004,3.135015,3.135216
0.824505,0.804619,3.134431,3.135015
0.677285,0.592350,3.133931,3.134431
0.665346,0.558202,3.133900,3.133931
0.530875,0.623772,3.134078,3.133900
0.543746,0.486009,3.134300,3.134078
0.454219,0.450860,3.134275,3.134300
0.394034,0.443393,3.133869,3.134275
0.457461,0.368174,3.132881,3.133869
0.341755,0.331052,3.131711,3.132881
0.313610,0.390084,3.130455,3.131711
0.359408,0.281427,3.129350,3.130455
0.266705,0.257409,3.129349,3.129350
0.243263,0.288672,3.130150,3.129349
0.280894,0.210058,3.131361,3.130150
0.206250,0.192692,3.132069,3.131361
0.230272,0.211064,3.132417,3.132069
0.169904,0.144373,3.132361,3.132417
0.148296,0.112150,3.131966,3.132361
0.097704,0.167019,3.131444,3.131966
0.082931,0.109092,3.130994,3.131444
0.069515,0.124411,3.130797,3.130994
0.066222,0.065362,3.130776,3.130797
0.058880,0.083191,3.130885,3.130776
0.035200,0.053864,3.131049,3.130885
0.031536,0.056898,3.131282,3.131049
0.050986,0.023645,3.131514,3.131282
0.044287,0.020171,3.131645,3.131514
0.043986,0.072599,3.131743,3.131645
0.055175,0.014766,3.131760,3.131743
0.000000,0.039450,3.131448,3.131760
0.000000,0.033264,3.131362,3.131448
0.000000,0.024323,3.131561,3.131362
0.000000,0.000000,0.000000,0.000000
0.000000,0.016855,2.053314,0.000000
0.000000,0.022462,2.051342,2.053314
0.022304,0.040499,2.055257,2.051342
0.030072,0.034032,2.062750,2.055257
0.020772,0.017291,2.066630,2.062750
0.000000,0.029768,2.066587,2.066630
0.000000,0.003691,2.068616,2.066587
0.000000,0.010666,2.071964,2.068616
0.000000,0.015229,2.074184,2.071964
0.000000,0.041824,2.073004,2.074184
0.000000,0.013036,2.072944,2.073004
0.000000,0.043895,2.073423,2.072944
0.000000,0.051113,2.073916,2.073423
0.000000,0.013594,2.073971,2.073916
0.000000,0.020817,2.073770,2.073971
0.000000,0.029875,2.072723,2.073770
0.000000,0.013577,2.072130,2.072723
0.035099,0.026764,2.066375,2.072130
0.029480,0.026781,2.065893,2.066375
0.042834,0.050560,2.065008,2.065893
0.083704,0.020774,2.063346,2.065008
0.087352,0.044891,2.062863,2.063346
0.101185,0.063951,2.063742,2.062863
0.136239,0.031549,2.065672,2.063742
0.110191,0.011831,2.067809,2.065672
0.129120,0.011307,2.070212,2.067809
0.122575,0.033456,2.072352,2.070212
0.081075,0.020927,2.074538,2.072352
0.074512,0.052024,2.075626,2.074538
0.069271,0.058898,2.073108,2.075626
0.048763,0.019591,2.069407,2.073108
0.054638,0.058167,2.065928,2.069407
0.047588,0.003209,2.062408,2.065928
0.036003,0.034161,2.061502,2.062408
0.047133,0.062102,2.061861,2.061502
0.069923,0.028409,2.060745,2.061861
0.153517,0.064012,2.036325,2.060745
0.188318,0.058495,1.993476,2.036325
0.140147,0.170497,1.926324,1.993476
0.077869,0.259023,1.823073,1.926324
0.320740,0.341204,1.685298,1.823073
0.403273,0.414532,1.587105,1.685298
0.488971,0.554155,1.511901,1.587105
0.654019,0.559509,1.438269,1.511901
0.472471,0.645064,1.364246,1.438269
0.516459,0.826843,1.257751,1.364246
0.670451,0.752375,1.097272,1.257751
0.692171,0.793085,0.941929,1.097272
0.491794,0.977739,0.779282,0.941929
0.901446,0.817485,0.606636,0.779282
0.915680,0.823562,0.481464,0.606636
0.928854,0.975324,0.373950,0.481464
1.098674,0.790956,0.274574,0.373950
0.846061,0.823827,0.208405,0.274574
0.925457,0.934889,0.154814,0.208405
0.898590,0.790039,0.112649,0.154814
0.685779,0.796747,0.093765,0.112649
0.712170,0.933829,0.086825,0.093765
0.831112,0.799591,0.086292,0.086825
0.674270,0.827956,0.086022,0.086292
0.680858,0.937307,0.083204,0.086022
0.876654,0.795121,0.076372,0.083204
0.756339,0.835868,0.069825,0.076372
0.780977,0.992623,0.063799,0.069825
0.998569,0.792198,0.058926,0.063799
0.791570,0.823209,0.057849,0.058926
0.798414,0.979543,0.058317,0.057849
0.994938,0.834157,0.059117,0.058317
0.794126,0.823290,0.059724,0.059117
0.941268,0.986457,0.060590,0.059724
0.976874,0.834260,0.060982,0.060590
0.783178,0.851505,0.060748,0.060982
0.847674,0.965062,0.060312,0.060748
0.991127,0.997001,0.059645,0.060312
0.980851,0.974418,0.059373,0.059645
0.949940,0.819926,0.059368,0.059373
0.847626,0.822273,0.058847,0.059368
0.804602,1.000899,0.058059,0.058847
1.005358,0.848104,0.057473,0.058059
0.795631,0.842795,0.057334,0.057473
0.788261,1.005234,0.057695,0.057334
0.983523,0.827239,0.058309,0.057695
0.780461,0.824699,0.058628,0.058309
0.779506,0.964186,0.059033,0.058628
0.978045,0.980323,0.059323,0.059033
0.972597,0.978639,0.059865,0.059323
1.006692,0.830161,0.028525,0.059865
0.863915,0.826204,0.033734,0.028525
0.911891,0.942844,0.090043,0.033734
1.098270,0.745802,0.118759,0.090043
0.819304,0.708512,0.125033,0.118759
0.857577,0.785551,0.123760,0.125033
0.795172,0.594066,0.117591,0.123760
0.579119,0.606759,0.110931,0.117591
0.555945,0.601560,0.103983,0.110931
0.594777,0.563235,0.096974,0.103983
0.547541,0.497769,0.091319,0.096974
0.487031,0.396057,0.086807,0.091319
0.397007,0.369611,0.083833,0.086807
0.337537,0.401200,0.080106,0.083833
0.361794,0.300066,0.049076,0.080106
0.210306,0.319435,0.046672,0.049076
0.238393,0.322747,0.095060,0.046672
0.452217,0.253926,0.186816,0.095060
0.381642,0.267389,0.263614,0.186816
0.314620,0.282341,0.303979,0.263614
0.332382,0.214307,0.284532,0.303979
0.327625,0.269327,0.246537,0.284532
0.469677,0.361224,0.275600,0.246537
0.349482,0.302361,0.378114,0.275600
0.316301,0.372429,0.489207,0.378114
0.297863,0.477115,0.614419,0.489207
0.435540,0.487728,0.757660,0.614419
0.604249,0.580037,0.880166,0.757660
0.726767,0.743772,1.003186,0.880166
1.101313,0.712272,1.136579,1.003186
0.946082,0.799065,1.230452,1.136579
0.976544,0.945449,1.308315,1.230452
1.138859,0.762361,1.383109,1.308315
0.828708,0.821537,1.435516,1.383109
0.762353,0.928355,1.480956,1.435516
0.879780,0.762131,1.524342,1.480956
0.661790,0.775994,1.553072,1.524342
0.776111,0.916636,1.574992,1.553072
0.695863,0.764696,1.590016,1.574992
0.814251,0.794276,1.592805,1.590016
0.768915,0.950271,1.586443,1.592805
0.896490,0.821814,1.572154,1.586443
0.825509,0.824212,1.559823,1.572154
0.779345,0.978992,1.550308,1.559823
0.972640,0.793651,1.545207,1.550308
0.743741,0.838912,1.545372,1.545207
0.771158,0.959462,1.547907,1.545372
0.993374,0.827976,1.552037,1.547907
0.803598,0.839762,1.555101,1.552037
0.801656,0.954129,1.557164,1.555101
0.991463,0.810253,1.558060,1.557164
0.791300,0.844946,1.557636,1.558060
0.941819,0.984828,1.556699,1.557636
0.854700,0.821873,1.555523,1.556699
0.973225,0.851970,1.554833,1.555523
0.862358,0.992063,1.554567,1.554833
0.955061,0.823712,1.554787,1.554567
0.857689,0.832842,1.555315,1.554787
0.804908,1.016041,1.555873,1.555315
1.010636,0.835349,1.556315,1.555873
0.803767,0.838228,1.556585,1.556315
0.806173,0.987659,1.556685,1.556585
1.011503,0.808553,1.556675,1.556685
0.808238,0.838581,1.556668,1.556675
0.805988,0.969937,1.556909,1.556668
0.994706,0.818605,1.557488,1.556909
0.796467,0.849823,1.558177,1.557488
0.936366,0.971518,1.559003,1.558177
0.850830,0.825618,1.559806,1.559003
0.958791,0.855726,1.559463,1.559806
0.927991,0.951092,1.559806,1.559463
1.112755,0.775880,1.562719,1.559806
0.950650,0.799498,1.564440,1.562719
0.796575,0.850706,1.564960,1.564440
0.863798,0.627760,1.565068,1.564960
0.623672,0.597208,1.565402,1.565068
0.566035,0.684106,1.566237,1.565402
0.638592,0.503536,1.567960,1.566237
0.467399,0.473320,1.570066,1.567960
0.433100,0.522876,1.572755,1.570066
0.488668,0.397032,1.576627,1.572755
0.367312,0.393962,1.580432,1.576627
0.401131,0.424723,1.584613,1.580432
0.332085,0.311914,1.588905,1.584613
0.292642,0.299250,1.593403,1.588905
0.250557,0.322162,1.595934,1.593403
0.410481,0.264336,1.590408,1.595934
0.433458,0.321938,1.576509,1.590408
0.464571,0.292989,1.538967,1.576509
0.393756,0.248365,1.476390,1.538967
0.295794,0.307860,1.408516,1.476390
0.369990,0.300440,1.315815,1.408516
0.263988,0.312857,1.232636,1.315815
0.238237,0.363834,1.147514,1.232636
0.324048,0.404510,1.040821,1.147514
0.266814,0.470982,0.932883,1.040821
0.418375,0.669099,0.809897,0.932883
0.720000,0.643024,0.646385,0.809897
0.685851,0.727128,0.507635,0.646385
0.728158,0.873085,0.380611,0.507635
1.068011,0.770994,0.258151,0.380611
0.912786,0.820639,0.183843,0.258151
1.023319,0.960173,0.129151,0.183843
0.997744,0.795555,0.084501,0.129151
0.736901,0.801807,0.065950,0.084501
0.742263,0.890207,0.065117,0.065950
0.846410,0.795266,0.073564,0.065117
0.692107,0.796919,0.079207,0.073564
0.718999,0.942489,0.080308,0.079207
0.932056,0.812743,0.077291,0.080308
0.755471,0.802861,0.074714,0.077291
0.774773,0.936698,0.073594,0.074714
0.972993,0.802704,0.073551,0.073594
0.784269,0.819457,0.073461,0.073551
0.789150,0.962764,0.072919,0.073461
0.992485,0.801175,0.071908,0.072919
0.794054,0.854521,0.070618,0.071908
0.928277,0.966946,0.069482,0.070618
0.976995,0.985932,0.068837,0.069482
0.957944,0.999307,0.067977,0.068837
0.808768,0.784583,0.067113,0.067977
0.927022,0.847277,0.066930,0.067113
0.827812,0.987890,0.067196,0.066930
0.792289,0.807558,0.067630,0.067196
0.335890,0.863368,0.067517,0.067630
0.182398,0.985637,0.066632,0.067517
0.168133,0.841021,0.064970,0.066632
0.529562,0.854160,0.063575,0.064970
0.685976,0.966452,0.062181,0.063575
0.946921,0.829664,0.060637,0.062181
0.780704,0.864364,0.059839,0.060637
0.782515,0.973217,0.059286,0.059839
0.979205,0.808067,0.058352,0.059286
0.776153,0.797162,0.058076,0.058352
0.923975,0.998279,0.058865,0.058076
0.823000,0.814952,0.060863,0.058865
0.927522,0.877322,0.062354,0.060863
0.830866,0.981971,0.063427,0.062354
0.882341,0.809517,0.037346,0.063427
0.874724,0.833709,0.024713,0.037346
0.913207,0.959860,0.086525,0.024713
1.120496,0.748157,0.121338,0.086525
0.502383,0.706434,0.129803,0.121338
0.281825,0.757805,0.128934,0.129803
0.492983,0.597623,0.121647,0.128934
0.477455,0.570029,0.112963,0.121647
0.481774,0.638818,0.104082,0.112963
0.566917,0.472552,0.094666,0.104082
0.435910,0.461085,0.087797,0.094666
0.478173,0.482035,0.081950,0.087797
0.401808,0.361191,0.076427,0.081950
0.421980,0.359977,0.072473,0.076427
0.341442,0.385570,0.046906,0.072473
0.296088,0.271482,0.021052,0.046906
0.248227,0.298011,0.063822,0.021052
0.361602,0.352609,0.151728,0.063822
0.557012,0.232449,0.256528,0.151728
0.422774,0.237068,0.321789,0.256528
0.378879,0.284432,0.338109,0.321789
0.504945,0.269667,0.317894,0.338109
0.476457,0.283205,0.334609,0.317894
0.434524,0.393494,0.411403,0.334609
0.325391,0.360781,0.535808,0.411403
0.145460,0.363466,0.663378,0.535808
0.190085,0.530609,0.798075,0.663378
0.356918,0.527780,0.955695,0.798075
0.610911,0.610015,1.082525,0.955695
0.820681,0.809193,1.198056,1.082525
1.027699,0.731548,1.305302,1.198056
0.961003,0.809391,1.371124,1.305302
0.973893,0.972183,1.422730,1.371124
1.161878,0.799307,1.470977,1.422730
0.834831,0.799013,1.504264,1.470977
0.762007,0.955606,1.533748,1.504264
0.895806,0.773099,1.562390,1.533748
0.696590,0.772716,1.579932,1.562390
0.695892,0.909362,1.589686,1.579932
0.876386,0.761486,1.588356,1.589686
0.714640,0.808276,1.578056,1.588356
0.897532,0.955111,1.564490,1.578056
0.831835,0.816116,1.551210,1.564490
0.952641,0.845120,1.544907,1.551210
0.835689,0.964334,1.543222,1.544907
0.945049,1.005995,1.545676,1.543222
0.996481,0.967623,1.550439,1.545676
0.994562,0.812818,1.554909,1.550439
0.786256,0.850508,1.557479,1.554909
0.842250,0.977410,1.558694,1.557479
0.999431,0.806010,1.558576,1.558694
0.800479,0.865512,1.557807,1.558576
0.794173,0.989234,1.556955,1.557807
0.990430,0.806867,1.556171,1.556955
0.795510,0.836490,1.555844,1.556171
0.794716,0.943854,1.555748,1.555844
0.995205,0.808871,1.555914,1.555748
0.795972,1.026186,1.556282,1.555914
0.995343,0.982221,1.556905,1.556282
1.012120,0.868536,1.557414,1.556905
0.813066,0.998120,1.557773,1.557414
1.015291,0.825133,1.558262,1.557773
0.802552,0.822030,1.558731,1.558262
0.953170,0.984195,1.559323,1.558731
0.852345,0.837177,1.560132,1.559323
0.954452,0.844535,1.560944,1.560132
0.851941,0.997548,1.561803,1.560944
0.950548,0.828889,1.562619,1.561803
0.857366,0.836734,1.563278,1.562619
0.813134,0.990382,1.563179,1.563278
1.126611,0.823542,1.564305,1.563179
0.938843,0.788420,1.567222,1.564305
0.900696,0.874603,1.569255,1.567222
0.958541,0.678007,1.570324,1.569255
0.670460,0.780203,1.570921,1.570324
0.728303,0.658142,1.571300,1.570921
0.663398,0.558238,1.571254,1.571300
0.490934,0.625249,1.570973,1.571254
0.568542,0.447599,1.570626,1.570973
0.430105,0.423326,1.570344,1.570626
0.414855,0.437534,1.570065,1.570344
0.478662,0.383226,1.569549,1.570065
0.356647,0.356495,1.568495,1.569549
0.367474,0.370524,1.566720,1.568495
0.260414,0.318266,1.565361,1.566720
0.266548,0.302688,1.560065,1.565361
0.385669,0.309016,1.548303,1.560065
0.487420,0.268837,1.522386,1.548303
0.367845,0.209600,1.478101,1.522386
0.317482,0.275891,1.417694,1.478101
0.474743,0.284945,1.330581,1.417694
0.504700,0.309806,1.248678,1.330581
0.490649,0.376356,1.160980,1.248678
0.551853,0.349747,1.059126,1.160980
0.315803,0.437531,0.963957,1.059126
0.164524,0.550758,0.848402,0.963957
0.318889,0.579830,0.698436,0.848402
0.467437,0.652554,0.561130,0.698436
0.752197,0.845376,0.428150,0.561130
1.030429,0.782443,0.295817,0.428150
0.902327,0.815534,0.205406,0.295817
1.011689,0.940626,0.140964,0.205406
1.026404,0.801636,0.090841,0.140964
0.722692,0.811425,0.064992,0.090841
0.678905,0.929191,0.057051,0.064992
0.820183,0.778426,0.064875,0.057051
0.672228,0.781438,0.072929,0.064875
0.707633,0.930260,0.077871,0.072929
0.910714,0.816063,0.078566,0.077871
0.742449,0.814541,0.076703,0.078566
0.756226,0.955667,0.075132,0.076703
0.967825,0.793773,0.074956,0.075132
0.785041,0.810314,0.075047,0.074956
0.929653,0.963414,0.074270,0.075047
0.975502,0.815846,0.071983,0.074270
0.780130,0.849572,0.069342,0.071983
0.831188,0.975331,0.066767,0.069342
0.976619,0.810358,0.064965,0.066767
0.780932,0.837229,0.064102,0.064965
0.787833,1.002077,0.063858,0.064102
0.990025,0.822158,0.064130,0.063858
0.797793,0.867777,0.064420,0.064130
0.797844,0.946575,0.064152,0.064420
0.993297,0.820029,0.063269,0.064152
0.786871,0.858788,0.062848,0.063269
0.793190,1.002642,0.062836,0.062848
0.995529,0.816667,0.062475,0.062836
0.792529,1.006597,0.061902,0.062475
1.003057,0.987313,0.061215,0.061902
0.999065,0.827690,0.060422,0.061215
0.949161,1.001549,0.060075,0.060422
0.850571,0.820560,0.060326,0.060075
0.939636,0.843382,0.060714,0.060326
0.840629,0.983295,0.060907,0.060714
0.942875,0.823879,0.060815,0.060907
0.842260,0.849124,0.060714,0.060815
0.789678,0.937770,0.060831,0.060714
0.984890,0.831215,0.057031,0.060831
0.805910,0.826231,0.022062,0.057031
0.891531,0.977563,0.045941,0.022062
1.196435,0.768171,0.101623,0.045941
0.882247,0.786244,0.120242,0.101623
0.773166,0.803246,0.124988,0.120242
0.842552,0.639206,0.120824,0.124988
0.603335,0.701361,0.113513,0.120824
0.650620,0.654539,0.103623,0.113513
0.592764,0.495181,0.094661,0.103623
0.438682,0.530691,0.088291,0.094661
0.522008,0.430197,0.082301,0.088291
0.391223,0.373962,0.078210,0.082301
0.436320,0.427525,0.074664,0.078210
0.407754,0.371892,0.061654,0.074664
0.282979,0.339128,0.018798,0.061654
0.196808,0.313155,0.014878,0.018798
0.335758,0.288005,0.085998,0.014878
0.406307,0.299981,0.175741,0.085998
0.446403,0.302248,0.264509,0.175741
0.486785,0.235841,0.328041,0.264509
0.343950,0.266867,0.323336,0.328041
0.341232,0.288387,0.296566,0.323336
0.602914,0.299981,0.335417,0.296566
0.443395,0.328370,0.419385,0.335417
0.310116,0.395659,0.532349,0.419385
0.456092,0.390047,0.683793,0.532349
0.305140,0.500464,0.810209,0.683793
0.388816,0.675296,0.941901,0.810209
0.586396,0.658349,1.087485,0.941901
0.616838,0.711396,1.194407,1.087485
0.906467,0.913236,1.284330,1.194407
1.080317,0.804622,1.364835,1.284330
0.935385,0.811677,1.418438,1.364835
0.879890,0.935583,1.463666,1.418438
0.966096,0.764946,1.507348,1.463666
0.722316,0.784975,1.538053,1.507348
0.672213,0.924633,1.563955,1.538053
0.859292,0.774490,1.585182,1.563955
0.709021,0.791726,1.593767,1.585182
0.724897,0.933438,1.592591,1.593767
0.934870,0.791209,1.581135,1.592591
0.770143,0.807412,1.568541,1.581135
0.934015,0.983731,1.557334,1.568541
0.978921,0.818322,1.549343,1.557334
0.780381,0.807265,1.547314,1.549343
0.829150,0.978196,1.548552,1.547314
0.979165,0.813403,1.552350,1.548552
0.781156,0.827842,1.555740,1.552350
0.781987,0.969741,1.558375,1.555740
0.981498,0.831040,1.559890,1.558375
0.787139,0.828599,1.559907,1.559890
0.792724,0.981723,1.559206,1.559907
1.001683,0.814980,1.558130,1.559206
0.805880,0.831544,1.557389,1.558130
0.797975,0.959399,1.557030,1.557389
0.996230,0.811666,1.557109,1.557030
0.798535,0.861697,1.557442,1.557109
0.953238,0.984266,1.557934,1.557442
0.996835,0.821905,1.558504,1.557934
0.791723,0.820003,1.558894,1.558504
0.838463,0.994539,1.559206,1.558894
0.974896,0.840160,1.559404,1.559206
0.579522,0.858247,1.559528,1.559404
0.294734,1.001464,1.559663,1.559528
0.402688,0.813262,1.559809,1.559663
0.439226,0.853112,1.560061,1.559809
0.641696,0.965932,1.560529,1.560061
0.925533,1.008364,1.561401,1.560529
0.967043,0.973860,1.562372,1.561401
0.995643,0.795318,1.562500,1.562372
0.928310,0.844714,1.563876,1.562500
0.947919,0.939340,1.566392,1.563876
1.111211,0.729471,1.568108,1.566392
0.793609,0.703569,1.568655,1.568108
0.828249,0.774316,1.568829,1.568655
0.641335,0.582721,1.568834,1.568829
0.651001,0.531896,1.568926,1.568834
0.531683,0.624669,1.569193,1.568926
0.539459,0.484503,1.569700,1.569193
0.441659,0.433544,1.570512,1.569700
0.388274,0.481794,1.571916,1.570512
0.449593,0.379549,1.574624,1.571916
0.340841,0.365452,1.577801,1.574624
0.322553,0.372053,1.580711,1.577801
0.255012,0.315202,1.584956,1.580711
0.215705,0.287566,1.592358,1.584956
0.355748,0.317208,1.613322,1.592358
0.547151,0.257000,1.656907,1.613322
0.404717,0.253999,1.707109,1.656907
0.411196,0.318300,1.761876,1.707109
0.350046,0.223540,1.819786,1.761876
0.414763,0.299280,1.881841,1.819786
0.428222,0.344751,1.967077,1.881841
0.352907,0.289353,2.082513,1.967077
0.182878,0.391384,2.195315,2.082513
0.177325,0.561502,2.326113,2.195315
0.358026,0.486138,2.489454,2.326113
0.465878,0.599439,2.625549,2.489454
0.629609,0.792304,2.750844,2.625549
1.066261,0.707966,2.866126,2.750844
0.906376,0.789771,2.937113,2.866126
0.982908,0.921773,2.992456,2.937113
1.236656,0.778411,3.043653,2.992456
0.881011,0.820912,3.078712,3.043653
0.954257,0.933847,3.108819,3.078712
0.796520,0.770680,3.136604,3.108819
0.859687,0.789023,3.131960,3.136604
0.761317,0.918797,3.123840,3.131960
0.852529,0.771683,3.125731,3.123840
0.756764,0.763592,3.134673,3.125731
0.733968,0.962831,3.138705,3.134673
0.928313,0.812005,3.126880,3.138705
0.738981,0.837118,3.120847,3.126880
0.767599,0.945038,3.118738,3.120847
0.971856,0.798384,3.120363,3.118738
0.778611,0.825763,3.123404,3.120363
0.777918,0.951608,3.126787,3.123404
0.973420,0.786970,3.129748,3.126787
0.774561,0.871557,3.131063,3.129748
0.774623,0.960409,3.131356,3.131063
0.980354,0.826418,3.130814,3.131356
0.789913,0.848969,3.130122,3.130814
0.941852,0.951849,3.129544,3.130122
0.985906,0.852101,3.129236,3.129544
0.783688,0.838756,3.129258,3.129236
0.826323,0.991113,3.129535,3.129258
0.881443,0.816675,3.129979,3.129535
0.605808,0.860229,3.130388,3.129979
0.718579,0.991013,3.130747,3.130388
0.950809,0.804093,3.130978,3.130747
0.776607,0.803359,3.131056,3.130978
0.786135,1.011695,3.130917,3.131056
0.987547,1.028263,3.130796,3.130917
0.986079,0.995122,3.130909,3.130796
0.987508,0.837568,3.131031,3.130909
0.792570,0.841572,3.131095,3.131031
0.786990,0.974967,3.131321,3.131095
0.972922,0.848984,3.131624,3.131321
0.737878,0.828683,3.131742,3.131624
0.993756,0.968746,3.132594,3.131742
0.995062,0.801084,3.134674,3.132594
1.086187,0.731980,3.135875,3.134674
0.857310,0.833296,3.136128,3.135875
0.829437,0.640956,3.135824,3.136128
0.654775,0.629129,3.135380,3.135824
0.552301,0.666256,3.134674,3.135380
0.617468,0.531593,3.133398,3.134674
0.453262,0.469709,3.132008,3.133398
0.429461,0.508725,3.130618,3.132008
0.503642,0.399627,3.129231,3.130618
0.377465,0.374738,3.128590,3.129231
0.354755,0.436118,3.128505,3.128590
0.409241,0.317052,3.129130,3.128505
0.310018,0.327010,3.130266,3.129130
0.340375,0.309597,3.132068,3.130266
0.277440,0.269421,3.134629,3.132068
0.281498,0.205429,3.136260,3.134629
0.231793,0.239661,3.136984,3.136260
0.235340,0.166143,3.136826,3.136984
0.200672,0.197790,3.136089,3.136826
0.169588,0.164237,3.135094,3.136089
0.177557,0.109768,3.134019,3.135094
0.122651,0.136294,3.133480,3.134019
0.117091,0.102899,3.133269,3.133480
0.132845,0.064335,3.133482,3.133269
0.085966,0.057774,3.133769,3.133482
0.083423,0.090221,3.134096,3.133769
0.103327,0.064566,3.134379,3.134096
0.082990,0.056883,3.134540,3.134379
0.095821,0.055664,3.134591,3.134540
0.064256,0.014443,3.134579,3.134591
0.059477,0.004309,3.134568,3.134579
0.000000,0.007423,3.134741,3.134568
0.000000,0.025675,3.134747,3.134741
0.000000,0.007005,3.133247,3.134747
0.000000,0.000000,0.000000,0.000000
0.000000,0.015875,2.054954,0.000000
0.021870,0.045560,2.047462,2.054954
0.030936,0.032685,2.033261,2.047462
0.040599,0.044705,2.030406,2.033261
0.025308,0.050526,2.042624,2.030406
0.000000,0.036260,2.055436,2.042624
0.017605,0.017719,2.065761,2.055436
0.000000,0.021903,2.060562,2.065761
0.000000,0.028653,2.056970,2.060562
0.000000,0.059578,2.055510,2.056970
0.000000,0.028725,2.054851,2.055510
0.000000,0.012404,2.054680,2.054851
0.017787,0.017270,2.047412,2.054680
0.023626,0.059768,2.043489,2.047412
0.028857,0.008080,2.040070,2.043489
0.030875,0.017198,2.039639,2.040070
0.028423,0.046113,2.041326,2.039639
0.034828,0.044633,2.045183,2.041326
0.045666,0.043764,2.047879,2.045183
0.050531,0.040765,2.049462,2.047879
0.069922,0.017416,2.050680,2.049462
0.058977,0.031838,2.051009,2.050680
0.064208,0.043698,2.050872,2.051009
0.096697,0.026659,2.050362,2.050872
0.092400,0.010449,2.049331,2.050362
0.093846,0.026777,2.048659,2.049331
0.105434,0.047031,2.050781,2.048659
0.068848,0.036636,2.052866,2.050781
0.076615,0.034217,2.054054,2.052866
0.060630,0.017917,2.054254,2.054054
0.042490,0.032544,2.053415,2.054254
0.044031,0.043966,2.052525,2.053415
0.069803,0.033558,2.051277,2.052525
0.061172,0.044656,2.049613,2.051277
0.035984,0.055391,2.047330,2.049613
0.154962,0.057029,2.032325,2.047330
0.160668,0.056193,2.011946,2.032325
0.178814,0.098086,1.962307,2.011946
0.065460,0.184584,1.885130,1.962307
0.076012,0.303583,1.775967,1.885130
0.319758,0.378116,1.638872,1.775967
0.327249,0.450327,1.542818,1.638872
0.443411,0.595508,1.465077,1.542818
0.580334,0.581023,1.387911,1.465077
0.432159,0.654347,1.309991,1.387911
0.509717,0.873906,1.200045,1.309991
0.737847,0.742198,1.036517,1.200045
0.720391,0.794628,0.883130,1.036517
0.611610,0.977354,0.726834,0.883130
1.042930,0.797292,0.557293,0.726834
0.962808,0.831091,0.433112,0.557293
0.905474,0.949614,0.328541,0.433112
1.021946,0.785147,0.237012,0.328541
0.758987,0.813125,0.182185,0.237012
0.718506,0.923180,0.141744,0.182185
0.856479,0.768164,0.109949,0.141744
0.676820,0.825396,0.094049,0.109949
0.799193,0.940234,0.087681,0.094049
0.851272,0.789324,0.087379,0.087681
0.690276,0.813989,0.087759,0.087379
0.760044,0.953727,0.084720,0.087759
0.954306,0.826765,0.075055,0.084720
0.792669,0.835631,0.065651,0.075055
0.803319,0.974394,0.058457,0.065651
0.998576,0.796946,0.055860,0.058457
0.798058,0.832341,0.056430,0.055860
0.788442,0.966136,0.057692,0.056430
0.990522,0.819329,0.059113,0.057692
0.794595,0.822129,0.060186,0.059113
0.796300,0.955744,0.061030,0.060186
0.987659,0.829675,0.061402,0.061030
0.798562,0.849140,0.061681,0.061402
0.933915,1.000558,0.060847,0.061681
0.993887,0.813732,0.060303,0.060847
0.802098,0.999108,0.059863,0.060303
1.005999,0.989661,0.058941,0.059863
1.001275,0.843131,0.057794,0.058941
0.848590,0.968938,0.056728,0.057794
0.939791,0.831379,0.055675,0.056728
0.843434,0.839853,0.055509,0.055675
0.788680,0.994874,0.056224,0.055509
0.978874,0.811343,0.057954,0.056224
0.771769,0.842942,0.059930,0.057954
0.769630,0.949332,0.061736,0.059930
0.967704,0.836545,0.062992,0.061736
0.786381,0.853206,0.062419,0.062992
0.791230,0.963522,0.034490,0.062419
1.078787,0.798881,0.040798,0.034490
0.927545,0.796818,0.095526,0.040798
1.062964,0.917363,0.120969,0.095526
0.871491,0.715092,0.128366,0.120969
0.837775,0.636901,0.126014,0.128366
0.664161,0.729754,0.119884,0.126014
0.674347,0.539677,0.110858,0.119884
0.549976,0.527434,0.103182,0.110858
0.478378,0.579578,0.095903,0.103182
0.541954,0.431753,0.088516,0.095903
0.406493,0.405309,0.083944,0.088516
0.381569,0.427486,0.080863,0.083944
0.435340,0.329466,0.077705,0.080863
0.316081,0.396469,0.053462,0.077705
0.278187,0.350934,0.038221,0.053462
0.298866,0.273214,0.079013,0.038221
0.333310,0.302662,0.159459,0.079013
0.522076,0.322829,0.255744,0.159459
0.497222,0.284882,0.312901,0.255744
0.347800,0.241869,0.298816,0.312901
0.318019,0.327746,0.270873,0.298816
0.561379,0.356707,0.322879,0.270873
0.439350,0.341731,0.432108,0.322879
0.349467,0.415617,0.553731,0.432108
0.471136,0.450535,0.700780,0.553731
0.417014,0.504070,0.824230,0.700780
0.469717,0.736270,0.951179,0.824230
0.701553,0.678024,1.091535,0.951179
0.791031,0.760615,1.195064,1.091535
1.125511,0.914266,1.282758,1.195064
1.307892,0.769800,1.364473,1.282758
0.963266,0.805531,1.420549,1.364473
0.905955,0.939170,1.467497,1.420549
0.933736,0.798613,1.512224,1.467497
0.681675,0.783020,1.542907,1.512224
0.657418,0.930991,1.567329,1.542907
0.821666,0.751255,1.586109,1.567329
0.675559,0.806032,1.592821,1.586109
0.698854,0.927294,1.590157,1.592821
0.906260,0.768128,1.577482,1.590157
0.751275,0.821062,1.564385,1.577482
0.775512,0.954645,1.553138,1.564385
0.996440,0.795413,1.545548,1.553138
0.801418,0.827586,1.543930,1.545548
0.957468,1.013394,1.545570,1.543930
1.014820,0.826875,1.549613,1.545570
0.804282,0.863594,1.553191,1.549613
0.857848,0.973981,1.555979,1.553191
0.997809,0.815468,1.557741,1.555979
0.788775,0.865754,1.558231,1.557741
0.795517,0.969460,1.558262,1.558231
0.982981,0.817409,1.557958,1.558262
0.803383,0.829790,1.557821,1.557958
0.809913,0.964971,1.557827,1.557821
1.011909,0.806999,1.558091,1.557827
0.812838,0.847548,1.558420,1.558091
0.810080,0.986194,1.558777,1.558420
1.024536,0.834416,1.559127,1.558777
0.804078,0.814107,1.559428,1.559127
0.954409,1.006640,1.559722,1.559428
1.012434,0.832098,1.560057,1.559722
0.810122,0.845678,1.560330,1.560057
0.849080,0.964623,1.560488,1.560330
1.002166,0.816370,1.560510,1.560488
0.800277,0.811273,1.560469,1.560510
0.799437,1.001916,1.560472,1.560469
0.992944,0.829258,1.560516,1.560472
0.788478,0.835350,1.560512,1.560516
0.625582,0.978741,1.559975,1.560512
0.649381,0.782369,1.561919,1.559975
0.776995,0.786577,1.564775,1.561919
0.349320,0.876457,1.566281,1.564775
0.146497,0.693416,1.566625,1.566281
0.395597,0.628054,1.566644,1.566625
0.589998,0.723169,1.566705,1.566644
0.639509,0.529557,1.567398,1.566705
0.496646,0.514592,1.568891,1.567398
0.479547,0.555711,1.571446,1.568891
0.516896,0.404656,1.575525,1.571446
0.394098,0.377645,1.579563,1.575525
0.374707,0.455524,1.584066,1.579563
0.433677,0.350271,1.588967,1.584066
0.301056,0.347104,1.591959,1.588967
0.233121,0.388560,1.595299,1.591959
0.344436,0.299949,1.593186,1.595299
0.367385,0.281103,1.583159,1.593186
0.406601,0.283476,1.563804,1.583159
0.472979,0.219863,1.518041,1.563804
0.332581,0.239126,1.462091,1.518041
0.338262,0.280491,1.391218,1.462091
0.447982,0.310416,1.296475,1.391218
0.264490,0.333158,1.212423,1.296475
0.185450,0.416923,1.126144,1.212423
0.132605,0.377308,1.014228,1.126144
0.129701,0.500695,0.901061,1.014228
0.275025,0.652545,0.773307,0.901061
0.745866,0.665231,0.607440,0.773307
0.821330,0.734754,0.472270,0.607440
0.847787,0.909994,0.350055,0.472270
1.149066,0.793615,0.234601,0.350055
0.944512,0.821421,0.167480,0.234601
0.901654,0.981447,0.117632,0.167480
0.984459,0.749558,0.077277,0.117632
0.724316,0.777177,0.063202,0.077277
0.817739,0.931016,0.066705,0.063202
0.849857,0.760634,0.076214,0.066705
0.686915,0.944457,0.080915,0.076214
0.880479,0.930247,0.080744,0.080915
0.915030,0.764815,0.077617,0.080744
0.800394,0.962638,0.076320,0.077617
0.931319,0.800021,0.076764,0.076320
0.847672,0.797335,0.077020,0.076764
0.798063,0.966762,0.076249,0.077020
0.992304,0.820509,0.074764,0.076249
0.798573,0.811548,0.073300,0.074764
0.798192,0.953206,0.071873,0.073300
0.978509,0.840100,0.070501,0.071873
0.706576,0.837756,0.069751,0.070501
0.710742,0.964646,0.068912,0.069751
0.933833,0.816419,0.067981,0.068912
0.771734,0.839818,0.067274,0.067981
0.929364,0.998199,0.066304,0.067274
0.857720,0.852697,0.065059,0.066304
0.957621,0.854810,0.064433,0.065059
0.853950,0.984162,0.063857,0.064433
0.957332,0.795912,0.062888,0.063857
0.859605,0.862004,0.062170,0.062888
0.804393,0.971687,0.061614,0.062170
1.000187,0.822908,0.060819,0.061614
0.796491,1.013952,0.060229,0.060819
0.982412,0.971888,0.060075,0.060229
0.976949,0.847011,0.060251,0.060075
0.780997,1.019772,0.060751,0.060251
0.974771,0.853069,0.061390,0.060751
0.776780,0.837038,0.061537,0.061390
0.781829,1.016577,0.061186,0.061537
0.981481,0.808629,0.056646,0.061186
0.797727,0.795263,0.021207,0.056646
0.871662,0.988336,0.048127,0.021207
1.182812,0.809191,0.108931,0.048127
0.897669,0.734123,0.128413,0.108931
0.985687,0.810490,0.132793,0.128413
0.875075,0.626610,0.128168,0.132793
0.633251,0.580581,0.119709,0.128168
0.585952,0.633605,0.109675,0.119709
0.608164,0.498554,0.098641,0.109675
0.455577,0.489871,0.090622,0.098641
0.428141,0.508270,0.083997,0.090622
0.484185,0.377028,0.078682,0.083997
0.370621,0.374413,0.075537,0.078682
0.352362,0.427417,0.069784,0.075537
0.380300,0.374775,0.025209,0.069784
0.242763,0.336372,0.020985,0.025209
0.377499,0.256943,0.110297,0.020985
0.397194,0.296050,0.196977,0.110297
0.415190,0.326357,0.279857,0.196977
0.447162,0.227787,0.321454,0.279857
0.371174,0.246375,0.305112,0.321454
0.482222,0.321593,0.282395,0.305112
0.528860,0.287169,0.339934,0.282395
0.492463,0.337130,0.433146,0.339934
0.332444,0.440316,0.549960,0.433146
0.348820,0.432055,0.698177,0.549960
0.389328,0.493780,0.822731,0.698177
0.512361,0.686916,0.952565,0.822731
0.848197,0.672738,1.096353,0.952565
0.710576,0.724883,1.202008,1.096353
0.856372,0.899997,1.289493,1.202008
1.099218,0.789104,1.367747,1.289493
0.871761,0.954941,1.421076,1.367747
1.022688,0.911974,1.474560,1.421076
0.920799,0.804901,1.516954,1.474560
0.705976,0.907080,1.546711,1.516954
0.854407,0.772494,1.573074,1.546711
0.691982,0.799033,1.586983,1.573074
0.712443,0.954526,1.591955,1.586983
0.939154,0.802884,1.585072,1.591955
0.765587,0.813999,1.572332,1.585072
0.922474,0.951641,1.558734,1.572332
0.989927,0.831389,1.547175,1.558734
0.788124,0.836407,1.542643,1.547175
0.838223,0.955981,1.542528,1.542643
0.987529,0.837192,1.546257,1.542528
0.786369,0.823414,1.550479,1.546257
0.783775,0.983984,1.554278,1.550479
0.981205,0.819137,1.557206,1.554278
0.791731,0.830377,1.558208,1.557206
0.794574,0.975487,1.558187,1.558208
0.996603,0.835793,1.557514,1.558187
0.794224,0.837681,1.556917,1.557514
0.794433,0.977067,1.556522,1.556917
0.987638,0.808509,1.556549,1.556522
0.794379,0.841444,1.556844,1.556549
0.941197,0.984703,1.557312,1.556844
0.992430,0.828283,1.558021,1.557312
0.800075,0.804699,1.558556,1.558021
0.856243,0.978331,1.558904,1.558556
1.000861,0.827526,1.558995,1.558904
0.800789,0.863674,1.559073,1.558995
0.796483,1.002049,1.559272,1.559073
0.995724,0.854556,1.559651,1.559272
0.798790,0.816694,1.560206,1.559651
0.797282,0.982831,1.560889,1.560206
1.014591,0.843274,1.561833,1.560889
0.798476,0.810081,1.562588,1.561833
0.792351,0.996124,1.563035,1.562588
1.027047,0.828132,1.562986,1.563035
0.908077,0.842755,1.565200,1.562986
1.091657,0.942801,1.568284,1.565200
1.046012,0.736158,1.570068,1.568284
0.737867,0.688591,1.570198,1.570068
0.692296,0.741420,1.569720,1.570198
0.739708,0.571520,1.568810,1.569720
0.540170,0.520837,1.568092,1.568810
0.499849,0.583207,1.567869,1.568092
0.572192,0.464253,1.568254,1.567869
0.422533,0.444017,1.569029,1.568254
0.400841,0.473432,1.569918,1.569029
0.462058,0.343079,1.570840,1.569918
0.344475,0.336219,1.570700,1.570840
0.300451,0.382057,1.569280,1.570700
0.252161,0.320783,1.567271,1.569280
0.271580,0.263416,1.560790,1.567271
0.453809,0.298730,1.547638,1.560790
0.491200,0.259879,1.520910,1.547638
0.361298,0.300492,1.477122,1.520910
0.409030,0.297308,1.403690,1.477122
0.452474,0.337790,1.313507,1.403690
0.534312,0.370261,1.210381,1.313507
0.412873,0.343063,1.106816,1.210381
0.439498,0.464436,1.017159,1.106816
0.248031,0.435050,0.892555,1.017159
0.207650,0.505947,0.772408,0.892555
0.284239,0.696311,0.637342,0.772408
0.670513,0.675252,0.476969,0.637342
0.740160,0.750146,0.358132,0.476969
0.814028,0.963090,0.255090,0.358132
0.970214,0.787726,0.164177,0.255090
0.817076,0.828362,0.115220,0.164177
0.753103,0.950695,0.079977,0.115220
0.891322,0.951857,0.060145,0.079977
0.857369,0.921141,0.063890,0.060145
0.873417,0.961477,0.074933,0.063890
0.864142,0.935849,0.081313,0.074933
0.894873,0.984999,0.080571,0.081313
0.944674,0.944901,0.077260,0.080571
0.958618,0.775925,0.075118,0.077260
0.778818,0.818730,0.073746,0.075118
0.790596,0.972524,0.072367,0.073746
0.987836,0.847523,0.071030,0.072367
0.788441,1.016203,0.069363,0.071030
0.977035,0.956743,0.066893,0.069363
0.978395,0.846121,0.064682,0.066893
0.790356,0.954151,0.063212,0.064682
0.984912,0.825523,0.062259,0.063212
0.794809,0.839347,0.062264,0.062259
0.797808,0.961906,0.062381,0.062264
0.983151,0.832037,0.062831,0.062381
0.787135,0.849912,0.063354,0.062831
0.935185,0.990928,0.063603,0.063354
0.979155,0.818312,0.063835,0.063603
0.792728,0.849528,0.064031,0.063835
0.839758,0.970891,0.064359,0.064031
0.985816,0.814064,0.064934,0.064359
0.785817,0.869855,0.065387,0.064934
0.784283,0.987024,0.065271,0.065387
0.995781,0.814005,0.064034,0.065271
0.805127,0.845117,0.062508,0.064034
0.809402,0.960808,0.061031,0.062508
1.015044,0.872948,0.059756,0.061031
0.802784,0.831666,0.058910,0.059756
0.797509,0.972956,0.058241,0.058910
1.002389,0.818736,0.057950,0.058241
0.793601,0.994784,0.050404,0.057950
1.036085,0.967322,0.013731,0.050404
1.184908,0.812754,0.081852,0.013731
1.087802,0.906278,0.115145,0.081852
0.872710,0.720595,0.126855,0.115145
0.843366,0.712468,0.125707,0.126855
0.671075,0.722966,0.119601,0.125707
0.668611,0.546356,0.109835,0.119601
0.539355,0.533015,0.101489,0.109835
0.464376,0.579270,0.093884,0.101489
0.554812,0.416645,0.086955,0.093884
0.411092,0.434957,0.082642,0.086955
0.387769,0.449151,0.079121,0.082642
0.447360,0.327493,0.075443,0.079121
0.337468,0.354404,0.055284,0.075443
0.275838,0.364818,0.014004,0.055284
0.253179,0.287346,0.056820,0.014004
0.317133,0.277854,0.139322,0.056820
0.450346,0.290637,0.225825,0.139322
0.425830,0.234083,0.303776,0.225825
0.381033,0.305013,0.315659,0.303776
0.392664,0.290871,0.281991,0.315659
0.475598,0.298216,0.297991,0.281991
0.521009,0.406255,0.380194,0.297991
0.430533,0.353917,0.507628,0.380194
0.329460,0.408295,0.630513,0.507628
0.415776,0.526887,0.756277,0.630513
0.649409,0.536493,0.906085,0.756277
0.603090,0.636839,1.028158,0.906085
0.776486,0.840593,1.143381,1.028158
1.165810,0.759178,1.255481,1.143381
0.924693,0.811243,1.329211,1.255481
0.977968,0.965687,1.391472,1.329211
0.677550,0.796698,1.451344,1.391472
0.359086,0.806292,1.492155,1.451344
0.549304,0.937839,1.526598,1.492155
0.794525,0.758827,1.558601,1.526598
0.666630,0.783576,1.578293,1.558601
0.817070,0.940976,1.590654,1.578293
0.905530,0.779760,1.593329,1.590654
0.748869,0.813947,1.586025,1.593329
0.808038,0.948251,1.573730,1.586025
0.955284,0.804205,1.559522,1.573730
0.759856,0.810457,1.551145,1.559522
0.766705,0.949302,1.546996,1.551145
0.973150,0.814159,1.547066,1.546996
0.589676,0.821703,1.549626,1.547066
0.379120,0.958608,1.552957,1.549626
0.719946,0.817828,1.556230,1.552957
0.691032,0.824127,1.557952,1.556230
0.744921,0.966677,1.558600,1.557952
0.973084,0.822457,1.558270,1.558600
0.789291,0.853463,1.557621,1.558270
0.941851,0.988448,1.556966,1.557621
1.006906,0.823791,1.556353,1.556966
0.815742,0.823975,1.556077,1.556353
0.861506,0.984085,1.556081,1.556077
1.018135,0.833949,1.556376,1.556081
0.810242,0.840794,1.556739,1.556376
0.801472,0.998962,1.557080,1.556739
0.991262,0.809963,1.557406,1.557080
0.791325,0.865818,1.557684,1.557406
0.793907,0.979539,1.557957,1.557684
0.992139,0.852512,1.558233,1.557957
0.789664,0.826895,1.558437,1.558233
0.783888,0.960559,1.558597,1.558437
0.989927,0.833818,1.558856,1.558597
0.797328,0.846041,1.559258,1.558856
0.950526,1.001650,1.559677,1.559258
0.993011,0.810922,1.559496,1.559677
0.846009,0.809605,1.559416,1.559496
1.014767,0.932126,1.561508,1.559416
1.159832,0.766841,1.563727,1.561508
0.831861,0.731506,1.564074,1.563727
0.731438,0.807534,1.563832,1.564074
0.775678,0.597380,1.563898,1.563832
0.563868,0.576971,1.564815,1.563898
0.531017,0.624197,1.566719,1.564815
0.604014,0.451462,1.570136,1.566719
0.449916,0.455288,1.573848,1.570136
0.421277,0.491183,1.578130,1.573848
0.487055,0.393469,1.583363,1.578130
0.371686,0.385716,1.587573,1.583363
0.408396,0.419541,1.590567,1.587573
0.337429,0.313509,1.591938,1.590567
0.195825,0.306932,1.594235,1.591938
0.349593,0.314631,1.607006,1.594235
0.556621,0.263748,1.642913,1.607006
0.438072,0.260181,1.689449,1.642913
0.410861,0.266891,1.745225,1.689449
0.425677,0.245181,1.803272,1.745225
0.361612,0.293924,1.858605,1.803272
0.423600,0.332171,1.936576,1.858605
0.426375,0.416020,2.047438,1.936576
0.274331,0.425055,2.179021,2.047438
0.203318,0.443415,2.330175,2.179021
0.267228,0.501279,2.466577,2.330175
0.417121,0.671485,2.606721,2.466577
0.805558,0.674535,2.753917,2.606721
0.900887,0.718731,2.852355,2.753917
1.177335,0.921143,2.928324,2.852355
1.119115,0.789251,2.993260,2.928324
1.247551,0.803888,3.036375,2.993260
1.022242,0.936871,3.073604,3.036375
1.000401,0.797592,3.109730,3.073604
0.815564,0.812795,3.133597,3.109730
0.731134,0.903986,3.133494,3.133597
0.891489,0.760197,3.123824,3.133494
0.706702,0.801222,3.124930,3.123824
0.703910,0.937828,3.133429,3.124930
0.889480,0.791167,3.137949,3.133429
0.717646,0.821154,3.127885,3.137949
0.715979,0.945744,3.121315,3.127885
0.952584,0.791807,3.118975,3.121315
0.768304,0.803285,3.120384,3.118975
0.912157,0.963100,3.123464,3.120384
0.818524,0.787452,3.127275,3.123464
0.923962,0.840524,3.129687,3.127275
0.841747,0.980582,3.131097,3.129687
0.947673,0.808554,3.131373,3.131097
0.852073,0.811221,3.130871,3.131373
0.796654,1.000576,3.130204,3.130871
0.987449,0.837111,3.129630,3.130204
0.796552,0.846834,3.129559,3.129630
0.795100,0.965417,3.129703,3.129559
0.985407,0.841601,3.130228,3.129703
0.787182,0.858851,3.130724,3.130228
0.785168,0.983859,3.131124,3.130724
0.976593,0.834120,3.131676,3.131124
0.780871,0.839206,3.131905,3.131676
0.931134,0.992806,3.131964,3.131905
0.841220,0.796598,3.131831,3.131964
0.937100,0.995828,3.131828,3.131831
0.990256,0.992729,3.131835,3.131828
0.839328,0.855327,3.131896,3.131835
0.921795,0.972736,3.131972,3.131896
0.973934,0.807615,3.131969,3.131972
0.780438,0.848448,3.132081,3.131969
0.822668,0.976182,3.131705,3.132081
1.089704,0.808624,3.131101,3.131705
0.948551,0.834281,3.131617,3.131101
0.851945,0.909156,3.132471,3.131617
0.955338,0.724374,3.132668,3.132471
0.679744,0.679347,3.132119,3.132668
0.613785,0.715865,3.131311,3.132119
0.692260,0.585741,3.130575,3.131311
0.511293,0.537808,3.130073,3.130575
0.468460,0.562483,3.129662,3.130073
0.547341,0.421139,3.129399,3.129662
0.412073,0.412478,3.129486,3.129399
0.453082,0.469771,3.130167,3.129486
0.445508,0.364393,3.132108,3.130167
0.323767,0.400264,3.134654,3.132108
0.364093,0.293844,3.138155,3.134654
0.328930,0.241667,3.140648,3.138155
0.255577,0.317483,3.141469,3.140648
0.266358,0.233694,3.141157,3.141469
0.221521,0.189138,3.140300,3.141157
0.199466,0.190309,3.139292,3.140300
0.234290,0.161341,3.138282,3.139292
0.165030,0.143021,3.137736,3.138282
0.140002,0.141174,3.137437,3.137736
0.135080,0.099004,3.137499,3.137437
0.085732,0.116587,3.137724,3.137499
0.073672,0.126358,3.138021,3.137724
0.095048,0.083973,3.138327,3.138021
0.068795,0.055822,3.138513,3.138327
0.080037,0.030734,3.138556,3.138513
0.055109,0.055622,3.138537,3.138556
0.071391,0.028316,3.138489,3.138537
0.050126,0.016300,3.138446,3.138489
0.044379,0.017485,3.138385,3.138446
0.000000,0.000000,0.000000,0.000000
0.000000,0.007417,2.052789,0.000000
0.024386,0.047795,2.046178,2.052789
0.029444,0.037920,2.050868,2.046178
0.031415,0.066702,2.061162,2.050868
0.000000,0.040138,2.075335,2.061162
0.000000,0.022898,2.087482,2.075335
0.000000,0.045526,2.086554,2.087482
0.000000,0.040224,2.085746,2.086554
0.000000,0.031872,2.086243,2.085746
0.000000,0.020032,2.087155,2.086243
0.000000,0.035366,2.087540,2.087155
0.000000,0.028027,2.087760,2.087540
0.000000,0.055852,2.088215,2.087760
0.000000,0.034670,2.088018,2.088215
0.018244,0.032935,2.083086,2.088018
0.034110,0.031373,2.074670,2.083086
0.028525,0.029252,2.072574,2.074670
0.032362,0.013219,2.071533,2.072574
0.048395,0.037288,2.071628,2.071533
0.042743,0.012021,2.074237,2.071628
0.039935,0.036049,2.078403,2.074237
0.054525,0.019510,2.081234,2.078403
0.071808,0.033572,2.083795,2.081234
0.061471,0.039296,2.085137,2.083795
0.061976,0.038478,2.084945,2.085137
0.073824,0.039912,2.083905,2.084945
0.073943,0.052791,2.083205,2.083905
0.064130,0.033423,2.084353,2.083205
0.059035,0.029642,2.085670,2.084353
0.061348,0.046366,2.086680,2.085670
0.063388,0.045199,2.087087,2.086680
0.049913,0.025356,2.086782,2.087087
0.045411,0.054965,2.085328,2.086782
0.075580,0.022067,2.082879,2.085328
0.057910,0.031273,2.081316,2.082879
0.057590,0.046392,2.081511,2.081316
0.143426,0.016593,2.067836,2.081511
0.173834,0.037102,2.035664,2.067836
0.159103,0.103407,1.987215,2.035664
0.077162,0.196136,1.905333,1.987215
0.140708,0.277134,1.768008,1.905333
0.331612,0.342829,1.650565,1.768008
0.411349,0.513681,1.557620,1.650565
0.503027,0.556837,1.481499,1.557620
0.470554,0.607317,1.421218,1.481499
0.457110,0.801491,1.337497,1.421218
0.660032,0.725945,1.197045,1.337497
0.592776,0.776708,1.051126,1.197045
0.655336,0.943391,0.887111,1.051126
0.878352,0.812102,0.701539,0.887111
0.918936,0.843266,0.561663,0.701539
1.168322,0.995947,0.438831,0.561663
0.958357,0.760583,0.325451,0.438831
0.988457,0.967571,0.253055,0.325451
0.976416,0.957703,0.184650,0.253055
0.774268,0.821136,0.134853,0.184650
0.823611,0.918886,0.106985,0.134853
0.843255,0.759805,0.090303,0.106985
0.671524,0.812314,0.086680,0.090303
0.721516,0.959290,0.086853,0.086680
0.864450,0.806307,0.085669,0.086853
0.713345,0.849085,0.080640,0.085669
0.759892,0.964210,0.072232,0.080640
0.995554,0.813983,0.062898,0.072232
0.809323,0.837779,0.057915,0.062898
0.809132,0.974254,0.056693,0.057915
0.995579,0.827872,0.057392,0.056693
0.783529,0.842711,0.058165,0.057392
0.778075,0.948993,0.058812,0.058165
0.980611,0.809856,0.059753,0.058812
0.777534,0.872621,0.060247,0.059753
0.934857,0.985008,0.060259,0.060247
0.995639,0.794543,0.059405,0.060259
0.801865,0.844991,0.058272,0.059405
0.861220,0.970414,0.057412,0.058272
1.022765,1.023732,0.057079,0.057412
1.006808,0.977388,0.056835,0.057079
0.950481,0.831821,0.056481,0.056835
0.858017,1.003106,0.055902,0.056481
1.002520,0.950104,0.055769,0.055902
0.941499,0.852207,0.056393,0.055769
0.834150,0.971806,0.057271,0.056393
0.970491,0.830919,0.058935,0.057271
0.780148,0.804910,0.060242,0.058935
0.779832,0.976410,0.061284,0.060242
0.978696,0.848015,0.061941,0.061284
0.787876,0.846906,0.046400,0.061941
0.846878,0.957232,0.011709,0.046400
1.160430,0.811443,0.082789,0.011709
0.913963,0.896383,0.115858,0.082789
1.027967,0.847578,0.129706,0.115858
0.888897,0.657542,0.128593,0.129706
0.644005,0.738478,0.121964,0.128593
0.716284,0.557227,0.111824,0.121964
0.528980,0.516807,0.103201,0.111824
0.582214,0.556202,0.095235,0.103201
0.473055,0.450303,0.087867,0.095235
0.488327,0.409072,0.083780,0.087867
0.407554,0.439405,0.081822,0.083780
0.417994,0.349834,0.082349,0.081822
0.341041,0.337914,0.068698,0.082349
0.247075,0.381212,0.057371,0.068698
0.252750,0.254663,0.073921,0.057371
0.310330,0.262731,0.131952,0.073921
0.407461,0.288539,0.209708,0.131952
0.495978,0.249549,0.290433,0.209708
0.337012,0.198317,0.306998,0.290433
0.249712,0.281691,0.272686,0.306998
0.329489,0.297909,0.240227,0.272686
0.346070,0.377049,0.305691,0.240227
0.300473,0.352759,0.421889,0.305691
0.278410,0.413531,0.539616,0.421889
0.245568,0.564579,0.657055,0.539616
0.386288,0.543110,0.796579,0.657055
0.349917,0.661985,0.912691,0.796579
0.516519,0.815317,1.030147,0.912691
0.707777,0.770197,1.156839,1.030147
0.732629,0.811429,1.247868,1.156839
0.990377,0.961432,1.327246,1.247868
1.126141,0.774332,1.402869,1.327246
0.811685,0.815697,1.453012,1.402869
0.750886,0.921422,1.494504,1.453012
0.848366,0.793376,1.533681,1.494504
0.658114,0.798630,1.559761,1.533681
0.644733,0.897822,1.579651,1.559761
0.844222,0.777006,1.592527,1.579651
0.702503,0.805765,1.593111,1.592527
0.733188,0.961057,1.584739,1.593111
0.952237,0.792649,1.569707,1.584739
0.775333,0.828306,1.558053,1.569707
0.926928,0.959606,1.550153,1.558053
0.974246,0.815233,1.546618,1.550153
0.791494,0.836119,1.547483,1.546618
0.853387,0.949950,1.550617,1.547483
0.997711,0.979635,1.555341,1.550617
0.994035,0.973360,1.559150,1.555341
0.941986,0.818286,1.561051,1.559150
0.842505,0.844595,1.561350,1.561051
0.802646,0.990831,1.560737,1.561350
1.015997,0.834360,1.559656,1.560737
0.815336,0.844409,1.558777,1.559656
0.813167,0.954456,1.557962,1.558777
1.015579,0.848663,1.557415,1.557962
0.814067,0.822755,1.557145,1.557415
0.808348,1.007763,1.557032,1.557145
0.993236,0.835917,1.557147,1.557032
0.786514,0.833779,1.557695,1.557147
0.926899,0.979830,1.558582,1.557695
0.828052,0.820546,1.559809,1.558582
0.936229,0.840223,1.560782,1.559809
0.844556,0.948186,1.561590,1.560782
0.944832,0.825600,1.562184,1.561590
0.846626,0.836176,1.562461,1.562184
0.802908,1.022364,1.562538,1.562461
0.999474,0.809573,1.562428,1.562538
0.818799,0.841647,1.561400,1.562428
0.437508,0.969450,1.560760,1.561400
0.780934,0.798377,1.562981,1.560760
0.780329,0.776068,1.564551,1.562981
0.762671,0.840960,1.564898,1.564551
0.865790,0.658310,1.564816,1.564898
0.637933,0.631260,1.565063,1.564816
0.689468,0.672385,1.566058,1.565063
0.561965,0.517086,1.568350,1.566058
0.567253,0.499660,1.571025,1.568350
0.458164,0.516115,1.574283,1.571025
0.479827,0.400405,1.578387,1.574283
0.399078,0.396070,1.582178,1.578387
0.362681,0.416085,1.586419,1.582178
0.413276,0.302698,1.590455,1.586419
0.245705,0.300488,1.593663,1.590455
0.228820,0.365565,1.594077,1.593663
0.450087,0.238682,1.585497,1.594077
0.410293,0.253326,1.569055,1.585497
0.383448,0.294091,1.536713,1.569055
0.400197,0.223061,1.473905,1.536713
0.255442,0.248961,1.407723,1.473905
0.292304,0.341117,1.328056,1.407723
0.300703,0.293006,1.227599,1.328056
0.167005,0.379763,1.142631,1.227599
0.139077,0.480593,1.052112,1.142631
0.223363,0.442733,0.926721,1.052112
0.343087,0.548844,0.807365,0.926721
0.428635,0.738369,0.671325,0.807365
0.818119,0.710016,0.507322,0.671325
0.790330,0.864081,0.384347,0.507322
1.063681,0.934094,0.259399,0.384347
1.151344,0.822471,0.170956,0.259399
0.885805,0.938168,0.117906,0.170956
0.986342,0.785008,0.075465,0.117906
0.734965,0.800784,0.061188,0.075465
0.700959,0.939653,0.064712,0.061188
0.866576,0.778099,0.073796,0.064712
0.701255,0.797531,0.078611,0.073796
0.713218,0.933995,0.078811,0.078611
0.922880,0.790345,0.075765,0.078811
0.750860,0.773629,0.074400,0.075765
0.919258,0.959037,0.074907,0.074400
0.979464,0.816038,0.075747,0.074907
0.793322,0.836509,0.075734,0.075747
0.847266,0.966756,0.074626,0.075734
1.007588,0.823672,0.072300,0.074626
0.805886,0.819132,0.070065,0.072300
0.808099,1.000998,0.068166,0.070065
1.006162,0.798636,0.066517,0.068166
0.794455,0.824768,0.065591,0.066517
0.789537,0.948660,0.065111,0.065591
0.979449,0.842211,0.065379,0.065111
0.779763,0.853007,0.065814,0.065379
0.793319,0.974420,0.065868,0.065814
0.990591,0.831326,0.065515,0.065868
0.791334,0.850229,0.065395,0.065515
0.940927,0.935331,0.065378,0.065395
0.988829,0.811352,0.065287,0.065378
0.790944,0.855847,0.065288,0.065287
0.837497,0.991507,0.065260,0.065288
0.989130,0.825570,0.064867,0.065260
0.793669,0.826688,0.064325,0.064867
0.780322,0.971137,0.063697,0.064325
0.979016,0.817797,0.062952,0.063697
0.784411,0.840115,0.062286,0.062952
0.782589,1.006774,0.061731,0.062286
0.987231,0.789302,0.061468,0.061731
0.789324,0.850861,0.061652,0.061468
0.788572,1.000598,0.048270,0.061652
1.170679,0.859184,0.016858,0.048270
0.855520,0.933416,0.078852,0.016858
1.141338,0.895332,0.119082,0.078852
1.042186,0.701599,0.130772,0.119082
0.876701,0.783710,0.130183,0.130772
0.695423,0.588841,0.123038,0.130183
0.692415,0.592235,0.114599,0.123038
0.554274,0.636415,0.105651,0.114599
0.559900,0.492085,0.096478,0.105651
0.465735,0.458141,0.090044,0.096478
0.407385,0.451911,0.084719,0.090044
0.473225,0.413960,0.079766,0.084719
0.351289,0.348746,0.075627,0.079766
0.322942,0.389996,0.047740,0.075627
0.275571,0.270028,0.015133,0.047740
0.231245,0.303545,0.063550,0.015133
0.353929,0.312153,0.151309,0.063550
0.569929,0.266628,0.254495,0.151309
0.410926,0.234864,0.317539,0.254495
0.448199,0.285231,0.332307,0.317539
0.420680,0.239531,0.310832,0.332307
0.583335,0.298232,0.332110,0.310832
0.458258,0.368833,0.412926,0.332110
0.347672,0.341892,0.541168,0.412926
0.126584,0.395934,0.667489,0.541168
0.142098,0.556765,0.798613,0.667489
0.503939,0.512668,0.954510,0.798613
0.561053,0.648432,1.079626,0.954510
0.703778,0.846081,1.193573,1.079626
0.950134,0.748102,1.299540,1.193573
0.843008,0.847485,1.365507,1.299540
0.891378,0.951910,1.418359,1.365507
1.100117,0.797950,1.468309,1.418359
0.810226,0.790217,1.503033,1.468309
0.892899,0.935813,1.533701,1.503033
0.753865,0.770593,1.562860,1.533701
0.825748,0.804770,1.580118,1.562860
0.736424,0.916699,1.589437,1.580118
0.849220,0.780517,1.588037,1.589437
0.788668,0.815492,1.578339,1.588037
0.760765,0.966135,1.565607,1.578339
0.985190,0.772768,1.552958,1.565607
0.800194,0.821109,1.546767,1.552958
0.798624,0.966000,1.544879,1.546767
0.993451,0.791835,1.546849,1.544879
0.792620,0.841143,1.550233,1.546849
0.788546,0.981457,1.553798,1.550233
0.988709,0.818883,1.556835,1.553798
0.786740,1.002721,1.558083,1.556835
0.985250,1.007729,1.558169,1.558083
0.989284,0.831834,1.557365,1.558169
0.796364,1.002684,1.556660,1.557365
1.001950,0.824961,1.556135,1.556660
0.801051,0.829560,1.556079,1.556135
0.954565,0.991551,1.556317,1.556079
1.008935,0.789432,1.556681,1.556317
0.805069,0.852160,1.556899,1.556681
0.845535,0.999823,1.557167,1.556899
0.996279,0.835421,1.557417,1.557167
0.797821,0.814577,1.557533,1.557417
0.803598,0.983457,1.557664,1.557533
1.007194,0.809262,1.557933,1.557664
0.798831,0.838924,1.558272,1.557933
0.793686,1.010891,1.558794,1.558272
0.983017,0.810649,1.559543,1.558794
0.782427,0.833375,1.560147,1.559543
0.794879,0.980205,1.560643,1.560147
0.995257,0.810012,1.560843,1.560643
0.809387,0.820798,1.559943,1.560843
1.040450,0.962694,1.559672,1.559943
1.180327,0.807968,1.561968,1.559672
0.905964,0.761934,1.563400,1.561968
0.839046,0.839977,1.563998,1.563400
0.846421,0.670402,1.564989,1.563998
0.616684,0.616547,1.566486,1.564989
0.574574,0.681457,1.568633,1.566486
0.643525,0.508894,1.571580,1.568633
0.481292,0.503386,1.574203,1.571580
0.457352,0.524937,1.576478,1.574203
0.533338,0.394858,1.578055,1.576478
0.398012,0.415832,1.578298,1.578055
0.376623,0.401148,1.577632,1.578298
0.425474,0.308851,1.575062,1.577632
0.250715,0.314041,1.573414,1.575062
0.261814,0.343494,1.570148,1.573414
0.447001,0.302846,1.559259,1.570148
0.402915,0.270416,1.542367,1.559259
0.414426,0.266706,1.511471,1.542367
0.394694,0.246758,1.448966,1.511471
0.306968,0.268096,1.382936,1.448966
0.391959,0.322200,1.303636,1.382936
0.534127,0.301854,1.203426,1.303636
0.377696,0.338234,1.119092,1.203426
0.455758,0.457463,1.027832,1.119092
0.280095,0.482860,0.898039,1.027832
0.192820,0.654572,0.775456,0.898039
0.341650,0.744266,0.608600,0.775456
0.770889,0.709363,0.449123,0.608600
0.748721,0.901611,0.330985,0.449123
1.002479,0.813342,0.219021,0.330985
0.824590,0.824515,0.154472,0.219021
1.020787,0.938689,0.107936,0.154472
0.843440,0.777367,0.072106,0.107936
0.827355,0.812773,0.060799,0.072106
0.694657,0.934375,0.063992,0.060799
0.792121,0.786188,0.072898,0.063992
0.738305,0.797211,0.077476,0.072898
0.716845,0.942860,0.077249,0.077476
0.944825,0.771424,0.074226,0.077249
0.769335,0.842302,0.073158,0.074226
0.768595,0.968298,0.073866,0.073158
0.970507,0.800240,0.074501,0.073866
0.778010,0.819714,0.074071,0.074501
0.780205,0.982093,0.072633,0.074071
0.974397,0.803503,0.070504,0.072633
0.774885,1.000241,0.068465,0.070504
0.979848,1.005550,0.066257,0.068465
0.999688,0.882990,0.064580,0.066257
0.795239,1.008926,0.063213,0.064580
1.003823,0.804209,0.061908,0.063213
0.797933,0.823025,0.061232,0.061908
0.946595,0.962613,0.060505,0.061232
1.004108,0.796906,0.059950,0.060505
0.805060,0.853214,0.060060,0.059950
0.855001,1.005813,0.060514,0.060060
0.993735,0.813409,0.060985,0.060514
0.798572,0.821379,0.061337,0.060985
0.797018,0.980305,0.061128,0.061337
1.006894,0.819475,0.060166,0.061128
0.807033,0.854625,0.059269,0.060166
0.802816,0.969574,0.058594,0.059269
0.994566,0.798865,0.058916,0.058594
0.796104,0.823564,0.060072,0.058916
0.786821,0.993889,0.061826,0.060072
0.965813,0.821108,0.064077,0.061826
0.781432,0.867662,0.065670,0.064077
0.932276,0.969339,0.066030,0.065670
1.001265,0.835392,0.031882,0.066030
0.874188,0.811039,0.034192,0.031882
1.012541,0.952124,0.092265,0.034192
1.125698,0.748471,0.122100,0.092265
0.788125,0.721481,0.128625,0.122100
0.698950,0.738849,0.126638,0.128625
0.759154,0.614278,0.118976,0.126638
0.550238,0.558392,0.111083,0.118976
0.503831,0.624874,0.103181,0.111083
0.572842,0.481430,0.095365,0.103181
0.420165,0.427666,0.090119,0.095365
0.393568,0.452878,0.085268,0.090119
0.451109,0.388232,0.080109,0.085268
0.343777,0.357141,0.074449,0.080109
0.375426,0.359957,0.041722,0.074449
0.270345,0.283212,0.016564,0.041722
0.214356,0.330873,0.072739,0.016564
0.452640,0.318928,0.177816,0.072739
0.490748,0.227213,0.277832,0.177816
0.373430,0.283911,0.325325,0.277832
0.366807,0.239027,0.320977,0.325325
0.379215,0.294717,0.306335,0.320977
0.474256,0.363291,0.353151,0.306335
0.500542,0.321200,0.462883,0.353151
0.317617,0.379043,0.578552,0.462883
0.272789,0.487919,0.708928,0.578552
0.360144,0.495846,0.861701,0.708928
0.351335,0.571398,0.990185,0.861701
0.495616,0.791255,1.113013,0.990185
0.823786,0.702062,1.235285,1.113013
0.797602,0.774713,1.315628,1.235285
1.005227,0.946441,1.379575,1.315628
0.980756,0.796546,1.439443,1.379575
1.074654,0.807425,1.480404,1.439443
0.484615,0.959354,1.515646,1.480404
0.646444,0.776328,1.548956,1.515646
0.658070,0.780536,1.570426,1.548956
0.667065,0.936929,1.585400,1.570426
0.891775,0.771100,1.591968,1.585400
0.740540,0.791556,1.587446,1.591968
0.752480,0.967525,1.576601,1.587446
0.971528,0.772209,1.562521,1.576601
0.779095,0.802717,1.553430,1.562521
0.771840,0.957568,1.548361,1.553430
0.970959,0.792613,1.547509,1.548361
0.782063,0.827159,1.549672,1.547509
0.925977,0.982303,1.552932,1.549672
0.827000,0.817527,1.556487,1.552932
0.936059,0.839303,1.558482,1.556487
0.837002,0.971444,1.559415,1.558482
0.928695,0.816456,1.559224,1.559415
0.847577,0.847755,1.558620,1.559224
0.808306,0.976911,1.557863,1.558620
1.002053,0.823672,1.557145,1.557863
0.804572,0.847368,1.556801,1.557145
0.809243,1.006169,1.556712,1.556801
1.002333,0.811567,1.556820,1.556712
0.801978,0.855844,1.556925,1.556820
0.800243,0.985962,1.557066,1.556925
1.008909,0.825343,1.557203,1.557066
0.807315,0.841205,1.557351,1.557203
0.949244,0.977728,1.557662,1.557351
0.862603,0.806001,1.558228,1.557662
0.955412,0.852000,1.558633,1.558228
0.856956,0.993458,1.558988,1.558633
0.960100,0.807230,1.559123,1.558988
0.854622,0.850965,1.559078,1.559123
0.799689,0.976653,1.558885,1.559078
0.993635,0.807307,1.558444,1.558885
0.806937,0.850363,1.557105,1.558444
0.897859,0.945189,1.556946,1.557105
1.237486,0.782449,1.559229,1.556946
0.909671,0.782277,1.560690,1.559229
0.821436,0.836772,1.561335,1.560690
0.905964,0.634246,1.561727,1.561335
0.647796,0.618642,1.562269,1.561727
0.691170,0.685711,1.563472,1.562269
0.553749,0.495139,1.565680,1.563472
0.564578,0.451760,1.568053,1.565680
0.463376,0.516975,1.570661,1.568053
0.474919,0.417101,1.573850,1.570661
0.396624,0.391998,1.576586,1.573850
0.344105,0.402622,1.579130,1.576586
0.378316,0.317130,1.580092,1.579130
0.217700,0.276230,1.580764,1.580092
0.237840,0.347618,1.587552,1.580764
0.485521,0.255315,1.614174,1.587552
0.428649,0.272048,1.653883,1.614174
0.389226,0.284259,1.706535,1.653883
0.417121,0.229885,1.768693,1.706535
0.336971,0.274426,1.818560,1.768693
0.463860,0.345601,1.886392,1.818560
0.448384,0.286353,1.991982,1.886392
0.369348,0.364904,2.093103,1.991982
0.187582,0.421232,2.232210,2.093103
0.157861,0.572457,2.388143,2.232210
0.392215,0.644498,2.555950,2.388143
0.661230,0.634837,2.711596,2.555950
0.847992,0.806371,2.822966,2.711596
0.928892,0.741361,2.920527,2.822966
1.141703,0.790402,2.979451,2.920527
1.115697,0.964418,3.026029,2.979451
1.149341,0.777426,3.069474,3.026029
0.905227,0.812941,3.099059,3.069474
0.783552,0.908478,3.124007,3.099059
0.914614,0.750185,3.138765,3.124007
0.727305,0.827801,3.128581,3.138765
0.729662,0.919547,3.126633,3.128581
0.906060,0.782598,3.134522,3.126633
0.719479,0.802869,3.139882,3.134522
0.720491,0.952179,3.129128,3.139882
0.914244,0.801554,3.120468,3.129128
0.765576,0.817224,3.117614,3.120468
0.931146,0.969377,3.118142,3.117614
0.839660,0.827758,3.121379,3.118142
0.946932,0.813009,3.124774,3.121379
0.843189,0.958262,3.127792,3.124774
0.938749,0.805819,3.129860,3.127792
0.841241,0.866924,3.130310,3.129860
0.790954,0.940412,3.129821,3.130310
0.999452,0.784166,3.128768,3.129821
0.789181,1.043149,3.127819,3.128768
0.984525,0.949827,3.127060,3.127819
0.994718,0.839795,3.126928,3.127060
0.790159,0.986711,3.127259,3.126928
0.993600,0.826190,3.127873,3.127259
0.797547,0.846499,3.128503,3.127873
0.800851,1.000509,3.129199,3.128503
0.994312,0.787272,3.129785,3.129199
0.801550,0.845018,3.130068,3.129785
0.793689,1.010272,3.130079,3.130068
0.989920,0.836672,3.129885,3.130079
0.791943,0.842615,3.129605,3.129885
0.934620,0.993133,3.129392,3.129605
0.993794,0.827382,3.129536,3.129392
0.789370,0.802910,3.130054,3.129536
0.838984,0.994034,3.130835,3.130054
0.964801,0.813100,3.131708,3.130835
0.824062,0.856797,3.132614,3.131708
0.916810,0.950151,3.134330,3.132614
1.175595,0.753063,3.135917,3.134330
0.875905,0.755105,3.136043,3.135917
0.771423,0.800289,3.135476,3.136043
0.818994,0.630694,3.134602,3.135476
0.589241,0.582909,3.133962,3.134602
0.536930,0.633977,3.133458,3.133962
0.606247,0.522039,3.133114,3.133458
0.445033,0.473498,3.133004,3.133114
0.502654,0.489833,3.133048,3.133004
0.495666,0.395824,3.133165,3.133048
0.376823,0.347640,3.133323,3.133165
0.367916,0.419107,3.133683,3.133323
0.390053,0.377725,3.134658,3.133683
0.347423,0.329169,3.136448,3.134658
0.300193,0.218934,3.139013,3.136448
0.248260,0.239404,3.140693,3.139013
0.265431,0.287528,3.141496,3.140693
0.238033,0.187880,3.141219,3.141496
0.185569,0.155862,3.140396,3.141219
0.174295,0.195784,3.139187,3.140396
0.142757,0.161756,3.138188,3.139187
0.104776,0.073790,3.137715,3.138188
0.079459,0.071704,3.137752,3.137715
0.094552,0.111912,3.138069,3.137752
0.083412,0.049659,3.138499,3.138069
0.054982,0.089554,3.138773,3.138499
0.064429,0.050055,3.138999,3.138773
0.056531,0.058240,3.139098,3.138999
0.053022,0.014988,3.139099,3.139098
0.054639,0.036810,3.139057,3.139099
0.000000,0.010611,3.139149,3.139057
0.000000,0.001302,3.138599,3.139149
0.000000,0.000000,0.000000,0.000000
0.000000,0.024131,2.057881,0.000000
0.017409,0.037236,2.062557,2.057881
0.031211,0.040049,2.070987,2.062557
0.025028,0.043147,2.088126,2.070987
0.019077,0.034561,2.111408,2.088126
0.000000,0.027700,2.136448,2.111408
0.000000,0.037123,2.160755,2.136448
0.000000,0.042555,2.160485,2.160755
0.000000,0.053415,2.160787,2.160485
0.000000,0.030873,2.161389,2.160787
0.000000,0.032684,2.161996,2.161389
0.000000,0.044868,2.162894,2.161996
0.017806,0.008270,2.159619,2.162894
0.037618,0.037388,2.154334,2.159619
0.060161,0.016557,2.143447,2.154334
0.061201,0.015375,2.142270,2.143447
0.055808,0.029055,2.147145,2.142270
0.071289,0.011709,2.151742,2.147145
0.078766,0.021344,2.155042,2.151742
0.071086,0.034365,2.156283,2.155042
0.094232,0.032424,2.156726,2.156283
0.075844,0.056052,2.157036,2.156726
0.099185,0.054536,2.157920,2.157036
0.098724,0.041857,2.159586,2.157920
0.105288,0.017529,2.160666,2.159586
0.092142,0.063047,2.160995,2.160666
0.096492,0.040091,2.161237,2.160995
0.076816,0.006175,2.161494,2.161237
0.062450,0.001445,2.161773,2.161494
0.059789,0.061959,2.161924,2.161773
0.045200,0.042625,2.162159,2.161924
0.041942,0.031212,2.162059,2.162159
0.052066,0.033910,2.161201,2.162059
0.039977,0.035816,2.160955,2.161201
0.044587,0.036679,2.160963,2.160955
0.157657,0.035883,2.140337,2.160963
0.134952,0.056699,2.103251,2.140337
0.060755,0.120469,2.043706,2.103251
0.042174,0.228616,1.945050,2.043706
0.236775,0.305422,1.795807,1.945050
0.341463,0.378023,1.684187,1.795807
0.398765,0.514925,1.607712,1.684187
0.595572,0.522949,1.551705,1.607712
0.554169,0.584085,1.503521,1.551705
0.550047,0.791063,1.424510,1.503521
0.720101,0.717475,1.283483,1.424510
0.633707,0.795026,1.132827,1.283483
0.712005,0.953245,0.961817,1.132827
0.985464,0.816924,0.767604,0.961817
0.600728,0.874609,0.621859,0.767604
0.818324,0.972662,0.491705,0.621859
1.057495,0.797363,0.369283,0.491705
0.819943,0.790153,0.289479,0.369283
0.774528,0.944415,0.224487,0.289479
0.914950,0.785149,0.165947,0.224487
0.694058,0.816094,0.130767,0.165947
0.787117,0.914978,0.107654,0.130767
0.811928,0.798068,0.093247,0.107654
0.657713,0.800094,0.087764,0.093247
0.713875,0.970801,0.084511,0.087764
0.887938,0.768832,0.080681,0.084511
0.749976,0.846784,0.075803,0.080681
0.777658,0.966449,0.067779,0.075803
0.987597,0.844648,0.060791,0.067779
0.790228,0.832604,0.058447,0.060791
0.794769,0.959325,0.057411,0.058447
1.012449,0.819635,0.056925,0.057411
0.808614,0.835715,0.056467,0.056925
0.807370,0.966972,0.056217,0.056467
0.989498,0.802128,0.056915,0.056217
0.783263,0.843645,0.057895,0.056915
0.937251,0.980407,0.058925,0.057895
0.990475,0.820185,0.060180,0.058925
0.802359,0.852042,0.060882,0.060180
0.852387,0.969610,0.061064,0.060882
1.017892,0.835790,0.060942,0.061064
0.808797,0.837886,0.060648,0.060942
0.799607,1.015328,0.060119,0.060648
1.005604,0.805572,0.059181,0.060119
0.806589,0.841531,0.058539,0.059181
0.804306,0.957562,0.058144,0.058539
0.994918,0.816230,0.058665,0.058144
0.785773,0.838286,0.059281,0.058665
0.781834,1.007881,0.059960,0.059281
0.975661,0.799151,0.060741,0.059960
0.789654,0.834902,0.060958,0.060741
0.939933,0.978897,0.036303,0.060958
1.055138,0.818848,0.035575,0.036303
0.901608,0.809537,0.091390,0.035575
0.942433,0.900456,0.119104,0.091390
0.987011,0.692724,0.129186,0.119104
0.714564,0.671036,0.128078,0.129186
0.644682,0.721677,0.122502,0.128078
0.716052,0.562855,0.113670,0.122502
0.522202,0.545860,0.105877,0.113670
0.480892,0.556308,0.098577,0.105877
0.551878,0.408730,0.091912,0.098577
0.413302,0.491898,0.088241,0.091912
0.473121,0.430489,0.086181,0.088241
0.416328,0.329287,0.084574,0.086181
0.306973,0.363293,0.064369,0.084574
0.270534,0.289246,0.062298,0.064369
0.232109,0.327187,0.103244,0.062298
0.420864,0.299390,0.178119,0.103244
0.445983,0.283788,0.267980,0.178119
0.405784,0.233573,0.304536,0.267980
0.313526,0.277399,0.286943,0.304536
0.347685,0.270168,0.229366,0.286943
0.402136,0.276630,0.242849,0.229366
0.335159,0.363790,0.322390,0.242849
0.311599,0.346828,0.449883,0.322390
0.296071,0.403894,0.572966,0.449883
0.316017,0.570338,0.694874,0.572966
0.469549,0.514865,0.838401,0.694874
0.492377,0.644890,0.958039,0.838401
0.607961,0.829745,1.075992,0.958039
0.957238,0.750200,1.198394,1.075992
0.872160,0.813714,1.283536,1.198394
1.209147,0.952051,1.356157,1.283536
0.977510,0.769048,1.424371,1.356157
0.904637,0.802267,1.469128,1.424371
0.700182,0.908404,1.506303,1.469128
0.745698,0.786818,1.541855,1.506303
0.677102,0.928662,1.565637,1.541855
0.821963,0.909454,1.585642,1.565637
0.825818,0.789582,1.593204,1.585642
0.768389,0.944067,1.588916,1.593204
0.938529,0.804513,1.574851,1.588916
0.763447,0.821830,1.561641,1.574851
0.776122,0.950760,1.551040,1.561641
0.979721,0.800553,1.544791,1.551040
0.785455,0.829973,1.544201,1.544791
0.795128,0.979471,1.546468,1.544201
1.009491,0.823538,1.550737,1.546468
0.802170,0.831159,1.554027,1.550737
0.801202,0.973236,1.556208,1.554027
1.002203,0.845248,1.557308,1.556208
0.794949,0.815209,1.557142,1.557308
0.951314,0.985021,1.556382,1.557142
1.005199,0.804951,1.555400,1.556382
0.804201,0.856798,1.554857,1.555400
0.850519,0.994654,1.554724,1.554857
1.007798,0.831840,1.555092,1.554724
0.805472,0.835874,1.555550,1.555092
0.790652,0.990811,1.556033,1.555550
0.967430,0.807316,1.556511,1.556033
0.778881,0.829503,1.556816,1.556511
0.789496,0.974363,1.557105,1.556816
0.986927,0.815444,1.557607,1.557105
0.803560,0.822962,1.558009,1.557607
0.805658,0.989468,1.558342,1.558009
0.999462,0.791950,1.558669,1.558342
0.799055,0.855966,1.558831,1.558669
0.944922,1.004427,1.559091,1.558831
1.000391,0.826281,1.559542,1.559091
0.798429,0.849002,1.559328,1.559542
0.921830,0.962749,1.560186,1.559328
1.191574,0.961162,1.563922,1.560186
1.115253,0.900466,1.566552,1.563922
0.948651,0.683421,1.567405,1.566552
0.738024,0.646345,1.567563,1.567405
0.628365,0.714987,1.567834,1.567563
0.698273,0.568867,1.568838,1.567834
0.511748,0.606607,1.570212,1.568838
0.573343,0.562215,1.572446,1.570212
0.522199,0.444275,1.574997,1.572446
0.390544,0.448145,1.577238,1.574997
0.462444,0.327944,1.579621,1.577238
0.344079,0.338177,1.580861,1.579621
0.284387,0.369423,1.580902,1.580861
0.256171,0.284844,1.580590,1.580902
0.256777,0.345735,1.575336,1.580590
0.500495,0.311899,1.559557,1.575336
0.532614,0.251115,1.530387,1.559557
0.379401,0.268235,1.482802,1.530387
0.407966,0.267818,1.409240,1.482802
0.244576,0.281729,1.334144,1.409240
0.308582,0.341055,1.249894,1.334144
0.301734,0.363278,1.148251,1.249894
0.371591,0.388913,1.062045,1.148251
0.410538,0.509419,0.961029,1.062045
0.515587,0.480322,0.821961,0.961029
0.602353,0.742916,0.693037,0.821961
0.971326,0.802950,0.524842,0.693037
1.003799,0.731384,0.375436,0.524842
0.928232,0.948952,0.268135,0.375436
1.127546,0.792066,0.174551,0.268135
0.881384,0.823285,0.121835,0.174551
0.817742,0.913951,0.083450,0.121835
0.916300,0.761320,0.063851,0.083450
0.704173,0.793694,0.066801,0.063851
0.675381,0.933732,0.074750,0.066801
0.844532,0.774304,0.081506,0.074750
0.689486,0.798336,0.082290,0.081506
0.716154,0.949309,0.079635,0.082290
0.932912,0.780370,0.076669,0.079635
0.769778,0.810174,0.076261,0.076669
0.924012,0.947359,0.077376,0.076261
0.831161,0.798822,0.076919,0.077376
0.944256,0.832406,0.075361,0.076919
0.844430,0.940712,0.073507,0.075361
0.944251,0.815966,0.071740,0.073507
0.831272,0.800066,0.070712,0.071740
0.788459,0.972797,0.069940,0.070712
0.960166,0.845847,0.069203,0.069940
0.751294,0.831216,0.068665,0.069203
0.763348,0.960597,0.068216,0.068665
0.985745,0.818827,0.067588,0.068216
0.789629,1.019408,0.066658,0.067588
0.985637,0.967611,0.065087,0.066658
0.975428,0.883215,0.063788,0.065087
0.792236,0.967454,0.063374,0.063788
1.003010,0.853295,0.063123,0.063374
0.799306,0.818011,0.062779,0.063123
0.799909,1.012432,0.062245,0.062779
1.001889,0.842871,0.061348,0.062245
0.804258,0.856317,0.060454,0.061348
0.944233,0.977030,0.059446,0.060454
0.982020,0.836103,0.058415,0.059446
0.786277,0.829091,0.057926,0.058415
0.838498,0.997169,0.057807,0.057926
0.987723,0.816605,0.058037,0.057807
0.785140,0.833203,0.058543,0.058037
0.782609,0.982836,0.051599,0.058543
0.990270,0.785869,0.010700,0.051599
0.865595,0.796038,0.068982,0.010700
0.911577,0.943657,0.110525,0.068982
1.057250,0.726707,0.127726,0.110525
0.757292,0.663455,0.129279,0.127726
0.684145,0.766300,0.124786,0.129279
0.755684,0.554933,0.115877,0.124786
0.548529,0.553254,0.107397,0.115877
0.592609,0.573281,0.099000,0.107397
0.564047,0.455546,0.090188,0.099000
0.405695,0.435500,0.084051,0.090188
0.401188,0.446191,0.079039,0.084051
0.441774,0.374255,0.074372,0.079039
0.322776,0.318020,0.059624,0.074372
0.262303,0.346133,0.019995,0.059624
0.229413,0.322530,0.038248,0.019995
0.303758,0.287674,0.114549,0.038248
0.397510,0.295997,0.204985,0.114549
0.525237,0.251962,0.300570,0.204985
0.370184,0.221918,0.334315,0.300570
0.381696,0.323959,0.322739,0.334315
0.537900,0.283171,0.313664,0.322739
0.464081,0.298666,0.371066,0.313664
0.496699,0.388085,0.467596,0.371066
0.381636,0.358812,0.607833,0.467596
0.237143,0.435542,0.735831,0.607833
0.390665,0.607388,0.868113,0.735831
0.663306,0.579050,1.022482,0.868113
0.682552,0.681128,1.141226,1.022482
0.605887,0.847396,1.244478,1.141226
0.980867,0.765735,1.336198,1.244478
0.846882,0.812687,1.393649,1.336198
0.889955,0.950762,1.441778,1.393649
1.086364,0.790666,1.488400,1.441778
0.801557,0.788007,1.521388,1.488400
0.733569,0.928162,1.549909,1.521388
0.878501,0.775680,1.575334,1.549909
0.702234,0.792134,1.588368,1.575334
0.845396,0.942209,1.592334,1.588368
0.910311,0.762834,1.583950,1.592334
0.753576,0.832561,1.570462,1.583950
0.816248,0.951009,1.556805,1.570462
0.960192,0.806781,1.545848,1.556805
0.768232,0.822991,1.542189,1.545848
0.779465,0.958686,1.542803,1.542189
0.986796,0.818401,1.546832,1.542803
0.788527,0.863338,1.551084,1.546832
0.787571,0.979604,1.554834,1.551084
0.987532,0.815573,1.557567,1.554834
0.784772,0.862995,1.558382,1.557567
0.787091,0.965411,1.558227,1.558382
0.990554,0.792460,1.557366,1.558227
0.797065,0.864505,1.556591,1.557366
0.955485,0.970788,1.555992,1.556591
1.006956,0.816247,1.555895,1.555992
0.801781,0.999106,1.556197,1.555895
1.004320,0.968979,1.556802,1.556197
1.003093,0.851115,1.557457,1.556802
0.847243,0.975669,1.557989,1.557457
0.936106,0.992939,1.558569,1.557989
0.990610,0.990151,1.559031,1.558569
0.996737,0.824594,1.559490,1.559031
0.809646,0.840578,1.559965,1.559490
0.857772,0.978289,1.560481,1.559965
1.007760,0.816455,1.561217,1.560481
0.807706,0.840929,1.561861,1.561217
0.807760,0.995354,1.562566,1.561861
0.998793,0.827387,1.563414,1.562566
0.798225,0.864230,1.563698,1.563414
0.892241,0.958163,1.564004,1.563698
1.202150,0.789881,1.567008,1.564004
0.931893,0.793384,1.569171,1.567008
0.855723,0.869742,1.569479,1.569171
0.904922,0.658277,1.568356,1.569479
0.664062,0.623362,1.566862,1.568356
0.714150,0.674958,1.565211,1.566862
0.680691,0.519558,1.563435,1.565211
0.500486,0.512579,1.562389,1.563435
0.484388,0.548790,1.562044,1.562389
0.526628,0.423414,1.562841,1.562044
0.402076,0.392617,1.564519,1.562841
0.383514,0.441877,1.567128,1.564519
0.427679,0.320083,1.570370,1.567128
0.258391,0.316541,1.573936,1.570370
0.207661,0.351919,1.577003,1.573936
0.422851,0.273483,1.572578,1.577003
0.391802,0.271553,1.559813,1.572578
0.375733,0.310600,1.534106,1.559813
0.422974,0.231137,1.476410,1.534106
0.340832,0.243879,1.414172,1.476410
0.472537,0.357862,1.338320,1.414172
0.603766,0.297110,1.241072,1.338320
0.415496,0.359420,1.157993,1.241072
0.388030,0.432832,1.071438,1.157993
0.313189,0.447159,0.951587,1.071438
0.268413,0.530703,0.833976,0.951587
0.478486,0.712481,0.699013,0.833976
0.900976,0.679926,0.531434,0.699013
0.887231,0.739680,0.403606,0.531434
0.948527,0.918987,0.292005,0.403606
1.290777,0.769608,0.192130,0.292005
0.911193,0.790622,0.135684,0.192130
0.773834,0.958803,0.093988,0.135684
0.846392,0.751243,0.067631,0.093988
0.661731,0.807250,0.065537,0.067631
0.808093,0.905570,0.072142,0.065537
0.833868,0.785402,0.079528,0.072142
0.691444,0.791676,0.081414,0.079528
0.761466,0.923954,0.078889,0.081414
0.948031,0.789374,0.075653,0.078889
0.741727,0.839126,0.075015,0.075653
0.763237,0.964639,0.076143,0.075015
0.962765,0.834095,0.076914,0.076143
0.777181,0.806435,0.076264,0.076914
0.785112,0.983468,0.074586,0.076264
0.947790,0.828659,0.072027,0.074586
0.772985,0.811555,0.069833,0.072027
0.789689,0.968012,0.068001,0.069833
0.995303,0.825576,0.066382,0.068001
0.797622,0.857236,0.065467,0.066382
0.949597,0.971965,0.064673,0.065467
1.006575,0.819777,0.063909,0.064673
0.814449,0.829825,0.063449,0.063909
0.864882,0.998556,0.063317,0.063449
0.998717,0.831225,0.063300,0.063317
0.796726,0.863844,0.063027,0.063300
0.798657,0.989128,0.062450,0.063027
1.002564,0.830078,0.061923,0.062450
0.806267,0.824235,0.061196,0.061923
0.806462,1.020357,0.060282,0.061196
1.002967,0.820908,0.059477,0.060282
0.803174,0.816822,0.059026,0.059477
0.800923,0.980497,0.058489,0.059026
1.012125,0.822306,0.058563,0.058489
0.812494,0.834927,0.059229,0.058563
0.950437,0.979413,0.060288,0.059229
0.995886,0.832803,0.061637,0.060288
0.794163,0.997260,0.059454,0.061637
1.012891,0.979160,0.016563,0.059454
1.116652,0.799239,0.068519,0.016563
0.994312,0.901648,0.111597,0.068519
1.016622,0.719602,0.129390,0.111597
0.793663,0.731236,0.130555,0.129390
0.655399,0.740497,0.125369,0.130555
0.719835,0.564540,0.115678,0.125369
0.508700,0.539122,0.106835,0.115678
0.462356,0.575641,0.098365,0.106835
0.531922,0.440244,0.089595,0.098365
0.402248,0.438537,0.083056,0.089595
0.382833,0.465311,0.077231,0.083056
0.449457,0.346897,0.072355,0.077231
0.337762,0.330731,0.059727,0.072355
0.333055,0.378111,0.017231,0.059727
0.194579,0.272554,0.026889,0.017231
0.323257,0.311444,0.099335,0.026889
0.428986,0.321978,0.186911,0.099335
0.465232,0.239510,0.279981,0.186911
0.380872,0.241693,0.312537,0.279981
0.341780,0.293194,0.293659,0.312537
0.504174,0.261128,0.266802,0.293659
0.510454,0.277221,0.313627,0.266802
0.425927,0.410404,0.402346,0.313627
0.557845,0.367827,0.537373,0.402346
0.334120,0.430081,0.657418,0.537373
0.266419,0.605768,0.780140,0.657418
0.456593,0.614042,0.925547,0.780140
0.490423,0.667190,1.043716,0.925547
0.730376,0.866833,1.155021,1.043716
0.886220,0.787522,1.263927,1.155021
1.017448,0.803669,1.337092,1.263927
0.986011,0.947037,1.399233,1.337092
0.993158,0.767822,1.457920,1.399233
0.803014,0.773760,1.497988,1.457920
0.715475,0.931425,1.532212,1.497988
0.880042,0.782443,1.563966,1.532212
0.702426,0.805603,1.582811,1.563966
0.712564,0.907359,1.593485,1.582811
0.918754,0.780749,1.593197,1.593485
0.747024,0.824194,1.583584,1.593197
0.745569,0.953264,1.570055,1.583584
0.941048,0.772869,1.555965,1.570055
0.756141,0.818691,1.548464,1.555965
0.914711,0.976812,1.545586,1.548464
0.830904,0.794698,1.546921,1.545586
0.932807,0.829435,1.550289,1.546921
0.829737,0.969557,1.554149,1.550289
0.916392,0.832297,1.557736,1.554149
0.831675,0.855555,1.559377,1.557736
0.785469,0.971502,1.559828,1.559377
1.004155,0.849260,1.559208,1.559828
0.813193,0.817117,1.558461,1.559208
0.811770,0.987975,1.557757,1.558461
1.024420,0.827272,1.557374,1.557757
0.817014,0.856677,1.557402,1.557374
0.809816,0.987856,1.557653,1.557402
0.999595,0.820246,1.558200,1.557653
0.792915,0.852724,1.558633,1.558200
0.934673,0.969619,1.558916,1.558633
0.842342,0.840399,1.559150,1.558916
0.946102,1.001783,1.559166,1.559150
0.999879,0.972231,1.558989,1.559166
0.850065,0.833676,1.558673,1.558989
0.944760,0.954760,1.558185,1.558673
1.000022,0.819736,1.557620,1.558185
0.799185,0.842612,1.557216,1.557620
0.850581,0.985814,1.556908,1.557216
0.992098,0.837332,1.556433,1.556908
0.836567,0.804662,1.555588,1.556433
0.905941,0.945627,1.557094,1.555588
1.188659,0.766284,1.560705,1.557094
0.861290,0.737884,1.562723,1.560705
0.746615,0.821509,1.563904,1.562723
0.806002,0.742053,1.564794,1.563904
0.720221,0.673589,1.565587,1.564794
0.652417,0.528134,1.566609,1.565587
0.483783,0.478149,1.567768,1.566609
0.447928,0.563304,1.569192,1.567768
0.523930,0.413872,1.571182,1.569192
0.395933,0.402830,1.572669,1.571182
0.443028,0.443255,1.573792,1.572669
0.370198,0.326181,1.574192,1.573792
0.343888,0.303057,1.574225,1.574192
0.214248,0.330574,1.576874,1.574225
0.377312,0.291496,1.594616,1.576874
0.451186,0.279973,1.626272,1.594616
0.419825,0.284821,1.673604,1.626272
0.434984,0.219021,1.737402,1.673604
0.307739,0.244290,1.784218,1.737402
0.360547,0.360979,1.839391,1.784218
0.562917,0.296013,1.931663,1.839391
0.407305,0.358542,2.026047,1.931663
0.411178,0.407311,2.156486,2.026047
0.389019,0.415487,2.305438,2.156486
0.286661,0.594314,2.443691,2.305438
0.575958,0.603884,2.607228,2.443691
0.653509,0.672536,2.731824,2.607228
0.894583,0.851349,2.836511,2.731824
1.300532,0.752389,2.926458,2.836511
1.064895,0.816797,2.981524,2.926458
1.256128,0.954235,3.027093,2.981524
1.175670,0.793024,3.071338,3.027093
0.850973,0.780724,3.102569,3.071338
0.838658,0.939330,3.128742,3.102569
0.926804,0.780009,3.133924,3.128742
0.722335,0.817580,3.124334,3.133924
0.718989,0.915444,3.123384,3.124334
0.880472,0.786527,3.132140,3.123384
0.716252,0.800962,3.141900,3.132140
0.717108,0.933103,3.131335,3.141900
0.897410,0.783687,3.123276,3.131335
0.733742,0.834763,3.120856,3.123276
0.740691,0.982301,3.121590,3.120856
0.872067,0.790595,3.125097,3.121590
0.740465,0.826897,3.129027,3.125097
0.909626,0.979081,3.131872,3.129027
0.979431,0.817222,3.133205,3.131872
0.787317,0.831108,3.133025,3.133205
0.844545,1.004882,3.132081,3.133025
1.003518,0.814256,3.130642,3.132081
0.800331,0.818867,3.129599,3.130642
0.797724,0.965272,3.128774,3.129599
1.002560,0.823132,3.128233,3.128774
0.787291,0.872828,3.128095,3.128233
0.792305,0.981234,3.128155,3.128095
0.989530,0.994031,3.128333,3.128155
0.986898,0.970876,3.128616,3.128333
0.984855,0.838384,3.128998,3.128616
0.782391,0.846639,3.129325,3.128998
0.789439,0.979347,3.129746,3.129325
1.003273,0.806069,3.130387,3.129746
0.791969,0.849930,3.131032,3.130387
0.927757,0.977353,3.131676,3.131032
0.836072,0.845454,3.132283,3.131676
0.921170,0.849698,3.132729,3.132283
0.826225,0.990980,3.133002,3.132729
0.923805,0.837209,3.132756,3.133002
0.866690,0.811762,3.132625,3.132756
0.923705,0.929682,3.133656,3.132625
1.131414,0.762897,3.134274,3.133656
0.810322,0.693224,3.133880,3.134274
0.714352,0.792855,3.133146,3.133880
0.776918,0.638099,3.132578,3.133146
0.563680,0.549033,3.132763,3.132578
0.513256,0.599001,3.133830,3.132763
0.573418,0.491318,3.136081,3.133830
0.426550,0.445675,3.138409,3.136081
0.476210,0.485975,3.140658,3.138409
0.395871,0.374338,3.142040,3.140658
0.414818,0.337848,3.140532,3.142040
0.330612,0.390610,3.139651,3.140532
0.382545,0.298582,3.139426,3.139651
0.283026,0.286873,3.139900,3.139426
0.276408,0.294808,3.140632,3.139900
0.299842,0.192300,3.141499,3.140632
0.227920,0.219408,3.141976,3.141499
0.214356,0.209763,3.142139,3.141976
0.243419,0.165460,3.142020,3.142139
0.171516,0.162676,3.141657,3.142020
0.147923,0.145659,3.141272,3.141657
0.177773,0.088459,3.140894,3.141272
0.118899,0.087363,3.140713,3.140894
0.101631,0.104773,3.140631,3.140713
0.115417,0.054578,3.140554,3.140631
0.089816,0.068372,3.140483,3.140554
0.104964,0.090476,3.140376,3.140483
0.112730,0.026575,3.140248,3.140376
0.064376,0.038761,3.140165,3.140248
0.051456,0.047105,3.140079,3.140165
0.055558,0.050653,3.140038,3.140079
0.035802,0.030040,3.140109,3.140038
0.000000,0.013840,3.140042,3.140109
0.000000,0.000000,0.000000,0.000000
0.000000,0.024022,2.051194,0.000000
0.030307,0.035993,2.048768,2.051194
0.033867,0.062855,2.048618,2.048768
0.040376,0.045896,2.039473,2.048618
0.023800,0.029078,2.032221,2.039473
0.000000,0.014376,2.015914,2.032221
0.000000,0.058792,2.016364,2.015914
0.000000,0.016429,2.017583,2.016364
0.000000,0.029316,2.018643,2.017583
0.023829,0.033627,2.008938,2.018643
0.028134,0.048868,2.006882,2.008938
0.025624,0.027340,2.006652,2.006882
0.036223,0.036510,2.007294,2.006652
0.051048,0.035443,2.008950,2.007294
0.055861,0.023972,2.011096,2.008950
0.043536,0.069649,2.012005,2.011096
0.067854,0.031562,2.012193,2.012005
0.072585,0.033877,2.013244,2.012193
0.056231,0.052486,2.014426,2.013244
0.076182,0.020727,2.015475,2.014426
0.060319,0.027495,2.016148,2.015475
0.071167,0.033938,2.016761,2.016148
0.068843,0.039180,2.016382,2.016761
0.046789,0.007190,2.016141,2.016382
0.042156,0.023036,2.016189,2.016141
0.035686,0.025955,2.015944,2.016189
0.048279,0.026193,2.014452,2.015944
0.152524,0.039009,1.990572,2.014452
0.144202,0.081618,1.959216,1.990572
0.114551,0.144002,1.895409,1.959216
0.082115,0.256741,1.804131,1.895409
0.188456,0.382298,1.685671,1.804131
0.447221,0.378936,1.554918,1.685671
0.454111,0.468878,1.469362,1.554918
0.611618,0.646361,1.398799,1.469362
0.642481,0.617539,1.318727,1.398799
0.488938,0.691134,1.225996,1.318727
0.577523,0.851370,1.101065,1.225996
0.836383,0.779609,0.926594,1.101065
0.913221,0.817348,0.772136,0.926594
0.501705,0.995991,0.623166,0.772136
1.030075,0.827657,0.467673,0.623166
0.867949,0.821204,0.359021,0.467673
0.862654,0.980308,0.269851,0.359021
1.036289,0.790154,0.189908,0.269851
0.783058,0.792495,0.140643,0.189908
0.740680,0.936065,0.107732,0.140643
0.882277,0.775981,0.090253,0.107732
0.691859,0.796243,0.086681,0.090253
0.816743,0.947589,0.086801,0.086681
0.872504,0.757009,0.086500,0.086801
0.706388,0.839452,0.083289,0.086500
0.778596,0.948146,0.076336,0.083289
0.969951,0.823842,0.066946,0.076336
0.786816,0.845915,0.060958,0.066946
0.789838,0.982460,0.057322,0.060958
0.987063,0.816073,0.057328,0.057322
0.790378,0.829157,0.058060,0.057328
0.791108,0.970258,0.059260,0.058060
0.997672,0.819973,0.060655,0.059260
0.796976,0.831017,0.061482,0.060655
0.793649,0.993001,0.061715,0.061482
0.982530,0.832974,0.061424,0.061715
0.800265,0.846953,0.061167,0.061424
0.963129,0.936158,0.060593,0.061167
1.013135,0.863539,0.059717,0.060593
0.807335,0.835452,0.058838,0.059717
0.865797,0.974087,0.057796,0.058838
1.010520,0.814671,0.056908,0.057796
0.808030,0.852331,0.056787,0.056908
0.802393,0.980901,0.057031,0.056787
0.990820,0.829013,0.057517,0.057031
0.795616,0.838565,0.057927,0.057517
0.793138,0.988752,0.058451,0.057927
0.983022,1.005538,0.059147,0.058451
0.984598,0.952119,0.059503,0.059147
0.980007,0.810480,0.059876,0.059503
0.786706,0.838572,0.051897,0.059876
0.809206,0.998216,0.009814,0.051897
1.106988,0.810334,0.071494,0.009814
0.931920,0.757472,0.111908,0.071494
1.018242,0.859498,0.127934,0.111908
0.818210,0.663467,0.130061,0.127934
0.794611,0.635701,0.125001,0.130061
0.640553,0.684729,0.116338,0.125001
0.644691,0.536832,0.104907,0.116338
0.516119,0.523927,0.095955,0.104907
0.451578,0.518345,0.088378,0.095955
0.524032,0.420783,0.082130,0.088378
0.397377,0.403503,0.079226,0.082130
0.378547,0.405873,0.078075,0.079226
0.432109,0.307808,0.068391,0.078075
0.301228,0.316143,0.042014,0.068391
0.223736,0.331704,0.047870,0.042014
0.334581,0.307439,0.110066,0.047870
0.381105,0.304494,0.188822,0.110066
0.448900,0.265860,0.268074,0.188822
0.381524,0.211321,0.310244,0.268074
0.310097,0.233188,0.288958,0.310244
0.319516,0.332825,0.253751,0.288958
0.489295,0.350706,0.297705,0.253751
0.447998,0.371826,0.405653,0.297705
0.347289,0.367696,0.547160,0.405653
0.243592,0.438372,0.669583,0.547160
0.266968,0.611416,0.794402,0.669583
0.417259,0.600427,0.941544,0.794402
0.423014,0.677588,1.059445,0.941544
0.536620,0.860647,1.168894,1.059445
0.911446,0.749060,1.274615,1.168894
0.844497,0.859209,1.344806,1.274615
0.874774,0.931051,1.404203,1.344806
1.001415,0.790909,1.461317,1.404203
0.705901,0.792097,1.500852,1.461317
0.657548,0.917814,1.534365,1.500852
0.800393,0.815985,1.564533,1.534365
0.642412,0.800465,1.581897,1.564533
0.802940,0.948528,1.591345,1.581897
0.895775,0.807290,1.590256,1.591345
0.740501,0.979111,1.580937,1.590256
0.957676,0.954051,1.565683,1.580937
0.971961,0.814011,1.553279,1.565683
0.830448,0.980797,1.547345,1.553279
0.939839,0.805491,1.545870,1.547345
0.857092,0.834790,1.547903,1.545870
0.813547,0.967925,1.551423,1.547903
1.007853,0.835932,1.555537,1.551423
0.797720,0.839496,1.557948,1.555537
0.796700,0.982768,1.559167,1.557948
0.993976,0.826062,1.559278,1.559167
0.803914,0.838140,1.558660,1.559278
0.809388,0.938385,1.557790,1.558660
1.006784,0.830480,1.557003,1.557790
0.807124,0.839720,1.556776,1.557003
0.960603,0.958832,1.556814,1.556776
0.853357,0.799770,1.557165,1.556814
0.949355,0.827818,1.557697,1.557165
0.839852,0.989135,1.558169,1.557697
0.939588,0.835851,1.558660,1.558169
0.841215,0.840487,1.559004,1.558660
0.795454,0.978424,1.559401,1.559004
1.002345,0.844213,1.559861,1.559401
0.796808,0.831672,1.560209,1.559861
0.796254,0.975800,1.560602,1.560209
0.997688,0.821980,1.560967,1.560602
0.796753,0.856029,1.561278,1.560967
0.794695,0.980085,1.561464,1.561278
1.003652,0.824765,1.561089,1.561464
0.841172,0.842617,1.560803,1.561089
1.066376,0.959830,1.562800,1.560803
0.993248,0.755911,1.565312,1.562800
1.006058,0.744933,1.565854,1.565312
0.782556,0.775000,1.565430,1.565854
0.771553,0.609893,1.564909,1.565430
0.607316,0.603525,1.565456,1.564909
0.531170,0.622382,1.567154,1.565456
0.609691,0.476334,1.570258,1.567154
0.450803,0.460315,1.573386,1.570258
0.417688,0.492715,1.576843,1.573386
0.487929,0.389070,1.580965,1.576843
0.362902,0.377755,1.584465,1.580965
0.339743,0.390366,1.587776,1.584465
0.353364,0.312904,1.591871,1.587776
0.217159,0.325063,1.595256,1.591871
0.336030,0.339747,1.593238,1.595256
0.425114,0.248587,1.580830,1.593238
0.470851,0.245571,1.558931,1.580830
0.376840,0.258382,1.515001,1.558931
0.313611,0.272756,1.445618,1.515001
0.286998,0.281779,1.373766,1.445618
0.294661,0.381647,1.292653,1.373766
0.206972,0.318104,1.194156,1.292653
0.131937,0.376119,1.109788,1.194156
0.106047,0.520238,1.009660,1.109788
0.194913,0.525699,0.871081,1.009660
0.320696,0.587270,0.741198,0.871081
0.467016,0.782198,0.595867,0.741198
0.795582,0.737774,0.435817,0.595867
0.768039,0.763659,0.321184,0.435817
1.037125,0.943042,0.226697,0.321184
0.975969,0.808645,0.151534,0.226697
1.002619,0.796697,0.106356,0.151534
0.812441,0.921458,0.075459,0.106356
0.841037,0.785549,0.064297,0.075459
0.720383,0.788813,0.069855,0.064297
0.672390,0.959645,0.076687,0.069855
0.867707,0.756074,0.080937,0.076687
0.708798,0.802822,0.080121,0.080937
0.738470,0.935092,0.077261,0.080121
0.962672,0.788826,0.075224,0.077261
0.788083,1.003889,0.075380,0.075224
0.996992,0.971072,0.076238,0.075380
1.002694,0.824044,0.075710,0.076238
0.795762,0.942888,0.074302,0.075710
0.993412,0.809523,0.072526,0.074302
0.801665,0.840492,0.071281,0.072526
0.797369,0.983276,0.070094,0.071281
0.992833,0.823167,0.068456,0.070094
0.788447,0.830505,0.066725,0.068456
0.928513,0.981495,0.065057,0.066725
0.979027,0.838046,0.063911,0.065057
0.782350,0.822876,0.063558,0.063911
0.836830,0.991983,0.063548,0.063558
0.985389,0.818768,0.063256,0.063548
0.797190,0.837681,0.062749,0.063256
0.793076,0.972001,0.062142,0.062749
1.007150,0.808598,0.062027,0.062142
0.806474,0.845936,0.062324,0.062027
0.796391,1.012195,0.062641,0.062324
0.991758,0.808998,0.062837,0.062641
0.784802,0.858075,0.062757,0.062837
0.788899,0.968968,0.062322,0.062757
0.981776,0.832658,0.061905,0.062322
0.782930,0.839665,0.061696,0.061905
0.930534,0.983544,0.061728,0.061696
0.985371,0.781861,0.061798,0.061728
0.787535,0.843581,0.056286,0.061798
0.862178,0.983584,0.017470,0.056286
1.130470,0.815109,0.062713,0.017470
0.935394,0.801935,0.104742,0.062713
0.873307,0.874104,0.121923,0.104742
0.931921,0.688386,0.125434,0.121923
0.677550,0.633864,0.121539,0.125434
0.617874,0.704651,0.114416,0.121539
0.689032,0.517736,0.104948,0.114416
0.502524,0.506441,0.097515,0.104948
0.459792,0.581818,0.090764,0.097515
0.534023,0.452362,0.084156,0.090764
0.401710,0.402808,0.079650,0.084156
0.445860,0.453712,0.075870,0.079650
0.441771,0.320646,0.064127,0.075870
0.302690,0.325533,0.024440,0.064127
0.209173,0.320942,0.022217,0.024440
0.350924,0.296315,0.098757,0.022217
0.441027,0.286629,0.188270,0.098757
0.466379,0.281250,0.277288,0.188270
0.520795,0.230625,0.337841,0.277288
0.397754,0.266175,0.335689,0.337841
0.405761,0.325843,0.318468,0.335689
0.645800,0.288178,0.366910,0.318468
0.429502,0.351296,0.456092,0.366910
0.379224,0.412283,0.572167,0.456092
0.365028,0.429108,0.724801,0.572167
0.336058,0.502962,0.854051,0.724801
0.567480,0.693121,0.987528,0.854051
0.702422,0.671730,1.131889,0.987528
0.690016,0.867768,1.234004,1.131889
1.035492,0.923559,1.329211,1.234004
1.153059,0.806970,1.397674,1.329211
0.981862,0.937321,1.445571,1.397674
1.009849,0.786257,1.492330,1.445571
0.815466,0.804572,1.525677,1.492330
0.725855,0.928556,1.554237,1.525677
0.869596,0.768399,1.578923,1.554237
0.697443,0.772240,1.590748,1.578923
0.718502,0.948480,1.593191,1.590748
0.926361,0.771084,1.583526,1.593191
0.754016,0.829331,1.570044,1.583526
0.781510,0.965382,1.556974,1.570044
0.995917,0.797229,1.547053,1.556974
0.793308,0.832485,1.544090,1.547053
0.940827,0.964496,1.545254,1.544090
0.845480,0.792229,1.549609,1.545254
0.939308,0.859385,1.553864,1.549609
0.834964,0.981039,1.557543,1.553864
0.946142,0.837839,1.560076,1.557543
0.840889,0.837662,1.560923,1.560076
0.793444,0.995575,1.560770,1.560923
0.992464,0.792067,1.559851,1.560770
0.794271,0.838365,1.558957,1.559851
0.799030,1.004898,1.558161,1.558957
0.995523,0.805845,1.557696,1.558161
0.799054,0.849509,1.557698,1.557696
0.803016,0.979195,1.558035,1.557698
1.004605,0.820685,1.558641,1.558035
0.798929,0.829501,1.559111,1.558641
0.940225,0.997711,1.559412,1.559111
0.841367,0.826252,1.559544,1.559412
0.944902,0.976816,1.559545,1.559544
0.999793,0.974753,1.559511,1.559545
0.852659,0.844595,1.559619,1.559511
0.963919,1.018715,1.559904,1.559619
1.016892,0.836839,1.560417,1.559904
0.811431,0.828233,1.560848,1.560417
0.865662,0.983417,1.561295,1.560848
1.008931,0.834262,1.561185,1.561295
0.851873,0.831290,1.560637,1.561185
0.903955,0.970935,1.562305,1.560637
1.153023,0.756857,1.565022,1.562305
0.840568,0.852348,1.565585,1.565022
0.881674,0.785745,1.565433,1.565585
0.773006,0.611586,1.565540,1.565433
0.581258,0.673108,1.566267,1.565540
0.654557,0.512797,1.568020,1.566267
0.473499,0.489497,1.570280,1.568020
0.449272,0.529198,1.573669,1.570280
0.527005,0.431131,1.578079,1.573669
0.396835,0.399772,1.582000,1.578079
0.439028,0.425900,1.585976,1.582000
0.371866,0.323202,1.589218,1.585976
0.328104,0.337771,1.591384,1.589218
0.239570,0.348223,1.591164,1.591384
0.397622,0.289748,1.581653,1.591164
0.468127,0.281242,1.564826,1.581653
0.421374,0.282954,1.536127,1.564826
0.448953,0.242781,1.475975,1.536127
0.306263,0.249423,1.411989,1.475975
0.374322,0.333117,1.333762,1.411989
0.554273,0.280273,1.233862,1.333762
0.406081,0.334287,1.148864,1.233862
0.380401,0.461515,1.059382,1.148864
0.234534,0.444531,0.934501,1.059382
0.178742,0.517000,0.814167,0.934501
0.238368,0.731751,0.676826,0.814167
0.321920,0.675711,0.511377,0.676826
0.522242,0.756121,0.387590,0.511377
0.615621,0.948421,0.280023,0.387590
0.783637,0.794336,0.183858,0.280023
0.838009,0.809372,0.130535,0.183858
0.740504,0.944045,0.092198,0.130535
0.833399,0.811653,0.067670,0.092198
0.654924,0.797510,0.062846,0.067670
0.650240,0.919997,0.066563,0.062846
0.868653,0.814611,0.072774,0.066563
0.728675,0.814618,0.074822,0.072774
0.744614,0.948359,0.073797,0.074822
0.952581,0.826501,0.071959,0.073797
0.770269,0.829824,0.071732,0.071959
0.926693,0.949426,0.072018,0.071732
0.836362,0.810190,0.071438,0.072018
0.937554,0.852505,0.069657,0.071438
0.842796,0.947166,0.067060,0.069657
0.939567,0.832977,0.064259,0.067060
0.845033,0.833089,0.062975,0.064259
0.793823,0.959967,0.062656,0.062975
0.981051,0.814500,0.062918,0.062656
0.791325,0.854074,0.063671,0.062918
0.796395,1.006897,0.064407,0.063671
0.994152,0.812811,0.064649,0.064407
0.799338,0.837925,0.064221,0.064649
0.802637,0.998502,0.063557,0.064221
0.996148,0.819723,0.062839,0.063557
0.805074,0.852147,0.062214,0.062839
0.940746,0.981234,0.061560,0.062214
0.837425,0.797423,0.061024,0.061560
0.939381,0.810299,0.061040,0.061024
0.836052,0.985895,0.061568,0.061040
0.935857,0.821347,0.062535,0.061568
0.832430,0.846198,0.063212,0.062535
0.784430,0.991517,0.063726,0.063212
0.987572,0.814425,0.064147,0.063726
0.790889,1.003797,0.064252,0.064147
0.997744,0.952934,0.063212,0.064252
0.997285,0.846559,0.062057,0.063212
0.798474,0.983149,0.046531,0.062057
1.077705,0.779139,0.019768,0.046531
0.945588,0.831002,0.079347,0.019768
0.930835,0.932451,0.112243,0.079347
1.030288,0.708247,0.125215,0.112243
0.727233,0.691552,0.125441,0.125215
0.655808,0.762964,0.120349,0.125441
0.720710,0.564467,0.111095,0.120349
0.519060,0.501154,0.102189,0.111095
0.556901,0.605428,0.093097,0.102189
0.536395,0.450781,0.084215,0.093097
0.396407,0.414547,0.078928,0.084215
0.385009,0.450092,0.075381,0.078928
0.430850,0.349955,0.072288,0.075381
0.328327,0.333892,0.055164,0.072288
0.266396,0.371900,0.013425,0.055164
0.249758,0.290806,0.042816,0.013425
0.319684,0.282591,0.122974,0.042816
0.402681,0.297809,0.211398,0.122974
0.523923,0.242498,0.300010,0.211398
0.328417,0.213963,0.324255,0.300010
0.325424,0.291848,0.302893,0.324255
0.512184,0.303503,0.287983,0.302893
0.511648,0.304397,0.347971,0.287983
0.494534,0.386183,0.445539,0.347971
0.419957,0.377235,0.587980,0.445539
0.334086,0.434797,0.713139,0.587980
0.373730,0.641972,0.841609,0.713139
0.662171,0.589479,0.991361,0.841609
0.656128,0.827432,1.107741,0.991361
1.035796,0.881611,1.229425,1.107741
1.182582,0.780583,1.322210,1.229425
1.018136,0.935407,1.385519,1.322210
1.188272,0.789557,1.446338,1.385519
0.837284,0.778492,1.487642,1.446338
0.755359,0.932635,1.522809,1.487642
0.897752,0.770702,1.555899,1.522809
0.708227,0.823326,1.576450,1.555899
0.710913,0.919416,1.589694,1.576450
0.906161,0.787982,1.593450,1.589694
0.739691,0.795257,1.586910,1.593450
0.912018,0.936172,1.574941,1.586910
0.826010,0.829121,1.560709,1.574941
0.928397,0.814727,1.552137,1.560709
0.834475,0.929108,1.547883,1.552137
0.923064,0.805994,1.547953,1.547883
0.830050,0.822025,1.550566,1.547953
0.779297,1.006023,1.554010,1.550566
0.987142,0.799127,1.557407,1.554010
0.786920,0.807167,1.559026,1.557407
0.781253,1.012652,1.559522,1.559026
0.988835,0.843113,1.558965,1.559522
0.791971,0.827507,1.558072,1.558965
0.797625,0.969836,1.557164,1.558072
1.004621,0.801316,1.556552,1.557164
0.806510,0.843170,1.556356,1.556552
0.954934,0.998725,1.556481,1.556356
0.858663,0.830640,1.556804,1.556481
0.952788,0.845054,1.557153,1.556804
0.855493,0.983218,1.557500,1.557153
0.960076,0.821909,1.557626,1.557500
0.855876,1.021707,1.557518,1.557626
0.772687,0.989513,1.557235,1.557518
0.581592,0.982777,1.557039,1.557235
0.864574,0.984873,1.556984,1.557039
0.943554,0.994090,1.557097,1.556984
0.968640,0.993058,1.557596,1.557097
0.643354,0.835664,1.558262,1.557596
0.284272,0.966052,1.558833,1.558262
0.227272,0.837717,1.558267,1.558833
0.040244,0.987425,1.559290,1.558267
0.504104,0.916872,1.562308,1.559290
0.828734,0.756128,1.564172,1.562308
0.709091,0.812038,1.565212,1.564172
0.726858,0.607562,1.566348,1.565212
0.593467,0.619278,1.567486,1.566348
0.524556,0.624276,1.568821,1.567486
0.601281,0.504949,1.570648,1.568821
0.443592,0.447429,1.572392,1.570648
0.410099,0.528872,1.574189,1.572392
0.481267,0.389411,1.576420,1.574189
0.363702,0.374282,1.578490,1.576420
0.336160,0.376121,1.580519,1.578490
0.357273,0.306933,1.581682,1.580519
0.200634,0.296298,1.585063,1.581682
0.337555,0.342479,1.599301,1.585063
0.418978,0.284801,1.636104,1.599301
0.473108,0.247108,1.683413,1.636104
0.389759,0.254127,1.740043,1.683413
0.346075,0.235247,1.800042,1.740043
0.402153,0.294694,1.855983,1.800042
0.437091,0.313628,1.933593,1.855983
0.436299,0.304387,2.046446,1.933593
0.196389,0.378019,2.151876,2.046446
0.140434,0.463495,2.275256,2.151876
0.254416,0.489349,2.435198,2.275256
0.386895,0.672589,2.573225,2.435198
0.770243,0.743553,2.729736,2.573225
0.954595,0.694532,2.852288,2.729736
0.883984,0.931409,2.929443,2.852288
1.265565,0.792143,2.994551,2.929443
1.006655,0.805657,3.037038,2.994551
0.967237,0.912072,3.073524,3.037038
1.063034,0.766047,3.108911,3.073524
0.781634,0.810943,3.132339,3.108911
0.883560,0.913302,3.134810,3.132339
0.912515,0.747464,3.125373,3.134810
0.726236,0.778390,3.126774,3.125373
0.773610,0.935309,3.135514,3.126774
0.916233,0.783078,3.136106,3.135514
0.723577,0.811167,3.126197,3.136106
0.726186,0.954919,3.119882,3.126197
0.948248,0.773330,3.117730,3.119882
0.780593,0.837563,3.119162,3.117730
0.778573,0.985975,3.122129,3.119162
0.996155,0.821043,3.125697,3.122129
0.796351,0.821111,3.127818,3.125697
0.800402,0.965533,3.128979,3.127818
1.006731,0.822765,3.129148,3.128979
0.803585,0.868452,3.128683,3.129148
0.961154,0.937367,3.128073,3.128683
1.002004,0.804089,3.127499,3.128073
0.803555,1.004921,3.127297,3.127499
0.991295,0.972621,3.127404,3.127297
0.978918,0.868751,3.127630,3.127404
0.843840,0.998534,3.127910,3.127630
0.943751,0.843101,3.128288,3.127910
0.846301,0.845103,3.128595,3.128288
0.797750,0.985144,3.128830,3.128595
0.986236,0.831018,3.129087,3.128830
0.790917,0.871598,3.129371,3.129087
0.795487,0.961340,3.129729,3.129371
0.997859,0.796799,3.130288,3.129729
0.797875,0.866019,3.130888,3.130288
0.796039,1.004800,3.131605,3.130888
0.975677,0.809790,3.132320,3.131605
0.782361,0.834924,3.132971,3.132320
0.876983,0.970285,3.133489,3.132971
0.868343,0.804748,3.133889,3.133489
1.074515,0.827703,3.134895,3.133889
0.999063,0.921308,3.135800,3.134895
1.022569,0.696045,3.135877,3.135800
0.771371,0.674427,3.135550,3.135877
0.642424,0.749195,3.135224,3.135550
0.697790,0.564284,3.135347,3.135224
0.501540,0.557355,3.135889,3.135347
0.462597,0.595603,3.136855,3.135889
0.532649,0.437902,3.138366,3.136855
0.410645,0.402111,3.139745,3.138366
0.388383,0.427297,3.141185,3.139745
0.449714,0.361591,3.141912,3.141185
0.335977,0.320381,3.140173,3.141912
0.365566,0.360510,3.138154,3.140173
0.302162,0.302436,3.135457,3.138154
0.310788,0.261500,3.133045,3.135457
0.259559,0.248629,3.131385,3.133045
0.275568,0.195603,3.130823,3.131385
0.220598,0.208728,3.131229,3.130823
0.175973,0.230843,3.132103,3.131229
0.177264,0.143206,3.133209,3.132103
0.127201,0.104271,3.133888,3.133209
0.110261,0.159988,3.134174,3.133888
0.114700,0.095061,3.134112,3.134174
0.092597,0.088653,3.133851,3.134112
0.076696,0.078869,3.133410,3.133851
0.073790,0.050094,3.132981,3.133410
0.045628,0.079326,3.132742,3.132981
0.046055,0.027911,3.132610,3.132742
0.040361,0.020219,3.132522,3.132610
0.060000,0.060077,3.132495,3.132522
0.036058,0.022587,3.132494,3.132495
