0.000000,0.000000,0.000000,0.000000
0.000000,0.034521,2.049610,0.000000
0.000000,0.025947,2.045096,2.049610
0.022931,0.047772,2.037524,2.045096
0.034439,0.051512,2.030493,2.037524
0.029605,0.044825,2.026596,2.030493
0.000000,0.036578,2.021901,2.026596
0.000000,0.015497,2.001939,2.021901
0.000000,0.047908,2.001200,2.001939
0.000000,0.024803,2.001123,2.001200
0.000000,0.019052,2.001525,2.001123
0.000000,0.050371,2.001986,2.001525
0.000000,0.014344,2.001519,2.001986
0.000000,0.009356,2.000430,2.001519
0.018518,0.016038,1.993550,2.000430
0.051864,0.032078,1.995915,1.993550
0.040291,0.020693,1.997123,1.995915
0.016301,0.030419,1.998073,1.997123
0.000000,0.032801,1.998667,1.998073
0.022269,0.016901,1.998554,1.998667
0.032994,0.041888,1.998037,1.998554
0.031059,0.022021,1.997738,1.998037
0.046384,0.044943,1.997685,1.997738
0.066714,0.026621,1.997500,1.997685
0.086653,0.019212,1.997564,1.997500
0.064757,0.042715,1.997643,1.997564
0.072708,0.045513,1.997617,1.997643
0.093541,0.054451,1.998069,1.997617
0.071985,0.059958,1.998991,1.998069
0.079406,0.034786,1.999771,1.998991
0.071963,0.020027,1.999475,1.999771
0.062001,0.022631,1.997299,1.999475
0.178701,0.007693,1.963299,1.997299
0.163907,0.084509,1.933122,1.963299
0.176454,0.176503,1.878993,1.933122
0.022725,0.227839,1.769985,1.878993
0.216863,0.335696,1.651995,1.769985
0.396251,0.495650,1.539029,1.651995
0.430890,0.487834,1.437405,1.539029
0.555741,0.575345,1.366768,1.437405
0.432523,0.781899,1.290274,1.366768
0.664394,0.672819,1.167785,1.290274
0.610024,0.802493,1.036633,1.167785
0.665993,0.944675,0.882206,1.036633
0.925646,0.807601,0.699536,0.882206
0.925333,0.799299,0.559964,0.699536
1.003762,0.970243,0.434698,0.559964
1.183942,0.782061,0.315136,0.434698
0.888124,0.808582,0.237154,0.315136
0.975386,0.924355,0.175360,0.237154
0.806353,0.802080,0.124852,0.175360
0.846012,0.782926,0.100084,0.124852
0.729780,0.951456,0.088126,0.100084
0.810749,0.815579,0.086114,0.088126
0.732823,0.780821,0.088061,0.086114
0.703880,0.965834,0.088233,0.088061
0.908308,0.818117,0.082974,0.088233
0.743137,0.821969,0.074057,0.082974
0.760078,0.966261,0.064806,0.074057
0.978904,0.812933,0.057891,0.064806
0.775908,0.845742,0.056055,0.057891
0.782727,0.986085,0.056771,0.056055
0.961866,0.812417,0.058290,0.056771
0.776722,0.846352,0.059531,0.058290
0.932851,0.963381,0.060604,0.059531
0.838980,0.798306,0.061294,0.060604
0.939104,0.995268,0.061596,0.061294
1.001076,1.003405,0.061792,0.061596
0.855515,0.841941,0.061392,0.061792
0.962052,0.985235,0.060738,0.061392
1.016530,0.806936,0.059524,0.060738
0.811423,0.837593,0.058285,0.059524
0.858048,0.964249,0.057037,0.058285
1.010039,0.851100,0.055927,0.057037
0.814070,0.832238,0.055497,0.055927
0.809284,1.012224,0.055224,0.055497
0.999866,0.808187,0.055396,0.055224
0.796618,0.840764,0.056134,0.055396
0.790268,0.983582,0.057572,0.056134
0.984166,0.792612,0.059535,0.057572
0.781131,0.798051,0.061390,0.059535
0.780232,0.990973,0.063012,0.061390
0.981866,0.811298,0.041168,0.063012
0.843188,0.824039,0.017516,0.041168
1.073129,0.951339,0.079411,0.017516
1.115337,0.905436,0.114812,0.079411
0.999928,0.831036,0.124399,0.114812
0.748040,0.640146,0.122481,0.124399
0.758594,0.614861,0.116996,0.122481
0.611322,0.639960,0.109611,0.116996
0.624169,0.555346,0.100380,0.109611
0.516048,0.493586,0.093202,0.100380
0.449752,0.532702,0.087423,0.093202
0.509725,0.407503,0.083377,0.087423
0.382617,0.395656,0.081985,0.083377
0.363856,0.386837,0.081941,0.081985
0.405808,0.304380,0.061442,0.081941
0.252428,0.310735,0.054464,0.061442
0.206047,0.366738,0.075472,0.054464
0.419314,0.277089,0.157079,0.075472
0.415266,0.254081,0.234688,0.157079
0.460310,0.260857,0.298022,0.234688
0.315852,0.208086,0.302756,0.298022
0.251342,0.251702,0.257797,0.302756
0.360596,0.323994,0.241607,0.257797
0.432440,0.264257,0.316955,0.241607
0.292030,0.347968,0.415360,0.316955
0.212781,0.459992,0.538552,0.415360
0.342964,0.449055,0.682923,0.538552
0.391897,0.536118,0.803679,0.682923
0.473308,0.747803,0.927627,0.803679
0.850505,0.861709,1.067142,0.927627
1.075546,0.910376,1.191684,1.067142
1.073086,0.774740,1.287690,1.191684
0.863491,0.806554,1.353689,1.287690
0.856570,0.952831,1.412178,1.353689
0.975060,0.780877,1.469898,1.412178
0.706552,0.777220,1.509978,1.469898
0.647900,0.924491,1.543360,1.509978
0.823961,0.770007,1.572267,1.543360
0.670154,0.808498,1.587710,1.572267
0.823987,0.942839,1.594319,1.587710
0.818197,0.788787,1.589125,1.594319
0.723217,0.816275,1.577195,1.589125
0.815488,0.946444,1.563795,1.577195
0.981183,0.802054,1.551881,1.563795
0.791910,0.820023,1.546612,1.551881
0.800619,0.986654,1.545588,1.546612
1.005914,0.845484,1.548309,1.545588
0.804963,0.837945,1.551820,1.548309
0.807022,0.979596,1.555238,1.551820
1.000365,0.830676,1.558004,1.555238
0.798510,0.841191,1.558912,1.558004
0.793431,0.971897,1.558766,1.558912
1.006158,0.989924,1.557963,1.558766
1.004289,0.974358,1.557042,1.557963
1.014113,0.808170,1.556463,1.557042
0.804599,0.842102,1.556481,1.556463
0.956195,0.986746,1.556988,1.556481
0.861741,0.819318,1.557778,1.556988
0.959597,0.849996,1.558483,1.557778
0.846913,0.979506,1.559173,1.558483
0.949546,0.814803,1.559855,1.559173
0.854827,0.857223,1.560187,1.559855
0.813153,0.988440,1.560346,1.560187
1.005641,0.828432,1.560404,1.560346
0.808473,0.825718,1.560300,1.560404
0.807314,0.999838,1.560200,1.560300
1.002077,0.839209,1.560159,1.560200
0.800306,0.814117,1.560174,1.560159
0.799805,0.975400,1.560253,1.560174
1.032515,0.810467,1.559751,1.560253
0.294881,0.821349,1.561110,1.559751
0.552800,0.927971,1.564317,1.561110
0.745585,0.738661,1.566736,1.564317
0.829735,0.715552,1.567654,1.566736
0.696972,0.781027,1.568252,1.567654
0.720694,0.597133,1.569139,1.568252
0.600778,0.557850,1.570364,1.569139
0.519177,0.616739,1.572065,1.570364
0.600171,0.480884,1.574882,1.572065
0.450115,0.446685,1.577796,1.574882
0.421336,0.503581,1.581351,1.577796
0.479971,0.458591,1.585872,1.581351
0.431338,0.399792,1.590348,1.585872
0.365211,0.306684,1.593284,1.590348
0.223066,0.295043,1.595831,1.593284
0.242072,0.312027,1.593612,1.595831
0.450355,0.283794,1.580827,1.593612
0.395016,0.255921,1.560037,1.580827
0.365724,0.271407,1.519289,1.560037
0.373264,0.255330,1.450163,1.519289
0.258292,0.279701,1.378573,1.450163
0.433788,0.352094,1.295784,1.378573
0.384370,0.302851,1.193303,1.295784
0.253357,0.362674,1.107949,1.193303
0.386726,0.472383,1.015032,1.107949
0.564620,0.475949,0.884220,1.015032
0.510413,0.557282,0.761786,0.884220
0.573241,0.773607,0.621703,0.761786
0.866632,0.683421,0.460384,0.621703
0.763898,0.909936,0.342750,0.460384
1.140206,0.927269,0.225068,0.342750
1.154117,0.819578,0.146676,0.225068
0.860147,0.972766,0.100403,0.146676
0.961805,0.784339,0.067008,0.100403
0.711332,0.799625,0.060171,0.067008
0.691419,0.923164,0.067775,0.060171
0.840551,0.800373,0.077932,0.067775
0.683922,0.813178,0.081733,0.077932
0.839895,0.919663,0.080945,0.081733
0.782779,0.798464,0.077899,0.080945
0.897666,0.987950,0.076489,0.077899
0.969062,0.912597,0.076340,0.076489
0.839083,0.839252,0.075528,0.076340
0.947401,0.989127,0.073308,0.075528
1.000988,0.815270,0.069934,0.073308
0.801411,0.825417,0.067509,0.069934
0.853972,0.999162,0.066356,0.067509
0.989417,0.778909,0.065763,0.066356
0.789083,0.834437,0.065355,0.065763
0.784616,0.985666,0.065058,0.065355
0.995463,0.814278,0.064744,0.065058
0.791473,0.805370,0.064569,0.064744
0.783935,0.991141,0.064634,0.064569
0.974744,0.822409,0.065227,0.064634
0.801854,0.833739,0.065939,0.065227
0.796902,1.006129,0.066096,0.065939
0.994442,0.812375,0.065601,0.066096
0.802999,0.861915,0.065022,0.065601
0.957352,0.973295,0.064368,0.065022
1.001675,0.801233,0.063559,0.064368
0.799704,0.863038,0.062834,0.063559
0.838954,0.994055,0.062142,0.062834
0.983445,0.812358,0.061298,0.062142
0.785223,0.840233,0.060900,0.061298
0.781175,0.984432,0.060737,0.060900
0.984380,0.809869,0.060698,0.060737
0.779817,0.834555,0.060837,0.060698
0.783103,1.000897,0.059475,0.060837
0.997233,0.812366,0.019197,0.059475
0.880488,0.850392,0.048971,0.019197
0.940077,1.043807,0.101681,0.048971
1.119569,0.842091,0.126709,0.101681
0.786000,0.774184,0.132195,0.126709
0.827318,0.845829,0.130663,0.132195
0.785363,0.821309,0.124730,0.130663
0.688340,0.695401,0.117011,0.124730
0.524469,0.512887,0.109247,0.117011
0.544600,0.611895,0.103547,0.109247
0.519584,0.511526,0.098244,0.103547
0.407347,0.413214,0.095073,0.098244
0.416457,0.380136,0.094654,0.095073
0.379154,0.299885,0.080141,0.094654
0.222569,0.307573,0.081694,0.080141
0.281945,0.318106,0.124115,0.081694
0.424544,0.253040,0.198785,0.124115
0.357104,0.248980,0.265674,0.198785
0.319386,0.258524,0.290641,0.265674
0.372652,0.295545,0.254060,0.290641
0.517464,0.306925,0.187979,0.254060
0.650531,0.308468,0.224151,0.187979
0.466873,0.346007,0.316717,0.224151
0.400404,0.415241,0.429060,0.316717
0.381374,0.422778,0.570544,0.429060
0.321016,0.515458,0.685343,0.570544
0.415132,0.709230,0.803011,0.685343
0.712721,0.682852,0.941220,0.803011
0.696113,0.792873,1.057206,0.941220
1.086572,0.961140,1.165920,1.057206
1.097987,0.839115,1.270466,1.165920
1.172839,0.873668,1.342148,1.270466
0.956821,1.004349,1.403358,1.342148
0.925539,0.809480,1.461759,1.403358
0.774740,0.810048,1.501716,1.461759
0.693417,0.961388,1.535229,1.501716
0.869059,0.825118,1.565202,1.535229
0.701297,0.840806,1.582454,1.565202
0.728615,0.992332,1.591753,1.582454
0.924787,0.822137,1.590953,1.591753
0.741687,0.862738,1.581906,1.590953
0.754234,1.011931,1.569366,1.581906
0.945168,0.871108,1.556341,1.569366
0.753997,0.892138,1.549634,1.556341
0.907593,1.006239,1.547489,1.549634
0.820098,0.861845,1.549814,1.547489
0.915975,0.879491,1.553912,1.549814
0.821799,1.010245,1.558381,1.553912
0.920565,0.839283,1.562707,1.558381
0.815062,0.871201,1.565005,1.562707
0.774656,1.035597,1.566199,1.565005
0.963820,0.838850,1.566425,1.566199
0.774957,0.875739,1.566280,1.566425
0.768688,1.014000,1.566211,1.566280
0.951124,0.857684,1.566671,1.566211
0.756933,0.860739,1.567536,1.566671
0.760877,0.997761,1.568696,1.567536
0.946563,0.830583,1.570351,1.568696
0.754659,0.878026,1.571825,1.570351
0.891658,0.979909,1.573339,1.571825
0.793938,0.834423,1.575202,1.573339
0.877354,0.850006,1.576940,1.575202
0.787687,0.965110,1.578858,1.576940
0.876496,0.832168,1.581401,1.578858
0.777718,0.847296,1.583773,1.581401
0.733782,0.989798,1.586578,1.583773
0.916078,0.810541,1.590195,1.586578
0.732119,0.824954,1.593225,1.590195
0.776978,0.966802,1.597150,1.593225
1.093826,0.807705,1.605348,1.597150
0.870847,0.765635,1.612404,1.605348
0.805050,0.829508,1.618745,1.612404
0.861982,0.641194,1.626090,1.618745
0.610462,0.625653,1.632958,1.626090
0.617799,0.653772,1.641047,1.632958
0.479392,0.474181,1.652003,1.641047
0.481477,0.560300,1.662436,1.652003
0.455364,0.509255,1.676712,1.662436
0.344232,0.369328,1.691929,1.676712
0.348690,0.414644,1.705842,1.691929
0.337297,0.318192,1.723570,1.705842
0.248461,0.303083,1.739478,1.723570
0.220699,0.331077,1.757612,1.739478
0.379280,0.268996,1.773221,1.757612
0.354863,0.248036,1.775761,1.773221
0.343583,0.230520,1.764034,1.775761
0.314170,0.203751,1.724968,1.764034
0.234202,0.217867,1.679530,1.724968
0.317813,0.289960,1.619896,1.679530
0.597099,0.233518,1.535877,1.619896
0.426108,0.310034,1.457004,1.535877
0.271920,0.405391,1.373627,1.457004
0.244557,0.382387,1.280520,1.373627
0.197243,0.446926,1.189444,1.280520
0.394963,0.665448,1.077533,1.189444
0.750221,0.850949,0.910186,1.077533
1.023833,0.884626,0.719550,0.910186
1.101497,0.877838,0.542251,0.719550
1.352785,0.856536,0.417242,0.542251
1.222515,1.032789,0.318367,0.417242
1.190459,0.842739,0.228695,0.318367
0.898039,0.861217,0.169579,0.228695
0.740549,1.017018,0.122757,0.169579
0.842236,0.826955,0.087277,0.122757
0.654294,0.835143,0.075271,0.087277
0.691893,1.006422,0.076276,0.075271
0.874919,0.801321,0.082563,0.076276
0.708381,0.857844,0.084804,0.082563
0.721936,1.010089,0.082025,0.084804
0.944714,0.865645,0.074029,0.082025
0.782733,0.911490,0.067004,0.074029
0.931297,1.030487,0.061835,0.067004
0.835920,1.051767,0.057213,0.061835
0.986586,1.054807,0.052021,0.057213
0.981606,0.880361,0.046549,0.052021
0.778640,1.046187,0.042051,0.046549
0.966286,1.027450,0.037780,0.042051
0.953555,0.873552,0.036159,0.037780
0.892840,1.035481,0.036423,0.036159
0.789215,0.841035,0.037937,0.036423
0.869021,0.856122,0.039799,0.037937
0.770581,0.972210,0.041769,0.039799
0.860178,0.830643,0.043587,0.041769
0.772949,0.882430,0.044584,0.043587
0.725470,1.026877,0.044807,0.044584
0.912378,0.820638,0.044111,0.044807
0.731923,0.852668,0.043531,0.044111
0.729230,0.985475,0.043444,0.043531
0.914878,0.796413,0.043918,0.043444
0.726305,0.880629,0.044503,0.043918
0.723384,0.982617,0.045054,0.044503
0.906144,0.801324,0.045953,0.045054
0.715314,0.849598,0.046784,0.045953
0.856862,0.963701,0.047909,0.046784
0.764439,0.812137,0.038781,0.047909
0.884783,0.990840,0.021581,0.038781
1.050810,0.947458,0.090236,0.021581
0.917488,0.746616,0.128269,0.090236
0.898804,0.853155,0.138944,0.128269
0.797181,0.650526,0.139499,0.138944
0.547310,0.590373,0.135089,0.139499
0.498049,0.659171,0.128756,0.135089
0.522718,0.476075,0.121660,0.128756
0.387246,0.473294,0.117938,0.121660
0.357246,0.464597,0.117067,0.117938
0.414069,0.354934,0.119766,0.117067
0.301233,0.358006,0.124778,0.119766
0.276805,0.390641,0.132450,0.124778
0.308789,0.287664,0.139975,0.132450
0.222683,0.227316,0.157957,0.139975
0.253356,0.244169,0.195771,0.157957
0.404406,0.187788,0.258617,0.195771
0.333903,0.183662,0.301083,0.258617
0.295611,0.247892,0.290744,0.301083
0.308120,0.219332,0.218107,0.290744
0.364930,0.260004,0.133344,0.218107
0.568074,0.354818,0.128442,0.133344
0.398931,0.283182,0.233082,0.128442
0.128550,0.323327,0.351009,0.233082
0.042405,0.430248,0.482353,0.351009
0.115891,0.452094,0.624408,0.482353
0.146374,0.528778,0.738206,0.624408
0.302463,0.747662,0.856062,0.738206
0.680621,0.696358,0.996706,0.856062
0.383777,0.819912,1.110729,0.996706
0.566267,0.992150,1.212469,1.110729
1.115624,0.845068,1.308774,1.212469
0.885810,0.886859,1.373827,1.308774
0.901453,1.013052,1.428308,1.373827
0.900018,0.844388,1.480604,1.428308
0.713788,0.851594,1.517546,1.480604
0.737596,0.950775,1.549258,1.517546
0.877304,0.827837,1.577568,1.549258
0.708908,0.827523,1.592742,1.577568
0.712503,1.018827,1.598737,1.592742
0.898841,0.825474,1.593285,1.598737
0.733686,0.849384,1.581743,1.593285
0.751935,1.012501,1.568449,1.581743
0.969914,0.850266,1.556276,1.568449
0.771637,0.869893,1.550882,1.556276
0.773599,1.056478,1.549974,1.550882
0.972015,0.875737,1.553189,1.549974
0.781947,0.887650,1.557522,1.553189
0.922650,1.017632,1.561872,1.557522
0.970527,0.836794,1.565585,1.561872
0.774822,0.855334,1.567193,1.565585
0.806608,0.992005,1.567703,1.567193
0.944526,0.828369,1.567451,1.567703
0.750831,0.904819,1.567098,1.567451
0.745948,0.986657,1.566989,1.567098
0.925465,0.828431,1.567567,1.566989
0.743914,0.854739,1.568614,1.567567
0.741108,0.993306,1.570145,1.568614
0.930202,0.827583,1.572288,1.570145
0.750182,0.844175,1.574048,1.572288
0.744231,0.962159,1.575786,1.574048
0.919558,0.828808,1.577715,1.575786
0.727159,0.845929,1.579323,1.577715
0.854264,0.981213,1.581108,1.579323
0.908215,0.804444,1.583502,1.581108
0.738626,0.867329,1.585775,1.583502
0.781700,0.979595,1.588481,1.585775
0.922393,0.816471,1.591956,1.588481
0.789729,0.826956,1.595222,1.591956
0.878506,0.959167,1.601424,1.595222
1.104639,0.765095,1.610002,1.601424
0.794366,0.734092,1.615708,1.610002
0.694576,0.785212,1.620651,1.615708
0.778315,0.621485,1.626539,1.620651
0.548199,0.557258,1.632403,1.626539
0.496762,0.629170,1.639760,1.632403
0.552935,0.449393,1.650470,1.639760
0.404003,0.455819,1.661465,1.650470
0.441489,0.451543,1.674653,1.661465
0.436828,0.344898,1.692371,1.674653
0.336784,0.330860,1.708931,1.692371
0.332734,0.384997,1.727201,1.708931
0.312843,0.272301,1.749729,1.727201
0.227803,0.292532,1.774758,1.749729
0.250034,0.278794,1.811360,1.774758
0.338374,0.238908,1.872905,1.811360
0.273849,0.223747,1.939175,1.872905
0.242233,0.285680,2.015149,1.939175
0.415684,0.273697,2.104497,2.015149
0.367966,0.273191,2.187987,2.104497
0.499603,0.378389,2.287876,2.187987
0.518167,0.320871,2.421373,2.287876
0.302393,0.334759,2.544651,2.421373
0.359295,0.391851,2.674268,2.544651
0.473982,0.391967,2.820253,2.674268
0.499329,0.443824,2.924993,2.820253
0.671980,0.604170,3.008045,2.924993
0.812847,0.575240,3.071915,3.008045
0.728050,0.661070,3.103539,3.071915
0.837527,0.787131,3.123096,3.103539
1.106947,0.686152,3.137829,3.123096
0.928959,0.705441,3.136750,3.137829
0.910388,0.854371,3.130335,3.136750
1.021891,0.722154,3.131030,3.130335
0.762559,0.738306,3.137837,3.131030
0.735293,0.850798,3.137841,3.137837
0.909423,0.693785,3.129562,3.137841
0.712417,0.708128,3.126223,3.129562
0.857818,0.807443,3.126231,3.126223
0.927299,0.729345,3.129296,3.126231
0.761128,0.753288,3.132725,3.129296
0.822413,0.880786,3.135942,3.132725
0.987266,0.745633,3.138474,3.135942
0.793836,0.699433,3.139480,3.138474
0.788153,0.875841,3.139612,3.139480
0.992150,0.712963,3.139044,3.139612
0.796114,0.721534,3.138413,3.139044
0.797312,0.849551,3.137897,3.138413
0.992832,0.760180,3.137627,3.137897
0.802786,0.745146,3.137659,3.137627
0.806857,0.907785,3.138048,3.137659
1.028771,0.734528,3.138813,3.138048
0.822229,0.927055,3.139443,3.138813
1.023088,0.912075,3.140039,3.139443
1.034032,0.769207,3.140479,3.140039
0.973564,0.885154,3.140969,3.140479
0.874805,0.763306,3.141554,3.140969
1.002003,0.759398,3.142234,3.141554
0.889240,0.901700,3.141622,3.142234
0.992809,0.749014,3.140569,3.141622
0.867888,0.781755,3.139764,3.140569
0.829297,0.897704,3.138959,3.139764
1.038007,0.715162,3.138151,3.138959
0.830498,0.789454,3.137493,3.138151
0.822719,0.923567,3.136668,3.137493
1.022776,0.779920,3.135417,3.136668
0.827475,0.761827,3.134051,3.135417
0.835006,0.927559,3.132398,3.134051
1.043739,0.746083,3.130261,3.132398
0.831410,0.739205,3.128152,3.130261
0.991129,0.876339,3.125598,3.128152
0.923668,0.755856,3.121890,3.125598
1.078604,0.749563,3.119575,3.121890
1.033128,0.858342,3.117927,3.119575
1.055954,0.703239,3.115504,3.117927
0.834001,0.645744,3.112619,3.115504
0.720511,0.721017,3.108532,3.112619
0.810883,0.569940,3.102218,3.108532
0.601574,0.516847,3.095714,3.102218
0.555725,0.597164,3.088159,3.095714
0.659732,0.458677,3.078822,3.088159
0.503013,0.457806,3.070964,3.078822
0.471235,0.430426,3.063165,3.070964
0.534224,0.395241,3.054251,3.063165
0.407409,0.344293,3.046679,3.054251
0.467708,0.389213,3.038446,3.046679
0.391394,0.292421,3.028042,3.038446
0.401645,0.302833,3.018635,3.028042
0.338270,0.281323,3.008528,3.018635
0.338257,0.264694,2.996116,3.008528
0.269613,0.221591,2.985391,2.996116
0.234929,0.272036,2.977018,2.985391
0.290749,0.192124,2.975583,2.977018
0.220857,0.180517,2.979564,2.975583
0.218063,0.218306,2.985658,2.979564
0.242235,0.184590,2.992407,2.985658
0.170126,0.181593,2.996261,2.992407
0.176431,0.190276,2.998001,2.996261
0.167505,0.121784,2.997147,2.998001
0.117901,0.119641,2.995270,2.997147
0.148195,0.069373,2.993093,2.995270
0.116511,0.128924,2.991811,2.993093
0.101649,0.129615,2.991079,2.991811
0.121661,0.025118,2.990970,2.991079
0.081389,0.058398,2.991321,2.990970
0.075361,0.051159,2.991837,2.991321
0.054835,0.057606,2.992355,2.991837
0.041049,0.050351,2.992615,2.992355
0.046061,0.076095,2.992627,2.992615
0.045086,0.025857,2.992546,2.992627
0.033406,0.026928,2.992377,2.992546
0.033701,0.032152,2.992152,2.992377
0.052219,0.049307,2.991832,2.992152
0.037374,0.043705,2.991700,2.991832
0.035966,0.034609,2.991637,2.991700
0.043234,0.032107,2.991676,2.991637
0.033603,0.005179,2.991759,2.991676
0.028478,0.076336,2.991922,2.991759
0.033678,0.026966,2.992066,2.991922
0.031165,0.027389,2.992071,2.992066
0.000000,0.026892,2.991457,2.992071
0.016671,0.010096,2.991564,2.991457
0.025613,0.038653,2.991658,2.991564
0.000000,0.000000,0.000000,0.000000
0.000000,0.018656,2.051465,0.000000
0.000000,0.038762,2.048238,2.051465
0.025438,0.025122,2.042338,2.048238
0.027998,0.049008,2.043192,2.042338
0.030897,0.064327,2.044319,2.043192
0.026036,0.030189,2.049022,2.044319
0.000000,0.046080,2.051558,2.049022
0.022215,0.017391,2.041449,2.051558
0.000000,0.037793,2.038110,2.041449
0.000000,0.023396,2.036288,2.038110
0.000000,0.021591,2.035929,2.036288
0.000000,0.015499,2.036242,2.035929
0.000000,0.037585,2.036797,2.036242
0.000000,0.040958,2.037447,2.036797
0.000000,0.038218,2.037973,2.037447
0.000000,0.042528,2.038747,2.037973
0.000000,0.044959,2.038417,2.038747
0.037983,0.028573,2.030513,2.038417
0.032444,0.029799,2.026328,2.030513
0.036219,0.055568,2.024656,2.026328
0.028018,0.022721,2.024260,2.024656
0.033372,0.036205,2.024153,2.024260
0.039129,0.024382,2.024016,2.024153
0.025670,0.053754,2.024752,2.024016
0.019216,0.044448,2.026164,2.024752
0.025615,0.018941,2.027855,2.026164
0.000000,0.044358,2.029027,2.027855
0.018549,0.048484,2.030297,2.029027
0.000000,0.052599,2.032072,2.030297
0.042490,0.013491,2.033050,2.032072
0.062920,0.060282,2.033106,2.033050
0.095767,0.051049,2.032418,2.033106
0.085356,0.048660,2.031747,2.032418
0.084559,0.023905,2.031901,2.031747
0.094790,0.029444,2.032751,2.031901
0.066634,0.035269,2.033387,2.032751
0.066490,0.058896,2.033818,2.033387
0.072512,0.034832,2.033129,2.033818
0.053267,0.012570,2.032153,2.033129
0.055008,0.030669,2.031944,2.032153
0.050597,0.037244,2.030637,2.031944
0.128236,0.044881,2.007442,2.030637
0.183511,0.064182,1.971295,2.007442
0.107278,0.131214,1.918908,1.971295
0.036354,0.258757,1.835688,1.918908
0.224774,0.307405,1.707211,1.835688
0.354079,0.401616,1.601946,1.707211
0.371999,0.551716,1.509022,1.601946
0.550249,0.565001,1.414747,1.509022
0.477051,0.615859,1.335969,1.414747
0.434137,0.805388,1.234372,1.335969
0.681772,0.740741,1.084768,1.234372
0.575723,0.769923,0.938681,1.084768
0.522627,1.005164,0.783009,0.938681
0.891153,0.799827,0.613670,0.783009
0.930027,0.849662,0.486605,0.613670
1.008704,0.927786,0.375139,0.486605
1.129892,0.807749,0.271238,0.375139
0.851325,0.794265,0.203417,0.271238
0.785057,0.942938,0.149966,0.203417
0.903254,0.780045,0.109661,0.149966
0.687537,0.797249,0.093534,0.109661
0.675751,0.935026,0.088188,0.093534
0.849590,0.814692,0.088851,0.088188
0.693887,0.778196,0.088737,0.088851
0.700739,0.956913,0.085337,0.088737
0.912178,0.797949,0.077206,0.085337
0.754397,0.840785,0.068637,0.077206
0.928843,0.947274,0.062555,0.068637
0.987145,0.794919,0.058986,0.062555
0.789164,0.823187,0.057698,0.058986
0.838489,0.978977,0.057858,0.057698
0.983442,0.828244,0.058513,0.057858
0.779295,0.836492,0.059383,0.058513
0.784294,0.973302,0.060447,0.059383
0.985821,0.839654,0.061375,0.060447
0.787328,0.833184,0.061970,0.061375
0.795571,0.953560,0.062218,0.061970
1.011204,0.836874,0.061862,0.062218
0.804305,0.823339,0.061148,0.061862
0.793248,0.974215,0.060123,0.061148
0.994049,0.841860,0.059115,0.060123
0.798016,0.858266,0.058623,0.059115
0.943258,0.988704,0.058065,0.058623
0.999324,0.829184,0.057644,0.058065
0.799953,0.840216,0.057656,0.057644
0.847275,0.969532,0.057924,0.057656
0.989628,0.822754,0.058172,0.057924
0.788382,0.845631,0.058466,0.058172
0.784667,0.969367,0.058953,0.058466
0.990370,0.823993,0.059729,0.058953
0.789721,0.826739,0.057784,0.059729
0.808543,0.970796,0.024006,0.057784
1.114273,0.800206,0.053008,0.024006
0.927139,0.825389,0.102848,0.053008
0.884693,0.888083,0.124029,0.102848
0.980295,0.656393,0.128930,0.124029
0.696215,0.674446,0.125363,0.128930
0.743411,0.722024,0.117859,0.125363
0.703092,0.534927,0.107290,0.117859
0.516697,0.531047,0.099053,0.107290
0.500046,0.546895,0.092188,0.099053
0.540646,0.436144,0.086339,0.092188
0.410752,0.399995,0.082971,0.086339
0.378360,0.426150,0.080889,0.082971
0.420916,0.348925,0.076951,0.080889
0.286029,0.321381,0.051531,0.076951
0.197791,0.333630,0.048813,0.051531
0.327310,0.265740,0.107662,0.048813
0.356606,0.279359,0.185328,0.107662
0.358824,0.288476,0.264261,0.185328
0.409632,0.217724,0.306740,0.264261
0.325506,0.228780,0.284430,0.306740
0.324590,0.307787,0.242365,0.284430
0.447706,0.341064,0.273058,0.242365
0.357847,0.382725,0.378027,0.273058
0.242191,0.377328,0.514963,0.378027
0.288068,0.526983,0.636568,0.514963
0.429455,0.625535,0.782794,0.636568
0.558317,0.604792,0.927847,0.782794
0.721761,0.830249,1.047910,0.927847
1.026007,0.739078,1.174808,1.047910
0.914385,0.790315,1.263905,1.174808
1.097203,0.945804,1.339408,1.263905
1.101007,0.797079,1.410926,1.339408
0.774993,0.788872,1.457140,1.410926
0.694233,0.895266,1.495770,1.457140
0.805186,0.755846,1.533170,1.495770
0.631782,0.798130,1.558728,1.533170
0.635395,0.933239,1.578349,1.558728
0.836220,0.804961,1.590616,1.578349
0.702129,0.815589,1.590620,1.590616
0.731474,0.907052,1.582056,1.590620
0.953220,0.832146,1.567369,1.582056
0.785141,0.815932,1.556098,1.567369
0.943640,0.980010,1.548429,1.556098
0.996683,0.791792,1.545322,1.548429
0.799453,0.825405,1.546599,1.545322
0.855552,0.962294,1.549880,1.546599
0.986279,0.818871,1.554169,1.549880
0.794963,0.841521,1.556882,1.554169
0.793464,0.969877,1.558350,1.556882
0.991828,0.849229,1.558697,1.558350
0.810675,0.857066,1.558068,1.558697
0.815380,0.972887,1.557232,1.558068
1.003130,0.833053,1.556478,1.557232
0.811131,0.829050,1.556207,1.556478
0.814099,0.987232,1.556191,1.556207
1.013919,0.828206,1.556422,1.556191
0.816612,0.850293,1.556678,1.556422
0.954895,0.987250,1.556872,1.556678
0.991123,0.812000,1.557041,1.556872
0.791115,0.831791,1.556990,1.557041
0.851714,0.990076,1.556799,1.556990
1.005509,0.821447,1.556589,1.556799
0.800988,0.848308,1.556564,1.556589
0.802677,0.974934,1.556848,1.556564
0.988023,0.806386,1.557535,1.556848
0.787291,0.841850,1.558431,1.557535
0.781180,0.966749,1.559441,1.558431
0.974603,0.830696,1.560352,1.559441
0.811007,0.847684,1.560566,1.560352
0.867926,0.963679,1.562701,1.560566
1.162083,0.773015,1.566000,1.562701
0.881666,0.740439,1.567393,1.566000
0.915371,0.823022,1.568068,1.567393
0.834565,0.624281,1.568574,1.568068
0.602064,0.555034,1.569200,1.568574
0.575085,0.641321,1.570110,1.569200
0.608059,0.482520,1.571283,1.570110
0.438831,0.476746,1.572070,1.571283
0.410465,0.502019,1.572471,1.572070
0.479835,0.383658,1.572368,1.572471
0.364957,0.363996,1.572210,1.572368
0.341588,0.409511,1.572144,1.572210
0.349643,0.304278,1.572998,1.572144
0.217779,0.290256,1.575433,1.572998
0.275304,0.324914,1.574353,1.575433
0.482565,0.268885,1.564575,1.574353
0.403557,0.289656,1.545469,1.564575
0.408625,0.294895,1.504059,1.545469
0.312827,0.241129,1.435824,1.504059
0.253764,0.271109,1.364525,1.435824
0.390923,0.353684,1.282864,1.364525
0.332444,0.365999,1.181683,1.282864
0.274388,0.473097,1.078722,1.181683
0.373365,0.437941,0.962334,1.078722
0.370066,0.489111,0.847218,0.962334
0.531475,0.701848,0.717526,0.847218
0.795203,0.665428,0.552597,0.717526
0.706003,0.749237,0.423759,0.552597
0.799743,0.920555,0.309774,0.423759
1.123971,0.803976,0.203546,0.309774
0.931496,0.812198,0.142546,0.203546
0.878204,0.981980,0.096456,0.142546
0.983537,0.774447,0.063699,0.096456
0.732334,0.793864,0.058331,0.063699
0.694687,0.936184,0.066428,0.058331
0.860588,0.766701,0.076128,0.066428
0.691164,0.763415,0.079283,0.076128
0.846691,0.929088,0.078184,0.079283
0.931147,0.790561,0.075716,0.078184
0.765193,0.833525,0.075182,0.075716
0.823999,0.980680,0.076204,0.075182
0.985727,0.803054,0.076916,0.076204
0.792571,0.812529,0.076496,0.076916
0.793221,0.982254,0.074967,0.076496
0.997391,0.823103,0.072977,0.074967
0.801041,0.808793,0.071264,0.072977
0.796821,0.960179,0.069561,0.071264
0.979237,0.833338,0.067966,0.069561
0.776481,0.831422,0.067075,0.067966
0.788973,0.984474,0.066262,0.067075
0.979019,0.831476,0.065203,0.066262
0.787905,0.849478,0.064434,0.065203
0.953477,0.983118,0.063491,0.064434
1.006964,0.991015,0.062245,0.063491
1.012713,0.990548,0.061247,0.062245
0.858664,0.838147,0.060917,0.061247
0.956467,0.837147,0.061212,0.060917
0.847741,1.004406,0.061378,0.061212
0.944384,0.821044,0.061313,0.061378
0.842614,0.840514,0.061080,0.061313
0.787290,0.984571,0.060719,0.061080
0.981182,0.795976,0.060075,0.060719
0.785345,0.852166,0.059673,0.060075
0.783825,0.989283,0.059881,0.059673
0.989013,0.815013,0.060799,0.059881
0.787330,0.861901,0.061614,0.060799
0.781930,0.968220,0.055973,0.061614
1.009058,0.812394,0.010985,0.055973
0.895964,1.048652,0.062634,0.010985
1.156938,0.997783,0.109646,0.062634
1.043591,0.824374,0.125284,0.109646
0.741704,0.881072,0.127839,0.125284
0.804038,0.692864,0.124577,0.127839
0.592880,0.639566,0.119423,0.124577
0.642112,0.698438,0.113268,0.119423
0.600900,0.530100,0.106087,0.113268
0.445042,0.470815,0.100678,0.106087
0.431618,0.566174,0.096555,0.100678
0.465365,0.404914,0.094435,0.096555
0.340745,0.368854,0.095236,0.094435
0.309479,0.403715,0.087717,0.095236
0.263198,0.281243,0.082988,0.087717
0.240629,0.267221,0.121118,0.082988
0.312863,0.307617,0.180790,0.121118
0.420989,0.207637,0.259378,0.180790
0.313491,0.211754,0.289570,0.259378
0.275278,0.289507,0.267213,0.289570
0.428784,0.250091,0.195943,0.267213
0.454798,0.292208,0.182908,0.195943
0.584147,0.380015,0.251359,0.182908
0.525285,0.341032,0.371156,0.251359
0.332598,0.384135,0.488356,0.371156
0.314181,0.554893,0.606359,0.488356
0.462837,0.558850,0.741599,0.606359
0.497490,0.645804,0.853844,0.741599
0.658832,0.874807,0.972008,0.853844
1.127690,0.776457,1.105659,0.972008
1.029227,0.829423,1.202784,1.105659
0.994703,0.999472,1.286787,1.202784
1.165443,0.838478,1.367999,1.286787
0.832526,0.836642,1.424298,1.367999
0.790104,0.969732,1.472707,1.424298
0.911063,0.821390,1.518929,1.472707
0.699890,0.839366,1.549499,1.518929
0.813956,0.943214,1.572797,1.549499
0.871274,1.000059,1.589400,1.572797
0.918230,0.990833,1.593736,1.589400
0.789209,0.832579,1.585944,1.593736
0.891550,0.869221,1.574223,1.585944
0.794972,1.007468,1.562220,1.574223
0.888027,0.860838,1.552494,1.562220
0.795387,0.895774,1.549158,1.552494
0.760785,1.001831,1.549666,1.549158
0.961296,0.865971,1.553491,1.549666
0.773234,0.893446,1.557625,1.553491
0.769433,1.007456,1.561378,1.557625
0.958192,0.860662,1.564357,1.561378
0.765303,0.883128,1.565572,1.564357
0.767463,1.020274,1.566035,1.565572
0.965165,0.849359,1.566180,1.566035
0.763552,0.847919,1.566487,1.566180
0.902331,1.025645,1.567108,1.566487
0.805363,0.823456,1.568458,1.567108
0.899195,0.844242,1.569962,1.568458
0.799653,1.024869,1.571553,1.569962
0.896345,0.832427,1.573450,1.571553
0.797668,0.846545,1.574879,1.573450
0.743393,0.981211,1.576271,1.574879
0.919352,0.825618,1.577969,1.576271
0.742709,0.859054,1.579569,1.577969
0.353157,0.988706,1.581412,1.579569
0.671986,0.825621,1.584062,1.581412
0.639378,0.830684,1.586790,1.584062
0.697578,0.975456,1.590023,1.586790
0.906492,0.841085,1.594252,1.590023
0.755937,0.847981,1.598477,1.594252
1.015664,0.939191,1.605513,1.598477
0.800682,0.758164,1.614184,1.605513
0.905713,0.738903,1.619846,1.614184
0.772375,0.800453,1.624909,1.619846
0.745677,0.638370,1.631104,1.624909
0.567672,0.573171,1.637315,1.631104
0.484799,0.596107,1.644925,1.637315
0.536519,0.457266,1.655673,1.644925
0.386302,0.456437,1.666356,1.655673
0.348231,0.492916,1.678958,1.666356
0.383470,0.351923,1.695647,1.678958
0.279827,0.383338,1.711351,1.695647
0.324637,0.372209,1.732324,1.711351
0.246644,0.252569,1.754926,1.732324
0.251408,0.282406,1.770200,1.754926
0.421697,0.201740,1.775442,1.770200
0.321113,0.203090,1.765209,1.775442
0.287198,0.210496,1.734520,1.765209
0.300340,0.201043,1.682190,1.734520
0.304694,0.262955,1.625202,1.682190
0.527949,0.332768,1.555322,1.625202
0.549059,0.275647,1.462955,1.555322
0.343808,0.326061,1.382075,1.462955
0.318762,0.429302,1.302550,1.382075
0.269799,0.456242,1.195512,1.302550
0.277363,0.553682,1.088106,1.195512
0.430768,0.778290,0.951564,1.088106
0.904407,0.760463,0.768017,0.951564
0.985461,0.801619,0.614781,0.768017
1.112590,1.029756,0.474632,0.614781
1.474045,0.873990,0.347801,0.474632
1.092312,0.866339,0.266150,0.347801
0.936028,0.996714,0.198287,0.266150
1.022496,0.820042,0.136354,0.198287
0.748449,0.815187,0.099135,0.136354
0.843348,0.994354,0.077803,0.099135
0.871550,0.820710,0.075075,0.077803
0.693833,0.990606,0.081977,0.075075
0.849522,1.022633,0.088603,0.081977
0.880500,0.845296,0.088104,0.088603
0.769351,1.014475,0.082155,0.088104
0.906655,0.840329,0.073036,0.082155
0.830745,0.907046,0.066606,0.073036
0.792146,1.067318,0.061335,0.066606
0.994595,0.872463,0.055165,0.061335
0.796702,0.896424,0.049715,0.055165
0.782354,1.059842,0.044312,0.049715
0.970642,0.890411,0.039514,0.044312
0.764998,1.027340,0.037205,0.039514
0.938833,1.022443,0.036222,0.037205
0.927228,0.862178,0.036613,0.036222
0.735785,1.025649,0.037574,0.036613
0.911141,1.049379,0.038911,0.037574
0.913177,0.993065,0.040520,0.038911
0.905329,0.853597,0.042146,0.040520
0.719241,0.855494,0.043284,0.042146
0.725030,0.988392,0.043999,0.043284
0.904581,0.826108,0.044288,0.043999
0.717275,0.840405,0.044434,0.044288
0.858272,0.988642,0.044896,0.044434
0.767969,0.807616,0.045670,0.044896
0.858629,0.865038,0.046532,0.045670
0.770961,1.002661,0.047663,0.046532
0.861314,0.800508,0.048806,0.047663
0.763807,0.828198,0.049739,0.048806
0.718154,0.970871,0.046361,0.049739
0.942242,0.821559,0.013397,0.046361
0.843210,0.819928,0.071516,0.013397
0.882717,0.934624,0.119135,0.071516
0.989910,0.729503,0.141522,0.119135
0.690280,0.685472,0.145481,0.141522
0.599834,0.721197,0.142220,0.145481
0.637701,0.542713,0.134021,0.142220
0.449680,0.501342,0.126552,0.134021
0.477440,0.556254,0.120284,0.126552
0.385453,0.437760,0.116386,0.120284
0.396432,0.486034,0.116516,0.116386
0.366049,0.367356,0.120733,0.116516
0.284707,0.328633,0.128646,0.120733
0.301227,0.307241,0.133251,0.128646
0.271857,0.239348,0.150938,0.133251
0.237572,0.215734,0.185045,0.150938
0.335681,0.228628,0.235901,0.185045
0.421249,0.175113,0.292511,0.235901
0.268917,0.216017,0.289033,0.292511
0.200659,0.281070,0.237438,0.289033
0.398338,0.240251,0.146535,0.237438
0.409184,0.366178,0.147481,0.146535
0.324240,0.366960,0.253322,0.147481
0.143129,0.345752,0.393606,0.253322
0.139775,0.461230,0.518717,0.393606
0.136064,0.482608,0.659216,0.518717
0.167678,0.570147,0.775384,0.659216
0.241121,0.782211,0.893636,0.775384
0.504789,0.730660,1.032318,0.893636
0.600385,0.807628,1.140491,1.032318
0.908745,1.016565,1.235688,1.140491
0.945523,0.882547,1.327076,1.235688
1.005422,0.872983,1.389207,1.327076
0.833914,0.994405,1.442039,1.389207
0.873384,0.832000,1.493346,1.442039
0.757764,0.852792,1.528881,1.493346
0.698492,1.008836,1.558466,1.528881
0.904761,0.817920,1.583604,1.558466
0.724665,0.837497,1.595710,1.583604
0.726314,0.977770,1.598528,1.595710
0.916512,0.853275,1.590364,1.598528
0.738467,0.868911,1.578403,1.590364
0.746918,1.017238,1.566096,1.578403
0.961791,0.833234,1.555904,1.566096
0.787349,0.868734,1.552236,1.555904
0.929006,1.010514,1.552395,1.552236
0.817642,0.866757,1.555847,1.552395
0.913915,1.043426,1.559712,1.555847
0.955309,1.010205,1.563943,1.559712
0.804419,0.854712,1.566611,1.563943
0.905888,1.014541,1.567679,1.566611
0.949619,0.855985,1.567872,1.567679
0.765649,0.872725,1.567722,1.567872
0.802445,1.001108,1.567717,1.567722
0.928488,0.821781,1.568259,1.567717
0.744180,0.835523,1.569285,1.568259
0.743538,0.998757,1.570827,1.569285
0.927674,0.838123,1.572966,1.570827
0.737564,0.837442,1.574847,1.572966
0.730447,0.997375,1.576800,1.574847
0.916594,0.795140,1.578897,1.576800
0.729041,0.853580,1.580435,1.578897
0.731766,0.978652,1.581834,1.580435
0.914747,0.818705,1.583527,1.581834
0.738498,0.838577,1.585051,1.583527
0.879442,0.968127,1.586771,1.585051
0.923221,0.810258,1.589056,1.586771
0.745347,0.862036,1.590922,1.589056
0.873461,0.963291,1.594681,1.590922
1.134438,0.788377,1.602797,1.594681
0.859298,0.772161,1.609553,1.602797
0.760095,0.840185,1.616109,1.609553
0.791313,0.614913,1.624178,1.616109
0.572891,0.573295,1.631735,1.624178
0.519596,0.610999,1.640516,1.631735
0.575076,0.489262,1.652067,1.640516
0.415490,0.469155,1.662643,1.652067
0.375170,0.495536,1.674301,1.662643
0.432515,0.370754,1.689110,1.674301
0.336472,0.351274,1.702922,1.689110
0.380950,0.361223,1.718741,1.702922
0.377456,0.314304,1.738583,1.718741
0.239143,0.319988,1.759236,1.738583
0.334485,0.297260,1.796476,1.759236
0.371959,0.244885,1.851945,1.796476
0.301469,0.273092,1.915629,1.851945
0.313553,0.211924,2.001957,1.915629
0.313683,0.285167,2.077345,2.001957
0.346402,0.382195,2.158273,2.077345
0.525395,0.330039,2.269407,2.158273
0.410293,0.303823,2.377299,2.269407
0.191755,0.359330,2.499516,2.377299
0.149378,0.318705,2.649250,2.499516
0.216885,0.440068,2.772582,2.649250
0.495668,0.497283,2.906173,2.772582
0.708183,0.483336,3.005982,2.906173
0.635988,0.699502,3.064017,3.005982
0.958900,0.620374,3.104790,3.064017
0.835438,0.679252,3.124610,3.104790
0.886401,0.841696,3.137823,3.124610
1.204470,0.736541,3.135150,3.137823
0.945700,0.719882,3.129442,3.135150
1.006783,0.878327,3.129905,3.129442
0.951955,0.705542,3.137929,3.129905
0.728158,0.846880,3.137782,3.137929
0.887829,0.814604,3.129556,3.137782
0.896601,0.851658,3.126067,3.129556
0.911751,0.850280,3.127101,3.126067
0.798118,0.710643,3.130740,3.127101
0.911846,0.852353,3.134436,3.130740
0.988506,0.707837,3.137904,3.134436
0.784836,0.751863,3.139629,3.137904
0.833633,0.857127,3.140258,3.139629
0.980244,0.743862,3.139982,3.140258
0.788342,0.733941,3.139332,3.139982
0.794577,0.871694,3.138513,3.139332
0.993669,0.737876,3.137760,3.138513
0.792252,0.755895,3.137486,3.137760
0.801276,0.883574,3.137563,3.137486
1.015277,0.871814,3.138271,3.137563
1.012787,0.898315,3.139568,3.138271
1.019451,0.750548,3.140984,3.139568
0.812098,0.753488,3.142073,3.140984
0.798636,0.901787,3.141841,3.142073
1.029790,0.777082,3.141215,3.141841
0.842510,0.752947,3.140885,3.141215
0.985810,0.914849,3.140636,3.140885
0.778385,0.723048,3.140134,3.140636
0.861048,0.774777,3.139239,3.140134
0.816033,0.904344,3.138185,3.139239
0.972196,0.760951,3.136962,3.138185
0.879553,0.786674,3.136030,3.136962
0.834586,0.896558,3.135195,3.136030
1.041275,0.760465,3.134370,3.135195
0.832419,0.788401,3.133567,3.134370
0.834059,0.888206,3.132468,3.133567
1.038047,0.744212,3.130815,3.132468
0.828373,0.783023,3.128983,3.130815
0.826739,0.878661,3.126817,3.128983
1.035621,0.750950,3.123315,3.126817
0.888773,0.763072,3.120185,3.123315
1.096758,0.878954,3.117682,3.120185
0.967948,0.704193,3.114821,3.117682
0.978569,0.684772,3.112034,3.114821
0.802938,0.751380,3.108460,3.112034
0.831695,0.556921,3.103096,3.108460
0.677876,0.559870,3.097421,3.103096
0.583640,0.617165,3.090601,3.097421
0.689943,0.485517,3.081454,3.090601
0.522047,0.426254,3.073068,3.081454
0.472079,0.492887,3.064019,3.073068
0.546700,0.410546,3.052936,3.064019
0.416031,0.360005,3.043283,3.052936
0.391656,0.421540,3.033198,3.043283
0.477813,0.336015,3.021524,3.033198
0.350414,0.313542,3.012356,3.021524
0.387731,0.304645,3.004016,3.012356
0.327417,0.248235,2.995468,3.004016
0.342220,0.254500,2.988706,2.995468
0.280563,0.268313,2.982165,2.988706
0.302049,0.221098,2.979016,2.982165
0.256889,0.232340,2.980244,2.979016
0.233048,0.208613,2.983629,2.980244
0.273499,0.172257,2.988232,2.983629
0.181249,0.144988,2.991303,2.988232
0.155750,0.177644,2.993072,2.991303
0.159856,0.127483,2.993410,2.993072
0.116894,0.137596,2.992611,2.993410
0.124620,0.110938,2.991115,2.992611
0.105423,0.115837,2.989774,2.991115
0.066638,0.096270,2.989030,2.989774
0.086869,0.091969,2.988672,2.989030
0.069082,0.057537,2.988703,2.988672
0.062359,0.120619,2.988968,2.988703
0.071971,0.062860,2.989358,2.988968
0.047520,0.067535,2.989662,2.989358
0.048578,0.052269,2.989845,2.989662
0.055553,0.044312,2.989888,2.989845
0.040082,0.052551,2.989812,2.989888
0.038111,0.059865,2.989591,2.989812
0.039048,0.036988,2.989382,2.989591
0.029473,0.045265,2.989181,2.989382
0.040171,0.026584,2.988994,2.989181
0.034324,0.051251,2.988946,2.988994
0.027983,0.038883,2.989060,2.988946
0.047677,0.016427,2.989243,2.989060
0.038787,0.027608,2.989326,2.989243
0.037552,0.007323,2.989366,2.989326
0.042378,0.022974,2.989269,2.989366
0.000000,0.000000,0.000000,0.000000
0.000000,0.005577,2.046147,0.000000
0.000000,0.017651,2.041967,2.046147
0.028560,0.050457,2.027910,2.041967
0.031858,0.064145,2.011024,2.027910
0.028881,0.046738,2.011509,2.011024
0.000000,0.038986,2.020319,2.011509
0.000000,0.019692,2.025743,2.020319
0.000000,0.039479,2.023978,2.025743
0.000000,0.049006,2.022434,2.023978
0.000000,0.027688,2.021618,2.022434
0.000000,0.029659,2.021858,2.021618
0.000000,0.041424,2.022421,2.021858
0.000000,0.004049,2.023222,2.022421
0.000000,0.048440,2.024457,2.023222
0.000000,0.021599,2.025373,2.024457
0.040414,0.004063,2.016069,2.025373
0.038479,0.027735,2.011724,2.016069
0.046011,0.047969,2.006818,2.011724
0.047506,0.024287,2.005274,2.006818
0.038651,0.019419,2.007915,2.005274
0.048731,0.029451,2.013650,2.007915
0.055949,0.022900,2.018065,2.013650
0.057015,0.035154,2.020666,2.018065
0.093211,0.038759,2.021504,2.020666
0.091890,0.033101,2.021332,2.021504
0.098190,0.035593,2.020730,2.021332
0.124345,0.010332,2.020010,2.020730
0.098938,0.038130,2.020016,2.020010
0.117736,0.023278,2.020590,2.020016
0.114733,0.035198,2.022792,2.020590
0.088470,0.023645,2.025597,2.022792
0.062171,0.032624,2.025241,2.025597
0.056468,0.016871,2.023024,2.025241
0.041587,0.053116,2.019292,2.023024
0.056275,0.039865,2.015410,2.019292
0.065468,0.042090,2.013970,2.015410
0.092327,0.029586,2.014918,2.013970
0.118138,0.016007,2.017135,2.014918
0.149747,0.032925,2.005967,2.017135
0.231672,0.039328,1.977161,2.005967
0.138305,0.072466,1.928930,1.977161
0.059439,0.222241,1.847674,1.928930
0.164443,0.273359,1.720565,1.847674
0.286028,0.361261,1.613618,1.720565
0.429719,0.500622,1.521374,1.613618
0.443986,0.521420,1.432243,1.521374
0.574794,0.580135,1.363702,1.432243
0.463706,0.761703,1.278758,1.363702
0.629892,0.726852,1.143861,1.278758
0.637091,0.923152,1.003471,1.143861
0.664830,0.962575,0.813394,1.003471
0.879620,0.852845,0.636318,0.813394
1.010764,0.979649,0.502245,0.636318
1.173528,0.790207,0.371981,0.502245
0.890373,0.852738,0.285775,0.371981
0.826599,0.931738,0.215632,0.285775
0.964855,0.757237,0.152737,0.215632
0.725756,0.826270,0.117362,0.152737
0.699192,0.927472,0.097096,0.117362
0.857710,0.791544,0.089093,0.097096
0.687247,0.961604,0.087751,0.089093
0.872480,0.943902,0.085368,0.087751
0.878030,0.826705,0.079615,0.085368
0.731491,0.972689,0.072368,0.079615
0.977185,0.805417,0.063607,0.072368
0.811210,0.819537,0.058778,0.063607
0.955898,0.965426,0.057415,0.058778
0.847560,0.813482,0.058009,0.057415
0.946364,0.860821,0.058530,0.058009
0.840307,0.971007,0.058772,0.058530
0.942173,0.842088,0.059403,0.058772
0.842419,0.817839,0.059919,0.059403
0.796825,0.972984,0.060494,0.059919
0.995494,0.817644,0.060597,0.060494
0.790447,0.820627,0.060184,0.060597
0.797684,0.993971,0.059550,0.060184
0.993633,0.794096,0.058384,0.059550
0.804719,0.852245,0.057732,0.058384
0.810217,0.996522,0.057577,0.057732
1.007818,0.809721,0.057591,0.057577
0.791709,0.844954,0.057693,0.057591
0.939165,1.002501,0.058342,0.057693
0.833976,0.816256,0.059349,0.058342
0.921824,0.834903,0.059700,0.059349
0.831082,0.963518,0.059708,0.059700
0.933015,0.799868,0.059924,0.059708
0.829728,0.852866,0.060153,0.059924
0.788312,0.983018,0.060156,0.060153
0.996222,0.805980,0.052748,0.060156
0.841142,1.016304,0.011758,0.052748
1.124589,0.961635,0.068791,0.011758
1.141839,0.799947,0.114915,0.068791
0.846707,0.903913,0.128583,0.114915
0.913462,0.648949,0.130050,0.128583
0.662029,0.639016,0.125342,0.130050
0.603915,0.660212,0.118205,0.125342
0.672368,0.546777,0.108899,0.118205
0.497312,0.503156,0.101381,0.108899
0.466062,0.507368,0.094774,0.101381
0.515020,0.423243,0.089083,0.094774
0.382627,0.403316,0.086238,0.089083
0.419198,0.433905,0.085235,0.086238
0.405127,0.293375,0.075396,0.085235
0.277783,0.287654,0.054319,0.075396
0.206627,0.373892,0.064828,0.054319
0.381755,0.240218,0.135069,0.064828
0.376551,0.256419,0.211601,0.135069
0.384847,0.262907,0.283104,0.211601
0.391950,0.205414,0.304323,0.283104
0.282637,0.253136,0.271980,0.304323
0.336206,0.345578,0.241829,0.271980
0.448338,0.313200,0.302606,0.241829
0.255877,0.309441,0.398138,0.302606
0.176138,0.425897,0.517670,0.398138
0.221193,0.416670,0.665479,0.517670
0.194460,0.500346,0.788021,0.665479
0.319439,0.683274,0.915220,0.788021
0.367708,0.677672,1.057789,0.915220
0.642296,0.740134,1.164970,1.057789
0.933794,0.926426,1.255198,1.164970
1.109662,0.777564,1.337726,1.255198
0.879272,0.806538,1.395517,1.337726
0.818944,0.945767,1.446305,1.395517
0.907847,0.825066,1.496095,1.446305
0.679069,0.781115,1.530637,1.496095
0.664680,0.921741,1.559023,1.530637
0.835137,0.788027,1.581937,1.559023
0.690751,0.787308,1.591619,1.581937
0.710724,0.928017,1.591796,1.591619
0.935406,0.800592,1.581369,1.591796
0.762375,0.819569,1.569002,1.581369
0.918659,0.973199,1.557415,1.569002
0.973695,0.818464,1.548906,1.557415
0.781643,0.833698,1.546429,1.548906
0.836826,0.945520,1.547339,1.546429
1.005552,0.822235,1.550808,1.547339
0.804035,0.841250,1.554175,1.550808
0.802583,0.974955,1.556989,1.554175
0.995505,0.819651,1.558590,1.556989
0.799506,0.832686,1.558613,1.558590
0.812690,0.991049,1.557864,1.558613
1.015049,0.815681,1.556536,1.557864
0.810488,0.859046,1.555596,1.556536
0.812207,0.981144,1.555139,1.555596
1.026667,0.837521,1.555282,1.555139
0.820887,0.815510,1.555619,1.555282
0.964973,0.980323,1.556116,1.555619
1.006013,0.798250,1.556705,1.556116
0.802674,0.844832,1.557113,1.556705
0.849681,0.986997,1.557399,1.557113
0.993011,0.980366,1.557742,1.557399
0.998718,0.971677,1.558241,1.557742
0.946406,0.823120,1.558942,1.558241
0.848926,0.848264,1.559624,1.558942
0.797968,0.961068,1.560356,1.559624
0.996121,0.833065,1.561210,1.560356
0.797185,0.839985,1.561674,1.561210
0.803551,0.984187,1.561563,1.561674
1.059367,0.822946,1.560516,1.561563
0.908339,0.810483,1.561484,1.560516
0.929524,0.906187,1.563070,1.561484
1.080484,0.707536,1.563755,1.563070
0.774861,0.685402,1.563838,1.563755
0.808536,0.727923,1.564209,1.563838
0.647933,0.609140,1.565798,1.564209
0.654380,0.545172,1.568206,1.565798
0.535463,0.606144,1.571619,1.568206
0.559285,0.474195,1.576249,1.571619
0.461775,0.524217,1.580306,1.576249
0.489293,0.487953,1.585203,1.580306
0.430917,0.356499,1.589332,1.585203
0.360278,0.399448,1.591129,1.589332
0.318928,0.283267,1.591137,1.591129
0.214275,0.308611,1.589660,1.591137
0.304890,0.358106,1.582670,1.589660
0.516730,0.283588,1.565716,1.582670
0.428163,0.320543,1.542025,1.565716
0.474573,0.254239,1.487149,1.542025
0.376723,0.275936,1.412471,1.487149
0.328922,0.302257,1.334749,1.412471
0.428613,0.327768,1.236151,1.334749
0.226097,0.311596,1.152122,1.236151
0.262302,0.449188,1.062674,1.152122
0.169511,0.419271,0.937753,1.062674
0.304265,0.535426,0.817118,0.937753
0.673534,0.705648,0.682775,0.817118
0.694597,0.665200,0.518528,0.682775
0.895362,0.748038,0.394482,0.518528
0.900251,0.909590,0.286982,0.394482
1.020021,0.804695,0.190446,0.286982
0.917523,0.827243,0.134784,0.190446
0.819159,0.944249,0.092338,0.134784
0.923347,0.755478,0.065458,0.092338
0.716721,0.799858,0.064640,0.065458
0.688735,0.927899,0.072347,0.064640
0.865071,0.775795,0.080228,0.072347
0.703598,0.815431,0.081789,0.080228
0.713618,0.982090,0.079582,0.081789
0.941618,0.767619,0.076428,0.079582
0.755558,0.832331,0.075128,0.076428
0.931831,0.954813,0.074715,0.075128
0.842104,0.816329,0.073793,0.074715
0.953766,0.801823,0.072514,0.073793
0.852186,0.989470,0.071112,0.072514
0.951924,0.780941,0.069420,0.071112
0.847234,0.830802,0.068328,0.069420
0.783244,0.973913,0.067525,0.068328
0.963704,0.805793,0.066990,0.067525
0.760993,0.853915,0.066989,0.066990
0.772082,0.956206,0.066950,0.066989
0.988005,0.843052,0.066479,0.066950
0.791993,0.839626,0.065783,0.066479
0.798835,0.972282,0.065132,0.065783
0.992102,0.826732,0.064368,0.065132
0.799790,0.851093,0.063762,0.064368
0.946234,0.962044,0.063089,0.063762
0.593649,0.813348,0.062007,0.063089
0.251823,0.836299,0.061416,0.062007
0.162622,0.978436,0.061371,0.061416
0.502852,0.839217,0.061859,0.061371
0.686031,0.845643,0.062484,0.061859
0.721995,0.995889,0.063086,0.062484
0.956900,0.828323,0.063440,0.063086
0.778754,0.837343,0.063396,0.063440
0.787193,1.018541,0.062916,0.063396
0.989936,0.820960,0.061914,0.062916
0.782492,0.837242,0.057479,0.061914
0.809732,0.975483,0.020663,0.057479
1.151370,0.862374,0.060952,0.020663
0.940338,0.912704,0.107735,0.060952
1.070903,0.946543,0.128854,0.107735
0.833218,0.779769,0.135362,0.128854
0.813493,0.736642,0.132945,0.135362
0.646634,0.785761,0.126578,0.132945
0.658223,0.592511,0.117183,0.126578
0.528005,0.561174,0.109568,0.117183
0.463135,0.595553,0.103388,0.109568
0.516836,0.489578,0.099178,0.103388
0.391247,0.444728,0.098535,0.099178
0.369975,0.406337,0.100562,0.098535
0.403988,0.365007,0.102653,0.100562
0.271219,0.302062,0.091575,0.102653
0.190000,0.349762,0.111435,0.091575
0.384223,0.238649,0.169655,0.111435
0.335993,0.229474,0.232510,0.169655
0.394424,0.221196,0.288838,0.232510
0.298752,0.209885,0.286857,0.288838
0.336637,0.236589,0.234125,0.286857
0.432944,0.296704,0.172829,0.234125
0.593159,0.314457,0.211287,0.172829
0.462651,0.312226,0.303992,0.211287
0.328858,0.470432,0.416598,0.303992
0.361027,0.442398,0.555861,0.416598
0.388502,0.502318,0.665825,0.555861
0.505479,0.711761,0.778910,0.665825
0.805996,0.706405,0.914143,0.778910
0.733479,0.784697,1.029865,0.914143
0.808188,0.967048,1.139986,1.029865
1.085276,0.826211,1.248862,1.139986
0.885073,0.872946,1.325209,1.248862
0.917327,0.990055,1.390429,1.325209
0.670055,0.825518,1.452112,1.390429
0.809044,0.857445,1.494253,1.452112
0.731731,0.982582,1.529834,1.494253
0.809501,0.839276,1.561963,1.529834
0.745629,0.843183,1.580444,1.561963
0.718360,0.976641,1.590868,1.580444
0.928970,0.843801,1.591196,1.590868
0.741607,0.854156,1.582667,1.591196
0.743728,0.998644,1.570151,1.582667
0.928591,0.858021,1.556948,1.570151
0.744739,0.891044,1.550072,1.556948
0.749927,1.016666,1.547711,1.550072
0.962618,0.874405,1.549925,1.547711
0.776653,0.892854,1.554092,1.549925
0.929038,1.021948,1.558784,1.554092
0.819432,0.854113,1.563268,1.558784
0.908917,0.859220,1.565609,1.563268
0.808022,1.011339,1.566704,1.565609
0.904677,0.856928,1.567003,1.566704
0.803593,0.860741,1.567117,1.567003
0.759679,1.015648,1.567254,1.567117
0.949079,0.838790,1.567712,1.567254
0.756509,0.878051,1.568367,1.567712
0.754540,1.007678,1.569181,1.568367
0.932698,0.805563,1.570323,1.569181
0.742906,0.864892,1.571631,1.570323
0.742963,0.967259,1.573254,1.571631
0.921052,0.823728,1.575647,1.573254
0.734488,0.853223,1.578011,1.575647
0.872213,0.970187,1.580598,1.578011
0.779743,0.809924,1.583653,1.580598
0.875558,0.834660,1.586032,1.583653
0.782748,0.991887,1.588261,1.586032
0.880800,0.815094,1.590753,1.588261
0.792057,0.836235,1.592632,1.590753
0.811063,0.967960,1.595361,1.592632
1.098682,0.792107,1.602445,1.595361
0.888882,0.764709,1.608630,1.602445
0.799277,0.826262,1.613591,1.608630
0.811508,0.691572,1.618602,1.613591
0.566477,0.604855,1.623185,1.618602
0.513236,0.672746,1.629045,1.623185
0.562676,0.489577,1.638154,1.629045
0.418031,0.450072,1.647897,1.638154
0.434644,0.493668,1.660015,1.647897
0.351708,0.408903,1.676875,1.660015
0.350724,0.342713,1.693117,1.676875
0.285221,0.372913,1.711787,1.693117
0.300731,0.313768,1.734958,1.711787
0.199936,0.340005,1.755461,1.734958
0.348841,0.272306,1.774644,1.755461
0.405146,0.207988,1.778860,1.774644
0.368780,0.228944,1.767599,1.778860
0.332360,0.194970,1.729510,1.767599
0.254684,0.220786,1.684151,1.729510
0.324822,0.327400,1.625518,1.684151
0.552240,0.274734,1.543762,1.625518
0.356024,0.283559,1.467562,1.543762
0.255525,0.426605,1.389728,1.467562
0.321546,0.410796,1.293932,1.389728
0.321585,0.484283,1.197291,1.293932
0.468879,0.697319,1.080260,1.197291
0.872333,0.682800,0.911932,1.080260
0.864226,0.766421,0.757745,0.911932
1.214257,1.001299,0.603513,0.757745
1.400382,0.801164,0.448730,0.603513
1.125457,0.883456,0.347935,0.448730
1.059277,1.042400,0.264009,0.347935
1.071558,0.845424,0.185944,0.264009
0.789648,0.821681,0.135811,0.185944
0.753844,0.990005,0.099646,0.135811
0.877821,0.840724,0.078264,0.099646
0.706813,0.863309,0.075343,0.078264
0.712826,0.994481,0.079135,0.075343
0.904704,0.806773,0.082554,0.079135
0.734200,0.855137,0.080611,0.082554
0.744769,1.008298,0.074393,0.080611
0.925921,0.872261,0.066943,0.074393
0.755588,0.886568,0.063642,0.066943
0.917078,1.022794,0.061620,0.063642
0.952594,0.906402,0.058750,0.061620
0.772787,0.887613,0.055351,0.058750
0.825810,1.028365,0.051467,0.055351
0.961746,0.865327,0.047519,0.051467
0.766237,0.877029,0.045020,0.047519
0.759344,1.040936,0.042672,0.045020
0.943384,0.882503,0.040082,0.042672
0.758526,0.853028,0.038376,0.040082
0.755355,1.010625,0.037176,0.038376
0.942956,0.851458,0.036616,0.037176
0.748523,0.888431,0.037057,0.036616
0.740423,1.038461,0.038041,0.037057
0.922224,0.815344,0.039100,0.038041
0.734197,0.859668,0.039875,0.039100
0.866045,0.999366,0.040784,0.039875
0.911652,0.797015,0.041592,0.040784
0.726528,0.846302,0.041913,0.041592
0.784788,0.993661,0.042236,0.041913
0.908897,0.820359,0.042631,0.042236
0.719600,0.831669,0.042965,0.042631
0.712404,0.958033,0.043681,0.042965
0.893905,0.799211,0.045277,0.043681
0.713014,0.850944,0.025587,0.045277
0.779152,0.973298,0.039611,0.025587
1.069742,0.772880,0.103516,0.039611
0.823507,0.780195,0.128364,0.103516
0.738221,0.815521,0.137133,0.128364
0.788680,0.658186,0.137007,0.137133
0.543341,0.566203,0.132962,0.137007
0.555903,0.617951,0.127626,0.132962
0.524391,0.448827,0.122049,0.127626
0.391707,0.478866,0.119190,0.122049
0.377523,0.492402,0.118472,0.119190
0.399923,0.399441,0.120550,0.118472
0.290916,0.330476,0.124985,0.120550
0.269290,0.340018,0.132362,0.124985
0.298127,0.308007,0.139718,0.132362
0.229651,0.241780,0.160393,0.139718
0.280762,0.267121,0.201589,0.160393
0.392533,0.236342,0.266240,0.201589
0.378836,0.219603,0.302096,0.266240
0.303581,0.175542,0.264865,0.302096
0.299298,0.247817,0.191783,0.264865
0.406556,0.312373,0.129852,0.191783
0.559169,0.284025,0.189321,0.129852
0.279074,0.323138,0.293279,0.189321
0.147590,0.420551,0.416664,0.293279
0.029849,0.408071,0.560412,0.416664
0.079180,0.507195,0.676434,0.560412
0.180716,0.701977,0.795183,0.676434
0.410759,0.685584,0.933748,0.795183
0.598981,0.773343,1.049894,0.933748
0.717355,0.971800,1.158868,1.049894
1.272593,0.832896,1.265049,1.158868
0.418476,0.892639,1.337804,1.265049
0.540176,1.019581,1.398671,1.337804
0.781968,0.841282,1.456951,1.398671
0.688183,0.862006,1.497829,1.456951
0.446587,0.976307,1.533300,1.497829
0.470466,0.804246,1.565818,1.533300
0.204605,0.865239,1.585086,1.565818
0.407832,0.960060,1.596158,1.585086
0.615848,0.815691,1.597098,1.596158
0.812895,0.872241,1.588877,1.597098
0.776664,1.044848,1.576418,1.588877
0.898392,0.870263,1.562710,1.576418
0.821639,0.860924,1.555018,1.562710
0.782110,1.033100,1.551744,1.555018
0.983942,0.871702,1.552664,1.551744
0.790402,0.871910,1.555861,1.552664
0.789002,1.037736,1.559744,1.555861
0.983041,0.855937,1.563762,1.559744
0.775115,0.870417,1.566083,1.563762
0.768139,0.987997,1.567389,1.566083
0.945402,0.847936,1.567856,1.567389
0.745947,0.831844,1.567864,1.567856
0.871844,0.992727,1.568006,1.567864
0.775496,0.842148,1.568529,1.568006
0.859124,0.833664,1.569305,1.568529
0.773754,0.999343,1.570293,1.569305
0.872158,0.838592,1.571515,1.570293
0.784474,0.845300,1.572446,1.571515
0.741391,0.961300,1.573339,1.572446
0.921129,0.808923,1.574355,1.573339
0.737966,0.840565,1.575305,1.574355
0.732194,0.982153,1.576490,1.575305
0.906366,0.829567,1.578518,1.576490
0.733143,0.851766,1.580816,1.578518
0.736578,0.972471,1.583835,1.580816
0.920972,0.806575,1.588054,1.583835
0.744915,0.831734,1.591513,1.588054
0.967851,0.967383,1.596795,1.591513
0.997939,0.803618,1.605152,1.596795
1.015996,0.762476,1.611023,1.605152
0.782339,0.822898,1.616019,1.611023
0.754992,0.635028,1.622047,1.616019
0.595141,0.590555,1.628288,1.622047
0.503162,0.609821,1.636418,1.628288
0.561910,0.478484,1.648198,1.636418
0.415067,0.451068,1.659809,1.648198
0.384035,0.489174,1.673137,1.659809
0.441045,0.368461,1.690400,1.673137
0.335923,0.352345,1.706242,1.690400
0.313023,0.363884,1.724121,1.706242
0.362996,0.288930,1.746567,1.724121
0.234282,0.268341,1.770960,1.746567
0.248692,0.300330,1.806495,1.770960
0.242607,0.219528,1.866607,1.806495
0.275358,0.224318,1.932757,1.866607
0.205477,0.300218,2.010034,1.932757
0.346142,0.246671,2.104831,2.010034
0.443389,0.274706,2.188341,2.104831
0.593556,0.351853,2.286857,2.188341
0.756477,0.304231,2.418832,2.286857
0.484448,0.289396,2.540138,2.418832
0.302049,0.388096,2.667407,2.540138
0.289657,0.354332,2.809069,2.667407
0.361736,0.366174,2.914178,2.809069
0.505649,0.561814,3.000348,2.914178
0.794250,0.576213,3.070207,3.000348
0.713267,0.606470,3.105440,3.070207
0.942171,0.782680,3.126831,3.105440
0.906356,0.695758,3.141326,3.126831
1.061901,0.842680,3.136150,3.141326
1.161653,0.834416,3.130502,3.136150
0.913465,0.797995,3.133683,3.130502
0.917647,0.787368,3.141586,3.133683
0.893590,0.681510,3.132925,3.141586
0.695351,0.715887,3.127263,3.132925
0.741145,0.791040,3.124860,3.127263
0.893839,0.709477,3.125964,3.124860
0.726450,0.726989,3.128924,3.125964
0.745461,0.832063,3.132444,3.128924
0.968463,0.739298,3.136102,3.132444
0.775011,0.739516,3.138177,3.136102
0.779579,0.888670,3.139258,3.138177
0.986277,0.701373,3.139434,3.139258
0.792027,0.758918,3.138871,3.139434
0.806325,0.861633,3.138145,3.138871
1.009368,0.713624,3.137511,3.138145
0.801897,0.750680,3.137229,3.137511
0.951445,0.877516,3.137204,3.137229
1.006327,0.782638,3.137505,3.137204
0.813526,0.910942,3.137996,3.137505
1.014699,0.918359,3.138717,3.137996
1.009959,0.768423,3.139502,3.138717
0.858987,0.901962,3.140193,3.139502
0.955210,0.732260,3.140650,3.140193
0.886242,0.757207,3.140775,3.140650
0.836262,0.910230,3.140918,3.140775
1.039105,0.760917,3.141521,3.140918
0.833075,0.761243,3.142197,3.141521
0.823927,0.900589,3.140981,3.142197
0.919098,0.757093,3.139387,3.140981
0.786368,0.772971,3.137995,3.139387
0.813901,0.918523,3.136799,3.137995
1.036389,0.744094,3.135443,3.136799
0.838276,0.777536,3.134148,3.135443
0.999558,0.893551,3.132721,3.134148
0.898146,0.737095,3.131039,3.132721
1.005681,0.796658,3.129715,3.131039
0.886247,0.882054,3.128335,3.129715
0.980712,0.770795,3.126304,3.128335
0.898821,0.726649,3.123698,3.126304
0.909396,0.938380,3.121160,3.123698
1.200346,0.711066,3.118861,3.121160
0.901121,0.696710,3.116426,3.118861
0.822860,0.738697,3.113119,3.116426
0.914584,0.619953,3.107883,3.113119
0.682965,0.580063,3.102219,3.107883
0.620457,0.631546,3.095394,3.102219
0.700366,0.479815,3.086682,3.095394
0.539599,0.468380,3.079178,3.086682
0.605929,0.537573,3.071554,3.079178
0.504816,0.426418,3.062971,3.071554
0.532816,0.398792,3.055999,3.062971
0.451193,0.431741,3.049038,3.055999
0.479677,0.369774,3.040572,3.049038
0.403397,0.332254,3.032770,3.040572
0.356127,0.343426,3.023725,3.032770
0.400578,0.275013,3.011462,3.023725
0.295666,0.256403,3.000048,3.011462
0.279543,0.266934,2.987417,3.000048
0.308749,0.233429,2.974237,2.987417
0.234394,0.219285,2.969809,2.974237
0.228007,0.204829,2.972041,2.969809
0.273689,0.161250,2.979059,2.972041
0.212477,0.171886,2.985732,2.979059
0.233099,0.188834,2.991270,2.985732
0.179901,0.125530,2.994634,2.991270
0.167738,0.159130,2.994995,2.994634
0.135851,0.144524,2.993724,2.994995
0.136172,0.117511,2.991334,2.993724
0.108930,0.102019,2.989430,2.991334
0.089356,0.087872,2.988042,2.989430
0.100296,0.080564,2.987294,2.988042
0.064870,0.061756,2.987362,2.987294
0.070133,0.066942,2.987820,2.987362
0.068630,0.089185,2.988394,2.987820
0.047107,0.092649,2.988775,2.988394
0.047614,0.077407,2.988925,2.988775
0.058809,0.034129,2.988944,2.988925
0.044271,0.034316,2.988847,2.988944
0.049807,0.056093,2.988756,2.988847
0.041697,0.035980,2.988707,2.988756
0.046236,0.033655,2.988738,2.988707
0.041859,0.039312,2.988728,2.988738
0.035604,0.028896,2.988729,2.988728
0.018148,0.020065,2.988724,2.988729
0.000000,0.009160,2.988580,2.988724
0.023458,0.057354,2.988196,2.988580
0.019975,0.012890,2.988052,2.988196
0.000000,0.000000,0.000000,0.000000
0.000000,0.030349,2.045921,0.000000
0.021003,0.024781,2.035748,2.045921
0.040348,0.022233,2.024284,2.035748
0.034025,0.044076,2.021654,2.024284
0.025648,0.067851,2.037772,2.021654
0.000000,0.029606,2.060651,2.037772
0.020890,0.023429,2.080683,2.060651
0.022283,0.016497,2.077905,2.080683
0.000000,0.017081,2.068363,2.077905
0.000000,0.020353,2.066409,2.068363
0.000000,0.044146,2.066140,2.066409
0.000000,0.016806,2.067286,2.066140
0.000000,0.061448,2.068536,2.067286
0.000000,0.019235,2.070086,2.068536
0.000000,0.018318,2.071429,2.070086
0.000000,0.023365,2.071246,2.071429
0.000000,0.065991,2.066509,2.071246
0.017021,0.034240,2.062818,2.066509
0.027537,0.026938,2.057899,2.062818
0.027158,0.029152,2.052469,2.057899
0.033943,0.033062,2.049258,2.052469
0.033110,0.038539,2.047882,2.049258
0.053125,0.032497,2.049533,2.047882
0.056772,0.031487,2.052418,2.049533
0.063280,0.037896,2.056013,2.052418
0.081435,0.030609,2.059023,2.056013
0.063224,0.035969,2.060489,2.059023
0.062257,0.028961,2.060897,2.060489
0.073659,0.030063,2.060965,2.060897
0.064614,0.034200,2.060902,2.060965
0.062563,0.049003,2.061404,2.060902
0.072280,0.025729,2.062875,2.061404
0.054739,0.044707,2.063808,2.062875
0.065704,0.049173,2.064773,2.063808
0.057097,0.043310,2.066216,2.064773
0.046601,0.055943,2.067243,2.066216
0.045005,0.075187,2.067273,2.067243
0.052431,0.035304,2.065449,2.067273
0.048014,0.039083,2.064241,2.065449
0.038163,0.019687,2.063443,2.064241
0.036348,0.045295,2.062929,2.063443
0.020245,0.037036,2.058404,2.062929
0.121021,0.060244,2.042349,2.058404
0.123571,0.108289,2.004571,2.042349
0.047447,0.113633,1.935421,2.004571
0.031386,0.220801,1.847455,1.935421
0.205423,0.346683,1.735126,1.847455
0.476031,0.392327,1.605612,1.735126
0.443731,0.434585,1.518206,1.605612
0.493687,0.654584,1.446472,1.518206
0.553900,0.590198,1.364607,1.446472
0.462199,0.725087,1.269737,1.364607
0.532792,0.854977,1.142309,1.269737
0.743896,0.750427,0.962221,1.142309
0.765946,0.845347,0.802517,0.962221
0.897707,0.982135,0.650394,0.802517
1.041950,0.786901,0.494503,0.650394
1.157381,0.818321,0.384664,0.494503
0.962923,0.952709,0.293152,0.384664
1.011493,0.807655,0.210692,0.293152
0.815031,0.795270,0.158776,0.210692
0.712057,0.935028,0.122811,0.158776
0.842766,0.774394,0.099921,0.122811
0.665467,0.919354,0.092603,0.099921
0.828207,0.953850,0.090420,0.092603
0.849490,0.831331,0.089419,0.090420
0.695937,0.958066,0.086340,0.089419
0.911452,0.800004,0.077486,0.086340
0.776568,0.820020,0.067870,0.077486
0.802554,1.003179,0.059707,0.067870
1.008238,0.826990,0.054599,0.059707
0.797985,0.848914,0.054182,0.054599
0.794029,0.968689,0.054883,0.054182
0.987006,0.826457,0.055595,0.054883
0.785099,0.847394,0.056438,0.055595
0.945434,0.973712,0.057238,0.056438
0.975428,0.783536,0.057630,0.057238
0.783762,0.816289,0.057611,0.057630
0.838030,0.986933,0.057434,0.057611
0.980711,0.807492,0.057541,0.057434
0.792878,0.820116,0.058214,0.057541
0.787473,1.030349,0.059462,0.058214
0.978617,0.842648,0.061003,0.059462
0.796388,0.823102,0.061649,0.061003
0.799168,0.972017,0.061338,0.061649
0.996770,0.811478,0.060532,0.061338
0.798615,0.842898,0.060097,0.060532
0.797062,0.983611,0.059601,0.060097
0.989257,0.812790,0.060336,0.059601
0.788866,0.841764,0.061407,0.060336
0.921917,1.012733,0.062185,0.061407
0.974777,0.850470,0.062156,0.062185
0.784303,0.838388,0.054206,0.062156
0.878816,0.937870,0.011274,0.054206
1.128415,0.798752,0.070011,0.011274
0.927156,0.836667,0.112568,0.070011
0.865596,0.865766,0.130105,0.112568
0.942286,0.679274,0.133743,0.130105
0.677691,0.629482,0.129587,0.133743
0.619461,0.671596,0.121808,0.129587
0.674840,0.517546,0.111149,0.121808
0.499599,0.610398,0.102234,0.111149
0.562347,0.551484,0.092649,0.102234
0.512376,0.425051,0.085777,0.092649
0.390539,0.452937,0.082000,0.085777
0.453983,0.353147,0.079806,0.082000
0.335815,0.324770,0.066008,0.079806
0.330261,0.343483,0.040698,0.066008
0.220930,0.300112,0.061843,0.040698
0.344584,0.285111,0.132497,0.061843
0.400878,0.261838,0.214995,0.132497
0.429052,0.237242,0.296362,0.214995
0.337988,0.238744,0.312161,0.296362
0.283502,0.319096,0.283963,0.312161
0.390584,0.279538,0.268527,0.283963
0.341968,0.365068,0.331034,0.268527
0.283882,0.404218,0.451196,0.331034
0.205834,0.410686,0.595750,0.451196
0.213911,0.535284,0.722134,0.595750
0.266294,0.527882,0.871724,0.722134
0.312880,0.608600,0.995045,0.871724
0.340536,0.820198,1.113176,0.995045
0.733186,0.757133,1.230904,1.113176
0.753741,0.810800,1.308604,1.230904
0.837120,0.964270,1.372692,1.308604
1.064347,0.795613,1.434915,1.372692
0.805492,0.829177,1.478599,1.434915
0.844991,0.936943,1.516035,1.478599
0.830425,0.769780,1.550619,1.516035
0.666846,0.795712,1.572042,1.550619
0.708527,0.954786,1.586191,1.572042
0.860690,0.777992,1.591298,1.586191
0.718511,0.815010,1.585946,1.591298
0.748954,0.945244,1.574675,1.585946
0.966200,0.786114,1.560782,1.574675
0.778339,0.825288,1.552282,1.560782
0.785156,0.996805,1.547692,1.552282
0.978338,0.803750,1.546860,1.547692
0.793391,0.830030,1.548764,1.546860
0.802567,0.956124,1.551846,1.548764
0.988867,0.786382,1.555268,1.551846
0.789834,0.813384,1.557057,1.555268
0.928755,0.978371,1.557808,1.557057
0.983687,0.811955,1.557685,1.557808
0.790806,0.864172,1.557194,1.557685
0.846332,0.995472,1.556694,1.557194
1.013480,0.823126,1.556500,1.556694
0.823416,0.805595,1.556580,1.556500
0.822308,0.991161,1.556888,1.556580
1.018231,0.851546,1.557253,1.556888
0.814905,0.860677,1.557550,1.557253
0.809026,0.972684,1.557819,1.557550
1.008829,0.804462,1.557983,1.557819
0.802465,0.837667,1.558087,1.557983
0.790972,0.995181,1.558204,1.558087
1.005451,0.985109,1.558460,1.558204
1.008548,0.980483,1.558948,1.558460
0.993195,0.806532,1.559506,1.558948
0.793864,0.840857,1.560026,1.559506
0.943861,0.986598,1.560610,1.560026
0.854648,0.821701,1.560914,1.560610
0.952060,0.827809,1.559934,1.560914
0.917072,0.965645,1.559403,1.559934
1.096806,0.803380,1.561295,1.559403
0.945897,0.759791,1.562617,1.561295
0.795886,0.855892,1.563333,1.562617
0.861640,0.647396,1.564377,1.563333
0.624682,0.593643,1.565912,1.564377
0.569729,0.669292,1.568179,1.565912
0.651313,0.531711,1.571644,1.568179
0.485040,0.482811,1.574715,1.571644
0.449806,0.523791,1.577872,1.574715
0.517442,0.396734,1.581392,1.577872
0.388553,0.405072,1.584256,1.581392
0.432387,0.418018,1.587167,1.584256
0.351267,0.347466,1.589168,1.587167
0.305698,0.316960,1.590680,1.589168
0.236982,0.363250,1.589779,1.590680
0.388584,0.282140,1.579867,1.589779
0.430784,0.275754,1.562713,1.579867
0.492805,0.277252,1.522820,1.562713
0.399408,0.249740,1.456897,1.522820
0.272379,0.287281,1.386294,1.456897
0.355601,0.295543,1.290238,1.386294
0.216534,0.322015,1.203459,1.290238
0.126289,0.388926,1.114011,1.203459
0.131609,0.402046,1.005658,1.114011
0.127631,0.460580,0.898023,1.005658
0.310651,0.638065,0.775018,0.898023
0.598205,0.607179,0.617478,0.775018
0.608959,0.669772,0.483582,0.617478
0.681663,0.902273,0.361355,0.483582
1.020834,0.777511,0.242851,0.361355
0.905550,0.858779,0.168468,0.242851
1.061456,0.963386,0.116274,0.168468
1.009220,0.763468,0.074211,0.116274
0.745448,0.787945,0.058217,0.074211
0.737840,0.913160,0.061261,0.058217
0.840123,0.743073,0.072859,0.061261
0.684916,0.816110,0.079132,0.072859
0.703773,0.937325,0.080678,0.079132
0.918290,0.783790,0.078745,0.080678
0.750456,0.833175,0.077316,0.078745
0.764319,0.916896,0.077288,0.077316
0.975912,0.879383,0.077894,0.077288
0.790636,0.815718,0.076671,0.077894
0.797174,0.942882,0.074025,0.076671
1.006609,0.809413,0.070091,0.074025
0.803073,0.825735,0.067349,0.070091
0.948380,0.973828,0.065620,0.067349
0.986764,0.826283,0.064864,0.065620
0.781644,0.790875,0.064887,0.064864
0.829022,0.976160,0.065461,0.064887
0.986646,0.994922,0.066526,0.065461
0.975575,0.972429,0.067104,0.066526
0.928189,0.828510,0.066952,0.067104
0.840735,1.006802,0.066247,0.066952
1.007287,0.976205,0.064963,0.066247
0.960939,0.973441,0.063723,0.064963
1.013279,1.000394,0.062448,0.063723
1.013728,0.832996,0.061752,0.062448
0.854453,0.997293,0.062010,0.061752
0.943737,0.841825,0.062567,0.062010
0.832034,0.859944,0.063140,0.062567
0.783387,0.994119,0.063375,0.063140
0.980241,0.815442,0.063361,0.063375
0.781556,0.839525,0.063111,0.063361
0.780350,1.009406,0.062825,0.063111
0.981077,0.833724,0.062144,0.062825
0.783132,0.821952,0.058460,0.062144
0.794621,0.985177,0.023467,0.058460
1.094975,0.878616,0.057026,0.023467
0.890334,0.888399,0.104051,0.057026
1.009365,0.975292,0.125279,0.104051
0.825196,0.753056,0.131725,0.125279
0.811717,0.734412,0.129588,0.131725
0.650981,0.795662,0.123915,0.129588
0.658141,0.587782,0.115350,0.123915
0.526764,0.572632,0.108325,0.115350
0.456496,0.601684,0.102699,0.108325
0.524212,0.471815,0.098016,0.102699
0.393354,0.424200,0.095579,0.098016
0.375785,0.463485,0.094904,0.095579
0.418396,0.330107,0.093742,0.094904
0.284900,0.328228,0.082453,0.093742
0.241068,0.308987,0.107249,0.082453
0.402984,0.299889,0.169835,0.107249
0.441800,0.286912,0.250273,0.169835
0.398343,0.192945,0.287659,0.250273
0.275239,0.293406,0.265676,0.287659
0.450914,0.324058,0.194433,0.265676
0.639082,0.278851,0.191237,0.194433
0.467883,0.369163,0.271998,0.191237
0.351400,0.347869,0.402821,0.271998
0.212398,0.414006,0.520488,0.402821
0.254726,0.535573,0.639766,0.520488
0.393421,0.561196,0.779154,0.639766
0.630283,0.642690,0.895692,0.779154
0.749733,0.875234,1.016262,0.895692
0.928076,0.802243,1.148009,1.016262
0.943101,0.855979,1.240435,1.148009
0.964545,1.000867,1.318693,1.240435
1.157409,0.852948,1.393284,1.318693
0.793609,0.859275,1.444204,1.393284
0.753736,0.991736,1.487241,1.444204
0.913627,0.827267,1.528148,1.487241
0.711076,0.812561,1.555283,1.528148
0.710229,0.970817,1.576162,1.555283
0.889545,0.821134,1.590375,1.576162
0.730895,0.889815,1.592657,1.590375
0.884323,0.977080,1.586108,1.592657
0.799401,0.827002,1.572283,1.586108
0.890919,0.873979,1.560779,1.572283
0.807167,1.015685,1.552347,1.560779
0.897430,0.862497,1.548323,1.552347
0.807677,0.872354,1.549172,1.548323
0.767740,1.027803,1.552624,1.549172
0.974272,0.855409,1.557924,1.552624
0.775978,0.883184,1.561933,1.557924
0.770656,1.036196,1.564787,1.561933
0.951784,0.843906,1.566359,1.564787
0.762199,0.861019,1.566534,1.566359
0.758948,1.010099,1.566168,1.566534
0.939707,0.864448,1.565861,1.566168
0.754074,0.863248,1.566035,1.565861
0.885499,1.007462,1.566758,1.566035
0.792397,0.864147,1.568266,1.566758
0.880765,0.831442,1.569818,1.568266
0.786844,0.992230,1.571508,1.569818
0.875864,0.819366,1.573506,1.571508
0.781707,0.840162,1.575174,1.573506
0.725669,1.014060,1.576909,1.575174
0.915550,0.799568,1.578981,1.576909
0.730995,0.825559,1.580866,1.578981
0.734472,0.986412,1.583004,1.580866
0.918881,0.809526,1.585899,1.583004
0.728605,0.846741,1.588660,1.585899
0.724960,1.005971,1.591594,1.588660
0.963237,0.811696,1.595253,1.591594
0.832397,0.815136,1.601123,1.595253
1.043881,0.933696,1.608697,1.601123
0.889606,0.714287,1.616182,1.608697
0.875124,0.808999,1.621968,1.616182
0.784183,0.687720,1.629803,1.621968
0.573018,0.566252,1.639035,1.629803
0.549000,0.606106,1.648578,1.639035
0.511233,0.447847,1.661881,1.648578
0.359229,0.421195,1.674836,1.661881
0.345004,0.452436,1.690095,1.674836
0.381797,0.346462,1.710490,1.690095
0.279002,0.323634,1.729939,1.710490
0.266406,0.349773,1.751218,1.729939
0.256380,0.266703,1.777838,1.751218
0.275898,0.264125,1.797543,1.777838
0.357769,0.310059,1.808546,1.797543
0.464926,0.181377,1.805251,1.808546
0.312294,0.196876,1.783286,1.805251
0.239651,0.228559,1.744830,1.783286
0.341166,0.212301,1.684790,1.744830
0.407199,0.276570,1.621966,1.684790
0.491257,0.369937,1.548362,1.621966
0.387267,0.353336,1.459172,1.548362
0.297214,0.405395,1.384673,1.459172
0.302744,0.550808,1.294603,1.384673
0.594634,0.538658,1.168730,1.294603
0.628803,0.635170,1.037801,1.168730
0.818953,0.884063,0.886299,1.037801
1.152493,0.800915,0.704575,0.886299
1.046987,0.819134,0.563175,0.704575
1.123512,1.024643,0.441521,0.563175
1.293022,0.833390,0.326251,0.441521
0.909254,0.869607,0.247979,0.326251
0.785738,1.007802,0.183671,0.247979
0.923754,0.809725,0.128914,0.183671
0.704478,0.823184,0.099944,0.128914
0.821132,0.991266,0.085760,0.099944
0.854727,0.836414,0.083809,0.085760
0.687902,0.865917,0.085021,0.083809
0.760617,1.025955,0.083914,0.085021
0.934047,0.852391,0.078352,0.083914
0.755834,0.912939,0.070286,0.078352
0.766706,1.018605,0.062188,0.070286
0.980203,0.871479,0.056274,0.062188
0.787033,0.909268,0.053562,0.056274
0.783801,1.039319,0.050537,0.053562
0.971269,0.889147,0.045901,0.050537
0.763914,0.889698,0.042127,0.045901
0.762758,1.047292,0.039006,0.042127
0.941560,0.838733,0.036501,0.039006
0.745106,0.838732,0.035467,0.036501
0.886960,1.033615,0.035500,0.035467
0.920629,0.879158,0.036837,0.035500
0.727229,0.839374,0.038738,0.036837
0.768389,1.016317,0.041027,0.038738
0.904569,0.820830,0.043505,0.041027
0.720956,0.865031,0.044830,0.043505
0.721229,0.965917,0.045668,0.044830
0.904086,0.799720,0.046520,0.045668
0.721668,0.851616,0.047109,0.046520
0.724072,0.986612,0.047477,0.047109
0.897943,1.013548,0.047714,0.047477
0.900995,0.994204,0.048105,0.047714
0.900757,0.803995,0.048684,0.048105
0.711758,0.861692,0.049075,0.048684
0.712191,0.994423,0.049832,0.049075
0.885841,0.815885,0.032370,0.049832
0.751431,0.839963,0.029311,0.032370
0.976478,0.939557,0.092129,0.029311
0.914263,0.766402,0.131722,0.092129
0.901452,0.710648,0.141834,0.131722
0.700145,0.779513,0.141750,0.141834
0.662576,0.572414,0.135888,0.141750
0.511757,0.632175,0.129343,0.135888
0.535670,0.555763,0.121813,0.129343
0.477586,0.507824,0.117268,0.121813
0.387112,0.446930,0.116946,0.117268
0.405905,0.355923,0.120250,0.116946
0.298508,0.319060,0.125444,0.120250
0.271011,0.361429,0.132500,0.125444
0.278247,0.286194,0.140243,0.132500
0.232899,0.258388,0.163424,0.140243
0.288257,0.251570,0.208135,0.163424
0.399817,0.221110,0.274550,0.208135
0.299703,0.177409,0.299394,0.274550
0.232230,0.233133,0.271942,0.299394
0.355474,0.235256,0.189728,0.271942
0.403390,0.274895,0.128742,0.189728
0.540695,0.332162,0.173427,0.128742
0.358343,0.283669,0.293937,0.173427
0.142620,0.346771,0.416052,0.293937
0.035759,0.459495,0.546637,0.416052
0.051393,0.582401,0.687364,0.546637
0.190343,0.713856,0.831638,0.687364
0.379836,0.662386,0.973381,0.831638
0.580036,0.924971,1.088728,0.973381
0.925357,0.981977,1.211888,1.088728
1.040755,0.869566,1.308124,1.211888
0.471041,0.999871,1.375068,1.308124
0.647564,0.840485,1.437375,1.375068
0.632540,0.853905,1.479590,1.437375
0.634000,1.008621,1.516388,1.479590
0.801564,0.827697,1.551934,1.516388
0.655816,0.839976,1.574990,1.551934
0.674835,0.998627,1.590901,1.574990
0.880310,0.846522,1.597849,1.590901
0.727220,0.895079,1.593688,1.597849
0.743935,1.003596,1.583065,1.593688
0.936066,0.841474,1.568871,1.583065
0.767315,0.866334,1.559452,1.568871
0.919177,1.040205,1.554157,1.559452
0.982350,0.855446,1.553282,1.554157
0.782107,0.901425,1.555609,1.553282
0.830553,1.030454,1.559216,1.555609
0.970586,1.036092,1.563201,1.559216
0.962279,1.002289,1.565913,1.563201
0.911663,0.825417,1.567050,1.565913
0.806940,1.011416,1.567176,1.567050
0.937678,0.975646,1.567006,1.567176
0.881542,0.862050,1.567105,1.567006
0.787663,0.987045,1.567653,1.567105
0.909169,0.820558,1.568745,1.567653
0.725161,0.836589,1.570018,1.568745
0.715912,0.971833,1.571475,1.570018
0.957199,0.812260,1.573146,1.571475
0.740836,0.875540,1.574502,1.573146
0.704095,0.976632,1.575827,1.574502
0.530209,0.831025,1.577407,1.575827
0.610820,0.845613,1.578930,1.577407
0.686016,0.995791,1.580791,1.578930
0.906980,0.828518,1.583216,1.580791
0.744286,0.849075,1.585338,1.583216
0.890892,0.995557,1.587825,1.585338
0.941091,0.824174,1.590808,1.587825
0.800965,0.836814,1.594458,1.590808
0.955255,0.945847,1.601210,1.594458
1.115599,0.757106,1.608782,1.601210
0.773998,0.710563,1.613819,1.608782
0.674826,0.778795,1.618595,1.613819
0.715440,0.586605,1.624683,1.618595
0.497368,0.556550,1.630829,1.624683
0.430842,0.584673,1.638463,1.630829
0.483590,0.437233,1.649644,1.638463
0.363363,0.415355,1.661133,1.649644
0.352169,0.472253,1.675002,1.661133
0.407241,0.351430,1.694168,1.675002
0.300943,0.313583,1.712804,1.694168
0.343167,0.348686,1.733704,1.712804
0.284076,0.261443,1.762271,1.733704
0.223692,0.226779,1.794610,1.762271
0.231559,0.275082,1.840042,1.794610
0.276043,0.217798,1.911572,1.840042
0.241385,0.219476,1.983234,1.911572
0.223574,0.314071,2.063284,1.983234
0.421789,0.256464,2.159043,2.063284
0.468143,0.303513,2.250049,2.159043
0.540847,0.373808,2.357518,2.250049
0.434727,0.319251,2.498198,2.357518
0.162126,0.303076,2.623158,2.498198
0.144288,0.377748,2.748018,2.623158
0.371889,0.380921,2.881207,2.748018
0.381011,0.481474,2.972665,2.881207
0.577771,0.628054,3.043008,2.972665
0.755585,0.567066,3.095289,3.043008
0.732428,0.670597,3.120509,3.095289
0.883235,0.804198,3.135951,3.120509
1.136936,0.845508,3.138944,3.135951
1.194955,0.876210,3.130611,3.138944
1.059280,0.731513,3.130825,3.130611
0.854351,0.865779,3.136786,3.130825
0.917729,0.840086,3.137541,3.136786
0.859067,0.703312,3.130021,3.137541
0.764157,0.808761,3.127028,3.130021
0.925788,0.721174,3.127427,3.127028
0.744124,0.704309,3.129838,3.127427
0.759307,0.867601,3.133032,3.129838
0.969233,0.677677,3.136373,3.133032
0.781942,0.709571,3.138222,3.136373
0.791566,0.882535,3.139045,3.138222
0.988092,0.895830,3.138934,3.139045
0.991542,0.871770,3.138385,3.138934
0.982447,0.722077,3.137926,3.138385
0.785010,0.763592,3.137811,3.137926
0.792695,0.864543,3.138072,3.137811
0.998283,0.727011,3.138657,3.138072
0.804340,0.769108,3.139313,3.138657
0.955068,0.921484,3.139992,3.139313
0.865054,0.762477,3.140574,3.139992
0.980243,0.734619,3.140891,3.140574
0.857815,0.887958,3.141195,3.140891
0.981217,0.742334,3.141577,3.141195
0.882527,0.777651,3.141849,3.141577
0.817161,0.892486,3.142036,3.141849
1.022972,0.755949,3.142343,3.142036
0.820014,0.772133,3.141791,3.142343
0.821589,0.905274,3.141178,3.141791
1.022250,0.775021,3.140485,3.141178
0.828701,0.759664,3.139719,3.140485
0.829228,0.889501,3.138734,3.139719
1.058023,0.776658,3.137292,3.138734
0.852217,0.774591,3.136010,3.137292
1.001002,0.897991,3.134565,3.136010
0.892797,0.736205,3.132681,3.134565
0.985690,0.774629,3.130940,3.132681
0.871280,0.913570,3.128975,3.130940
0.978432,0.760547,3.126281,3.128975
0.891749,0.771356,3.122998,3.126281
0.902228,0.923207,3.119484,3.122998
1.222385,0.715929,3.116683,3.119484
0.923195,0.716975,3.114509,3.116683
0.822269,0.767593,3.111779,3.114509
0.930496,0.620276,3.107586,3.111779
0.662916,0.603564,3.103053,3.107586
0.621101,0.626602,3.097325,3.103053
0.693108,0.494216,3.089184,3.097325
0.527620,0.484964,3.081518,3.089184
0.591751,0.519159,3.073267,3.081518
0.506056,0.433093,3.063583,3.073267
0.542861,0.439464,3.055422,3.063583
0.448443,0.397517,3.046819,3.055422
0.473384,0.317582,3.036513,3.046819
0.407336,0.337050,3.027773,3.036513
0.359665,0.376939,3.018741,3.027773
0.416402,0.268635,3.008228,3.018741
0.311807,0.277761,2.999150,3.008228
0.288254,0.250362,2.989830,2.999150
0.334514,0.235327,2.982333,2.989830
0.253701,0.230395,2.981338,2.982333
0.238392,0.218122,2.984027,2.981338
0.284656,0.181660,2.989376,2.984027
0.213157,0.150261,2.993791,2.989376
0.222992,0.187302,2.997503,2.993791
0.174078,0.158388,2.998747,2.997503
0.121979,0.108453,2.998271,2.998747
0.131846,0.103209,2.996709,2.998271
0.093828,0.115231,2.995268,2.996709
0.100394,0.106454,2.994085,2.995268
0.087701,0.114995,2.993319,2.994085
0.061646,0.072591,2.993143,2.993319
0.057799,0.070385,2.993330,2.993143
0.057390,0.048754,2.993672,2.993330
0.045332,0.076072,2.993956,2.993672
0.051236,0.066780,2.994207,2.993956
0.068548,0.059599,2.994274,2.994207
0.049288,0.054865,2.994242,2.994274
0.041338,0.042347,2.994168,2.994242
0.050723,0.031048,2.994102,2.994168
0.041909,0.025750,2.994017,2.994102
0.035801,0.045696,2.993957,2.994017
0.020225,0.039160,2.993907,2.993957
0.000000,0.017058,2.993966,2.993907
0.000000,0.014425,2.993967,2.993966
0.000000,0.017544,2.994055,2.993967
0.000000,0.043435,2.993948,2.994055
0.000000,0.030575,2.993735,2.993948
0.000000,0.006727,2.993658,2.993735
0.000000,0.039394,2.993573,2.993658
0.021750,0.011475,2.993493,2.993573
0.000000,0.011919,2.993510,2.993493
0.000000,0.011068,2.993609,2.993510
0.000000,0.000000,0.000000,0.000000
0.000000,0.039241,2.045841,0.000000
0.017937,0.029193,2.040929,2.045841
0.027415,0.052580,2.035250,2.040929
0.036593,0.038137,2.031197,2.035250
0.020702,0.022414,2.032265,2.031197
0.000000,0.037720,2.024076,2.032265
0.000000,0.034944,2.023040,2.024076
0.000000,0.028243,2.022992,2.023040
0.000000,0.040615,2.023606,2.022992
0.000000,0.050490,2.024236,2.023606
0.000000,0.039020,2.025223,2.024236
0.000000,0.022447,2.026081,2.025223
0.000000,0.039490,2.026017,2.026081
0.000000,0.017367,2.024677,2.026017
0.033384,0.014954,2.016076,2.024677
0.033041,0.017221,2.012795,2.016076
0.038541,0.026262,2.009911,2.012795
0.044080,0.051186,2.008217,2.009911
0.044924,0.019710,2.008398,2.008217
0.021315,0.025784,2.010547,2.008398
0.043785,0.042900,2.014842,2.010547
0.048336,0.012281,2.017525,2.014842
0.061047,0.035024,2.019580,2.017525
0.085267,0.041683,2.020812,2.019580
0.073783,0.052277,2.020271,2.020812
0.085721,0.043602,2.018674,2.020271
0.079404,0.032194,2.016949,2.018674
0.092004,0.027058,2.017005,2.016949
0.076936,0.062541,2.018306,2.017005
0.078712,0.042191,2.020433,2.018306
0.059817,0.035089,2.022064,2.020433
0.053470,0.081404,2.022985,2.022064
0.062142,0.038532,2.023131,2.022985
0.043430,0.041234,2.021551,2.023131
0.044613,0.009300,2.018933,2.021551
0.043609,0.041698,2.016228,2.018933
0.039501,0.031446,2.014504,2.016228
0.209661,0.017638,1.994439,2.014504
0.148950,0.048438,1.968253,1.994439
0.104425,0.144857,1.919874,1.968253
0.069860,0.219763,1.824185,1.919874
0.203259,0.351621,1.718259,1.824185
0.458102,0.502962,1.590298,1.718259
0.443098,0.479399,1.486579,1.590298
0.542331,0.656354,1.408289,1.486579
0.578378,0.585010,1.310943,1.408289
0.476440,0.698476,1.203743,1.310943
0.597130,0.895027,1.067557,1.203743
0.882104,0.807092,0.886537,1.067557
0.524848,0.804725,0.733838,0.886537
0.693345,0.996155,0.590757,0.733838
1.120102,0.800784,0.446067,0.590757
0.913202,0.821210,0.345880,0.446067
0.889426,0.956078,0.262541,0.345880
1.048415,0.807574,0.185513,0.262541
0.787436,0.809472,0.137051,0.185513
0.736696,0.909013,0.103556,0.137051
0.877535,0.791632,0.084346,0.103556
0.690078,0.780211,0.080490,0.084346
0.814986,0.937379,0.082409,0.080490
0.872612,0.787906,0.084610,0.082409
0.707220,0.831044,0.082995,0.084610
0.768684,0.977489,0.077477,0.082995
0.957780,0.812416,0.068376,0.077477
0.775363,0.849660,0.062904,0.068376
0.786453,0.987012,0.059843,0.062904
0.994026,0.802175,0.057725,0.059843
0.785822,0.836282,0.057128,0.057725
0.791122,0.988471,0.057396,0.057128
0.986293,0.808495,0.058305,0.057396
0.791909,0.843664,0.059115,0.058305
0.788434,0.982419,0.060037,0.059115
0.987933,0.821576,0.060725,0.060037
0.790392,0.811468,0.060531,0.060725
0.958669,1.003744,0.059460,0.060531
1.013700,0.819560,0.057936,0.059460
0.822496,0.859488,0.056806,0.057936
0.859399,0.967276,0.055739,0.056806
1.006497,0.837611,0.054913,0.055739
0.797325,0.850120,0.054840,0.054913
0.790036,0.978300,0.055367,0.054840
0.978975,0.802537,0.056462,0.055367
0.791536,0.820792,0.057833,0.056462
0.782510,0.984818,0.059201,0.057833
0.968550,0.817018,0.060693,0.059201
0.777662,0.817091,0.062114,0.060693
0.776727,0.943490,0.063557,0.062114
0.973565,0.836032,0.056210,0.063557
0.805492,0.819649,0.013952,0.056210
1.020940,0.978322,0.055775,0.013952
1.138815,0.759925,0.107865,0.055775
0.868462,0.738441,0.124245,0.107865
0.817263,0.799587,0.127851,0.124245
0.830226,0.618972,0.123275,0.127851
0.608370,0.615227,0.115661,0.123275
0.553000,0.634138,0.106676,0.115661
0.630462,0.492400,0.096629,0.106676
0.456046,0.489991,0.089572,0.096629
0.428872,0.521575,0.084282,0.089572
0.492200,0.387887,0.080122,0.084282
0.372654,0.358761,0.077486,0.080122
0.347314,0.388688,0.069493,0.077486
0.377152,0.309044,0.029831,0.069493
0.212214,0.296399,0.033180,0.029831
0.285858,0.323539,0.082010,0.033180
0.456564,0.306952,0.180979,0.082010
0.390684,0.242143,0.263046,0.180979
0.387082,0.295834,0.312741,0.263046
0.312363,0.322058,0.304544,0.312741
0.346091,0.324560,0.273952,0.304544
0.393181,0.296062,0.331700,0.273952
0.262468,0.336205,0.422080,0.331700
0.238471,0.461333,0.541256,0.422080
0.257314,0.432823,0.687347,0.541256
0.276603,0.540359,0.809673,0.687347
0.451912,0.705266,0.936806,0.809673
0.815313,0.664782,1.078477,0.936806
0.799931,0.738033,1.184623,1.078477
0.871982,0.919226,1.275786,1.184623
1.223956,0.803114,1.360397,1.275786
0.934006,0.801730,1.417030,1.360397
0.947967,0.933318,1.463405,1.417030
0.787629,0.764681,1.506566,1.463405
0.834857,0.796083,1.536423,1.506566
0.704899,0.907573,1.561624,1.536423
0.771430,0.766415,1.582698,1.561624
0.715944,0.793631,1.591594,1.582698
0.707891,0.906168,1.590903,1.591594
0.925963,0.807678,1.579455,1.590903
0.767892,0.837265,1.566389,1.579455
0.779079,0.950558,1.554581,1.566389
0.991397,0.828193,1.546580,1.554581
0.799580,0.831501,1.544962,1.546580
0.799489,0.966232,1.546783,1.544962
1.013134,0.804651,1.550983,1.546783
0.800746,0.837473,1.554467,1.550983
0.948866,0.987532,1.557150,1.554467
0.850957,0.820353,1.558755,1.557150
0.939785,0.819208,1.558773,1.558755
0.843253,0.961374,1.558086,1.558773
0.945636,0.836688,1.557036,1.558086
0.846486,1.011080,1.556299,1.557036
1.004641,0.978140,1.556057,1.556299
0.955905,0.830483,1.556481,1.556057
0.864653,0.987635,1.557294,1.556481
1.020301,0.836196,1.558376,1.557294
0.811216,0.835752,1.559142,1.558376
0.785309,0.987819,1.559662,1.559142
0.975595,0.849868,1.560137,1.559662
0.800242,0.839836,1.560269,1.560137
0.791529,0.986773,1.560346,1.560269
0.999340,0.815514,1.560325,1.560346
0.805974,0.842066,1.560339,1.560325
0.804177,0.971680,1.560469,1.560339
0.994672,0.811601,1.560897,1.560469
0.804841,0.834927,1.561435,1.560897
0.954334,0.961533,1.561590,1.561435
1.037672,0.813581,1.561244,1.561590
0.897999,0.824793,1.562920,1.561244
0.988861,0.938018,1.564684,1.562920
1.031999,0.702828,1.564837,1.564684
0.732366,0.684000,1.564100,1.564837
0.658897,0.748173,1.563278,1.564100
0.727740,0.577968,1.563233,1.563278
0.539431,0.545495,1.564134,1.563233
0.502630,0.597766,1.566022,1.564134
0.566344,0.454097,1.569225,1.566022
0.428412,0.446908,1.572560,1.569225
0.403887,0.473557,1.576399,1.572560
0.470502,0.345337,1.580829,1.576399
0.354399,0.329464,1.583606,1.580829
0.365537,0.380802,1.585134,1.583606
0.287018,0.323455,1.585707,1.585134
0.292277,0.297231,1.580224,1.585707
0.426537,0.310612,1.566951,1.580224
0.509208,0.239775,1.537945,1.566951
0.345310,0.241714,1.491533,1.537945
0.292984,0.280424,1.429872,1.491533
0.303450,0.275101,1.341254,1.429872
0.344309,0.277583,1.258991,1.341254
0.253030,0.372564,1.171419,1.258991
0.353717,0.364267,1.069055,1.171419
0.327484,0.515838,0.971486,1.069055
0.544425,0.592547,0.830733,0.971486
0.695636,0.625852,0.676320,0.830733
0.676024,0.796569,0.535445,0.676320
0.969190,0.732520,0.385969,0.535445
0.849290,0.806675,0.281120,0.385969
1.039343,0.988463,0.196594,0.281120
0.932391,0.795756,0.129811,0.196594
0.968596,0.798581,0.089431,0.129811
0.782091,0.940175,0.065037,0.089431
0.817429,0.767014,0.062460,0.065037
0.712786,0.769838,0.071235,0.062460
0.675403,0.940230,0.078643,0.071235
0.880644,0.787993,0.081114,0.078643
0.724351,0.825519,0.079342,0.081114
0.747200,0.942366,0.075476,0.079342
0.960809,0.829793,0.072987,0.075476
0.786703,0.819776,0.072442,0.072987
0.788097,0.938817,0.071573,0.072442
0.996922,0.817699,0.070239,0.071573
0.793216,0.815459,0.069478,0.070239
0.947025,1.006483,0.068764,0.069478
0.841896,0.815013,0.067684,0.068764
0.921625,0.868096,0.066833,0.067684
0.810695,0.965723,0.065967,0.066833
0.919298,0.807528,0.065143,0.065967
0.828956,0.793752,0.064590,0.065143
0.785442,0.963765,0.064413,0.064590
0.977285,0.838639,0.064805,0.064413
0.791051,0.855796,0.065243,0.064805
0.787001,0.991160,0.065393,0.065243
0.737931,0.800847,0.065493,0.065393
0.294564,0.857210,0.065158,0.065493
0.263444,0.990174,0.064547,0.065158
0.203117,0.843052,0.063458,0.064547
0.464726,0.857860,0.062358,0.063458
0.796455,0.948900,0.061154,0.062358
0.787234,0.834990,0.059477,0.061154
0.914914,0.834169,0.058187,0.059477
0.826572,0.985685,0.057484,0.058187
0.929069,1.045931,0.057496,0.057484
0.983532,0.966827,0.057969,0.057496
0.980368,0.834051,0.058581,0.057969
0.776722,0.840014,0.048513,0.058581
0.880743,0.966251,0.010827,0.048513
1.128484,0.913662,0.077615,0.010827
0.923144,0.855300,0.114787,0.077615
0.858697,0.979137,0.129489,0.114787
0.901177,0.732316,0.131925,0.129489
0.644366,0.687391,0.128191,0.131925
0.591820,0.776593,0.121889,0.128191
0.674947,0.574853,0.113960,0.121889
0.499788,0.530914,0.108238,0.113960
0.465936,0.563744,0.103581,0.108238
0.523128,0.467143,0.099829,0.103581
0.392162,0.392115,0.098626,0.099829
0.421899,0.422726,0.100020,0.098626
0.406982,0.336090,0.094341,0.100020
0.265349,0.334167,0.096993,0.094341
0.312146,0.333213,0.133271,0.096993
0.428559,0.237072,0.202331,0.133271
0.347368,0.198360,0.267097,0.202331
0.314986,0.228449,0.293720,0.267097
0.345883,0.259849,0.259877,0.293720
0.356399,0.279085,0.190977,0.259877
0.472313,0.325844,0.166127,0.190977
0.647312,0.312343,0.247621,0.166127
0.438441,0.360247,0.351751,0.247621
0.344755,0.452720,0.470248,0.351751
0.377903,0.455291,0.608132,0.470248
0.431898,0.551208,0.721211,0.608132
0.645742,0.767392,0.835555,0.721211
0.818793,0.726206,0.973006,0.835555
0.807501,0.798732,1.086745,0.973006
1.022470,0.978900,1.190216,1.086745
1.224336,0.835926,1.290027,1.190216
0.936401,0.860754,1.358638,1.290027
0.847420,0.987786,1.417132,1.358638
0.974649,0.796183,1.473175,1.417132
0.733888,0.840761,1.511685,1.473175
0.701490,0.976829,1.543612,1.511685
0.871503,1.013120,1.571053,1.543612
0.884748,0.989131,1.587880,1.571053
0.922079,0.848149,1.592520,1.587880
0.732141,0.834343,1.586962,1.592520
0.740347,1.007337,1.575514,1.586962
0.936172,0.862299,1.561242,1.575514
0.751143,0.900038,1.552455,1.561242
0.896942,1.024863,1.547890,1.552455
0.809524,0.840151,1.547818,1.547890
0.910066,0.862931,1.550749,1.547818
0.819840,1.027255,1.554984,1.550749
0.909733,0.870265,1.559679,1.554984
0.812120,0.873229,1.562596,1.559679
0.769815,1.012162,1.564495,1.562596
0.960474,0.854329,1.565545,1.564495
0.763330,0.854325,1.565867,1.565545
0.758420,0.996704,1.566192,1.565867
0.943238,0.859921,1.566875,1.566192
0.751076,0.868316,1.567650,1.566875
0.752306,0.982014,1.568632,1.567650
0.932164,0.835924,1.569899,1.568632
0.700773,0.823038,1.571059,1.569899
0.361817,0.993274,1.572485,1.571059
0.491234,0.834526,1.574387,1.572485
0.735097,0.820570,1.576204,1.574387
0.718757,1.001464,1.578233,1.576204
0.837353,0.840417,1.580799,1.578233
0.769442,0.814785,1.583078,1.580799
0.741035,0.958475,1.585497,1.583078
0.940514,0.815871,1.588236,1.585497
0.756032,0.857439,1.590419,1.588236
0.804325,1.007849,1.593078,1.590419
1.106444,0.817435,1.600072,1.593078
0.905882,0.785569,1.607014,1.600072
0.838200,0.858949,1.613363,1.607014
0.898896,0.676388,1.620699,1.613363
0.626311,0.614677,1.627331,1.620699
0.656306,0.664743,1.635063,1.627331
0.518437,0.500803,1.645620,1.635063
0.505084,0.477978,1.656191,1.645620
0.376514,0.499308,1.668855,1.656191
0.391601,0.396807,1.686167,1.668855
0.304291,0.346451,1.702870,1.686167
0.269239,0.387484,1.721940,1.702870
0.315001,0.295601,1.746278,1.721940
0.224460,0.292960,1.768014,1.746278
0.243016,0.300471,1.789088,1.768014
0.451855,0.220475,1.802896,1.789088
0.391474,0.223545,1.801567,1.802896
0.344622,0.223704,1.783100,1.801567
0.317994,0.175352,1.739379,1.783100
0.256367,0.222551,1.690603,1.739379
0.437376,0.278189,1.627935,1.690603
0.459479,0.263171,1.541940,1.627935
0.404088,0.367703,1.464909,1.541940
0.325545,0.432309,1.373390,1.464909
0.265354,0.456680,1.269857,1.373390
0.421586,0.684021,1.164001,1.269857
0.701428,0.632457,1.008808,1.164001
0.759380,0.754556,0.858465,1.008808
0.932554,0.960348,0.700624,0.858465
1.300035,0.830191,0.530959,0.700624
1.112873,0.889128,0.415518,0.530959
1.045323,1.021135,0.319663,0.415518
1.139332,0.862841,0.229255,0.319663
0.818377,0.862617,0.169471,0.229255
0.753822,0.967486,0.122551,0.169471
0.823238,0.995709,0.087692,0.122551
0.836008,0.963742,0.075358,0.087692
0.884836,0.827916,0.078047,0.075358
0.726499,0.904650,0.082148,0.078047
0.724083,1.012596,0.083058,0.082148
0.919798,0.842755,0.078426,0.083058
0.749592,0.888442,0.072163,0.078426
0.923047,1.042728,0.066328,0.072163
0.831349,0.825858,0.060714,0.066328
0.916997,0.877953,0.056289,0.060714
0.836999,1.067441,0.051503,0.056289
0.927261,0.882542,0.045658,0.051503
0.816510,0.875947,0.041715,0.045658
0.769520,1.018346,0.039216,0.041715
0.947841,0.857280,0.038146,0.039216
0.747804,0.908087,0.038446,0.038146
0.742046,1.015532,0.039640,0.038446
0.918302,0.869891,0.040902,0.039640
0.739113,0.837196,0.041268,0.040902
0.743188,1.019318,0.041164,0.041268
0.918068,0.840883,0.040640,0.041164
0.732836,0.824711,0.040365,0.040640
0.872149,1.007278,0.040559,0.040365
0.775657,0.805735,0.041105,0.040559
0.866162,0.860431,0.041738,0.041105
0.768550,0.971655,0.042665,0.041738
0.861752,0.850477,0.044335,0.042665
0.758196,1.010080,0.046114,0.044335
0.893534,0.961692,0.048423,0.046114
0.843126,0.812808,0.049924,0.048423
0.758944,0.988272,0.050427,0.049924
0.907697,1.009759,0.023351,0.050427
1.029758,0.938175,0.059745,0.023351
1.046988,0.793384,0.118547,0.059745
0.854776,0.884814,0.137991,0.118547
0.843054,0.784851,0.142800,0.137991
0.680282,0.611754,0.138207,0.142800
0.525635,0.646799,0.131674,0.138207
0.544159,0.519511,0.124350,0.131674
0.401471,0.481813,0.120089,0.124350
0.370479,0.477230,0.118232,0.120089
0.427655,0.386557,0.120049,0.118232
0.316440,0.321121,0.124697,0.120049
0.282069,0.373946,0.132393,0.124697
0.317038,0.319497,0.139038,0.132393
0.267626,0.294705,0.156857,0.139038
0.354626,0.209234,0.198731,0.156857
0.321306,0.255177,0.248761,0.198731
0.393299,0.243093,0.300472,0.248761
0.299844,0.183635,0.282151,0.300472
0.259091,0.301621,0.217485,0.282151
0.542224,0.266387,0.133860,0.217485
0.435683,0.310682,0.167115,0.133860
0.304570,0.366629,0.265968,0.167115
0.164472,0.348412,0.407733,0.265968
0.048681,0.414425,0.528018,0.407733
0.121270,0.574449,0.645563,0.528018
0.239968,0.619581,0.781248,0.645563
0.328084,0.683944,0.895941,0.781248
0.560269,0.901730,1.016001,0.895941
0.888707,0.802914,1.146365,1.016001
0.879199,0.825240,1.238708,1.146365
1.013257,1.047506,1.318192,1.238708
1.107807,0.852163,1.393285,1.318192
0.792228,0.986392,1.444415,1.393285
0.935998,0.997627,1.496019,1.444415
0.890172,0.852719,1.536818,1.496019
0.700316,1.001629,1.564349,1.536818
0.879161,0.832626,1.586851,1.564349
0.711628,0.858710,1.596428,1.586851
0.729091,0.986849,1.596847,1.596428
0.925291,0.834732,1.586877,1.596847
0.739663,0.885288,1.574690,1.586877
0.889109,1.020468,1.563115,1.574690
0.805433,0.854666,1.554595,1.563115
0.913788,0.863145,1.552457,1.554595
0.826725,1.007964,1.553885,1.552457
0.921708,0.871493,1.557903,1.553885
0.825928,0.882288,1.561732,1.557903
0.770923,1.003405,1.565007,1.561732
0.967824,0.860151,1.567190,1.565007
0.768565,0.878698,1.567879,1.567190
0.764317,0.998317,1.567937,1.567879
0.949989,0.833308,1.568064,1.567937
0.747314,0.844540,1.568354,1.568064
0.741269,1.011603,1.569144,1.568354
0.931259,0.833069,1.570619,1.569144
0.741623,0.829766,1.572081,1.570619
0.881487,0.991978,1.573588,1.572081
0.789610,0.823683,1.575284,1.573588
0.875713,0.845710,1.576592,1.575284
0.776760,0.982136,1.577865,1.576592
0.860750,0.813920,1.579371,1.577865
0.762433,0.863548,1.580731,1.579371
0.717358,0.974919,1.582211,1.580731
0.916439,0.802669,1.584344,1.582211
0.736517,0.837640,1.586399,1.584344
0.736648,0.974254,1.588863,1.586399
0.954164,0.836264,1.591763,1.588863
0.852096,0.840959,1.596475,1.591763
0.889974,0.951417,1.603720,1.596475
1.035778,0.745945,1.611581,1.603720
0.732177,0.695031,1.617966,1.611581
0.756790,0.756544,1.625031,1.617966
0.596731,0.580832,1.634629,1.625031
0.599124,0.516001,1.644073,1.634629
0.477609,0.563048,1.654979,1.644073
0.478631,0.430743,1.668955,1.654979
0.391683,0.419471,1.681490,1.668955
0.346640,0.414541,1.695333,1.681490
0.399495,0.322259,1.713105,1.695333
0.299761,0.310592,1.729527,1.713105
0.279443,0.337104,1.746869,1.729527
0.255603,0.263793,1.772586,1.746869
0.248938,0.238180,1.804049,1.772586
0.267818,0.284798,1.850281,1.804049
0.319375,0.262133,1.923551,1.850281
0.204012,0.270571,2.011915,1.923551
0.373901,0.274541,2.101445,2.011915
0.439069,0.296888,2.184095,2.101445
0.652993,0.362294,2.282791,2.184095
0.871050,0.303733,2.414386,2.282791
0.556345,0.320785,2.535893,2.414386
0.481785,0.404063,2.664321,2.535893
0.513920,0.361574,2.809432,2.664321
0.500947,0.429499,2.915067,2.809432
0.683257,0.609679,3.000120,2.915067
0.831909,0.568206,3.067095,3.000120
0.769565,0.615258,3.100876,3.067095
0.844288,0.832514,3.122033,3.100876
1.131649,0.686477,3.137520,3.122033
0.961562,0.730007,3.137375,3.137520
0.924979,0.878581,3.131056,3.137375
1.025251,0.677678,3.131124,3.131056
0.769179,0.751313,3.137173,3.131124
0.724643,0.811249,3.138931,3.137173
0.882818,0.677460,3.130713,3.138931
0.711066,0.754607,3.127035,3.130713
0.864240,0.822215,3.126514,3.127035
0.925092,0.696303,3.129035,3.126514
0.756424,0.690068,3.132222,3.129035
0.815665,0.836960,3.135278,3.132222
0.971379,0.727563,3.137775,3.135278
0.782088,0.742945,3.138777,3.137775
0.783626,0.826188,3.138943,3.138777
0.998649,0.741977,3.138711,3.138943
0.799140,0.792400,3.138367,3.138711
0.806962,0.874374,3.138079,3.138367
1.001878,0.742816,3.137978,3.138079
0.796709,0.891387,3.138182,3.137978
1.015016,0.898273,3.138769,3.138182
1.020828,0.776430,3.139423,3.138769
0.812812,0.844676,3.139987,3.139423
1.019105,0.898675,3.140470,3.139987
1.009277,0.923983,3.140916,3.140470
1.015957,0.744081,3.141375,3.140916
0.829135,0.770785,3.141874,3.141375
0.845451,0.903731,3.142315,3.141874
1.055711,0.764001,3.141342,3.142315
0.815699,0.792656,3.140338,3.141342
0.975776,0.874062,3.139185,3.140338
1.042254,0.748674,3.137710,3.139185
0.824872,0.775061,3.136385,3.137710
0.898502,0.901414,3.135054,3.136385
1.064104,0.751838,3.133618,3.135054
0.840163,0.772586,3.132453,3.133618
0.842462,0.915539,3.131080,3.132453
1.044560,0.753478,3.129361,3.131080
0.830657,0.787552,3.127712,3.129361
0.820932,0.895888,3.125882,3.127712
1.025618,0.770492,3.122987,3.125882
0.874004,0.776980,3.119822,3.122987
0.910100,0.882170,3.117020,3.119822
1.147398,0.703996,3.113961,3.117020
0.855602,0.650514,3.110940,3.113961
0.923431,0.737640,3.107051,3.110940
0.898479,0.604317,3.101484,3.107051
0.641854,0.577751,3.096154,3.101484
0.614093,0.615869,3.090222,3.096154
0.674623,0.472417,3.082975,3.090222
0.521981,0.425985,3.076702,3.082975
0.490265,0.521617,3.070276,3.076702
0.570956,0.426852,3.062840,3.070276
0.432932,0.370503,3.056529,3.062840
0.411865,0.424488,3.049593,3.056529
0.478981,0.352018,3.040688,3.049593
0.366106,0.344976,3.032507,3.040688
0.340098,0.336451,3.023449,3.032507
0.387371,0.219093,3.012090,3.023449
0.290774,0.277533,3.002085,3.012090
0.318562,0.261590,2.991691,3.002085
0.317882,0.197889,2.983744,2.991691
0.240300,0.222508,2.983950,2.983744
0.238974,0.236795,2.988267,2.983950
0.258087,0.152127,2.995214,2.988267
0.197126,0.180886,3.000448,2.995214
0.179521,0.225471,3.003929,3.000448
0.165443,0.089518,3.005214,3.003929
0.110078,0.135864,3.004465,3.005214
0.100395,0.153374,3.002820,3.004465
0.108551,0.101337,3.000718,3.002820
0.079718,0.060523,2.999377,3.000718
0.074654,0.064868,2.998641,2.999377
0.089865,0.094739,2.998405,2.998641
0.057181,0.083123,2.998636,2.998405
0.052860,0.076913,2.999009,2.998636
0.043965,0.043563,2.999411,2.999009
0.027749,0.076434,2.999640,2.999411
0.033030,0.069752,2.999685,2.999640
0.042700,0.034260,2.999563,2.999685
0.035751,0.064738,2.999462,2.999563
0.035475,0.055181,2.999350,2.999462
0.044349,0.025669,2.999244,2.999350
0.038941,0.045377,2.999187,2.999244
0.030343,0.032310,2.999180,2.999187
0.026809,0.029243,2.999253,2.999180
0.021432,0.024712,2.999483,2.999253
0.018698,0.038380,2.999008,2.999483
0.000000,0.000000,0.000000,0.000000
0.000000,0.020415,2.041933,0.000000
0.018481,0.013836,2.034814,2.041933
0.031375,0.034675,2.039959,2.034814
0.034635,0.036054,2.048270,2.039959
0.026847,0.044630,2.053391,2.048270
0.000000,0.025691,2.046636,2.053391
0.000000,0.055896,2.033391,2.046636
0.000000,0.024575,2.014453,2.033391
0.000000,0.030000,2.014282,2.014453
0.000000,0.041357,2.015228,2.014282
0.026070,0.010340,2.007422,2.015228
0.038026,0.023262,2.007361,2.007422
0.050641,0.026752,2.008438,2.007361
0.042501,0.040258,2.009381,2.008438
0.044139,0.021877,2.009812,2.009381
0.050161,0.031669,2.009973,2.009812
0.058528,0.042681,2.010697,2.009973
0.054835,0.032065,2.011253,2.010697
0.078895,0.015715,2.011830,2.011253
0.078552,0.040467,2.012692,2.011830
0.059473,0.042379,2.013445,2.012692
0.072991,0.021106,2.013381,2.013445
0.055004,0.039775,2.013337,2.013381
0.048580,0.042799,2.013704,2.013337
0.066076,0.034807,2.013708,2.013704
0.055296,0.037101,2.012583,2.013708
0.046718,0.033897,2.010549,2.012583
0.070765,0.015857,2.008138,2.010549
0.059482,0.005477,2.004549,2.008138
0.121733,0.024133,1.995478,2.004549
0.176224,0.022721,1.971252,1.995478
0.133427,0.088071,1.934231,1.971252
0.080968,0.220557,1.869380,1.934231
0.102507,0.314123,1.750310,1.869380
0.365886,0.413877,1.616543,1.750310
0.432712,0.456214,1.508512,1.616543
0.501072,0.527222,1.432874,1.508512
0.560665,0.667587,1.358397,1.432874
0.631261,0.653984,1.249725,1.358397
0.563243,0.714199,1.130761,1.249725
0.561152,0.938446,0.986385,1.130761
0.534479,0.812362,0.804715,0.986385
0.538408,0.839429,0.659817,0.804715
0.828353,0.974472,0.523338,0.659817
1.157534,0.791711,0.387377,0.523338
0.873732,0.827326,0.296211,0.387377
0.989103,0.970127,0.222481,0.296211
0.840608,0.757554,0.156903,0.222481
0.882996,0.828492,0.119133,0.156903
0.750179,0.944017,0.095998,0.119133
0.824916,0.798750,0.084966,0.095998
0.735765,0.787381,0.084354,0.084966
0.694034,0.942221,0.085555,0.084354
0.877524,0.820674,0.084584,0.085555
0.719661,0.862686,0.079592,0.084584
0.746584,0.926761,0.071300,0.079592
1.000713,0.816706,0.062293,0.071300
0.813495,0.807681,0.057417,0.062293
0.809588,0.991454,0.055827,0.057417
1.009065,0.832550,0.055742,0.055827
0.807412,0.829656,0.055618,0.055742
0.953605,0.994347,0.055471,0.055618
0.850286,0.812095,0.055746,0.055471
0.950053,0.844350,0.056090,0.055746
0.843368,0.969701,0.056602,0.056090
0.944186,0.809229,0.057776,0.056602
0.840977,0.845730,0.058928,0.057776
0.790727,0.933380,0.060076,0.058928
0.993423,0.855753,0.060985,0.060076
0.805535,0.856123,0.061593,0.060985
0.809458,0.948326,0.062241,0.061593
1.008192,0.828723,0.062041,0.062241
0.802945,0.827712,0.061983,0.062041
0.806205,1.000724,0.061460,0.061983
0.996164,0.836777,0.060929,0.061460
0.799615,0.821873,0.060402,0.060929
0.946323,0.991107,0.060258,0.060402
0.837171,0.814936,0.060225,0.060258
0.932078,0.834911,0.060249,0.060225
0.842565,0.963928,0.059880,0.060249
0.954850,0.834902,0.026057,0.059880
0.934477,0.839729,0.037011,0.026057
0.936806,0.928826,0.093111,0.037011
1.109008,0.742013,0.123069,0.093111
0.808850,0.701466,0.130592,0.123069
0.721545,0.786242,0.129549,0.130592
0.795237,0.620435,0.122181,0.129549
0.573427,0.566684,0.113324,0.122181
0.523914,0.614484,0.103814,0.113324
0.589922,0.554245,0.094259,0.103814
0.521659,0.526709,0.086753,0.094259
0.488251,0.366792,0.081543,0.086753
0.366126,0.390400,0.078884,0.081543
0.339957,0.395873,0.076156,0.078884
0.385461,0.296455,0.049167,0.076156
0.227659,0.273972,0.049039,0.049167
0.261351,0.331146,0.072939,0.049039
0.427372,0.257406,0.160161,0.072939
0.384070,0.232953,0.240399,0.160161
0.393913,0.296914,0.301769,0.240399
0.379259,0.242229,0.305850,0.301769
0.309115,0.290741,0.269054,0.305850
0.420437,0.325396,0.269105,0.269054
0.451201,0.297331,0.352674,0.269105
0.283651,0.348410,0.457953,0.352674
0.312336,0.491724,0.583729,0.457953
0.488728,0.476705,0.727283,0.583729
0.513350,0.553319,0.849128,0.727283
0.616368,0.772030,0.972371,0.849128
0.976200,0.698172,1.108269,0.972371
0.889772,0.781428,1.207633,1.108269
1.012192,0.924215,1.292056,1.207633
1.105997,0.815597,1.372212,1.292056
0.864901,0.781947,1.426954,1.372212
0.785622,0.908944,1.472967,1.426954
0.820628,0.766913,1.516323,1.472967
0.642876,0.779540,1.545985,1.516323
0.630766,0.929826,1.569880,1.545985
0.810521,0.771067,1.588103,1.569880
0.678711,0.791219,1.593873,1.588103
0.714858,0.956454,1.590069,1.593873
0.950791,0.790938,1.577165,1.590069
0.781225,0.827047,1.564871,1.577165
0.788835,0.972041,1.554644,1.564871
0.994999,0.805886,1.548318,1.554644
0.801453,0.815253,1.547765,1.548318
0.951437,0.993403,1.550177,1.547765
1.015657,0.823270,1.554219,1.550177
0.810353,0.842824,1.557238,1.554219
0.855918,1.011423,1.559212,1.557238
1.004479,0.808387,1.559968,1.559212
0.811633,0.865071,1.559627,1.559968
0.805976,0.970408,1.558739,1.559627
1.002643,0.809291,1.557726,1.558739
0.796452,0.846303,1.557273,1.557726
0.805056,0.977232,1.557053,1.557273
1.022826,0.806851,1.557254,1.557053
0.821266,0.850879,1.557642,1.557254
0.815409,0.985323,1.558200,1.557642
1.005197,0.832442,1.558829,1.558200
0.811117,0.821520,1.559187,1.558829
0.964900,0.998875,1.559486,1.559187
1.003925,0.810433,1.559770,1.559486
0.797362,0.851198,1.560021,1.559770
0.842682,0.975421,1.560358,1.560021
0.990393,0.789016,1.560867,1.560358
0.792851,0.873073,1.561246,1.560867
0.784921,0.983241,1.561620,1.561246
0.996488,0.810328,1.561940,1.561620
0.799596,0.875346,1.561309,1.561940
0.845706,0.953668,1.560230,1.561309
1.163302,0.783343,1.561640,1.560230
0.933903,0.780651,1.563093,1.561640
0.850224,0.842638,1.563416,1.563093
0.920528,0.667366,1.563386,1.563416
0.664735,0.643784,1.564037,1.563386
0.704374,0.709345,1.565838,1.564037
0.664513,0.512955,1.569512,1.565838
0.491285,0.500033,1.573424,1.569512
0.475121,0.521234,1.577619,1.573424
0.504467,0.420892,1.581888,1.577619
0.376157,0.379046,1.584538,1.581888
0.349049,0.413742,1.586615,1.584538
0.397305,0.300274,1.587911,1.586615
0.247166,0.295935,1.589831,1.587911
0.211167,0.338647,1.591636,1.589831
0.418130,0.274524,1.586967,1.591636
0.385657,0.309563,1.574853,1.586967
0.478835,0.262339,1.541560,1.574853
0.401254,0.270560,1.481378,1.541560
0.226025,0.316719,1.415369,1.481378
0.371030,0.254035,1.323527,1.415369
0.322791,0.306462,1.240250,1.323527
0.299377,0.413429,1.154517,1.240250
0.306516,0.411066,1.050811,1.154517
0.420773,0.476461,0.945754,1.050811
0.539954,0.641969,0.824204,0.945754
0.762099,0.608302,0.662330,0.824204
0.809921,0.710237,0.522084,0.662330
0.838506,0.886154,0.392581,0.522084
1.120757,0.784302,0.267266,0.392581
0.954776,0.980511,0.189372,0.267266
1.174918,0.920121,0.122626,0.189372
1.044570,0.805666,0.079800,0.122626
0.752477,0.929809,0.064924,0.079800
0.864952,0.819351,0.068876,0.064924
0.674744,0.772464,0.076499,0.068876
0.687278,0.915835,0.081158,0.076499
0.886222,0.763026,0.081544,0.081158
0.734828,0.809125,0.079110,0.081544
0.743153,0.929656,0.077450,0.079110
0.955051,0.781182,0.078369,0.077450
0.776943,0.803321,0.080018,0.078369
0.937157,0.981965,0.080437,0.080018
1.000948,0.829205,0.078872,0.080437
0.806216,0.825546,0.076690,0.078872
0.850463,0.939097,0.074395,0.076690
1.003101,1.010205,0.071753,0.074395
1.022430,0.955799,0.069007,0.071753
0.946298,1.024557,0.066413,0.069007
0.991826,0.996992,0.065038,0.066413
1.004595,0.877284,0.064082,0.065038
0.807597,0.843078,0.063400,0.064082
0.864582,1.003357,0.062849,0.063400
1.005745,1.015038,0.062051,0.062849
0.998946,0.991213,0.060634,0.062051
0.954888,0.825339,0.059115,0.060634
0.855251,0.844401,0.058185,0.059115
0.805505,0.944948,0.057558,0.058185
1.002388,0.974040,0.057008,0.057558
0.990810,0.994342,0.057397,0.057008
0.980203,0.806225,0.058400,0.057397
0.783851,0.832111,0.059812,0.058400
0.779155,0.964311,0.061141,0.059812
0.977280,0.814850,0.063442,0.061141
0.787183,0.844757,0.065604,0.063442
0.786846,0.991027,0.067044,0.065604
0.946057,1.003046,0.045882,0.067044
1.135006,1.008178,0.028871,0.045882
1.135826,0.864529,0.094353,0.028871
0.916532,0.820885,0.119664,0.094353
0.812500,0.965275,0.129312,0.119664
0.903661,0.716819,0.130249,0.129312
0.653927,0.681702,0.126418,0.130249
0.685438,0.746509,0.120366,0.126418
0.541208,0.568073,0.112809,0.120366
0.546969,0.534296,0.107526,0.112809
0.453171,0.575200,0.103665,0.107526
0.469205,0.412087,0.100782,0.103665
0.389822,0.386960,0.099690,0.100782
0.339530,0.396972,0.099696,0.099690
0.374307,0.342262,0.081768,0.099696
0.230826,0.289762,0.098035,0.081768
0.301308,0.324038,0.145875,0.098035
0.462216,0.219612,0.221739,0.145875
0.361974,0.276887,0.280417,0.221739
0.370450,0.239679,0.284956,0.280417
0.408632,0.256743,0.229586,0.284956
0.433775,0.331492,0.195615,0.229586
0.633952,0.310511,0.263141,0.195615
0.438982,0.399876,0.364291,0.263141
0.355783,0.468441,0.504797,0.364291
0.324498,0.481952,0.646506,0.504797
0.379617,0.650122,0.766489,0.646506
0.632648,0.641970,0.906933,0.766489
0.673253,0.742837,1.024725,0.906933
0.917310,0.937409,1.137520,1.024725
0.981548,0.818810,1.247041,1.137520
1.132183,0.864819,1.321313,1.247041
0.992691,1.001951,1.384752,1.321313
0.984327,0.821611,1.445645,1.384752
0.830296,0.846418,1.487901,1.445645
0.736536,0.982702,1.524161,1.487901
0.877943,0.821748,1.557644,1.524161
0.678827,0.818937,1.577928,1.557644
0.677607,0.978990,1.590333,1.577928
0.885337,0.805238,1.592999,1.590333
0.732046,0.843842,1.585938,1.592999
0.737934,1.003757,1.574026,1.585938
0.928309,0.850236,1.560405,1.574026
0.751190,0.878385,1.552510,1.560405
0.887421,1.011501,1.548908,1.552510
0.803070,0.865845,1.549815,1.548908
0.909939,0.850676,1.553162,1.549815
0.827126,1.042202,1.557358,1.553162
0.920001,0.875559,1.561635,1.557358
0.816566,0.864692,1.563922,1.561635
0.768517,1.053307,1.565092,1.563922
0.962368,0.849504,1.565534,1.565092
0.769791,0.869207,1.565677,1.565534
0.770099,1.031283,1.565984,1.565677
0.963332,0.844826,1.566767,1.565984
0.768685,0.846349,1.567851,1.566767
0.763666,1.012174,1.569291,1.567851
0.947339,0.814230,1.571147,1.569291
0.748835,0.858371,1.572742,1.571147
0.882491,1.010071,1.574352,1.572742
0.784026,0.810978,1.576278,1.574352
0.870300,0.828705,1.577907,1.576278
0.776619,0.980232,1.579644,1.577907
0.878881,0.821827,1.581824,1.579644
0.777332,1.017198,1.583793,1.581824
0.915140,0.978612,1.586440,1.583793
0.869635,0.838563,1.589390,1.586440
0.787194,0.978077,1.592170,1.589390
0.984259,0.794709,1.596022,1.592170
0.864671,0.808090,1.602293,1.596022
0.893670,0.953418,1.609559,1.602293
1.020849,0.718428,1.616873,1.609559
0.761000,0.679856,1.622646,1.616873
0.675666,0.718304,1.629137,1.622646
0.732832,0.551755,1.637997,1.629137
0.541442,0.540899,1.646486,1.637997
0.474404,0.575708,1.656491,1.646486
0.509966,0.414816,1.670347,1.656491
0.349242,0.401045,1.683501,1.670347
0.372151,0.435874,1.698243,1.683501
0.348232,0.315085,1.717139,1.698243
0.263686,0.303828,1.734507,1.717139
0.228595,0.338535,1.754098,1.734507
0.331799,0.247691,1.775319,1.754098
0.339716,0.240518,1.784527,1.775319
0.362784,0.253534,1.781998,1.784527
0.388184,0.188517,1.756096,1.781998
0.254915,0.218094,1.717021,1.756096
0.290930,0.252965,1.665568,1.717021
0.546974,0.265473,1.589349,1.665568
0.464137,0.294979,1.515288,1.589349
0.389137,0.334013,1.434501,1.515288
0.393082,0.368260,1.343027,1.434501
0.247017,0.552814,1.257386,1.343027
0.435242,0.653463,1.131820,1.257386
0.662662,0.648035,0.976332,1.131820
0.826207,0.874681,0.821440,0.976332
0.899642,0.812016,0.638630,0.821440
1.201907,0.854219,0.500766,0.638630
1.224046,0.992263,0.386661,0.500766
1.270805,0.867736,0.282177,0.386661
0.951960,0.857085,0.212350,0.282177
0.767863,0.980284,0.155630,0.212350
0.886438,0.849137,0.108717,0.155630
0.669581,0.832094,0.086737,0.108717
0.657828,0.971784,0.079644,0.086737
0.818594,0.810965,0.082841,0.079644
0.687786,0.879762,0.086428,0.082841
0.692462,1.015255,0.085651,0.086428
0.902879,0.891786,0.079470,0.085651
0.739267,0.836819,0.071867,0.079470
0.910438,1.052922,0.065263,0.071867
0.832669,0.872020,0.059983,0.065263
0.935292,0.916240,0.056017,0.059983
0.835658,1.013600,0.051293,0.056017
0.928670,1.036111,0.045621,0.051293
0.965683,1.056812,0.040954,0.045621
0.957706,0.871384,0.038051,0.040954
0.755575,0.877787,0.036999,0.038051
0.792554,1.022313,0.036925,0.036999
0.929831,1.012817,0.038277,0.036925
0.913215,1.002950,0.040294,0.038277
0.833225,1.020505,0.042197,0.040294
0.805706,1.042008,0.044038,0.042197
0.870676,0.850034,0.045087,0.044038
0.712336,0.871192,0.044863,0.045087
0.769284,0.956224,0.044238,0.044863
0.904607,0.817589,0.043594,0.044238
0.733773,0.872970,0.043323,0.043594
0.733908,0.977131,0.043440,0.043323
0.908742,0.846921,0.043850,0.043440
0.725669,0.832330,0.044201,0.043850
0.718084,1.000955,0.044527,0.044201
0.889571,0.795427,0.045468,0.044527
0.720511,0.816658,0.042314,0.045468
0.725299,0.977609,0.012659,0.042314
1.003305,0.832399,0.073528,0.012659
0.886781,0.790915,0.115704,0.073528
0.947723,0.844511,0.134505,0.115704
0.856166,0.647638,0.140244,0.134505
0.598755,0.622547,0.138264,0.140244
0.549022,0.686884,0.132831,0.138264
0.558858,0.617053,0.125282,0.132831
0.497265,0.529378,0.118877,0.125282
0.446907,0.413220,0.116234,0.118877
0.353598,0.383055,0.117586,0.116234
0.304494,0.425332,0.122096,0.117586
0.350272,0.313658,0.130931,0.122096
0.263215,0.273557,0.136598,0.130931
0.226124,0.305500,0.151085,0.136598
0.349204,0.214295,0.190289,0.151085
0.324677,0.172445,0.240317,0.190289
0.324348,0.201271,0.292001,0.240317
0.335834,0.191548,0.290949,0.292001
0.245424,0.279869,0.238290,0.290949
0.412603,0.294313,0.140931,0.238290
0.568460,0.346393,0.149996,0.140931
0.339868,0.362019,0.264595,0.149996
0.116018,0.336871,0.407336,0.264595
0.030100,0.488057,0.530718,0.407336
0.107849,0.466010,0.667847,0.530718
0.184259,0.589765,0.781513,0.667847
0.383710,0.808565,0.898770,0.781513
0.660695,0.761022,1.037617,0.898770
0.873074,0.830217,1.145705,1.037617
0.997663,1.005484,1.240535,1.145705
1.124539,0.876607,1.331242,1.240535
0.914326,0.851028,1.392199,1.331242
0.784140,1.004884,1.443994,1.392199
0.904146,0.835852,1.494418,1.443994
0.710353,1.023263,1.529423,1.494418
0.856408,0.967927,1.563521,1.529423
0.870474,0.854096,1.586697,1.563521
0.712124,1.009219,1.596800,1.586697
0.905500,0.839035,1.595803,1.596800
0.743650,0.863137,1.586071,1.595803
0.767345,1.001607,1.572756,1.586071
0.966968,0.842042,1.559133,1.572756
0.768151,0.868946,1.552147,1.559133
0.767147,1.023264,1.549758,1.552147
0.967077,0.853998,1.551712,1.549758
0.775750,0.904897,1.555524,1.551712
0.911910,1.008397,1.559828,1.555524
0.958335,0.858748,1.563967,1.559828
0.766926,0.851285,1.566160,1.563967
0.813096,1.018338,1.567341,1.566160
0.958359,0.854409,1.567744,1.567341
0.764471,0.885549,1.567756,1.567744
0.764389,0.972134,1.567921,1.567756
0.941844,0.829166,1.568501,1.567921
0.744967,0.860883,1.569324,1.568501
0.745435,1.012548,1.570447,1.569324
0.929733,0.833376,1.571966,1.570447
0.745076,1.008710,1.573295,1.571966
0.927949,0.970598,1.574939,1.573295
0.924960,0.828255,1.576635,1.574939
0.736470,0.974051,1.578010,1.576635
0.915312,0.823751,1.579789,1.578010
0.725631,0.816854,1.581514,1.579789
0.870186,0.980244,1.583720,1.581514
0.782680,0.823917,1.586789,1.583720
0.877074,0.837676,1.589600,1.586789
0.820291,0.978292,1.592468,1.589600
1.002464,0.834649,1.599291,1.592468
0.944698,0.800817,1.606348,1.599291
0.811109,0.848480,1.612450,1.606348
0.852541,0.683711,1.619004,1.612450
0.594485,0.598721,1.624945,1.619004
0.538777,0.685131,1.632160,1.624945
0.591101,0.514382,1.642419,1.632160
0.428222,0.484393,1.652526,1.642419
0.393040,0.492107,1.664233,1.652526
0.437947,0.405502,1.679463,1.664233
0.336245,0.349429,1.693391,1.679463
0.375509,0.353782,1.708709,1.693391
0.307366,0.298211,1.727602,1.708709
0.299274,0.284711,1.744978,1.727602
0.233142,0.299821,1.769649,1.744978
0.288891,0.229464,1.814716,1.769649
0.273002,0.241642,1.869265,1.814716
0.228827,0.271381,1.938453,1.869265
0.226385,0.242524,2.028184,1.938453
0.314160,0.260278,2.104121,2.028184
0.382686,0.354346,2.190784,2.104121
0.692884,0.282598,2.310214,2.190784
0.546679,0.309398,2.423122,2.310214
0.395221,0.382038,2.548676,2.423122
0.322558,0.332142,2.697471,2.548676
0.354006,0.381429,2.816358,2.697471
0.565742,0.483454,2.922711,2.816358
0.576941,0.503572,3.017366,2.922711
0.752456,0.589433,3.070235,3.017366
0.824255,0.755743,3.103935,3.070235
0.992314,0.682380,3.127000,3.103935
0.872992,0.725687,3.138829,3.127000
1.020932,0.863064,3.136495,3.138829
1.162860,0.680319,3.130157,3.136495
0.843048,0.733969,3.131330,3.130157
0.774856,0.883039,3.137940,3.131330
0.902110,0.677703,3.136455,3.137940
0.715039,0.713098,3.129908,3.136455
0.721638,0.848744,3.126390,3.129908
0.918493,0.841525,3.126475,3.126390
0.942445,0.860168,3.129444,3.126475
0.954287,0.691717,3.133237,3.129444
0.762983,0.743264,3.136004,3.133237
0.766750,0.835769,3.137937,3.136004
0.978170,0.716136,3.138768,3.137937
0.780076,0.744783,3.138557,3.138768
0.937523,0.876442,3.138109,3.138557
0.848567,0.729540,3.137691,3.138109
0.953150,0.765009,3.137544,3.137691
0.848161,0.878460,3.137686,3.137544
0.949211,0.744196,3.138210,3.137686
0.855071,0.752704,3.138967,3.138210
0.798381,0.881695,3.139878,3.138967
0.992387,0.790723,3.140949,3.139878
0.812687,0.769386,3.141718,3.140949
0.814367,0.862349,3.142334,3.141718
1.011957,0.725559,3.141806,3.142334
0.815988,0.761538,3.141545,3.141806
0.827905,0.873438,3.141393,3.141545
1.040998,0.768827,3.141138,3.141393
0.835419,0.806232,3.140614,3.141138
0.978228,0.905065,3.139714,3.140614
0.822525,0.756627,3.138291,3.139714
0.963290,0.782722,3.136957,3.138291
0.883084,0.918204,3.135690,3.136957
0.990592,0.753696,3.134386,3.135690
0.887315,0.766327,3.133484,3.134386
0.834181,0.907672,3.132886,3.133484
1.044250,0.727861,3.132376,3.132886
0.837019,0.780798,3.131809,3.132376
0.832411,0.899839,3.130813,3.131809
1.028447,0.903988,3.128655,3.130813
1.087009,0.933553,3.124746,3.128655
1.198908,0.744788,3.120931,3.124746
0.955268,0.722307,3.117927,3.120931
0.877300,0.776742,3.114362,3.117927
0.972684,0.638990,3.109658,3.114362
0.720520,0.592390,3.105050,3.109658
0.656214,0.649004,3.099549,3.105050
0.732697,0.528568,3.092177,3.099549
0.555714,0.503234,3.085393,3.092177
0.611751,0.513908,3.077976,3.085393
0.611722,0.435578,3.068919,3.077976
0.465790,0.397770,3.060979,3.068919
0.469954,0.457356,3.052464,3.060979
0.500764,0.358219,3.042027,3.052464
0.371598,0.327257,3.032884,3.042027
0.359493,0.352169,3.023007,3.032884
0.419245,0.303906,3.011049,3.023007
0.312319,0.302821,3.000862,3.011049
0.294419,0.289797,2.990422,3.000862
0.344828,0.240757,2.979221,2.990422
0.258619,0.209663,2.974075,2.979221
0.246972,0.251432,2.974309,2.974075
0.291391,0.209237,2.978984,2.974309
0.215718,0.145256,2.984236,2.978984
0.223726,0.174605,2.989107,2.984236
0.202004,0.162030,2.992686,2.989107
0.134517,0.125605,2.993672,2.992686
0.134157,0.136086,2.993065,2.993672
0.143349,0.108953,2.991314,2.993065
0.108018,0.088472,2.989659,2.991314
0.110196,0.107311,2.988296,2.989659
0.127689,0.087961,2.987422,2.988296
0.105355,0.053186,2.987247,2.987422
0.088926,0.084458,2.987415,2.987247
0.075215,0.077664,2.987811,2.987415
0.051459,0.064040,2.988210,2.987811
0.044778,0.073922,2.988449,2.988210
0.031375,0.052220,2.988553,2.988449
0.028923,0.025738,2.988571,2.988553
0.044178,0.026135,2.988482,2.988571
0.035817,0.047738,2.988339,2.988482
0.044135,0.030607,2.988127,2.988339
0.040107,0.024394,2.987968,2.988127
0.039449,0.041767,2.987959,2.987968
0.033773,0.014386,2.988061,2.987959
0.034235,0.031708,2.988131,2.988061
0.029477,0.025132,2.988111,2.988131
0.033828,0.026150,2.988111,2.988111
0.027034,0.024054,2.988191,2.988111
0.020287,0.002823,2.987566,2.988191
0.026814,0.023170,2.987679,2.987566
0.000000,0.000000,0.000000,0.000000
0.000000,0.014785,2.047667,0.000000
0.000000,0.061102,2.037612,2.047667
0.030983,0.049831,2.015921,2.037612
0.032976,0.034663,2.025786,2.015921
0.023607,0.021047,2.040834,2.025786
0.000000,0.028416,2.030809,2.040834
0.000000,0.032853,2.025236,2.030809
0.000000,0.019925,2.024075,2.025236
0.000000,0.013862,2.023767,2.024075
0.000000,0.041649,2.024482,2.023767
0.033370,0.035004,2.013354,2.024482
0.034696,0.029229,2.012409,2.013354
0.030110,0.009556,2.012975,2.012409
0.039041,0.053188,2.014719,2.012975
0.053376,0.027932,2.016197,2.014719
0.053088,0.040363,2.017982,2.016197
0.074019,0.040156,2.019629,2.017982
0.068246,0.058577,2.020313,2.019629
0.082489,0.046197,2.020939,2.020313
0.119505,0.037980,2.021840,2.020939
0.090922,0.035007,2.022760,2.021840
0.084501,0.046878,2.023397,2.022760
0.095498,0.014966,2.023904,2.023397
0.071219,0.022750,2.024223,2.023904
0.072843,0.054963,2.023994,2.024223
0.052297,0.021378,2.023303,2.023994
0.062648,0.052039,2.022031,2.023303
0.056445,0.016435,2.020124,2.022031
0.067439,0.035551,2.019025,2.020124
0.186435,0.042247,2.004037,2.019025
0.174663,0.055734,1.980912,2.004037
0.172551,0.136578,1.937416,1.980912
0.087890,0.171285,1.847990,1.937416
0.069489,0.327515,1.740759,1.847990
0.325161,0.451494,1.605377,1.740759
0.466586,0.451036,1.500398,1.605377
0.410918,0.660388,1.429131,1.500398
0.567282,0.599825,1.349404,1.429131
0.466828,0.667429,1.259283,1.349404
0.586114,0.875409,1.135992,1.259283
0.749022,0.770835,0.960111,1.135992
0.449357,0.846138,0.802706,0.960111
0.635417,0.984422,0.651401,0.802706
1.062851,0.795780,0.492800,0.651401
0.928184,0.818747,0.380452,0.492800
0.938874,0.922858,0.288350,0.380452
1.042288,0.987979,0.206361,0.288350
0.983116,0.900404,0.144320,0.206361
0.871913,0.797363,0.105976,0.144320
0.738877,0.773503,0.091495,0.105976
0.684912,0.950908,0.087692,0.091495
0.850311,0.779965,0.088209,0.087692
0.690237,0.804708,0.087726,0.088209
0.697874,0.977100,0.084253,0.087726
0.894113,0.816127,0.075591,0.084253
0.753836,0.831436,0.067058,0.075591
0.782179,1.013647,0.060608,0.067058
0.990058,0.829407,0.056637,0.060608
0.786853,0.813065,0.056202,0.056637
0.910437,0.944432,0.056869,0.056202
0.843101,0.824674,0.058272,0.056869
0.949645,0.871948,0.059169,0.058272
0.846172,0.955990,0.059834,0.059169
0.937727,0.798807,0.060532,0.059834
0.833548,0.814798,0.061029,0.060532
0.791775,0.994537,0.061145,0.061029
0.991341,0.824109,0.060997,0.061145
0.804742,0.821737,0.060798,0.060997
0.804052,0.965218,0.060331,0.060798
1.006524,0.843346,0.059685,0.060331
0.800568,0.835985,0.059494,0.059685
0.801757,1.003187,0.059649,0.059494
1.001009,0.812762,0.059579,0.059649
0.793083,0.832375,0.059279,0.059579
0.938028,1.020181,0.058876,0.059279
0.839102,0.827855,0.058002,0.058876
0.932822,0.821938,0.057402,0.058002
0.831196,0.985807,0.057070,0.057402
0.924045,0.812467,0.057734,0.057070
0.830950,0.822145,0.054556,0.057734
0.818165,0.969100,0.017870,0.054556
1.129998,0.830234,0.061989,0.017870
0.933536,0.799334,0.107821,0.061989
0.883884,0.869607,0.126468,0.107821
0.956144,0.661260,0.129432,0.126468
0.679605,0.766966,0.124353,0.129432
0.750210,0.674374,0.114263,0.124353
0.664096,0.557359,0.103604,0.114263
0.494211,0.548619,0.095552,0.103604
0.564474,0.425209,0.088180,0.095552
0.423499,0.412286,0.083842,0.088180
0.392638,0.464473,0.081013,0.083842
0.449257,0.368004,0.079344,0.081013
0.336752,0.332563,0.070599,0.079344
0.342217,0.384818,0.043684,0.070599
0.239587,0.274765,0.051450,0.043684
0.258907,0.309768,0.108954,0.051450
0.413590,0.333015,0.192665,0.108954
0.490347,0.228262,0.285223,0.192665
0.353276,0.243389,0.317269,0.285223
0.349827,0.264915,0.297468,0.317269
0.396761,0.274811,0.264505,0.297468
0.381425,0.310974,0.309053,0.264505
0.323739,0.369315,0.400384,0.309053
0.335752,0.341397,0.539318,0.400384
0.314183,0.435707,0.665831,0.539318
0.380803,0.576333,0.793342,0.665831
0.647496,0.740836,0.944282,0.793342
0.814257,0.810572,1.089658,0.944282
1.018965,0.718900,1.212952,1.089658
0.902466,0.800942,1.295706,1.212952
1.081369,0.970184,1.363683,1.295706
0.983823,0.771055,1.428245,1.363683
1.004297,0.799022,1.472152,1.428245
0.782377,0.903731,1.509544,1.472152
0.812964,0.769907,1.545225,1.509544
0.640966,0.812582,1.568248,1.545225
0.626856,0.907758,1.584579,1.568248
0.833913,0.757743,1.592744,1.584579
0.703993,0.788143,1.589417,1.592744
0.733603,0.949664,1.578770,1.589417
0.946595,0.795252,1.563631,1.578770
0.772513,0.835369,1.553245,1.563631
0.788629,0.991549,1.546949,1.553245
0.990888,0.829429,1.545367,1.546949
0.800019,0.828078,1.547534,1.545367
0.950421,0.952436,1.551309,1.547534
0.859817,0.812881,1.555482,1.551309
0.961065,0.867966,1.557799,1.555482
0.853357,0.975016,1.558784,1.557799
0.943459,0.853452,1.558711,1.558784
0.853944,0.829817,1.558085,1.558711
0.802061,0.964726,1.557322,1.558085
1.007616,0.821738,1.556644,1.557322
0.813473,0.832012,1.556417,1.556644
0.810390,0.995093,1.556550,1.556417
0.979070,0.815971,1.556891,1.556550
0.796096,1.000865,1.557156,1.556891
0.982792,0.972497,1.557593,1.557156
0.977525,0.845149,1.558241,1.557593
0.770208,1.010666,1.558992,1.558241
0.982304,0.817348,1.560031,1.558992
0.797428,0.833928,1.560820,1.560031
0.795866,0.967780,1.561371,1.560820
0.997496,0.810440,1.561627,1.561371
0.796254,0.844117,1.561695,1.561627
0.943609,0.998157,1.561558,1.561695
1.001029,0.823101,1.561266,1.561558
0.806625,0.858692,1.560561,1.561266
0.896151,0.974821,1.559326,1.560561
1.164750,0.806149,1.560759,1.559326
0.935780,0.787959,1.562659,1.560759
0.842080,0.850157,1.563266,1.562659
0.920144,0.667444,1.563078,1.563266
0.659036,0.640974,1.563000,1.563078
0.594622,0.687357,1.563484,1.563000
0.670553,0.529934,1.565014,1.563484
0.501720,0.520196,1.566843,1.565014
0.455910,0.534211,1.568990,1.566843
0.513704,0.426878,1.571288,1.568990
0.391249,0.372693,1.572781,1.571288
0.437891,0.431400,1.573979,1.572781
0.429587,0.336746,1.574660,1.573979
0.294045,0.320551,1.574797,1.574660
0.225608,0.356442,1.574752,1.574797
0.404112,0.288576,1.567783,1.574752
0.403949,0.260141,1.554029,1.567783
0.402352,0.279385,1.529186,1.554029
0.424234,0.226810,1.472531,1.529186
0.284801,0.269233,1.409737,1.472531
0.224720,0.332349,1.332619,1.409737
0.325274,0.316913,1.234090,1.332619
0.167406,0.327818,1.149376,1.234090
0.091855,0.469374,1.061642,1.149376
0.142599,0.421678,0.940506,1.061642
0.207836,0.542149,0.821075,0.940506
0.500360,0.721657,0.688078,0.821075
0.853405,0.639113,0.523306,0.688078
0.770379,0.742826,0.397342,0.523306
0.921470,0.943877,0.287651,0.397342
1.189271,0.795587,0.188948,0.287651
0.928958,0.796252,0.133468,0.188948
0.843817,0.932585,0.091192,0.133468
0.923838,0.815050,0.062779,0.091192
0.695725,0.791512,0.061489,0.062779
0.683455,0.911965,0.071300,0.061489
0.846404,0.781232,0.079666,0.071300
0.691002,0.777996,0.081086,0.079666
0.724937,0.939317,0.079039,0.081086
0.944942,0.787696,0.076268,0.079039
0.782227,0.821067,0.075775,0.076268
0.937258,0.941536,0.076386,0.075775
0.993242,0.815859,0.076409,0.076386
0.800718,0.839794,0.074838,0.076409
0.855116,0.963588,0.072654,0.074838
1.005875,0.833680,0.069466,0.072654
0.795914,0.841133,0.066869,0.069466
0.781592,0.960865,0.064611,0.066869
0.975542,0.816683,0.063102,0.064611
0.772512,0.847985,0.063170,0.063102
0.651106,0.961884,0.064020,0.063170
0.284328,0.862930,0.065263,0.064020
0.146876,0.828555,0.065859,0.065263
0.497296,0.980858,0.066249,0.065859
0.853495,0.808778,0.065595,0.066249
0.747450,0.839916,0.064797,0.065595
0.917240,0.985982,0.064111,0.064797
0.993739,0.807901,0.063562,0.064111
0.802801,0.848032,0.063354,0.063562
0.853776,0.979584,0.062845,0.063354
0.993215,0.834290,0.061740,0.062845
0.791006,0.854888,0.061189,0.061740
0.784793,0.978327,0.061051,0.061189
0.975759,0.822191,0.061005,0.061051
0.780671,0.859411,0.060768,0.061005
0.782030,0.975268,0.060634,0.060768
0.984928,0.827075,0.060449,0.060634
0.790105,0.855710,0.058392,0.060449
0.800182,0.975169,0.025823,0.058392
1.105076,0.840224,0.054910,0.025823
0.942603,0.857485,0.104755,0.054910
1.066990,0.975191,0.126589,0.104755
1.001810,0.745642,0.133189,0.126589
0.721451,0.884503,0.131272,0.133189
0.799351,0.775968,0.124350,0.131272
0.697285,0.609432,0.115973,0.124350
0.518325,0.637637,0.109143,0.115973
0.531607,0.490429,0.102090,0.109143
0.437866,0.449789,0.097453,0.102090
0.377058,0.482075,0.094784,0.097453
0.413423,0.380203,0.095398,0.094784
0.299967,0.347228,0.093528,0.095398
0.236172,0.359640,0.085955,0.093528
0.263343,0.273320,0.121978,0.085955
0.283510,0.355348,0.177590,0.121978
0.458354,0.233202,0.257887,0.177590
0.412793,0.241346,0.295028,0.257887
0.274978,0.253769,0.267929,0.295028
0.458960,0.250028,0.187115,0.267929
0.476031,0.280236,0.167320,0.187115
0.500482,0.366620,0.235364,0.167320
0.433289,0.326042,0.359398,0.235364
0.221730,0.423833,0.473768,0.359398
0.360121,0.567829,0.588071,0.473768
0.512765,0.564536,0.718230,0.588071
0.518328,0.675653,0.827009,0.718230
0.691076,0.865603,0.943576,0.827009
1.045786,0.765009,1.079511,0.943576
0.977582,0.860036,1.181358,1.079511
1.045178,1.017542,1.270785,1.181358
1.201729,0.810270,1.356941,1.270785
0.876882,0.849823,1.415917,1.356941
0.828380,1.000825,1.466085,1.415917
0.964261,0.804366,1.513219,1.466085
0.727070,0.818058,1.544200,1.513219
0.715320,0.988586,1.568264,1.544200
0.898611,0.821586,1.586528,1.568264
0.729685,0.856969,1.592743,1.586528
0.885325,0.995521,1.589758,1.592743
0.937035,0.828133,1.577240,1.589758
0.749287,1.006949,1.564676,1.577240
0.936923,1.008234,1.552601,1.564676
0.929803,0.904037,1.547349,1.552601
0.809138,1.015228,1.547684,1.547349
0.911137,0.869906,1.551731,1.547684
0.816669,0.886250,1.556345,1.551731
0.775677,1.022797,1.560820,1.556345
0.963323,0.866659,1.564431,1.560820
0.774217,0.868920,1.565882,1.564431
0.767761,1.023158,1.566223,1.565882
0.969078,0.857354,1.565855,1.566223
0.766600,0.858409,1.565607,1.565855
0.757539,0.993795,1.565934,1.565607
0.934670,0.840791,1.567191,1.565934
0.745343,0.863605,1.568853,1.567191
0.885501,1.013557,1.570933,1.568853
0.791152,0.834193,1.573569,1.570933
0.879259,0.869216,1.575804,1.573569
0.786192,0.990346,1.578008,1.575804
0.879479,0.808575,1.580289,1.578008
0.790035,0.848003,1.582139,1.580289
0.742807,0.984370,1.583995,1.582139
0.929024,0.806278,1.586293,1.583995
0.735229,0.833930,1.588464,1.586293
0.738150,1.007939,1.591152,1.588464
0.918342,0.818450,1.594416,1.591152
0.774741,0.840771,1.597746,1.594416
0.834047,0.961977,1.604149,1.597746
1.088101,0.749251,1.612787,1.604149
0.810920,0.718664,1.618842,1.612787
0.843866,0.800633,1.624954,1.618842
0.651772,0.599458,1.633022,1.624954
0.662243,0.599544,1.641005,1.633022
0.520092,0.597733,1.650548,1.641005
0.514386,0.454472,1.663865,1.650548
0.403962,0.450270,1.676920,1.663865
0.344382,0.448363,1.691778,1.676920
0.376491,0.345789,1.710713,1.691778
0.276504,0.345275,1.727878,1.710713
0.259597,0.358053,1.746378,1.727878
0.235007,0.284874,1.769433,1.746378
0.231721,0.296747,1.786129,1.769433
0.426600,0.264664,1.794899,1.786129
0.438124,0.199905,1.785405,1.794899
0.281768,0.188118,1.755813,1.785405
0.298989,0.271713,1.704746,1.755813
0.457692,0.322122,1.634888,1.704746
0.583602,0.266490,1.551530,1.634888
0.389116,0.338204,1.474070,1.551530
0.325118,0.411100,1.380833,1.474070
0.320942,0.441425,1.281953,1.380833
0.360058,0.632766,1.179187,1.281953
0.657018,0.768905,1.029874,1.179187
0.998162,0.909747,0.847362,1.029874
1.161991,0.823213,0.663617,0.847362
1.033237,0.871336,0.523531,0.663617
1.125064,1.021437,0.405738,0.523531
1.299312,0.845646,0.297012,0.405738
0.933184,0.862360,0.223852,0.297012
0.994200,0.976368,0.163937,0.223852
0.800209,0.817902,0.113230,0.163937
0.842179,0.869312,0.087817,0.113230
0.751175,0.971136,0.077840,0.087817
0.829964,0.804430,0.079485,0.077840
0.762635,0.846326,0.083288,0.079485
0.724566,1.002214,0.084129,0.083288
0.926836,0.846390,0.079054,0.084129
0.758964,0.883614,0.072137,0.079054
0.764314,1.002817,0.066359,0.072137
0.973343,0.866078,0.063068,0.066359
0.778515,0.880767,0.061110,0.063068
0.777154,1.034799,0.058017,0.061110
0.972767,0.892039,0.052910,0.058017
0.773646,1.072226,0.048308,0.052910
0.955495,1.045945,0.043630,0.048308
0.949818,0.895348,0.040702,0.043630
0.756841,1.066721,0.039409,0.040702
0.935017,0.874088,0.038863,0.039409
0.748335,0.863512,0.038912,0.038863
0.878692,0.994961,0.038862,0.038912
0.923676,0.831660,0.038784,0.038862
0.734835,0.864911,0.039163,0.038784
0.781417,1.014530,0.040211,0.039163
0.911284,0.816590,0.041669,0.040211
0.727419,0.828263,0.042398,0.041669
0.725200,0.993137,0.042866,0.042398
0.903464,0.822879,0.043113,0.042866
0.720000,0.861665,0.043419,0.043113
0.719433,0.995600,0.044033,0.043419
0.901998,0.807276,0.044886,0.044033
0.721423,0.843407,0.045898,0.044886
0.723112,0.988505,0.047166,0.045898
0.903659,0.849238,0.031990,0.047166
0.760408,0.832949,0.029216,0.031990
0.993519,0.913436,0.093602,0.029216
1.053848,0.765431,0.135875,0.093602
0.753343,0.694272,0.146435,0.135875
0.685844,0.782166,0.145787,0.146435
0.663218,0.603170,0.138152,0.145787
0.465143,0.524962,0.129808,0.138152
0.424373,0.598511,0.122115,0.129808
0.469461,0.442662,0.116857,0.122115
0.347950,0.436369,0.116319,0.116857
0.325753,0.410525,0.119447,0.116319
0.356376,0.330778,0.127131,0.119447
0.269267,0.315098,0.136111,0.127131
0.254019,0.283145,0.144008,0.136111
0.285609,0.220586,0.167480,0.144008
0.264183,0.241367,0.208512,0.167480
0.356881,0.246338,0.263596,0.208512
0.363939,0.160471,0.303500,0.263596
0.227632,0.184601,0.280957,0.303500
0.299596,0.285211,0.211952,0.280957
0.577782,0.281703,0.119080,0.211952
0.460586,0.272593,0.146355,0.119080
0.315858,0.372446,0.242667,0.146355
0.137511,0.317842,0.385426,0.242667
0.032109,0.365686,0.508291,0.385426
0.071652,0.544943,0.630536,0.508291
0.219977,0.570340,0.769168,0.630536
0.285833,0.645295,0.885655,0.769168
0.515009,0.863774,1.006495,0.885655
0.929393,0.808239,1.139892,1.006495
0.891481,1.054310,1.234644,1.139892
1.187621,1.013273,1.328478,1.234644
1.137277,0.884818,1.400789,1.328478
0.806946,1.006966,1.450355,1.400789
0.969614,0.825620,1.497811,1.450355
0.749251,0.854029,1.531168,1.497811
0.855241,0.976500,1.559580,1.531168
0.814671,0.817202,1.584146,1.559580
0.687905,0.833629,1.595708,1.584146
0.753900,0.990957,1.598070,1.595708
0.906022,0.844693,1.589764,1.598070
0.746458,0.864788,1.577931,1.589764
0.746394,1.027438,1.565951,1.577931
0.957589,0.857156,1.556293,1.565951
0.772605,0.865687,1.553012,1.556293
0.779565,1.044301,1.553460,1.553012
0.968123,0.854744,1.556913,1.553460
0.773343,0.855228,1.560517,1.556913
0.766425,1.021016,1.563760,1.560517
0.954931,0.855583,1.566325,1.563760
0.765329,0.860718,1.567407,1.566325
0.906572,1.018134,1.567794,1.567407
0.957257,0.823540,1.567788,1.567794
0.754438,0.866467,1.567845,1.567788
0.800167,0.976940,1.568128,1.567845
0.930037,0.831591,1.568810,1.568128
0.741822,0.846388,1.569649,1.568810
0.743047,0.986967,1.570717,1.569649
0.933450,1.024709,1.572202,1.570717
0.927323,1.012501,1.573802,1.572202
0.925764,0.799186,1.575397,1.573802
0.742845,0.845181,1.576675,1.575397
0.743110,0.974487,1.577937,1.576675
0.924109,0.849072,1.579500,1.577937
0.743373,0.834812,1.581048,1.579500
0.744349,0.969049,1.582930,1.581048
0.919756,0.829311,1.585683,1.582930
0.734600,0.839895,1.588341,1.585683
0.963510,0.958877,1.593434,1.588341
0.933492,0.756943,1.602737,1.593434
0.979571,0.737705,1.609625,1.602737
0.772485,0.817264,1.615577,1.609625
0.741099,0.602626,1.622301,1.615577
0.578918,0.584718,1.628785,1.622301
0.478459,0.616911,1.636743,1.628785
0.523998,0.486677,1.647936,1.636743
0.390893,0.425699,1.658847,1.647936
0.369762,0.479831,1.671414,1.658847
0.433586,0.365165,1.687849,1.671414
0.324459,0.364423,1.703114,1.687849
0.310048,0.373811,1.720567,1.703114
0.363445,0.299026,1.742423,1.720567
0.220408,0.245732,1.766067,1.742423
0.257645,0.265215,1.800422,1.766067
0.274452,0.237215,1.858479,1.800422
0.313034,0.228566,1.922722,1.858479
0.262143,0.288611,1.998249,1.922722
0.254042,0.260860,2.090891,1.998249
0.400478,0.284606,2.172257,2.090891
0.548514,0.366656,2.268512,2.172257
0.922204,0.314755,2.398522,2.268512
0.578090,0.314820,2.518841,2.398522
0.418446,0.395637,2.646819,2.518841
0.309898,0.333360,2.792834,2.646819
0.305909,0.491845,2.901797,2.792834
0.585318,0.585128,3.005470,2.901797
0.784795,0.585281,3.072079,3.005470
0.710009,0.716413,3.105600,3.072079
1.012478,0.708734,3.127971,3.105600
0.876320,0.727867,3.139546,3.127971
0.932685,0.894894,3.136199,3.139546
1.171300,0.723000,3.130286,3.136199
0.853473,0.707868,3.131505,3.130286
0.929575,0.814069,3.137932,3.131505
0.913573,0.868036,3.137037,3.137932
0.891156,0.801709,3.129874,3.137037
0.759648,0.705416,3.127262,3.129874
0.863883,0.681845,3.128132,3.127262
0.783024,0.848430,3.130907,3.128132
0.899862,0.709674,3.134843,3.130907
0.817173,0.742043,3.137741,3.134843
0.783533,0.877000,3.139698,3.137741
0.992669,0.729672,3.140641,3.139698
0.790738,0.741627,3.140524,3.140641
0.794067,0.891283,3.139925,3.140524
0.996903,0.729366,3.139063,3.139925
0.810345,0.729408,3.138538,3.139063
0.797089,0.887073,3.138233,3.138538
0.991892,0.711624,3.138412,3.138233
0.812078,0.751276,3.138915,3.138412
0.983535,0.920618,3.139582,3.138915
0.875541,0.778568,3.140416,3.139582
0.960660,0.752088,3.140958,3.140416
0.876062,0.893166,3.141240,3.140958
0.984262,0.737575,3.141335,3.141240
0.880052,0.728043,3.141523,3.141335
0.824849,0.917151,3.141831,3.141523
1.039446,0.781568,3.142272,3.141831
0.832388,0.785261,3.141451,3.142272
0.824638,0.884385,3.140251,3.141451
1.063285,0.764709,3.138750,3.140251
0.847950,0.785900,3.137554,3.138750
0.855649,0.917528,3.136447,3.137554
1.060270,0.747406,3.135141,3.136447
0.838978,0.784473,3.134050,3.135141
0.987625,0.914280,3.132847,3.134050
0.885459,0.768724,3.131295,3.132847
0.986722,0.923621,3.129742,3.131295
1.047330,0.864318,3.127276,3.129742
0.884000,0.758805,3.123950,3.127276
1.017147,0.876634,3.120343,3.123950
1.140359,0.747958,3.117317,3.120343
0.928150,0.708590,3.115703,3.117317
0.907849,0.780701,3.114222,3.115703
0.938742,0.632850,3.112035,3.114222
0.691973,0.595902,3.109133,3.112035
0.635811,0.667054,3.104587,3.109133
0.749702,0.525467,3.096907,3.104587
0.563575,0.479472,3.088785,3.096907
0.536510,0.581803,3.079232,3.088785
0.624867,0.445602,3.067214,3.079232
0.474318,0.403501,3.056819,3.067214
0.451656,0.413805,3.046321,3.056819
0.537318,0.362582,3.034490,3.046321
0.405936,0.318012,3.025169,3.034490
0.445502,0.350998,3.016201,3.025169
0.430663,0.292864,3.006377,3.016201
0.320447,0.293669,2.998633,3.006377
0.319141,0.282839,2.990744,2.998633
0.350934,0.246514,2.981650,2.990744
0.267512,0.208388,2.977049,2.981650
0.254821,0.263846,2.976980,2.977049
0.299277,0.213200,2.980575,2.976980
0.223121,0.173334,2.984843,2.980575
0.209433,0.184153,2.988957,2.984843
0.236643,0.141013,2.992049,2.988957
0.150103,0.156860,2.992930,2.992049
0.127630,0.137207,2.992426,2.992930
0.130026,0.087813,2.990916,2.992426
0.094880,0.075207,2.989531,2.990916
0.098184,0.131206,2.988344,2.989531
0.080377,0.087443,2.987591,2.988344
0.060723,0.061120,2.987380,2.987591
0.061808,0.102530,2.987527,2.987380
0.073909,0.065717,2.987884,2.987527
0.057847,0.009684,2.988224,2.987884
0.048029,0.075438,2.988443,2.988224
0.059012,0.057666,2.988522,2.988443
0.047796,0.016368,2.988395,2.988522
0.038556,0.043774,2.988256,2.988395
0.046445,0.058049,2.988190,2.988256
0.034084,0.026975,2.988162,2.988190
0.032446,0.065354,2.988143,2.988162
0.029890,0.033611,2.988171,2.988143
0.024649,0.030889,2.988138,2.988171
0.035162,0.009668,2.988050,2.988138
0.036486,0.022558,2.987966,2.988050
0.031916,0.015307,2.987973,2.987966
0.031196,0.012189,2.987964,2.987973
0.020050,0.011900,2.988034,2.987964
0.020008,0.016327,2.987837,2.988034
0.000000,0.016168,2.987591,2.987837
0.000000,0.033674,2.987683,2.987591
0.000000,0.026077,2.987786,2.987683
0.018916,0.018457,2.987901,2.987786
0.028310,0.026681,2.987956,2.987901
0.000000,0.000000,0.000000,0.000000
0.000000,0.025812,2.044536,0.000000
0.020989,0.024072,2.032332,2.044536
0.033844,0.048392,2.018361,2.032332
0.026005,0.036501,2.014310,2.018361
0.020063,0.028604,2.003946,2.014310
0.000000,0.050246,2.000375,2.003946
0.019396,0.031490,2.026522,2.000375
0.000000,0.047883,2.024566,2.026522
0.000000,0.043828,2.022280,2.024566
0.000000,0.022837,2.021207,2.022280
0.000000,0.035310,2.020760,2.021207
0.000000,0.029677,2.020536,2.020760
0.000000,0.014414,2.020749,2.020536
0.027317,0.017221,2.011023,2.020749
0.025789,0.031576,2.008483,2.011023
0.029777,0.020311,2.006764,2.008483
0.038574,0.013333,2.006694,2.006764
0.028678,0.012212,2.006952,2.006694
0.042850,0.041852,2.009083,2.006952
0.062221,0.030596,2.012192,2.009083
0.061875,0.037481,2.015391,2.012192
0.057536,0.043625,2.016884,2.015391
0.063794,0.048713,2.016556,2.016884
0.073959,0.033229,2.015685,2.016556
0.065551,0.042626,2.017219,2.015685
0.068175,0.036639,2.019568,2.017219
0.067682,0.038521,2.020437,2.019568
0.057113,0.051945,2.019755,2.020437
0.065176,0.052137,2.018420,2.019755
0.074693,0.040364,2.017375,2.018420
0.069738,0.025853,2.017027,2.017375
0.079493,0.044287,2.016337,2.017027
0.090663,0.024385,2.015178,2.016337
0.090308,0.026654,2.013695,2.015178
0.066419,0.018011,2.012014,2.013695
0.187260,0.011690,1.993457,2.012014
0.179337,0.042567,1.969394,1.993457
0.128358,0.123183,1.925874,1.969394
0.000000,0.185566,1.834945,1.925874
0.144776,0.268959,1.726110,1.834945
0.289492,0.410780,1.612725,1.726110
0.451801,0.467565,1.504534,1.612725
0.390555,0.530073,1.430062,1.504534
0.476909,0.720462,1.359346,1.430062
0.565090,0.694597,1.253661,1.359346
0.485499,0.723149,1.134563,1.253661
0.694611,0.927959,0.986771,1.134563
0.556525,0.801876,0.798610,0.986771
0.573343,0.844073,0.650977,0.798610
0.960998,0.993717,0.516589,0.650977
1.182778,0.977528,0.383983,0.516589
1.079807,0.927608,0.277127,0.383983
0.960639,0.774307,0.198929,0.277127
0.799756,0.783148,0.150058,0.198929
0.712113,0.938802,0.115995,0.150058
0.853224,0.809118,0.095596,0.115995
0.670706,0.779082,0.090304,0.095596
0.672145,0.958939,0.089202,0.090304
0.867675,0.822345,0.088012,0.089202
0.699636,0.804291,0.084670,0.088012
0.703707,0.946346,0.077624,0.084670
0.937078,0.825717,0.067980,0.077624
0.781292,0.820449,0.062191,0.067980
0.951438,1.002129,0.058960,0.062191
0.850369,0.803550,0.058456,0.058960
0.953345,0.823406,0.058881,0.058456
0.855696,1.007155,0.059380,0.058881
0.955263,0.853588,0.059454,0.059380
0.860785,0.810710,0.058795,0.059454
0.808233,0.954715,0.057413,0.058795
1.003924,0.832402,0.055792,0.057413
0.811383,0.875532,0.054777,0.055792
0.812732,1.004339,0.054137,0.054777
1.005147,0.811969,0.053932,0.054137
0.800208,0.785393,0.054084,0.053932
0.794024,0.976817,0.054880,0.054084
0.994847,0.826206,0.056724,0.054880
0.786634,0.815768,0.058160,0.056724
0.936255,0.961670,0.059533,0.058160
0.839565,0.836997,0.060651,0.059533
0.935790,0.856226,0.061231,0.060651
0.829530,0.982640,0.061685,0.061231
0.923969,0.789846,0.062275,0.061685
0.823784,0.845699,0.062811,0.062275
0.775512,0.989466,0.063352,0.062811
0.988169,0.841581,0.059977,0.063352
0.813245,0.845186,0.023705,0.059977
0.883233,0.960934,0.042954,0.023705
1.166943,0.770242,0.103444,0.042954
0.886976,0.760363,0.123540,0.103444
0.806954,0.796501,0.129235,0.123540
0.855994,0.736833,0.126442,0.129235
0.757020,0.732640,0.117939,0.126442
0.675389,0.532620,0.107746,0.117939
0.501251,0.488292,0.099695,0.107746
0.462713,0.540027,0.092724,0.099695
0.531802,0.400056,0.086117,0.092724
0.397213,0.400456,0.082070,0.086117
0.351453,0.430677,0.079748,0.082070
0.146953,0.325283,0.069784,0.079748
0.164285,0.304368,0.044313,0.069784
0.154916,0.308577,0.049910,0.044313
0.327646,0.318672,0.100949,0.049910
0.383842,0.284712,0.179803,0.100949
0.402508,0.285322,0.261293,0.179803
0.455855,0.231631,0.311349,0.261293
0.309809,0.234066,0.297271,0.311349
0.278438,0.321023,0.263375,0.297271
0.378736,0.312936,0.302691,0.263375
0.296529,0.335298,0.383249,0.302691
0.248088,0.439162,0.495792,0.383249
0.291786,0.426723,0.637899,0.495792
0.330973,0.492825,0.756457,0.637899
0.558574,0.690512,0.880412,0.756457
0.831126,0.664409,1.022715,0.880412
0.767564,0.753747,1.134031,1.022715
0.940842,0.941132,1.232881,1.134031
1.130294,0.778256,1.325291,1.232881
0.895956,0.794181,1.387507,1.325291
0.787222,0.945347,1.440044,1.387507
0.841181,0.795492,1.489871,1.440044
0.669555,0.779341,1.524152,1.489871
0.667766,0.916790,1.553473,1.524152
0.827549,0.772795,1.578956,1.553473
0.674025,0.776554,1.591377,1.578956
0.695964,0.956431,1.594409,1.591377
0.917089,0.804943,1.585610,1.594409
0.758945,0.795103,1.572609,1.585610
0.909474,0.973460,1.559183,1.572609
0.983537,0.777621,1.548147,1.559183
0.789136,0.847562,1.544123,1.548147
0.844869,0.978091,1.544521,1.544123
1.001052,0.781069,1.548415,1.544521
0.807623,0.845732,1.552366,1.548415
0.801073,0.973526,1.555781,1.552366
0.999009,0.795183,1.557966,1.555781
0.805612,0.879561,1.558194,1.557966
0.810109,0.994921,1.557279,1.558194
1.008408,0.820151,1.555820,1.557279
0.803678,1.034697,1.554824,1.555820
1.010434,0.968678,1.554394,1.554824
1.009841,0.820999,1.554701,1.554394
0.803713,0.967956,1.555417,1.554701
1.000187,0.826705,1.556615,1.555417
0.789890,0.836578,1.557785,1.556615
0.924721,0.975564,1.558732,1.557785
0.829469,0.833175,1.559632,1.558732
0.900649,0.834732,1.560311,1.559632
0.823824,0.986897,1.560840,1.560311
0.933386,0.803606,1.561313,1.560840
0.711166,0.848186,1.561527,1.561313
0.745669,0.974135,1.561712,1.561527
0.982312,0.837496,1.562013,1.561712
0.786523,0.853512,1.562410,1.562013
0.792776,0.980861,1.562758,1.562410
1.052280,0.824090,1.562695,1.562758
0.906219,0.813609,1.564439,1.562695
0.953112,0.935374,1.567109,1.564439
0.862189,0.717335,1.568445,1.567109
0.463396,0.707503,1.568496,1.568445
0.671452,0.731520,1.568254,1.568496
0.605437,0.592624,1.568160,1.568254
0.636529,0.562071,1.568392,1.568160
0.526702,0.597034,1.568939,1.568392
0.536537,0.458306,1.569978,1.568939
0.441547,0.516933,1.571330,1.569978
0.478756,0.459848,1.573848,1.571330
0.434913,0.367942,1.577722,1.573848
0.364141,0.380079,1.581969,1.577722
0.319099,0.309125,1.588401,1.581969
0.207302,0.319114,1.593781,1.588401
0.303446,0.329750,1.593208,1.593781
0.492649,0.265724,1.581262,1.593208
0.374542,0.242175,1.557921,1.581262
0.305544,0.272316,1.512290,1.557921
0.361281,0.210993,1.441786,1.512290
0.389878,0.278580,1.369444,1.441786
0.458092,0.348093,1.287882,1.369444
0.586493,0.326273,1.189422,1.287882
0.404675,0.371535,1.105011,1.189422
0.490246,0.528650,1.004444,1.105011
0.643841,0.496180,0.865868,1.004444
0.571507,0.599365,0.733549,0.865868
0.677880,0.798158,0.587985,0.733549
0.973271,0.728783,0.431206,0.587985
0.856052,0.779023,0.320832,0.431206
0.894036,0.906506,0.231062,0.320832
1.105978,0.798864,0.158357,0.231062
0.802733,0.804489,0.114406,0.158357
0.739860,0.950113,0.084986,0.114406
0.859774,0.781941,0.072928,0.084986
0.672150,0.784100,0.075649,0.072928
0.669692,0.920464,0.080697,0.075649
0.873967,0.769338,0.082670,0.080697
0.732349,0.788880,0.079331,0.082670
0.902035,0.953780,0.073959,0.079331
0.977853,0.814758,0.071093,0.073959
0.788245,0.822793,0.071401,0.071093
0.836769,0.973441,0.071845,0.071401
0.986214,0.831788,0.071039,0.071845
0.798035,0.843214,0.069286,0.071039
0.806931,0.961949,0.067385,0.069286
1.012884,0.770142,0.065716,0.067385
0.799922,0.850496,0.065226,0.065716
0.790852,0.970505,0.065168,0.065226
0.963632,0.860527,0.065241,0.065168
0.554640,0.847853,0.065402,0.065241
0.398691,0.956662,0.065438,0.065402
0.518854,0.824857,0.064784,0.065438
0.450190,0.888993,0.063673,0.064784
0.335426,0.960025,0.062145,0.063673
0.461657,0.841654,0.061076,0.062145
0.155716,0.870648,0.060901,0.061076
0.550820,0.996365,0.060756,0.060901
0.875502,0.834477,0.059891,0.060756
0.758447,0.853650,0.058658,0.059891
0.779727,0.923446,0.057537,0.058658
0.978629,0.820589,0.057153,0.057537
0.782509,0.842998,0.057877,0.057153
0.781305,0.993480,0.059200,0.057877
0.974455,0.818461,0.060779,0.059200
0.781778,0.856123,0.061774,0.060779
0.788400,0.968857,0.062394,0.061774
0.987561,0.825025,0.058696,0.062394
0.801305,0.841847,0.022973,0.058696
1.022540,1.009982,0.047214,0.022973
1.127388,0.857543,0.103084,0.047214
0.620856,0.823707,0.122680,0.103084
0.452426,0.890673,0.129205,0.122680
0.682208,0.881229,0.127682,0.129205
0.681471,0.774221,0.120505,0.127682
0.605926,0.568103,0.111626,0.120505
0.508246,0.557764,0.104838,0.111626
0.453531,0.573173,0.099449,0.104838
0.514719,0.449926,0.095659,0.099449
0.383876,0.398012,0.094514,0.095659
0.361542,0.466601,0.095540,0.094514
0.405990,0.331457,0.092496,0.095540
0.242134,0.311666,0.084225,0.092496
0.200101,0.319114,0.113137,0.084225
0.404766,0.296711,0.177971,0.113137
0.351352,0.206798,0.243622,0.177971
0.408860,0.259834,0.290006,0.243622
0.303379,0.242686,0.275161,0.290006
0.370065,0.269410,0.217371,0.275161
0.468451,0.323294,0.172067,0.217371
0.601728,0.290682,0.231489,0.172067
0.451058,0.371505,0.327430,0.231489
0.413948,0.471751,0.464598,0.327430
0.337594,0.486659,0.600357,0.464598
0.439063,0.658013,0.714962,0.600357
0.679548,0.662423,0.847572,0.714962
0.743624,0.730715,0.962756,0.847572
0.916692,0.940667,1.078679,0.962756
1.310632,0.840615,1.197554,1.078679
1.079641,0.861266,1.281394,1.197554
0.999145,0.978782,1.353638,1.281394
1.068349,0.816001,1.422315,1.353638
0.771741,0.840176,1.469430,1.422315
0.725035,0.975372,1.509679,1.469430
0.854430,0.806944,1.547097,1.509679
0.659982,0.822620,1.570500,1.547097
0.823116,0.982642,1.586459,1.570500
0.916743,0.825375,1.593799,1.586459
0.749371,0.864718,1.590219,1.593799
0.802310,1.019155,1.579847,1.590219
0.942864,0.856060,1.565439,1.579847
0.758884,0.862422,1.555800,1.565439
0.757272,1.045734,1.550231,1.555800
0.958470,0.862700,1.549269,1.550231
0.774006,0.881123,1.551768,1.549269
0.795531,1.021412,1.555827,1.551768
0.982566,0.848444,1.560575,1.555827
0.772000,0.873156,1.563498,1.560575
0.765984,1.039070,1.565416,1.563498
0.957971,0.876871,1.566609,1.565416
0.764335,0.874914,1.567226,1.566609
0.904557,1.003020,1.567785,1.567226
0.947430,0.853377,1.568674,1.567785
0.756961,0.857996,1.569787,1.568674
0.805773,1.005506,1.571215,1.569787
0.940627,1.002540,1.572990,1.571215
0.943069,1.015595,1.575011,1.572990
0.887378,0.839586,1.577099,1.575011
0.787031,0.850135,1.578800,1.577099
0.734286,0.981662,1.580484,1.578800
0.930420,0.817609,1.582378,1.580484
0.730914,0.850710,1.583949,1.582378
0.731745,0.980805,1.585639,1.583949
0.921849,0.794258,1.587835,1.585639
0.746566,0.845164,1.589981,1.587835
0.743789,0.995070,1.592254,1.589981
0.991992,0.816514,1.595789,1.592254
0.874733,0.813629,1.601996,1.595789
1.059480,0.847066,1.609171,1.601996
0.871798,0.706087,1.616592,1.609171
0.855187,0.688538,1.622177,1.616592
0.659669,0.726145,1.628025,1.622177
0.620679,0.563263,1.635821,1.628025
0.477296,0.525028,1.643430,1.635821
0.413404,0.516329,1.652443,1.643430
0.452941,0.410107,1.664957,1.652443
0.330164,0.410354,1.677316,1.664957
0.309637,0.437551,1.692035,1.677316
0.339412,0.345001,1.712141,1.692035
0.255912,0.322122,1.731047,1.712141
0.224389,0.348992,1.751982,1.731047
0.301164,0.302961,1.775252,1.751982
0.462651,0.258708,1.787185,1.775252
0.469288,0.219178,1.781508,1.787185
0.313054,0.186452,1.756999,1.781508
0.248597,0.231288,1.716424,1.756999
0.342286,0.233787,1.654048,1.716424
0.398021,0.277494,1.589594,1.654048
0.462834,0.332603,1.514754,1.589594
0.378884,0.322702,1.424710,1.514754
0.269488,0.425150,1.348991,1.424710
0.328349,0.550578,1.257103,1.348991
0.527524,0.556378,1.127869,1.257103
0.653327,0.682763,0.992638,1.127869
0.831138,0.916672,0.838484,0.992638
1.185198,0.752286,0.656990,0.838484
1.060309,0.887417,0.519127,0.656990
1.145775,1.018829,0.403465,0.519127
1.288516,0.850363,0.295578,0.403465
0.886426,0.846883,0.223096,0.295578
0.758431,0.989482,0.164250,0.223096
0.799693,0.848848,0.115323,0.164250
0.619253,0.834951,0.091640,0.115323
0.749893,0.966794,0.083069,0.091640
0.836823,0.837785,0.084774,0.083069
0.699591,0.857773,0.086263,0.084774
0.777042,1.038667,0.084123,0.086263
0.931989,0.862721,0.076574,0.084123
0.774470,0.869470,0.067799,0.076574
0.786213,1.044795,0.060089,0.067799
1.004566,0.876448,0.054130,0.060089
0.802342,0.906530,0.050372,0.054130
0.796775,1.013523,0.046528,0.050372
0.978848,0.886042,0.042091,0.046528
0.766381,0.878759,0.039309,0.042091
0.761699,1.052764,0.038060,0.039309
0.936114,0.849963,0.037988,0.038060
0.739447,0.850358,0.038679,0.037988
0.878265,0.983471,0.039598,0.038679
0.809629,0.859959,0.040851,0.039598
0.684434,0.871700,0.041772,0.040851
0.756571,1.014205,0.043081,0.041772
0.892728,0.850452,0.044399,0.043081
0.722283,0.824385,0.045048,0.044399
0.726421,1.010548,0.045269,0.045048
0.906170,0.825816,0.044923,0.045269
0.718548,0.849524,0.044445,0.044923
0.517110,1.000399,0.044187,0.044445
0.377264,0.818427,0.045667,0.044187
0.404591,0.837839,0.048579,0.045667
0.581660,0.985237,0.051525,0.048579
0.834076,0.820012,0.052913,0.051525
0.695010,0.823759,0.052788,0.052913
0.656400,1.006800,0.044101,0.052788
0.413883,0.847554,0.022045,0.044101
0.648045,0.791982,0.083322,0.022045
0.857145,0.910572,0.125556,0.083322
0.938999,0.716308,0.144127,0.125556
0.666277,0.661882,0.146578,0.144127
0.578366,0.749067,0.143148,0.146578
0.622807,0.554323,0.135507,0.143148
0.441843,0.532249,0.128780,0.135507
0.401730,0.523954,0.123458,0.128780
0.445691,0.421029,0.120009,0.123458
0.328534,0.404286,0.119437,0.120009
0.301955,0.407710,0.121291,0.119437
0.341351,0.281235,0.126974,0.121291
0.246473,0.287948,0.131322,0.126974
0.243600,0.275650,0.144848,0.131322
0.305669,0.238942,0.185719,0.144848
0.275425,0.185611,0.237135,0.185719
0.334439,0.227413,0.286952,0.237135
0.280001,0.195976,0.280862,0.286952
0.214384,0.208688,0.225842,0.280862
0.321315,0.277411,0.147237,0.225842
0.565822,0.274694,0.144531,0.147237
0.342451,0.297604,0.230138,0.144531
0.169510,0.378513,0.347158,0.230138
0.040020,0.370234,0.497606,0.347158
0.067888,0.419639,0.618157,0.497606
0.162174,0.629827,0.737831,0.618157
0.326859,0.599658,0.878052,0.737831
0.391970,0.729257,0.995678,0.878052
0.694681,0.941106,1.111237,0.995678
0.977668,0.832249,1.227308,1.111237
0.897681,0.865773,1.306531,1.227308
0.949031,1.020675,1.373786,1.306531
1.018239,1.013725,1.436974,1.373786
0.925554,0.998497,1.489001,1.436974
0.878842,1.020320,1.530632,1.489001
0.893694,0.964407,1.564157,1.530632
0.893904,0.829178,1.587135,1.564157
0.718056,0.834636,1.597173,1.587135
0.771471,0.989167,1.597770,1.597173
0.907744,0.844702,1.587806,1.597770
0.735637,0.863643,1.575497,1.587806
0.747344,1.020137,1.563713,1.575497
0.938274,0.854087,1.554731,1.563713
0.758433,0.857177,1.552041,1.554731
0.756973,0.983552,1.552968,1.552041
0.961840,0.845814,1.556716,1.552968
0.768283,0.885321,1.560358,1.556716
0.774926,1.037250,1.563483,1.560358
0.961653,0.862545,1.565650,1.563483
0.766965,0.854957,1.566366,1.565650
0.908206,1.021757,1.566618,1.566366
0.946926,0.839678,1.566828,1.566618
0.754219,0.848425,1.567218,1.566828
0.800685,1.004245,1.567847,1.567218
0.937060,0.864662,1.568965,1.567847
0.746924,0.845135,1.570121,1.568965
0.739160,0.991724,1.571466,1.570121
0.936690,0.837017,1.573044,1.571466
0.745821,0.832398,1.574364,1.573044
0.741176,0.979113,1.575760,1.574364
0.925635,0.815451,1.577603,1.575760
0.748623,0.844263,1.579289,1.577603
0.749020,0.988940,1.581161,1.579289
0.934425,0.809508,1.583468,1.581161
0.746597,0.844147,1.585565,1.583468
0.875069,0.982532,1.587998,1.585565
0.924853,0.826831,1.590871,1.587998
0.789825,0.824570,1.594435,1.590871
0.926056,0.956295,1.600876,1.594435
1.053039,0.736493,1.608397,1.600876
0.757611,0.710978,1.614133,1.608397
0.655273,0.774967,1.620153,1.614133
0.714119,0.576555,1.628085,1.620153
0.514848,0.551214,1.635806,1.628085
0.465072,0.596401,1.644901,1.635806
0.525442,0.439304,1.657147,1.644901
0.374018,0.424174,1.668720,1.657147
0.357491,0.432336,1.681940,1.668720
0.412542,0.455163,1.699268,1.681940
0.391333,0.349860,1.718951,1.699268
0.357562,0.305534,1.738811,1.718951
0.223841,0.257030,1.759039,1.738811
0.291435,0.286540,1.788465,1.759039
0.283111,0.222885,1.840479,1.788465
0.317618,0.218148,1.900189,1.840479
0.217554,0.276127,1.971390,1.900189
0.341054,0.292652,2.058062,1.971390
0.437582,0.308242,2.135072,2.058062
0.451954,0.390342,2.227606,2.135072
0.525594,0.289297,2.353716,2.227606
0.206300,0.323939,2.471862,2.353716
0.146448,0.375740,2.600397,2.471862
0.365343,0.343918,2.749866,2.600397
0.442752,0.430488,2.864202,2.749866
0.548611,0.555659,2.960501,2.864202
0.779424,0.679449,3.040814,2.960501
0.880179,0.771073,3.089878,3.040814
1.028499,0.839139,3.117062,3.089878
1.112542,0.843252,3.134508,3.117062
1.187164,0.706617,3.136612,3.134508
0.915155,0.723526,3.130012,3.136612
0.836094,0.860673,3.129699,3.130012
0.950753,0.692200,3.136832,3.129699
0.735432,0.696844,3.139324,3.136832
0.860607,0.868343,3.131996,3.139324
0.768582,0.710881,3.127334,3.131996
0.868478,0.885157,3.126946,3.127334
0.936609,0.813471,3.129614,3.126946
0.822808,0.703622,3.133579,3.129614
0.925921,0.860676,3.136597,3.133579
0.981002,0.745857,3.138986,3.136597
0.785822,0.739436,3.139893,3.138986
0.837389,0.869240,3.139987,3.139893
1.008449,0.681632,3.139521,3.139987
0.807534,0.765179,3.138987,3.139521
0.818095,0.874147,3.138516,3.138987
1.015703,0.743592,3.138147,3.138516
0.805819,0.764610,3.138209,3.138147
0.807170,0.872834,3.138366,3.138209
1.005634,0.738106,3.138839,3.138366
0.810025,0.767012,3.139419,3.138839
0.815904,0.901653,3.140112,3.139419
1.022425,0.743966,3.140965,3.140112
0.836180,0.775699,3.141696,3.140965
1.013751,0.919843,3.142259,3.141696
1.060227,0.747972,3.141836,3.142259
0.847778,0.804444,3.141137,3.141836
0.874564,0.910513,3.140239,3.141137
1.027056,0.888295,3.139235,3.140239
1.016451,0.915219,3.138131,3.139235
0.969024,0.761178,3.136997,3.138131
0.871166,0.759303,3.135933,3.136997
0.820311,0.923800,3.134740,3.135933
1.031035,0.737346,3.133231,3.134740
0.832351,0.792184,3.131816,3.133231
0.830141,0.887112,3.130225,3.131816
1.045781,0.750746,3.128086,3.130225
0.835463,0.789586,3.126176,3.128086
0.830665,0.903005,3.123475,3.126176
1.143209,0.758458,3.120026,3.123475
0.946309,0.711471,3.117905,3.120026
1.077605,0.833507,3.115816,3.117905
0.876639,0.671501,3.112725,3.115816
0.908864,0.626975,3.109192,3.112725
0.733490,0.700344,3.104596,3.109192
0.736649,0.495442,3.098025,3.104596
0.609643,0.522720,3.091715,3.098025
0.545254,0.582964,3.084752,3.091715
0.634248,0.452649,3.076276,3.084752
0.477232,0.418369,3.068974,3.076276
0.454360,0.482632,3.061268,3.068974
0.526548,0.368221,3.051907,3.061268
0.399091,0.339813,3.043676,3.051907
0.387198,0.407412,3.034915,3.043676
0.453448,0.293492,3.024415,3.034915
0.341285,0.279516,3.015498,3.024415
0.376670,0.309463,3.006440,3.015498
0.308315,0.234546,2.996338,3.006440
0.324076,0.208297,2.989494,2.996338
0.271469,0.302446,2.987265,2.989494
0.277209,0.170897,2.989978,2.987265
0.232649,0.198421,2.994346,2.989978
0.220316,0.199076,2.999007,2.994346
0.241384,0.146891,3.003014,2.999007
0.169994,0.121268,3.004569,3.003014
0.135585,0.159796,3.004594,3.004569
0.155565,0.121151,3.003266,3.004594
0.108498,0.093376,3.001844,3.003266
0.107536,0.128805,3.000498,3.001844
0.118550,0.141391,2.999482,3.000498
0.102385,0.110873,2.999115,2.999482
0.083993,0.063570,2.999278,2.999115
0.054488,0.104294,2.999566,2.999278
0.055004,0.045434,2.999936,2.999566
0.037128,0.048910,3.000228,2.999936
0.019785,0.060136,3.000441,3.000228
0.042016,0.007259,3.000543,3.000441
0.038668,0.042061,3.000557,3.000543
0.049445,0.044407,3.000342,3.000557
0.043155,0.038966,3.000098,3.000342
0.047233,0.040880,2.999998,3.000098
0.041515,0.064349,2.999908,2.999998
0.034566,0.017485,2.999853,2.999908
0.028474,0.027629,2.999804,2.999853
0.026172,0.037187,2.999809,2.999804
0.033154,0.015494,2.999786,2.999809
0.019554,0.009625,2.999761,2.999786
0.000000,0.055971,2.999779,2.999761
0.000000,0.023311,2.999780,2.999779
0.000000,0.020422,3.002151,2.999780
0.000000,0.000000,0.000000,0.000000
0.000000,0.013537,2.045020,0.000000
0.018497,0.053790,2.037564,2.045020
0.029738,0.050408,2.027430,2.037564
0.035806,0.028709,2.015341,2.027430
0.028822,0.047506,2.005050,2.015341
0.000000,0.018247,1.970731,2.005050
0.000000,0.023213,1.970378,1.970731
0.000000,0.031892,1.970672,1.970378
0.000000,0.032496,1.971003,1.970672
0.000000,0.046367,1.970458,1.971003
0.029241,0.027846,1.965572,1.970458
0.044109,0.030577,1.967943,1.965572
0.040537,0.029047,1.969489,1.967943
0.051487,0.025262,1.969571,1.969489
0.052080,0.026160,1.968746,1.969571
0.049885,0.022590,1.967713,1.968746
0.059542,0.036977,1.967598,1.967713
0.064055,0.032532,1.968046,1.967598
0.080290,0.037264,1.968966,1.968046
0.061636,0.019172,1.969641,1.968966
0.052975,0.047965,1.970757,1.969641
0.065522,0.024625,1.971446,1.970757
0.048781,0.034808,1.971301,1.971446
0.042367,0.023174,1.970257,1.971301
0.043377,0.038505,1.965882,1.970257
0.034924,0.007260,1.965274,1.965882
0.098797,0.014234,1.954830,1.965274
0.149589,0.028883,1.932952,1.954830
0.139760,0.094273,1.899091,1.932952
0.093676,0.183841,1.841568,1.899091
0.114134,0.245475,1.735671,1.841568
0.211601,0.316702,1.625712,1.735671
0.306857,0.493208,1.516949,1.625712
0.578009,0.505254,1.412432,1.516949
0.530293,0.593157,1.339588,1.412432
0.502052,0.779279,1.260444,1.339588
0.646472,0.720422,1.135380,1.260444
0.584822,0.735367,1.003471,1.135380
0.573553,0.953644,0.849934,1.003471
0.594127,0.795492,0.672612,0.849934
1.031486,0.852545,0.537890,0.672612
1.008826,0.972740,0.416740,0.537890
1.069923,0.789307,0.301263,0.416740
0.882738,0.824543,0.226321,0.301263
0.784937,0.905222,0.166101,0.226321
0.916872,0.789748,0.116102,0.166101
0.702281,0.797677,0.093410,0.116102
0.689586,0.958897,0.085415,0.093410
0.850940,0.791470,0.085873,0.085415
0.695691,0.815560,0.086857,0.085873
0.707719,0.946462,0.085252,0.086857
0.907692,0.814587,0.079247,0.085252
0.744398,0.836758,0.071457,0.079247
0.922208,0.952100,0.064487,0.071457
0.845761,0.808841,0.059805,0.064487
0.942503,0.840737,0.057976,0.059805
0.846996,0.951293,0.057847,0.057976
0.958771,0.845582,0.057879,0.057847
0.862230,1.009583,0.057737,0.057879
1.005411,0.949163,0.057416,0.057737
0.938794,0.824007,0.057585,0.057416
0.848205,0.995269,0.058408,0.057585
0.995488,0.977333,0.060016,0.058408
1.000319,1.031724,0.061462,0.060016
0.947147,0.816325,0.061619,0.061462
0.847534,0.846022,0.061019,0.061619
0.796161,0.958269,0.060091,0.061019
0.999376,0.806049,0.058972,0.060091
0.795719,0.844593,0.058310,0.058972
0.792833,0.984751,0.058262,0.058310
0.988792,0.834873,0.058926,0.058262
0.792609,0.793710,0.059865,0.058926
0.787293,0.989998,0.061087,0.059865
0.971245,0.814631,0.062001,0.061087
0.776309,0.844793,0.062731,0.062001
0.920010,0.964326,0.063129,0.062731
0.832408,0.822521,0.059544,0.063129
0.962485,0.854423,0.023152,0.059544
0.939615,0.970657,0.043771,0.023152
1.082743,0.773821,0.102901,0.043771
0.926909,0.774639,0.123194,0.102901
0.785647,0.810742,0.129188,0.123194
0.857024,0.690408,0.126935,0.129188
0.621895,0.596279,0.121209,0.126935
0.570990,0.636998,0.113800,0.121209
0.636900,0.518737,0.104653,0.113800
0.466563,0.477907,0.097811,0.104653
0.431884,0.510378,0.092169,0.097811
0.491845,0.379983,0.087847,0.092169
0.370797,0.363582,0.086141,0.087847
0.410238,0.384475,0.084387,0.086141
0.323834,0.299415,0.061911,0.084387
0.274344,0.298960,0.062256,0.061911
0.251944,0.343314,0.091655,0.062256
0.406019,0.281173,0.176428,0.091655
0.415829,0.245819,0.253051,0.176428
0.374748,0.265588,0.302138,0.253051
0.382935,0.216938,0.288125,0.302138
0.343377,0.299981,0.241328,0.288125
0.512917,0.364573,0.255160,0.241328
0.384096,0.311185,0.350951,0.255160
0.206782,0.432362,0.462486,0.350951
0.270414,0.416218,0.604240,0.462486
0.244744,0.502080,0.721161,0.604240
0.502334,0.689683,0.843449,0.721161
0.864208,0.659399,0.984455,0.843449
0.844787,0.748990,1.097263,0.984455
0.977382,0.883428,1.199720,1.097263
1.225945,0.784565,1.298032,1.199720
0.963453,0.812917,1.365273,1.298032
0.948839,0.945498,1.421713,1.365273
0.879291,0.764497,1.474798,1.421713
0.693505,0.770069,1.511703,1.474798
0.687967,0.946813,1.543543,1.511703
0.802881,0.758488,1.571785,1.543543
0.667185,0.804631,1.586680,1.571785
0.696180,0.927605,1.592634,1.586680
0.909766,0.796846,1.587127,1.592634
0.754791,0.823909,1.575723,1.587127
0.771407,0.971803,1.562753,1.575723
0.983769,0.840685,1.551140,1.562753
0.795934,0.962787,1.546275,1.551140
1.004113,0.972648,1.545907,1.546275
1.011660,0.830037,1.549188,1.545907
0.806874,0.999272,1.552879,1.549188
1.003512,0.828364,1.556550,1.552879
0.802370,0.863016,1.558319,1.556550
0.934241,0.962758,1.558856,1.558319
0.844537,0.835506,1.558217,1.558856
0.940257,0.844202,1.557220,1.558217
0.850237,0.960058,1.556164,1.557220
0.956418,0.808909,1.555501,1.556164
0.854965,0.850932,1.555425,1.555501
0.802539,0.986092,1.555644,1.555425
1.003099,0.793742,1.555905,1.555644
0.805233,0.859246,1.556036,1.555905
0.799315,0.962479,1.556091,1.556036
0.991254,0.827781,1.556154,1.556091
0.784220,0.837380,1.556349,1.556154
0.793157,0.971536,1.556819,1.556349
0.998215,0.822091,1.557598,1.556819
0.801810,0.835863,1.558329,1.557598
0.946247,0.978562,1.559134,1.558329
0.853047,0.835017,1.560021,1.559134
0.966614,0.838836,1.560733,1.560021
0.869783,0.976584,1.561163,1.560733
0.988489,0.824825,1.560777,1.561163
0.959020,0.833929,1.562363,1.560777
0.951344,0.939530,1.565018,1.562363
1.063107,0.739866,1.566941,1.565018
0.753267,0.701082,1.567823,1.566941
0.684815,0.762460,1.568436,1.567823
0.764382,0.592058,1.569187,1.568436
0.558499,0.562152,1.570264,1.569187
0.516047,0.565805,1.571948,1.570264
0.573838,0.444623,1.575007,1.571948
0.438657,0.453326,1.578564,1.575007
0.472406,0.457827,1.583058,1.578564
0.396001,0.352956,1.589032,1.583058
0.415417,0.342193,1.593826,1.589032
0.317108,0.365736,1.597408,1.593826
0.262272,0.297450,1.601037,1.597408
0.297617,0.364769,1.598508,1.601037
0.524139,0.316084,1.585034,1.598508
0.480041,0.249725,1.557907,1.585034
0.379601,0.277318,1.512476,1.557907
0.310222,0.246557,1.441397,1.512476
0.253838,0.265979,1.367977,1.441397
0.302567,0.348665,1.284573,1.367977
0.284382,0.305200,1.182721,1.284573
0.249666,0.358871,1.097670,1.182721
0.280659,0.535674,1.000954,1.097670
0.535335,0.514171,0.865044,1.000954
0.551160,0.561719,0.738808,0.865044
0.662601,0.764565,0.596396,0.738808
0.907529,0.682661,0.438279,0.596396
0.790948,0.807293,0.324605,0.438279
1.041276,0.950211,0.228155,0.324605
1.134074,0.818576,0.149888,0.228155
0.851336,0.798026,0.103908,0.149888
0.817540,0.959890,0.072499,0.103908
0.895172,0.764763,0.060533,0.072499
0.689416,0.802752,0.066368,0.060533
0.675904,0.951538,0.074571,0.066368
0.853418,0.769033,0.079365,0.074571
0.701240,0.811701,0.078777,0.079365
0.736274,0.928129,0.076310,0.078777
0.945413,0.762382,0.074338,0.076310
0.788171,0.839304,0.074470,0.074338
0.793588,0.942552,0.075019,0.074470
0.992654,0.983814,0.074662,0.075019
0.992526,0.987471,0.073046,0.074662
0.999189,0.786136,0.071565,0.073046
0.794475,0.805904,0.070864,0.071565
0.930247,0.964688,0.070303,0.070864
0.814995,0.814723,0.069731,0.070303
0.912617,0.848560,0.069254,0.069731
0.831778,0.968313,0.068754,0.069254
0.945555,0.822553,0.067975,0.068754
0.838596,1.013872,0.067212,0.067975
0.984194,0.993555,0.066396,0.067212
0.934860,0.848207,0.065788,0.066396
0.849500,1.012234,0.065184,0.065788
1.008027,0.825172,0.064295,0.065184
0.807256,0.860961,0.063445,0.064295
0.811384,1.011691,0.062141,0.063445
1.014597,0.826234,0.060300,0.062141
0.805951,0.846635,0.058941,0.060300
0.800036,0.973357,0.057806,0.058941
0.980083,0.822455,0.056977,0.057806
0.788238,0.839137,0.056775,0.056977
0.783625,0.989502,0.056718,0.056775
0.988001,0.830039,0.057167,0.056718
0.786254,0.829404,0.058051,0.057167
0.931932,1.001646,0.052495,0.058051
1.023393,0.811200,0.009944,0.052495
0.879295,0.835001,0.066690,0.009944
0.987545,1.000997,0.110092,0.066690
1.051683,0.816183,0.128196,0.110092
0.747730,0.767529,0.130675,0.128196
0.673983,0.823525,0.127682,0.130675
0.733312,0.635639,0.121126,0.127682
0.532932,0.595774,0.114500,0.121126
0.494346,0.658067,0.107286,0.114500
0.562849,0.485347,0.099496,0.107286
0.418073,0.447193,0.094580,0.099496
0.387938,0.509610,0.091723,0.094580
0.442070,0.444752,0.091675,0.091723
0.397283,0.395791,0.080460,0.091675
0.249817,0.288949,0.074785,0.080460
0.213255,0.292968,0.115794,0.074785
0.371138,0.306803,0.179199,0.115794
0.366876,0.225984,0.260918,0.179199
0.371984,0.261461,0.292897,0.260918
0.368537,0.281200,0.263064,0.292897
0.393503,0.241653,0.194221,0.263064
0.591423,0.335102,0.209356,0.194221
0.603416,0.329902,0.311987,0.209356
0.403805,0.357184,0.421480,0.311987
0.307422,0.502157,0.542102,0.421480
0.453811,0.470541,0.679391,0.542102
0.478384,0.606009,0.794049,0.679391
0.569758,0.794650,0.911805,0.794049
0.846005,0.736940,1.050315,0.911805
0.747532,0.810093,1.157138,1.050315
0.779657,0.995680,1.249624,1.157138
1.023797,0.843022,1.338013,1.249624
0.783447,0.847117,1.398599,1.338013
0.707106,0.991168,1.450493,1.398599
0.802949,0.847693,1.500530,1.450493
0.698267,0.834646,1.534561,1.500530
0.855763,1.003024,1.562050,1.534561
0.908566,0.841693,1.584082,1.562050
0.744336,0.849870,1.593333,1.584082
0.806910,0.972577,1.593033,1.593333
0.941910,0.851923,1.582249,1.593033
0.756037,0.859889,1.569543,1.582249
0.751160,1.005399,1.557966,1.569543
0.938743,0.845216,1.549791,1.557966
0.720340,0.875173,1.548009,1.549791
0.761186,1.040373,1.549884,1.548009
0.968461,0.856156,1.554753,1.549884
0.776935,0.881029,1.559157,1.554753
0.774278,1.037564,1.562856,1.559157
0.964550,0.863071,1.565416,1.562856
0.766165,0.893283,1.566167,1.565416
0.900346,0.986485,1.566053,1.566167
0.963428,0.859893,1.565529,1.566053
0.761617,0.846835,1.565321,1.565529
0.811295,1.003662,1.565685,1.565321
0.946741,0.817704,1.566740,1.565685
0.751328,0.864925,1.568139,1.566740
0.741769,0.981577,1.569806,1.568139
0.918773,0.800392,1.571905,1.569806
0.733118,0.875377,1.573724,1.571905
0.724625,0.978897,1.575552,1.573724
0.899294,0.828868,1.577722,1.575552
0.725311,0.865373,1.579767,1.577722
0.726691,0.985671,1.582096,1.579767
0.913527,0.849841,1.585266,1.582096
0.727087,0.847476,1.588357,1.585266
0.872308,1.002870,1.591807,1.588357
0.914876,0.799528,1.595957,1.591807
0.771832,0.819651,1.600244,1.595957
0.924927,0.941797,1.607475,1.600244
1.097972,0.775907,1.616292,1.607475
0.808355,0.735372,1.622398,1.616292
0.735668,0.768655,1.628464,1.622398
0.771405,0.576584,1.635998,1.628464
0.534022,0.561112,1.643486,1.635998
0.463963,0.584922,1.652362,1.643486
0.496946,0.482974,1.664099,1.652362
0.355697,0.525202,1.674951,1.664099
0.409985,0.445024,1.689365,1.674951
0.380407,0.360141,1.704979,1.689365
0.292485,0.416919,1.719935,1.704979
0.345102,0.295096,1.738277,1.719935
0.215498,0.278949,1.754426,1.738277
0.244909,0.289520,1.767218,1.754426
0.430640,0.233951,1.770243,1.767218
0.362103,0.207043,1.759717,1.770243
0.369226,0.207347,1.730391,1.759717
0.299814,0.180290,1.676478,1.730391
0.284415,0.215498,1.619192,1.676478
0.469403,0.291453,1.549006,1.619192
0.491940,0.291121,1.456365,1.549006
0.284712,0.311184,1.377778,1.456365
0.248168,0.491941,1.296262,1.377778
0.387334,0.482373,1.182709,1.296262
0.458415,0.567339,1.070249,1.182709
0.613492,0.791664,0.928823,1.070249
1.020887,0.757548,0.744634,0.928823
0.940911,0.830547,0.593958,0.744634
1.118238,1.029446,0.458248,0.593958
1.422586,0.875516,0.336222,0.458248
1.041229,0.851939,0.256600,0.336222
1.058968,1.011726,0.190259,0.256600
0.975407,0.801961,0.130497,0.190259
0.751023,0.838341,0.095801,0.130497
0.767163,0.995026,0.076840,0.095801
0.827910,0.798739,0.074225,0.076840
0.657187,0.834799,0.079711,0.074225
0.682602,0.997826,0.084326,0.079711
0.891579,0.860809,0.083475,0.084326
0.738560,0.869432,0.077658,0.083475
0.750040,1.050775,0.070408,0.077658
0.948318,1.057268,0.064165,0.070408
0.977731,1.069141,0.059748,0.064165
0.987914,0.847008,0.055011,0.059748
0.786559,1.091330,0.050243,0.055011
0.979643,1.065415,0.044627,0.050243
0.966184,0.878082,0.040165,0.044627
0.768437,1.042293,0.037728,0.040165
0.942290,0.880996,0.036534,0.037728
0.749483,0.868444,0.036388,0.036534
0.745030,1.009844,0.036544,0.036388
0.920721,0.846602,0.036844,0.036544
0.734998,0.857758,0.037466,0.036844
0.869070,1.000305,0.038684,0.037466
0.905649,0.852374,0.040564,0.038684
0.725149,0.806459,0.042036,0.040564
0.770870,1.000838,0.043127,0.042036
0.901885,0.834592,0.043836,0.043127
0.729087,0.806073,0.044122,0.043836
0.719978,1.004088,0.044427,0.044122
0.909342,0.821122,0.045020,0.044427
0.718745,0.811983,0.045823,0.045020
0.716526,0.984475,0.046872,0.045823
0.892894,0.828460,0.048589,0.046872
0.713091,0.838619,0.049858,0.048589
0.713281,0.957931,0.027064,0.049858
1.008715,0.815907,0.051732,0.027064
0.873887,0.807057,0.106470,0.051732
0.996726,0.884469,0.133165,0.106470
0.897879,0.663047,0.142423,0.133165
0.617779,0.648665,0.140916,0.142423
0.558114,0.695239,0.135286,0.140916
0.571516,0.504528,0.127542,0.135286
0.417444,0.506626,0.122140,0.127542
0.380815,0.534705,0.118497,0.122140
0.424761,0.407142,0.117573,0.118497
0.306572,0.342630,0.119841,0.117573
0.288632,0.379118,0.125100,0.119841
0.334310,0.275583,0.133585,0.125100
0.236395,0.292552,0.141355,0.133585
0.220031,0.285930,0.165233,0.141355
0.364136,0.209155,0.218328,0.165233
0.313455,0.204784,0.273584,0.218328
0.365418,0.213543,0.298912,0.273584
0.248558,0.225743,0.261483,0.298912
0.222338,0.285114,0.189417,0.261483
0.484009,0.335788,0.123276,0.189417
0.527432,0.288985,0.198359,0.123276
0.234761,0.385525,0.308828,0.198359
0.133906,0.354148,0.456498,0.308828
0.068775,0.391767,0.578357,0.456498
0.112636,0.594442,0.698909,0.578357
0.343264,0.611104,0.840021,0.698909
0.386083,0.691653,0.958010,0.840021
0.566732,0.899987,1.076393,0.958010
0.919833,0.805913,1.198744,1.076393
0.913613,0.850654,1.282736,1.198744
0.430774,1.037332,1.353776,1.282736
0.873087,0.862261,1.420425,1.353776
0.716203,0.841957,1.466224,1.420425
0.852389,0.983771,1.506093,1.466224
0.746975,0.820553,1.544385,1.506093
0.825620,0.838449,1.569306,1.544385
0.736035,0.983146,1.587364,1.569306
0.837373,0.839034,1.596844,1.587364
0.757560,0.857641,1.594551,1.596844
0.721124,1.038193,1.584581,1.594551
0.914984,0.826810,1.569632,1.584581
0.748328,0.851496,1.559151,1.569632
0.748141,1.029666,1.552809,1.559151
0.961256,0.826282,1.551172,1.552809
0.773343,1.078453,1.553329,1.551172
0.979043,1.022751,1.557925,1.553329
0.971634,0.897154,1.562318,1.557925
0.776505,1.012639,1.564965,1.562318
0.974765,0.850443,1.566493,1.564965
0.775104,0.873105,1.566788,1.566493
0.766514,1.012650,1.566647,1.566788
0.944053,0.850372,1.566473,1.566647
0.749082,0.852486,1.566632,1.566473
0.882070,0.997415,1.567285,1.566632
0.918009,0.811709,1.568631,1.567285
0.730859,0.826013,1.569955,1.568631
0.767756,0.973584,1.571527,1.569955
0.912001,0.816604,1.573429,1.571527
0.729376,0.858536,1.575004,1.573429
0.496456,0.972073,1.576754,1.575004
0.387818,0.819315,1.578702,1.576754
0.139337,0.828992,1.580425,1.578702
0.171812,1.000546,1.582358,1.580425
0.176062,0.806544,1.584999,1.582358
0.069634,0.849930,1.587608,1.584999
0.356177,1.023167,1.590426,1.587608
0.801216,0.832722,1.593470,1.590426
0.800575,0.836165,1.598555,1.593470
1.048459,0.937343,1.605707,1.598555
1.046848,0.748301,1.613033,1.605707
0.747568,0.863144,1.618659,1.613033
0.832847,0.727311,1.626283,1.618659
0.710732,0.594612,1.635473,1.626283
0.493244,0.609746,1.644976,1.635473
0.510407,0.468673,1.657753,1.644976
0.406904,0.438834,1.669611,1.657753
0.355377,0.448985,1.682797,1.669611
0.395303,0.342747,1.699205,1.682797
0.298497,0.303788,1.713797,1.699205
0.265887,0.321545,1.729348,1.713797
0.318992,0.238667,1.750354,1.729348
0.103159,0.259210,1.776336,1.750354
0.150076,0.282501,1.816920,1.776336
0.252123,0.202101,1.884906,1.816920
0.196373,0.222641,1.954155,1.884906
0.159443,0.280619,2.029398,1.954155
0.355129,0.254049,2.120228,2.029398
0.534612,0.308338,2.209100,2.120228
0.613529,0.366928,2.314668,2.209100
0.692735,0.332380,2.452880,2.314668
0.373181,0.318768,2.577507,2.452880
0.257368,0.350500,2.705382,2.577507
0.375272,0.366384,2.842762,2.705382
0.417625,0.439857,2.940528,2.842762
0.506789,0.599800,3.018396,2.940528
0.738421,0.576604,3.078664,3.018396
0.694867,0.628290,3.108736,3.078664
0.785288,0.799196,3.127337,3.108736
1.080512,0.712781,3.140767,3.127337
0.938175,0.727911,3.135516,3.140767
1.114248,0.831963,3.130452,3.135516
0.915819,0.710955,3.132525,3.130452
0.929385,0.856334,3.139635,3.132525
0.904772,0.866865,3.135124,3.139635
0.764048,0.718355,3.128508,3.135124
0.866106,0.827829,3.126507,3.128508
0.921253,0.708410,3.127732,3.126507
0.761804,0.725703,3.130455,3.127732
0.831384,0.850656,3.133741,3.130455
0.976961,0.714429,3.136845,3.133741
0.785016,0.714908,3.138469,3.136845
0.780317,0.840236,3.139288,3.138469
0.978125,0.720514,3.139421,3.139288
0.788608,0.772499,3.139176,3.139421
0.790488,0.895454,3.138813,3.139176
0.997323,0.755141,3.138465,3.138813
0.795848,0.732169,3.138401,3.138465
0.809464,0.886025,3.138614,3.138401
1.017852,0.761013,3.139016,3.138614
0.817776,0.772435,3.139434,3.139016
0.966645,0.875415,3.139886,3.139434
1.027071,0.924835,3.140500,3.139886
1.024526,0.894107,3.141046,3.140500
0.875474,0.761969,3.141535,3.141046
0.979872,0.747459,3.141884,3.141535
0.881671,0.884786,3.142302,3.141884
0.975983,0.726180,3.142045,3.142302
0.864966,0.770832,3.141567,3.142045
0.805284,0.904291,3.140826,3.141567
1.005557,0.775117,3.139768,3.140826
0.809418,0.922052,3.138668,3.139768
1.034060,0.898568,3.137031,3.138668
1.051540,0.789543,3.135095,3.137031
0.844784,0.910387,3.133199,3.135095
1.050555,0.905682,3.130849,3.133199
1.050040,0.908247,3.128464,3.130849
1.038636,0.777655,3.126107,3.128464
0.828846,0.777508,3.124002,3.126107
0.846688,0.910199,3.121123,3.124002
1.132425,0.747674,3.118284,3.121123
0.927400,0.724932,3.116829,3.118284
0.886624,0.813951,3.115087,3.116829
0.988728,0.636072,3.112055,3.115087
0.722797,0.608268,3.108306,3.112055
0.799492,0.662572,3.102928,3.108306
0.654625,0.531487,3.094857,3.102928
0.669099,0.517825,3.087029,3.094857
0.560601,0.522832,3.078447,3.087029
0.589668,0.429812,3.068346,3.078447
0.490680,0.443744,3.060177,3.068346
0.442738,0.469394,3.052259,3.060177
0.513852,0.343469,3.043883,3.052259
0.389355,0.330534,3.037464,3.043883
0.372815,0.395925,3.030975,3.037464
0.428661,0.327744,3.022936,3.030975
0.321041,0.272370,3.015549,3.022936
0.302363,0.296555,3.007155,3.015549
0.357018,0.242089,2.996468,3.007155
0.277709,0.222432,2.989461,2.996468
0.306265,0.245679,2.987563,2.989461
0.257767,0.188754,2.990351,2.987563
0.267586,0.171360,2.994652,2.990351
0.211209,0.203869,2.999195,2.994652
0.198379,0.123666,3.003133,2.999195
0.175511,0.138294,3.004565,3.003133
0.136065,0.138849,3.004528,3.004565
0.131234,0.068760,3.003265,3.004528
0.090451,0.126940,3.001879,3.003265
0.072919,0.099193,3.000620,3.001879
0.090100,0.096809,2.999653,3.000620
0.061847,0.084737,2.999381,2.999653
0.058417,0.074164,2.999420,2.999381
0.065817,0.056558,2.999708,2.999420
0.045496,0.066626,2.999921,2.999708
0.050684,0.064394,3.000169,2.999921
0.045792,0.050086,3.000280,3.000169
0.040651,0.066519,3.000235,3.000280
0.039800,0.046268,3.000108,3.000235
0.037912,0.054861,2.999995,3.000108
0.043341,0.056901,2.999914,2.999995
0.041813,0.020094,2.999820,2.999914
0.031449,0.023940,2.999772,2.999820
0.028522,0.009391,2.999826,2.999772
0.036570,0.034643,2.999914,2.999826
0.027474,0.069059,3.000031,2.999914
0.027007,0.048379,3.000155,3.000031
0.000000,0.000000,0.000000,0.000000
0.000000,0.018706,2.046372,0.000000
0.028951,0.058324,2.036867,2.046372
0.026663,0.051136,2.039609,2.036867
0.027876,0.031962,2.042244,2.039609
0.000000,0.018398,2.046629,2.042244
0.000000,0.028872,2.050906,2.046629
0.000000,0.016846,2.047423,2.050906
0.000000,0.052511,2.044524,2.047423
0.000000,0.035092,2.042726,2.044524
0.000000,0.045158,2.042331,2.042726
0.000000,0.043142,2.042693,2.042331
0.000000,0.028055,2.043210,2.042693
0.036691,0.019403,2.034598,2.043210
0.036787,0.034770,2.035560,2.034598
0.048074,0.052874,2.035467,2.035560
0.037710,0.037074,2.035445,2.035467
0.054934,0.027840,2.035985,2.035445
0.059394,0.039659,2.036912,2.035985
0.053860,0.022837,2.037550,2.036912
0.058354,0.026187,2.038114,2.037550
0.077024,0.030841,2.038523,2.038114
0.062672,0.043285,2.038854,2.038523
0.060613,0.025009,2.039423,2.038854
0.063247,0.038036,2.041032,2.039423
0.047948,0.038612,2.042109,2.041032
0.051836,0.017124,2.041745,2.042109
0.051787,0.024409,2.039783,2.041745
0.044537,0.039902,2.036956,2.039783
0.052616,0.010780,2.034472,2.036956
0.052974,0.032844,2.033667,2.034472
0.048841,0.039999,2.033962,2.033667
0.178049,0.051667,2.009141,2.033962
0.173829,0.118104,1.976996,2.009141
0.111476,0.165343,1.900611,1.976996
0.068580,0.222030,1.795011,1.900611
0.220836,0.360104,1.671800,1.795011
0.508500,0.451053,1.551784,1.671800
0.440651,0.461940,1.479849,1.551784
0.603999,0.702226,1.418602,1.479849
0.618311,0.638468,1.334873,1.418602
0.567049,0.695977,1.232281,1.334873
0.726258,0.920257,1.096325,1.232281
0.911035,0.796165,0.910024,1.096325
0.531327,0.837391,0.750349,0.910024
0.821313,0.965952,0.599364,0.750349
1.218516,0.810575,0.448539,0.599364
0.919760,0.790077,0.346696,0.448539
0.873688,0.944856,0.264187,0.346696
1.033229,0.779375,0.191074,0.264187
0.752052,0.764180,0.146243,0.191074
0.705701,0.926554,0.116043,0.146243
0.842609,0.789001,0.097663,0.116043
0.660358,0.789050,0.091578,0.097663
0.792783,0.952564,0.089442,0.091578
0.842470,0.805524,0.087214,0.089442
0.678900,0.851195,0.083270,0.087214
0.754136,0.968596,0.076344,0.083270
0.954274,0.798098,0.066932,0.076344
0.790237,0.811766,0.061653,0.066932
0.791114,0.971462,0.058938,0.061653
0.983524,0.849272,0.058631,0.058938
0.780520,0.828297,0.058881,0.058631
0.787949,0.977408,0.058995,0.058881
0.993446,0.819258,0.059573,0.058995
0.807656,0.841116,0.060170,0.059573
0.807204,0.968617,0.060463,0.060170
0.998572,0.830522,0.060256,0.060463
0.806499,0.836050,0.059646,0.060256
0.957370,0.989388,0.058643,0.059646
1.001737,0.820515,0.057318,0.058643
0.799583,0.823378,0.056445,0.057318
0.839117,0.993432,0.056369,0.056445
0.972649,0.833944,0.057310,0.056369
0.784345,0.849702,0.058731,0.057310
0.791403,0.993156,0.059854,0.058731
0.984405,0.826110,0.060170,0.059854
0.799423,0.853338,0.059795,0.060170
0.790921,1.013893,0.059057,0.059795
0.988253,0.795408,0.058088,0.059057
0.787136,0.856668,0.057732,0.058088
0.784024,0.973505,0.057005,0.057732
0.994700,0.771048,0.041663,0.057005
0.834983,0.865175,0.010698,0.041663
1.054289,0.945561,0.074212,0.010698
1.126312,0.764207,0.115981,0.074212
0.833456,0.724567,0.128061,0.115981
0.781407,0.795893,0.129512,0.128061
0.801241,0.789675,0.123341,0.129512
0.705306,0.635591,0.112979,0.123341
0.613192,0.506535,0.102288,0.112979
0.495898,0.570301,0.094320,0.102288
0.537023,0.495901,0.086232,0.094320
0.473133,0.402256,0.080189,0.086232
0.389159,0.425815,0.076877,0.080189
0.425702,0.316588,0.074836,0.076877
0.311282,0.298196,0.055357,0.074836
0.233938,0.356186,0.048583,0.055357
0.290729,0.273297,0.083723,0.048583
0.357682,0.296139,0.156512,0.083723
0.391032,0.324088,0.236512,0.156512
0.430244,0.249752,0.300087,0.236512
0.252307,0.270818,0.294474,0.300087
0.356940,0.301525,0.242052,0.294474
0.475485,0.312931,0.259260,0.242052
0.359081,0.371574,0.342327,0.259260
0.341820,0.366668,0.471794,0.342327
0.308527,0.428070,0.590604,0.471794
0.488367,0.563674,0.709122,0.590604
0.604574,0.565264,0.849540,0.709122
0.834307,0.645058,0.966389,0.849540
0.895784,0.843869,1.082914,0.966389
1.093019,0.731332,1.204729,1.082914
0.976510,0.968261,1.289568,1.204729
1.109183,0.957618,1.373406,1.289568
0.976815,0.837086,1.437540,1.373406
0.803036,0.907052,1.481855,1.437540
0.852096,0.906713,1.524487,1.481855
0.820175,0.917916,1.558362,1.524487
0.777222,0.773934,1.581099,1.558362
0.721620,0.800029,1.591064,1.581099
0.707853,0.942959,1.591818,1.591064
0.940681,0.807513,1.581761,1.591818
0.771252,0.815289,1.568986,1.581761
0.782877,0.944971,1.556755,1.568986
0.986059,0.824772,1.547385,1.556755
0.791299,0.838252,1.544440,1.547385
0.800922,0.963220,1.545280,1.544440
1.006515,0.829580,1.548962,1.545280
0.806618,0.842498,1.552583,1.548962
0.956899,0.990660,1.555759,1.552583
0.855148,0.817959,1.557747,1.555759
0.947843,0.828689,1.558021,1.557747
0.857852,0.978804,1.557475,1.558021
0.949310,0.849345,1.556406,1.557475
0.848155,1.010033,1.555653,1.556406
1.002013,0.979760,1.555271,1.555653
0.961269,0.828456,1.555415,1.555271
0.863817,0.984487,1.555949,1.555415
1.016617,0.990623,1.556686,1.555949
1.012999,0.988935,1.557435,1.556686
0.949708,0.837613,1.557965,1.557435
0.851203,0.841101,1.558336,1.557965
0.799503,0.989379,1.558827,1.558336
0.998118,0.835622,1.559403,1.558827
0.815762,0.846669,1.560038,1.559403
0.802974,0.990745,1.560673,1.560038
0.994618,0.795197,1.561224,1.560673
0.794430,0.852960,1.561586,1.561224
0.786946,0.968876,1.561785,1.561586
1.015304,0.835039,1.560955,1.561785
0.556803,0.826263,1.561357,1.560955
0.235005,0.935781,1.564001,1.561357
0.615219,0.747528,1.565982,1.564001
0.776658,0.728372,1.565956,1.565982
0.678077,0.771615,1.565075,1.565956
0.708482,0.591525,1.563929,1.565075
0.581971,0.554591,1.563597,1.563929
0.507474,0.609810,1.564197,1.563597
0.590574,0.453405,1.566066,1.564197
0.429416,0.461981,1.568217,1.566066
0.402222,0.475559,1.570600,1.568217
0.473961,0.380697,1.573431,1.570600
0.356918,0.334474,1.575661,1.573431
0.331160,0.369804,1.576639,1.575661
0.284390,0.292765,1.577619,1.576639
0.232814,0.276803,1.575041,1.577619
0.402708,0.350334,1.565575,1.575041
0.429532,0.242599,1.543388,1.565575
0.431243,0.256925,1.506161,1.543388
0.344327,0.279026,1.450150,1.506161
0.366455,0.263890,1.367951,1.450150
0.397034,0.356834,1.288236,1.367951
0.315051,0.375988,1.183864,1.288236
0.123076,0.362086,1.082057,1.183864
0.150665,0.517568,0.987369,1.082057
0.441997,0.452941,0.853236,0.987369
0.460199,0.555642,0.728611,0.853236
0.602558,0.772777,0.587757,0.728611
0.858845,0.720524,0.431137,0.587757
0.795994,0.786205,0.318665,0.431137
0.841084,0.963625,0.223314,0.318665
1.129001,0.804884,0.146470,0.223314
0.843765,0.787386,0.102193,0.146470
0.777617,0.917760,0.071801,0.102193
0.892169,0.787872,0.060768,0.071801
0.690988,0.780145,0.066763,0.060768
0.803279,0.911677,0.073925,0.066763
0.867884,0.752309,0.077737,0.073925
0.719609,0.820944,0.076931,0.077737
0.785872,0.924506,0.075216,0.076931
0.945387,0.807482,0.075190,0.075216
0.774186,0.820057,0.076684,0.075190
0.790385,0.953265,0.077740,0.076684
0.994464,0.809015,0.077164,0.077740
0.795338,0.828523,0.075437,0.077164
0.790823,0.989260,0.073330,0.075437
0.980579,0.812710,0.071064,0.073330
0.779653,0.838707,0.069287,0.071064
0.770713,0.996299,0.067657,0.069287
0.974218,0.817350,0.066093,0.067657
0.792887,0.832525,0.065034,0.066093
0.947567,0.956996,0.064153,0.065034
0.992236,0.854157,0.063234,0.064153
0.794808,0.893099,0.062565,0.063234
0.834505,0.961478,0.062000,0.062565
1.000950,0.824275,0.061634,0.062000
0.805445,0.832419,0.061378,0.061634
0.801589,0.971217,0.060823,0.061378
0.998713,0.788757,0.060116,0.060823
0.799383,0.854666,0.059723,0.060116
0.796707,1.014914,0.060075,0.059723
0.981554,0.820446,0.061137,0.060075
0.779959,0.846142,0.062224,0.061137
0.779809,0.982419,0.063629,0.062224
0.976228,0.826953,0.064703,0.063629
0.786150,0.865783,0.064889,0.064703
0.932731,0.949501,0.064745,0.064889
0.978873,0.828156,0.063576,0.064745
0.781285,0.858715,0.036970,0.063576
0.921039,0.975710,0.029229,0.036970
1.139191,0.866138,0.094128,0.029229
0.900036,0.871866,0.119325,0.094128
0.821317,0.899774,0.128910,0.119325
0.884958,0.729811,0.129936,0.128910
0.664543,0.665546,0.126437,0.129936
0.406593,0.754806,0.120991,0.126437
0.532948,0.575342,0.112562,0.120991
0.436189,0.528722,0.105514,0.112562
0.423683,0.568294,0.099561,0.105514
0.501987,0.516186,0.094751,0.099561
0.460792,0.454026,0.092838,0.094751
0.404060,0.373993,0.091478,0.092838
0.283496,0.332126,0.074838,0.091478
0.258608,0.325718,0.092971,0.074838
0.315413,0.278213,0.155063,0.092971
0.408800,0.239172,0.220946,0.155063
0.362467,0.236905,0.281049,0.220946
0.334678,0.255160,0.285081,0.281049
0.397667,0.311984,0.222888,0.285081
0.562532,0.277577,0.175210,0.222888
0.505867,0.306379,0.227173,0.175210
0.452631,0.380082,0.324749,0.227173
0.462974,0.458775,0.459560,0.324749
0.450473,0.542428,0.599746,0.459560
0.500872,0.569801,0.733507,0.599746
0.558596,0.666497,0.844057,0.733507
0.655753,0.860189,0.961191,0.844057
1.081359,0.794879,1.095530,0.961191
0.985806,0.854722,1.194661,1.095530
0.988921,0.985842,1.280619,1.194661
1.159484,0.801190,1.363641,1.280619
0.804153,0.833403,1.421141,1.363641
0.777703,0.982823,1.470623,1.421141
0.942318,0.821596,1.517681,1.470623
0.691708,0.812093,1.548450,1.517681
0.800973,1.000303,1.571704,1.548450
0.744009,0.815866,1.588369,1.571704
0.866659,1.018601,1.593229,1.588369
0.929922,0.996074,1.587620,1.593229
0.789090,0.879478,1.574261,1.587620
0.878834,0.999970,1.562231,1.574261
0.931866,0.834008,1.552097,1.562231
0.748354,0.903918,1.548315,1.552097
0.809961,1.027554,1.548521,1.548315
0.956705,1.069418,1.552193,1.548521
0.963061,1.002929,1.557493,1.552193
0.921778,0.860861,1.561985,1.557493
0.818235,0.871121,1.564507,1.561985
0.794447,1.002413,1.565883,1.564507
0.969518,0.882090,1.566373,1.565883
0.769050,0.842989,1.566360,1.566373
0.770238,1.021259,1.566457,1.566360
0.953640,0.845738,1.567032,1.566457
0.755825,0.871761,1.568014,1.567032
0.752447,1.013165,1.569456,1.568014
0.929699,0.838584,1.571387,1.569456
0.737170,0.843375,1.573139,1.571387
0.866760,0.997566,1.574921,1.573139
0.774471,0.815617,1.576947,1.574921
0.856289,0.823433,1.578566,1.576947
0.774094,0.975844,1.580217,1.578566
0.862003,0.808209,1.582238,1.580217
0.779249,0.850544,1.584136,1.582238
0.734789,0.971697,1.586392,1.584136
0.916930,0.824001,1.589778,1.586392
0.741354,0.843765,1.593036,1.589778
0.797071,0.981628,1.597340,1.593036
1.184131,0.796554,1.606309,1.597340
0.920891,0.767610,1.614077,1.606309
0.836267,0.838960,1.620703,1.614077
0.886506,0.653003,1.627754,1.620703
0.606614,0.630535,1.633945,1.627754
0.631558,0.665921,1.640826,1.633945
0.490064,0.504624,1.649905,1.640826
0.494780,0.451132,1.658861,1.649905
0.396329,0.511230,1.669600,1.658861
0.397509,0.374242,1.684824,1.669600
0.315757,0.387870,1.700188,1.684824
0.279458,0.387362,1.718623,1.700188
0.324017,0.282204,1.742296,1.718623
0.204897,0.267181,1.763292,1.742296
0.250981,0.299032,1.781243,1.763292
0.455338,0.249092,1.789352,1.781243
0.377731,0.214492,1.782175,1.789352
0.316289,0.219556,1.756114,1.782175
0.311746,0.224909,1.705664,1.756114
0.274367,0.236002,1.651307,1.705664
0.475651,0.289835,1.584315,1.651307
0.415507,0.299514,1.495095,1.584315
0.363003,0.324108,1.418128,1.495095
0.270001,0.456514,1.339276,1.418128
0.293241,0.470910,1.229919,1.339276
0.361007,0.586220,1.121163,1.229919
0.533521,0.772944,0.984732,1.121163
0.975747,0.736533,0.803628,0.984732
0.944991,0.972628,0.651126,0.803628
1.396113,1.038597,0.485127,0.651126
1.354684,0.872624,0.359067,0.485127
0.985219,1.041783,0.273300,0.359067
1.065724,0.818198,0.193601,0.273300
0.769874,0.835928,0.142151,0.193601
0.734139,0.995725,0.103769,0.142151
0.876281,0.805665,0.078971,0.103769
0.699220,0.865707,0.073587,0.078971
0.702389,1.024101,0.076114,0.073587
0.919440,0.819414,0.079196,0.076114
0.741074,0.874563,0.077247,0.079196
0.883359,1.039642,0.070972,0.077247
0.954192,0.875826,0.063167,0.070972
0.770814,0.903327,0.059239,0.063167
0.824642,0.997060,0.057021,0.059239
0.963085,0.878907,0.054364,0.057021
0.773670,0.859849,0.051369,0.054364
0.764984,1.044255,0.048194,0.051369
0.948303,0.857417,0.045482,0.048194
0.751421,0.887717,0.044388,0.045482
0.738694,1.003747,0.044160,0.044388
0.921670,0.869831,0.043948,0.044160
0.733077,0.872061,0.043492,0.043948
0.730040,1.014343,0.043157,0.043492
0.906159,0.838593,0.043007,0.043157
0.729755,0.839354,0.042907,0.043007
0.867825,1.015305,0.042987,0.042907
0.909651,0.837369,0.043050,0.042987
0.729596,0.867840,0.043315,0.043050
0.765150,0.953952,0.043449,0.043315
0.898643,0.842270,0.043516,0.043449
0.718770,0.852839,0.043724,0.043516
0.717586,0.978858,0.044132,0.043724
0.898914,0.809925,0.045135,0.044132
0.713840,0.846578,0.046498,0.045135
0.704650,0.967763,0.048089,0.046498
0.882160,0.839516,0.049625,0.048089
0.712310,0.837784,0.028947,0.049625
0.764644,0.990888,0.034668,0.028947
1.082246,0.813788,0.101730,0.034668
0.859082,0.725928,0.129554,0.101730
0.886366,0.851714,0.140862,0.129554
0.792602,0.631766,0.142369,0.140862
0.549281,0.583187,0.138143,0.142369
0.503246,0.622053,0.131294,0.138143
0.519943,0.467668,0.123558,0.131294
0.379288,0.445795,0.119295,0.123558
0.369948,0.495060,0.117793,0.119295
0.419923,0.366272,0.120159,0.117793
0.293829,0.356443,0.124924,0.120159
0.269997,0.376283,0.131694,0.124924
0.316535,0.336630,0.137513,0.131694
0.309174,0.281571,0.162417,0.137513
0.392313,0.217770,0.214579,0.162417
0.337214,0.220931,0.269790,0.214579
0.289275,0.177733,0.296948,0.269790
0.272469,0.194082,0.262176,0.296948
0.243141,0.231113,0.192375,0.262176
0.484516,0.305281,0.130029,0.192375
0.476578,0.277244,0.188855,0.130029
0.264295,0.308746,0.292207,0.188855
0.046087,0.435535,0.417890,0.292207
0.143145,0.383937,0.571176,0.417890
0.099530,0.569031,0.690022,0.571176
0.142460,0.733029,0.834979,0.690022
0.253949,0.695441,0.976784,0.834979
0.420605,0.913326,1.094154,0.976784
0.734458,0.790404,1.213643,1.094154
0.864140,0.853133,1.294657,1.213643
0.937845,1.013532,1.363045,1.294657
1.073721,0.849405,1.427458,1.363045
0.797831,0.877185,1.471895,1.427458
0.763130,0.985750,1.510766,1.471895
0.929218,0.831878,1.548215,1.510766
0.726336,0.841731,1.572421,1.548215
0.723308,0.991048,1.589487,1.572421
0.906023,0.838221,1.597708,1.589487
0.721406,0.849713,1.594386,1.597708
0.859657,0.987917,1.583878,1.594386
0.941313,0.837801,1.568950,1.583878
0.764871,0.889399,1.558809,1.568950
0.813595,1.015334,1.552773,1.558809
0.953942,0.842761,1.551581,1.552773
0.773357,0.863103,1.553933,1.551581
0.774355,1.034487,1.557799,1.553933
0.967999,0.841038,1.562254,1.557799
0.766065,0.859772,1.565059,1.562254
0.763919,1.040792,1.566831,1.565059
0.953865,0.841910,1.567580,1.566831
0.753392,0.858149,1.567735,1.567580
0.747143,0.990644,1.567820,1.567735
0.917844,0.824808,1.568223,1.567820
0.731320,0.847638,1.569033,1.568223
0.862549,0.986292,1.570213,1.569033
0.908938,0.816686,1.571929,1.570213
0.728048,0.831713,1.573593,1.571929
0.774757,0.976828,1.575376,1.573593
0.911470,0.822558,1.577365,1.575376
0.730245,0.839084,1.578911,1.577365
0.732595,0.976727,1.580444,1.578911
0.913878,0.822072,1.582185,1.580444
0.729102,0.859748,1.583832,1.582185
0.708101,0.980762,1.585886,1.583832
0.307832,0.832087,1.588891,1.585886
0.114527,0.829874,1.591983,1.588891
0.423385,0.974372,1.595267,1.591983
0.875648,0.987488,1.601186,1.595267
1.096053,0.954349,1.610152,1.601186
1.044434,0.758195,1.617547,1.610152
0.749449,0.714879,1.622643,1.617547
0.790444,0.781092,1.627559,1.622643
0.622975,0.562190,1.633828,1.627559
0.620396,0.551114,1.640323,1.633828
0.485268,0.593221,1.648619,1.640323
0.479915,0.433191,1.660411,1.648619
0.380666,0.421427,1.671960,1.660411
0.320245,0.448807,1.685237,1.671960
0.386555,0.313093,1.702746,1.685237
0.286055,0.273717,1.719322,1.702746
0.243415,0.326913,1.738803,1.719322
0.281559,0.231720,1.771321,1.738803
0.222408,0.237620,1.812598,1.771321
0.246802,0.276054,1.870731,1.812598
0.297641,0.220697,1.955014,1.870731
0.181243,0.230337,2.032019,1.955014
0.291865,0.306406,2.110905,2.032019
0.388842,0.281133,2.215549,2.110905
0.660217,0.331399,2.318277,2.215549
0.556397,0.347322,2.435851,2.318277
0.454961,0.310675,2.584094,2.435851
0.245575,0.350476,2.708278,2.584094
0.228977,0.410726,2.826522,2.708278
0.482212,0.411613,2.945078,2.826522
0.549122,0.495225,3.021142,2.945078
0.629791,0.651230,3.075376,3.021142
0.942832,0.625253,3.112740,3.075376
0.839663,0.816380,3.130217,3.112740
1.094993,0.826176,3.142971,3.130217
1.222664,0.713520,3.133137,3.142971
0.943037,0.880212,3.130276,3.133137
1.038427,0.726745,3.134731,3.130276
0.765164,0.702381,3.141508,3.134731
0.723294,0.830753,3.133315,3.141508
0.883820,0.693981,3.126627,3.133315
0.713490,0.724496,3.124596,3.126627
0.860444,0.864104,3.125541,3.124596
0.920822,0.695471,3.128968,3.125541
0.757901,0.714176,3.132451,3.128968
0.825448,0.843616,3.135526,3.132451
0.978699,0.857547,3.137739,3.135526
0.972593,0.849740,3.138556,3.137739
0.926126,0.717707,3.138248,3.138556
0.829609,0.727234,3.137672,3.138248
0.777192,0.898289,3.137094,3.137672
0.975820,0.739450,3.136836,3.137094
0.786627,0.755816,3.136996,3.136836
0.793087,0.865412,3.137439,3.136996
1.003848,0.759529,3.138188,3.137439
0.818200,0.747768,3.138924,3.138188
0.809721,0.922249,3.139632,3.138924
1.022368,0.757665,3.140316,3.139632
0.820480,0.760295,3.140801,3.140316
0.950567,0.900330,3.141068,3.140801
0.881948,0.746993,3.141649,3.141068
0.985151,0.780423,3.141900,3.141649
0.868926,0.930703,3.142106,3.141900
0.980740,0.748471,3.141925,3.142106
0.854382,0.788776,3.141341,3.141925
0.795117,0.891102,3.140587,3.141341
1.026137,0.734525,3.139605,3.140587
0.840491,0.791933,3.138797,3.139605
0.850015,0.886631,3.137906,3.138797
1.057043,0.746329,3.136556,3.137906
0.837171,0.765571,3.135119,3.136556
0.835166,0.933450,3.133369,3.135119
1.046986,0.934848,3.130993,3.133369
1.045161,0.892167,3.128317,3.130993
1.039672,0.744837,3.124665,3.128317
0.884355,0.794615,3.121098,3.124665
0.927404,0.880796,3.118003,3.121098
1.138893,0.706122,3.114846,3.118003
0.829969,0.624747,3.112084,3.114846
0.893078,0.733354,3.108762,3.112084
0.856179,0.575103,3.103706,3.108762
0.627192,0.551749,3.098494,3.103706
0.614201,0.609992,3.092341,3.098494
0.653712,0.465863,3.084692,3.092341
0.498055,0.479022,3.078036,3.084692
0.472406,0.490516,3.071201,3.078036
0.558554,0.381534,3.063075,3.071201
0.423326,0.400777,3.055906,3.063075
0.391721,0.434133,3.047986,3.055906
0.465777,0.350371,3.037676,3.047986
0.359381,0.305327,3.028077,3.037676
0.333421,0.340571,3.017381,3.028077
0.387579,0.255793,3.004118,3.017381
0.287233,0.247342,2.992547,3.004118
0.315533,0.291969,2.981241,2.992547
0.310937,0.217549,2.974312,2.981241
0.238089,0.186701,2.975572,2.974312
0.233633,0.218963,2.980755,2.975572
0.273989,0.172606,2.988387,2.980755
0.195657,0.130473,2.993848,2.988387
0.161577,0.165477,2.997218,2.993848
0.165923,0.114056,2.998203,2.997218
0.110552,0.086373,2.997159,2.998203
0.107539,0.139998,2.995234,2.997159
0.115080,0.110291,2.992905,2.995234
0.083101,0.115780,2.991469,2.992905
0.074104,0.108381,2.990723,2.991469
0.091456,0.085033,2.990653,2.990723
0.058682,0.047093,2.990963,2.990653
0.054811,0.054972,2.991421,2.990963
0.048910,0.040866,2.991971,2.991421
0.041747,0.052093,2.992255,2.991971
0.040014,0.078294,2.992448,2.992255
0.036112,0.059514,2.992467,2.992448
0.031552,0.032598,2.992254,2.992467
0.029373,0.044499,2.991983,2.992254
0.022857,0.040211,2.991859,2.991983
0.023954,0.040996,2.991765,2.991859
0.035072,0.026130,2.991711,2.991765
0.027581,0.056298,2.991706,2.991711
0.030559,0.034637,2.991724,2.991706
0.038884,0.030514,2.991754,2.991724
0.029533,0.005822,2.991726,2.991754
0.036336,0.038918,2.991664,2.991726
0.026392,0.012067,2.991693,2.991664
0.000000,0.034883,2.991828,2.991693
0.000000,0.038323,2.991750,2.991828
0.020708,0.039551,2.991601,2.991750
0.000000,0.000000,0.000000,0.000000
0.000000,0.023514,2.043648,0.000000
0.023290,0.013939,2.038431,2.043648
0.032776,0.074529,2.024502,2.038431
0.035309,0.051792,2.014286,2.024502
0.020353,0.040779,2.010468,2.014286
0.000000,0.033299,2.015445,2.010468
0.000000,0.013318,2.024957,2.015445
0.000000,0.023450,2.021895,2.024957
0.000000,0.050506,2.019900,2.021895
0.000000,0.056914,2.019204,2.019900
0.000000,0.016949,2.019510,2.019204
0.000000,0.032147,2.020074,2.019510
0.000000,0.016822,2.021470,2.020074
0.028277,0.020491,2.012772,2.021470
0.030663,0.059576,2.011233,2.012772
0.038324,0.025852,2.009085,2.011233
0.034887,0.041461,2.007398,2.009085
0.033022,0.052579,2.007089,2.007398
0.047567,0.008366,2.009016,2.007089
0.042889,0.017450,2.011516,2.009016
0.067528,0.044825,2.014278,2.011516
0.066436,0.021815,2.016665,2.014278
0.052209,0.033184,2.018434,2.016665
0.069166,0.017579,2.020073,2.018434
0.062474,0.020509,2.020451,2.020073
0.070111,0.039229,2.020867,2.020451
0.070423,0.036898,2.021132,2.020867
0.055822,0.036456,2.020478,2.021132
0.063986,0.055087,2.019482,2.020478
0.067771,0.048843,2.017981,2.019482
0.053945,0.006475,2.016928,2.017981
0.044649,0.019626,2.016196,2.016928
0.055257,0.033599,2.015957,2.016196
0.028116,0.028691,2.016294,2.015957
0.039835,0.026593,2.016783,2.016294
0.113468,0.033106,2.002367,2.016783
0.152455,0.062869,1.978414,2.002367
0.168573,0.090600,1.926582,1.978414
0.082570,0.174431,1.852738,1.926582
0.074063,0.303383,1.748984,1.852738
0.303040,0.345728,1.617356,1.748984
0.339625,0.445356,1.522750,1.617356
0.426966,0.578918,1.446596,1.522750
0.622729,0.584741,1.366631,1.446596
0.475110,0.685397,1.283923,1.366631
0.512302,0.849290,1.171066,1.283923
0.695381,0.774409,1.006848,1.171066
0.714812,0.812552,0.853076,1.006848
0.422876,0.964286,0.698758,0.853076
0.961598,0.818883,0.535556,0.698758
0.917431,0.827996,0.417916,0.535556
0.911191,0.962178,0.317560,0.417916
1.090047,0.775258,0.225734,0.317560
0.832460,0.806916,0.166736,0.225734
0.918148,0.936838,0.123649,0.166736
0.893330,0.794205,0.096590,0.123649
0.696522,0.802053,0.088050,0.096590
0.734283,0.928006,0.086847,0.088050
0.866353,0.798525,0.086600,0.086847
0.694423,0.805568,0.085010,0.086600
0.707730,0.954197,0.080739,0.085010
0.924328,0.811288,0.071983,0.080739
0.780188,0.838007,0.065388,0.071983
0.801664,0.983431,0.060847,0.065388
0.996648,0.805115,0.057993,0.060847
0.792829,0.825353,0.057345,0.057993
0.792694,1.000649,0.057219,0.057345
0.977879,0.807658,0.057492,0.057219
0.777638,0.865297,0.057968,0.057492
0.933727,1.005294,0.058730,0.057968
0.976801,0.807659,0.059486,0.058730
0.793263,0.841558,0.059804,0.059486
0.857140,0.988701,0.059643,0.059804
1.012833,0.972616,0.059032,0.059643
0.995439,1.003008,0.058319,0.059032
0.935496,0.829931,0.058143,0.058319
0.852476,0.813787,0.058069,0.058143
0.807902,0.970964,0.057629,0.058069
0.997800,0.817958,0.057411,0.057629
0.801105,0.832631,0.058139,0.057411
0.797884,1.000804,0.059693,0.058139
0.984482,0.833853,0.061430,0.059693
0.784588,0.834978,0.062502,0.061430
0.779378,0.959760,0.062883,0.062502
0.975515,0.835060,0.062240,0.062883
0.787568,0.841201,0.059980,0.062240
0.950544,0.946577,0.027997,0.059980
0.925596,0.808381,0.048354,0.027997
1.087552,0.788695,0.098479,0.048354
0.936420,0.900205,0.121538,0.098479
0.946142,0.702049,0.128853,0.121538
0.747611,0.659830,0.126582,0.128853
0.631651,0.716084,0.119871,0.126582
0.709100,0.559339,0.109708,0.119871
0.514367,0.546312,0.101294,0.109708
0.477925,0.567122,0.093926,0.101294
0.541794,0.415299,0.087812,0.093926
0.406943,0.405822,0.084388,0.087812
0.377865,0.442497,0.082230,0.084388
0.433065,0.317014,0.079451,0.082230
0.317323,0.317241,0.055129,0.079451
0.287128,0.341075,0.039615,0.055129
0.232297,0.273810,0.073772,0.039615
0.386134,0.285928,0.149542,0.073772
0.435707,0.293937,0.231966,0.149542
0.454949,0.217965,0.302897,0.231966
0.111677,0.237459,0.306240,0.302897
0.063636,0.325521,0.269307,0.306240
0.469538,0.271624,0.268197,0.269307
0.375319,0.324832,0.338339,0.268197
0.286320,0.387009,0.442646,0.338339
0.251774,0.392329,0.591903,0.442646
0.206231,0.439523,0.716760,0.591903
0.266825,0.653519,0.844570,0.716760
0.374352,0.571529,0.991099,0.844570
0.373790,0.685659,1.105458,0.991099
0.605112,0.889228,1.208481,1.105458
0.704355,0.814518,1.305953,1.208481
0.970393,0.814325,1.370587,1.305953
0.899291,0.972853,1.425128,1.370587
0.898292,0.803609,1.476813,1.425128
0.737865,0.817359,1.512859,1.476813
0.694675,0.927669,1.544040,1.512859
0.844202,0.769007,1.572330,1.544040
0.680273,0.803109,1.587466,1.572330
0.707706,0.946737,1.593491,1.587466
0.915814,0.787550,1.587926,1.593491
0.754015,0.814033,1.576353,1.587926
0.769530,0.948385,1.563242,1.576353
0.983536,0.806607,1.551670,1.563242
0.785446,0.828316,1.546805,1.551670
0.938645,0.968177,1.546026,1.546805
0.855537,0.841146,1.548726,1.546026
0.958381,0.821783,1.552159,1.548726
0.860032,0.990417,1.555447,1.552159
0.956119,0.823210,1.557862,1.555447
0.850816,0.838015,1.558662,1.557862
0.792185,0.976301,1.558488,1.558662
0.998586,0.810600,1.557574,1.558488
0.786981,0.834016,1.556837,1.557574
0.790880,0.985610,1.556486,1.556837
0.992194,0.809199,1.556731,1.556486
0.790883,0.845562,1.557343,1.556731
0.799490,0.997724,1.558050,1.557343
1.014511,0.824157,1.558714,1.558050
0.819582,0.833078,1.559060,1.558714
0.967853,0.970333,1.559233,1.559060
0.860464,0.822651,1.559303,1.559233
0.964108,0.840583,1.559264,1.559303
0.861365,0.955608,1.559218,1.559264
0.963199,0.834716,1.559243,1.559218
0.854083,1.016307,1.559665,1.559243
0.999700,0.986026,1.560664,1.559665
0.946483,0.827553,1.562114,1.560664
0.840174,0.970296,1.563475,1.562114
0.996035,0.835426,1.564255,1.563475
0.867278,0.839062,1.565474,1.564255
0.942738,0.929771,1.568438,1.565474
1.142185,0.752665,1.570488,1.568438
0.820466,0.706894,1.570485,1.570488
0.724376,0.775736,1.569704,1.570485
0.784256,0.612170,1.569080,1.569704
0.557886,0.568860,1.569580,1.569080
0.506323,0.603331,1.571415,1.569580
0.592739,0.468019,1.574688,1.571415
0.434494,0.452187,1.577700,1.574688
0.489844,0.486886,1.580155,1.577700
0.476279,0.371316,1.581544,1.580155
0.356178,0.356367,1.581508,1.581544
0.351807,0.409931,1.579836,1.581508
0.304804,0.317105,1.577911,1.579836
0.234927,0.287290,1.574868,1.577911
0.348735,0.355687,1.566306,1.574868
0.521748,0.244807,1.547216,1.566306
0.413332,0.257352,1.517460,1.547216
0.358356,0.270433,1.465476,1.517460
0.333505,0.253055,1.387889,1.465476
0.258539,0.300039,1.309642,1.387889
0.274178,0.367483,1.223027,1.309642
0.211531,0.333001,1.119952,1.223027
0.075433,0.364852,1.031460,1.119952
0.087278,0.505247,0.925867,1.031460
0.321089,0.519406,0.782984,0.925867
0.471488,0.594026,0.652537,0.782984
0.702234,0.816290,0.514027,0.652537
0.979090,0.725790,0.368817,0.514027
0.867870,0.786105,0.266727,0.368817
0.924869,0.948948,0.183839,0.266727
1.136813,0.791496,0.119728,0.183839
0.830903,0.790437,0.082293,0.119728
0.752289,0.938638,0.061732,0.082293
0.865595,0.782972,0.062631,0.061732
0.683186,0.797706,0.071056,0.062631
0.689967,0.910073,0.077634,0.071056
0.878955,0.823126,0.079332,0.077634
0.729453,0.788788,0.077185,0.079332
0.883045,0.922373,0.075155,0.077185
0.966858,0.781625,0.075239,0.075155
0.790842,0.809400,0.076038,0.075239
0.842641,0.979691,0.075904,0.076038
1.000187,0.815597,0.074484,0.075904
0.801471,0.850654,0.072850,0.074484
0.803512,0.944918,0.071282,0.072850
1.001130,0.823070,0.070019,0.071282
0.784275,0.839756,0.069728,0.070019
0.778884,0.952628,0.069256,0.069728
0.975378,0.819571,0.068601,0.069256
0.790270,0.833163,0.067846,0.068601
0.793406,0.975572,0.066986,0.067846
1.003187,0.854920,0.066428,0.066986
0.793765,0.849785,0.066104,0.066428
0.954469,0.985573,0.065707,0.066104
1.009321,0.807630,0.065068,0.065707
0.810018,0.853052,0.064491,0.065068
0.863434,0.985117,0.064058,0.064491
1.013187,0.837428,0.063527,0.064058
0.805877,0.837049,0.062687,0.063527
0.802126,0.995287,0.061578,0.062687
0.991327,0.834950,0.060211,0.061578
0.792985,0.844253,0.059193,0.060211
0.794742,0.998367,0.058692,0.059193
0.983783,0.833788,0.058342,0.058692
0.790817,0.861286,0.058273,0.058342
0.782794,0.968702,0.058479,0.058273
0.988420,0.830366,0.053912,0.058479
0.808403,0.839181,0.017045,0.053912
1.046899,1.015155,0.052531,0.017045
1.098394,0.853155,0.107690,0.052531
0.840415,0.987796,0.126231,0.107690
0.920341,0.855368,0.131713,0.126231
0.822691,0.822382,0.127902,0.131713
0.741019,0.756596,0.119774,0.127902
0.571072,0.578640,0.111225,0.119774
0.576116,0.626638,0.104788,0.111225
0.555337,0.485830,0.099139,0.104788
0.415103,0.442769,0.096285,0.099139
0.405975,0.479917,0.094928,0.096285
0.432133,0.392177,0.094979,0.094928
0.312568,0.335149,0.080656,0.094979
0.217819,0.326686,0.078721,0.080656
0.343779,0.272945,0.129010,0.078721
0.340323,0.248377,0.192314,0.129010
0.355484,0.265289,0.262993,0.192314
0.385152,0.213850,0.292928,0.262993
0.285535,0.249147,0.265628,0.292928
0.332670,0.309604,0.212350,0.265628
0.615202,0.296855,0.227393,0.212350
0.501635,0.312717,0.311754,0.227393
0.438360,0.426821,0.423401,0.311754
0.344200,0.400805,0.567294,0.423401
0.284910,0.474827,0.688709,0.567294
0.402178,0.647774,0.812914,0.688709
0.708765,0.806731,0.957193,0.812914
0.860956,0.884778,1.098907,0.957193
0.933917,0.800622,1.218395,1.098907
0.949001,1.012422,1.298279,1.218395
1.165180,1.001526,1.376526,1.298279
1.059919,0.858949,1.437571,1.376526
0.840991,0.986668,1.480381,1.437571
0.916510,0.833216,1.521884,1.480381
0.714441,0.836336,1.550196,1.521884
0.703039,0.976096,1.572673,1.550196
0.883118,0.828574,1.588809,1.572673
0.709796,0.857227,1.592526,1.588809
0.724661,0.993964,1.587047,1.592526
0.926576,0.857508,1.573648,1.587047
0.740084,0.861295,1.562014,1.573648
0.740245,1.032307,1.553248,1.562014
0.927226,0.845596,1.548823,1.553248
0.756315,0.879305,1.549353,1.548823
0.917448,1.023841,1.552542,1.549353
0.981839,0.842379,1.557548,1.552542
0.783152,0.903488,1.561466,1.557548
0.824184,1.023150,1.564433,1.561466
0.953960,0.843099,1.566310,1.564433
0.766780,0.877076,1.566842,1.566310
0.766573,0.999321,1.566909,1.566842
0.952455,0.853712,1.566953,1.566909
0.765537,0.864201,1.567148,1.566953
0.763003,1.013860,1.567624,1.567148
0.950533,1.031427,1.568539,1.567624
0.945637,0.990838,1.569893,1.568539
0.935277,0.826697,1.571541,1.569893
0.745148,0.842726,1.573024,1.571541
0.742367,0.997171,1.574697,1.573024
0.914104,0.994456,1.576874,1.574697
0.917070,0.971222,1.579313,1.576874
0.918293,0.843866,1.581879,1.579313
0.731858,0.834497,1.583973,1.581879
0.734113,0.992246,1.586198,1.583973
0.920206,0.825023,1.589180,1.586198
0.730250,0.846858,1.591980,1.589180
0.890546,0.963906,1.595107,1.591980
1.083948,0.800429,1.602170,1.595107
0.894407,0.812024,1.609777,1.602170
0.883351,0.862330,1.616751,1.609777
0.875739,0.662498,1.624243,1.616751
0.616221,0.626855,1.630828,1.624243
0.559493,0.661381,1.638228,1.630828
0.589658,0.499596,1.648022,1.638228
0.427850,0.459836,1.657472,1.648022
0.391192,0.522295,1.668283,1.657472
0.438004,0.405002,1.682518,1.668283
0.308004,0.358696,1.696163,1.682518
0.281805,0.415771,1.712172,1.696163
0.316508,0.304326,1.733327,1.712172
0.221420,0.271526,1.752507,1.733327
0.218357,0.282906,1.772287,1.752507
0.383310,0.248042,1.786087,1.772287
0.340188,0.243005,1.785262,1.786087
0.356893,0.250796,1.768400,1.785262
0.314536,0.243285,1.724520,1.768400
0.367420,0.244758,1.663633,1.724520
0.496722,0.266738,1.586800,1.663633
0.480072,0.356388,1.512358,1.586800
0.387907,0.357478,1.417075,1.512358
0.292734,0.403846,1.324908,1.417075
0.268361,0.545518,1.232684,1.324908
0.440416,0.540063,1.104528,1.232684
0.554492,0.642637,0.970874,1.104528
0.778057,0.888024,0.814933,0.970874
1.226639,0.800679,0.631425,0.814933
1.056014,0.844685,0.494061,0.631425
1.136913,1.005409,0.381320,0.494061
1.287583,0.878195,0.277800,0.381320
0.890934,0.875335,0.208398,0.277800
0.794448,0.966869,0.152430,0.208398
0.940001,0.829098,0.106547,0.152430
0.704052,0.826124,0.085340,0.106547
0.821934,1.018004,0.079292,0.085340
0.855286,0.826527,0.083616,0.079292
0.701123,0.842965,0.087048,0.083616
0.782808,1.044767,0.085791,0.087048
0.941950,1.042766,0.078830,0.085791
0.959786,0.990882,0.069246,0.078830
0.930017,0.877933,0.062311,0.069246
0.836442,0.906093,0.058451,0.062311
0.779908,1.071722,0.054787,0.058451
0.989276,0.874554,0.049908,0.054787
0.778400,0.897270,0.045461,0.049908
0.773610,1.047974,0.041485,0.045461
0.960134,0.848969,0.038202,0.041485
0.760390,0.888163,0.036697,0.038202
0.753882,1.039387,0.036455,0.036697
0.935985,0.835753,0.036894,0.036455
0.736071,0.904444,0.037371,0.036894
0.872660,0.992848,0.037935,0.037371
0.780577,0.834188,0.038620,0.037935
0.866282,0.866790,0.039125,0.038620
0.779075,0.971408,0.039379,0.039125
0.869122,0.809327,0.039759,0.039379
0.766223,1.013711,0.039996,0.039759
0.900966,0.968538,0.040794,0.039996
0.845617,0.861968,0.042084,0.040794
0.756524,0.989913,0.043722,0.042084
0.888782,0.823242,0.045789,0.043722
0.705076,0.823176,0.047494,0.045789
0.703253,0.932294,0.049225,0.047494
0.887059,0.780283,0.049767,0.049225
0.718076,0.827622,0.024277,0.049767
0.812871,0.988280,0.045147,0.024277
0.899406,0.778674,0.108524,0.045147
0.753628,0.769939,0.131641,0.108524
0.711305,0.828836,0.138951,0.131641
0.765350,0.651744,0.137772,0.138951
0.530768,0.577422,0.133226,0.137772
0.555625,0.624753,0.127686,0.133226
0.531429,0.441705,0.122256,0.127686
0.400581,0.425092,0.119588,0.122256
0.387866,0.464792,0.118762,0.119588
0.394721,0.412088,0.120212,0.118762
0.354027,0.378773,0.124884,0.120212
0.305755,0.272439,0.128838,0.124884
0.225969,0.279549,0.136100,0.128838
0.246048,0.265354,0.162926,0.136100
0.397400,0.232770,0.217827,0.162926
0.345848,0.179858,0.273121,0.217827
0.311741,0.214832,0.293890,0.273121
0.320541,0.196734,0.256174,0.293890
0.296344,0.244021,0.185679,0.256174
0.403263,0.302295,0.146971,0.185679
0.457096,0.313711,0.226031,0.146971
0.226762,0.314992,0.335877,0.226031
0.126936,0.458439,0.460375,0.335877
0.123966,0.415182,0.604301,0.460375
0.199816,0.631126,0.721585,0.604301
0.273315,0.763240,0.863847,0.721585
0.369245,0.737667,1.003921,0.863847
0.674901,0.934391,1.118195,1.003921
1.046324,0.837478,1.232027,1.118195
0.956474,0.871781,1.310136,1.232027
0.971069,1.023074,1.376358,1.310136
0.952502,0.833147,1.439017,1.376358
0.744138,0.871310,1.482545,1.439017
0.723323,0.955473,1.520536,1.482545
0.879167,0.792487,1.556589,1.520536
0.700713,0.846862,1.579155,1.556589
0.711301,1.006114,1.594068,1.579155
0.909266,1.000397,1.599374,1.594068
0.921517,1.010494,1.591720,1.599374
0.948467,0.842622,1.577458,1.591720
0.753822,0.894184,1.565832,1.577458
0.768150,1.043181,1.557362,1.565832
0.984143,1.053426,1.553204,1.557362
0.988968,1.030521,1.554234,1.553204
1.001000,0.857938,1.558090,1.554234
0.793221,0.901886,1.561726,1.558090
0.789215,1.006186,1.564952,1.561726
0.967954,0.859731,1.567470,1.564952
0.761696,0.860978,1.568417,1.567470
0.899494,0.984700,1.568691,1.568417
0.941518,0.840242,1.568601,1.568691
0.748254,0.875865,1.568623,1.568601
0.788484,0.983588,1.568909,1.568623
0.932863,0.825345,1.569650,1.568909
0.740355,0.860203,1.570483,1.569650
0.740804,0.997966,1.571509,1.570483
0.932219,0.804662,1.572880,1.571509
0.734776,0.822967,1.574059,1.572880
0.737962,0.954742,1.575246,1.574059
0.920922,0.845311,1.576735,1.575246
0.746894,0.827504,1.578152,1.576735
0.748266,0.981714,1.579932,1.578152
0.932962,0.826391,1.582578,1.579932
0.748673,0.837030,1.585396,1.582578
0.881361,1.000223,1.588857,1.585396
0.947822,0.803255,1.593058,1.588857
0.815890,0.854480,1.598337,1.593058
0.929232,0.925290,1.605964,1.598337
1.030549,0.750126,1.613280,1.605964
0.727651,0.709987,1.618126,1.613280
0.638506,0.736048,1.622906,1.618126
0.706273,0.582373,1.629181,1.622906
0.503052,0.525077,1.635461,1.629181
0.449948,0.598399,1.643122,1.635461
0.499545,0.449392,1.654044,1.643122
0.369262,0.433904,1.665125,1.654044
0.360505,0.425790,1.678537,1.665125
0.418685,0.332811,1.696579,1.678537
0.324392,0.344113,1.713630,1.696579
0.352107,0.349715,1.731805,1.713630
0.271406,0.270226,1.758265,1.731805
0.247079,0.261420,1.790615,1.758265
0.297123,0.260432,1.837815,1.790615
0.367292,0.194981,1.912172,1.837815
0.280065,0.266098,1.985256,1.912172
0.281132,0.304130,2.064112,1.985256
0.465202,0.277074,2.158926,2.064112
0.560770,0.292411,2.251530,2.158926
0.580313,0.372967,2.360383,2.251530
0.487856,0.305307,2.502518,2.360383
0.309138,0.312659,2.628266,2.502518
0.313836,0.390218,2.754574,2.628266
0.530313,0.409949,2.888014,2.754574
0.492068,0.475568,2.977609,2.888014
0.688909,0.625014,3.044952,2.977609
0.816841,0.592650,3.093453,3.044952
0.768266,0.677588,3.117023,3.093453
0.902195,0.812273,3.132640,3.117023
1.166285,0.869115,3.139229,3.132640
1.182061,0.891713,3.129247,3.139229
1.029703,0.717399,3.128916,3.129247
0.834063,0.725861,3.135597,3.128916
0.735742,0.843209,3.139270,3.135597
0.906861,0.712288,3.130347,3.139270
0.733237,0.713679,3.126670,3.130347
0.736293,0.813191,3.126585,3.126670
0.926398,0.716119,3.129747,3.126585
0.628375,0.721678,3.133421,3.129747
0.317050,0.845155,3.136826,3.133421
0.780743,0.719376,3.139449,3.136826
0.718859,0.745302,3.140581,3.139449
0.900918,0.851737,3.140844,3.140581
0.830109,0.712216,3.140410,3.140844
0.952463,0.722299,3.139707,3.140410
0.854063,0.905153,3.139029,3.139707
0.952385,0.706070,3.138673,3.139029
0.847419,0.771742,3.138767,3.138673
0.808772,0.876005,3.139125,3.138767
1.008458,0.783505,3.140064,3.139125
0.813306,0.747974,3.140904,3.140064
0.812431,0.889764,3.141641,3.140904
1.025953,0.738731,3.142375,3.141641
0.817424,0.766443,3.141839,3.142375
0.821564,0.916256,3.141494,3.141839
1.050629,0.746544,3.141278,3.141494
0.832690,0.765005,3.141161,3.141278
0.986889,0.900771,3.141041,3.141161
0.875027,0.763272,3.140727,3.141041
0.960053,0.795613,3.140212,3.140727
0.858041,0.893417,3.139471,3.140212
0.988374,0.758762,3.138327,3.139471
0.906413,0.900961,3.137220,3.138327
1.059930,0.916672,3.135665,3.137220
1.008493,0.915461,3.133883,3.135665
1.057963,0.890360,3.132003,3.133883
1.043963,0.792728,3.130097,3.132003
0.885294,0.880485,3.128382,3.130097
0.983716,0.753768,3.125839,3.128382
0.912133,0.913937,3.122614,3.125839
1.160239,0.864679,3.118898,3.122614
1.094039,0.736686,3.115845,3.118898
0.904463,0.803848,3.113002,3.115845
0.951289,0.652506,3.108917,3.113002
0.703078,0.603151,3.104622,3.108917
0.635784,0.641254,3.099232,3.104622
0.734578,0.487662,3.091926,3.099232
0.542466,0.498331,3.085106,3.091926
0.513452,0.541610,3.077612,3.085106
0.604557,0.428898,3.068364,3.077612
0.454123,0.443335,3.060290,3.068364
0.430484,0.461560,3.051870,3.060290
0.513337,0.333828,3.041749,3.051870
0.386647,0.325450,3.033064,3.041749
0.428656,0.353750,3.023709,3.033064
0.410381,0.288089,3.011967,3.023709
0.299848,0.285535,3.001158,3.011967
0.287151,0.304037,2.989007,3.001158
0.298320,0.225422,2.974526,2.989007
0.233045,0.218011,2.966630,2.974526
0.229363,0.228444,2.966439,2.966630
0.270593,0.201275,2.972895,2.966439
0.278876,0.187665,2.981596,2.972895
0.233961,0.161409,2.988539,2.981596
0.150200,0.149014,2.991765,2.988539
0.122781,0.135828,2.992484,2.991765
0.119879,0.128548,2.990997,2.992484
0.086254,0.120452,2.988864,2.990997
0.089449,0.132770,2.986753,2.988864
0.100120,0.081379,2.984988,2.986753
0.071399,0.069627,2.984325,2.984988
0.072045,0.091316,2.984262,2.984325
0.059757,0.063952,2.984701,2.984262
0.058128,0.055647,2.985236,2.984701
0.038242,0.053017,2.985689,2.985236
0.042715,0.063019,2.985940,2.985689
0.031288,0.042418,2.985965,2.985940
0.029338,0.107041,2.985881,2.985965
0.051003,0.050765,2.985894,2.985881
0.042659,0.006788,2.985865,2.985894
0.049317,0.057868,2.985696,2.985865
0.059139,0.014581,2.985482,2.985696
0.035706,0.016107,2.985389,2.985482
0.027585,0.041481,2.985387,2.985389
0.031937,0.036689,2.985471,2.985387
0.024324,0.026867,2.985497,2.985471
0.000000,0.013516,2.985337,2.985497
0.000000,0.022638,2.985166,2.985337
0.000000,0.007160,2.985082,2.985166
0.000000,0.027006,2.985272,2.985082
0.000000,0.009810,2.985349,2.985272
0.000000,0.020720,2.985214,2.985349
0.000000,0.000000,0.000000,0.000000
0.000000,0.018136,2.048368,0.000000
0.016352,0.047846,2.043486,2.048368
0.033810,0.037396,2.034301,2.043486
0.029592,0.036420,2.036550,2.034301
0.027041,0.043342,2.046126,2.036550
0.000000,0.043234,2.052506,2.046126
0.000000,0.036750,2.053870,2.052506
0.000000,0.030818,2.051333,2.053870
0.000000,0.020004,2.050055,2.051333
0.000000,0.064730,2.050171,2.050055
0.024254,0.022053,2.051486,2.050171
0.023541,0.034193,2.053382,2.051486
0.025932,0.024557,2.055827,2.053382
0.000000,0.009680,2.056810,2.055827
0.000000,0.022837,2.056027,2.056810
0.000000,0.030292,2.052676,2.056027
0.017900,0.046666,2.047861,2.052676
0.024276,0.017883,2.041700,2.047861
0.038462,0.032291,2.034160,2.041700
0.033005,0.012247,2.029054,2.034160
0.041650,0.029459,2.026351,2.029054
0.045819,0.037192,2.028642,2.026351
0.053529,0.036855,2.033330,2.028642
0.058595,0.048252,2.039082,2.033330
0.062611,0.036497,2.044708,2.039082
0.055310,0.037661,2.047289,2.044708
0.065345,0.026719,2.047921,2.047289
0.085510,0.024275,2.047943,2.047921
0.074836,0.051381,2.047758,2.047943
0.088824,0.046249,2.048139,2.047758
0.113348,0.006547,2.050160,2.048139
0.084205,0.045405,2.053742,2.050160
0.078621,0.062257,2.056412,2.053742
0.084640,0.023269,2.057509,2.056412
0.058851,0.041051,2.056703,2.057509
0.056041,0.050427,2.054858,2.056703
0.052946,0.036437,2.052231,2.054858
0.047709,0.040086,2.049765,2.052231
0.038716,0.019153,2.048686,2.049765
0.039789,0.035139,2.049570,2.048686
0.117406,0.011676,2.031845,2.049570
0.123211,0.085236,2.002925,2.031845
0.080757,0.134207,1.941785,2.002925
0.047878,0.216083,1.861326,1.941785
0.181229,0.313845,1.754500,1.861326
0.454866,0.349062,1.627514,1.754500
0.346932,0.582605,1.538915,1.627514
0.569201,0.654152,1.451342,1.538915
0.587019,0.604462,1.364813,1.451342
0.470470,0.827533,1.262398,1.364813
0.699331,0.745424,1.104771,1.262398
0.659764,0.965865,0.952606,1.104771
0.733452,0.962038,0.764017,0.952606
1.077584,0.821400,0.594544,0.764017
0.954238,0.980669,0.468337,0.594544
1.138837,0.789133,0.346661,0.468337
0.848903,0.780552,0.265502,0.346661
0.942436,0.949125,0.199270,0.265502
0.781629,0.797209,0.142782,0.199270
0.831594,0.782126,0.113167,0.142782
0.717111,0.933456,0.096531,0.113167
0.796243,0.783236,0.089354,0.096531
0.715278,0.807194,0.087887,0.089354
0.685097,0.958908,0.086617,0.087887
0.878473,0.799408,0.082264,0.086617
0.726884,0.854506,0.075304,0.082264
0.765272,0.970986,0.066747,0.075304
1.021980,0.803846,0.058904,0.066747
0.807260,0.835024,0.055448,0.058904
0.807136,0.971541,0.054940,0.055448
0.997769,0.822512,0.055258,0.054940
0.801492,0.859024,0.055718,0.055258
0.950245,1.005847,0.056926,0.055718
0.849629,0.826989,0.058233,0.056926
0.952039,0.799189,0.058854,0.058233
0.856132,0.967071,0.058654,0.058854
0.966430,0.842715,0.058227,0.058654
0.864809,0.829385,0.057998,0.058227
0.810089,0.980775,0.057789,0.057998
1.005569,0.834253,0.057941,0.057789
0.790566,0.812910,0.058151,0.057941
0.780869,0.970458,0.058540,0.058151
0.984063,0.802569,0.059366,0.058540
0.781580,0.825179,0.060020,0.059366
0.783250,1.005504,0.060723,0.060020
0.979484,0.839267,0.061412,0.060723
0.784280,0.819485,0.061588,0.061412
0.933075,0.971453,0.061481,0.061588
0.835267,0.803330,0.061108,0.061481
0.937851,0.835237,0.060942,0.061108
0.843784,0.990931,0.048082,0.060942
0.995926,0.812666,0.015342,0.048082
0.979077,0.816735,0.075113,0.015342
0.925580,0.923820,0.109439,0.075113
1.033289,0.747592,0.124192,0.109439
0.737375,0.674216,0.125841,0.124192
0.669880,0.724956,0.122164,0.125841
0.743145,0.595551,0.114426,0.122164
0.543616,0.561644,0.106988,0.114426
0.498342,0.538199,0.099570,0.106988
0.578822,0.464725,0.092482,0.099570
0.431500,0.417826,0.088103,0.092482
0.479112,0.422505,0.084808,0.088103
0.385491,0.392834,0.082336,0.084808
0.389201,0.316490,0.071692,0.082336
0.282020,0.380767,0.040863,0.071692
0.239477,0.274789,0.049733,0.040863
0.306713,0.359989,0.111353,0.049733
0.499909,0.324244,0.209771,0.111353
0.455952,0.224502,0.294154,0.209771
0.349875,0.269231,0.313701,0.294154
0.326676,0.320280,0.279927,0.313701
0.448424,0.338564,0.275794,0.279927
0.444764,0.297676,0.362778,0.275794
0.286059,0.408014,0.467429,0.362778
0.304107,0.459520,0.620813,0.467429
0.340070,0.472983,0.770975,0.620813
0.453802,0.657116,0.900612,0.770975
0.838373,0.774721,1.046071,0.900612
1.049218,0.850017,1.178678,1.046071
1.151000,0.774333,1.283990,1.178678
1.072399,0.801261,1.353430,1.283990
0.964828,0.949285,1.411772,1.353430
1.010460,0.794145,1.465624,1.411772
0.701715,0.785822,1.501641,1.465624
0.645026,0.920756,1.532790,1.501641
0.781242,0.771406,1.562585,1.532790
0.639693,0.794675,1.580602,1.562585
0.667850,0.927310,1.590823,1.580602
0.877463,0.747807,1.590537,1.590823
0.731112,0.832429,1.581392,1.590537
0.908546,0.951196,1.568636,1.581392
0.830068,0.806393,1.555398,1.568636
0.944278,0.821886,1.548546,1.555398
0.850807,0.969018,1.545998,1.548546
0.963809,0.799855,1.547495,1.545998
0.861246,1.006300,1.550634,1.547495
1.005901,0.981344,1.554641,1.550634
0.946045,0.811082,1.557469,1.554641
0.839049,0.989917,1.558571,1.557469
0.979825,0.832713,1.558641,1.558571
0.798734,0.844913,1.558059,1.558641
0.807176,0.966177,1.557245,1.558059
1.001338,0.844311,1.556486,1.557245
0.816601,0.832168,1.556132,1.556486
0.819818,1.007620,1.556066,1.556132
1.010182,0.806146,1.556473,1.556066
0.807930,0.853361,1.556966,1.556473
0.793292,0.977826,1.557587,1.556966
0.982371,0.833823,1.558118,1.557587
0.779274,0.851030,1.558568,1.558118
0.943077,0.995345,1.558962,1.558568
1.014263,0.814682,1.559334,1.558962
0.811823,0.830778,1.559558,1.559334
0.856037,1.002074,1.559772,1.559558
0.997415,1.002222,1.559925,1.559772
0.999953,0.939079,1.560081,1.559925
0.949311,0.829627,1.560120,1.560081
0.852007,0.845697,1.559683,1.560120
0.841904,0.984833,1.558977,1.559683
1.152483,0.778803,1.560846,1.558977
0.927199,0.774111,1.562920,1.560846
0.840883,0.849294,1.563773,1.562920
0.909322,0.674038,1.563561,1.563773
0.662183,0.652514,1.563281,1.563561
0.605890,0.654099,1.563491,1.563281
0.691273,0.533189,1.564551,1.563491
0.514334,0.502079,1.566109,1.564551
0.533432,0.533321,1.568218,1.566109
0.445437,0.449981,1.570938,1.568218
0.474498,0.394042,1.573249,1.570938
0.401052,0.431219,1.575740,1.573249
0.409645,0.339430,1.578132,1.575740
0.291957,0.311003,1.579838,1.578132
0.216839,0.347154,1.581126,1.579838
0.409094,0.300966,1.575479,1.581126
0.399834,0.265770,1.562485,1.575479
0.398091,0.280305,1.537990,1.562485
0.419328,0.221574,1.481749,1.537990
0.275462,0.267011,1.419933,1.481749
0.254994,0.335015,1.343554,1.419933
0.380645,0.300308,1.244233,1.343554
0.185461,0.305715,1.157970,1.244233
0.101999,0.411543,1.069370,1.157970
0.060737,0.423558,0.952589,1.069370
0.282936,0.509694,0.836656,0.952589
0.542576,0.714695,0.707748,0.836656
0.798428,0.652927,0.545505,0.707748
0.826600,0.863068,0.418731,0.545505
1.050869,0.910361,0.287196,0.418731
1.049335,0.811991,0.187346,0.287196
0.989720,0.942648,0.129292,0.187346
1.009142,0.804894,0.081700,0.129292
0.753770,0.798234,0.060901,0.081700
0.710715,0.944376,0.060520,0.060901
0.854223,0.774175,0.070699,0.060520
0.688101,0.786693,0.077062,0.070699
0.698906,0.962752,0.079301,0.077062
0.914704,0.774539,0.077194,0.079301
0.749782,0.806235,0.075299,0.077194
0.763113,0.962009,0.074961,0.075299
0.964017,0.787852,0.076063,0.074961
0.780450,0.815092,0.076302,0.076063
0.929658,0.953350,0.075360,0.076302
0.979541,0.839274,0.073838,0.075360
0.784160,0.801864,0.072492,0.073838
0.840726,0.987509,0.071069,0.072492
0.968214,0.835465,0.069340,0.071069
0.780861,0.813493,0.068353,0.069340
0.782858,0.987598,0.067777,0.068353
0.982826,0.803532,0.066993,0.067777
0.791504,0.858010,0.066100,0.066993
0.795477,1.007140,0.064919,0.066100
0.995337,0.815798,0.063367,0.064919
0.784530,0.831761,0.062136,0.063367
0.790053,0.989647,0.060783,0.062136
1.004269,0.814332,0.059670,0.060783
0.805429,0.823688,0.059719,0.059670
0.953632,0.977965,0.060574,0.059719
0.995078,0.833087,0.061788,0.060574
0.795103,0.851803,0.062445,0.061788
0.834443,0.989006,0.062488,0.062445
0.975755,0.838746,0.061757,0.062488
0.781394,0.829373,0.061134,0.061757
0.781958,0.982356,0.060862,0.061134
0.980123,0.826573,0.060907,0.060862
0.782416,0.857496,0.061296,0.060907
0.757578,1.007480,0.058195,0.061296
0.970346,0.996008,0.013568,0.058195
1.104794,1.017431,0.068255,0.013568
1.180481,0.864966,0.112449,0.068255
0.841813,0.820929,0.126839,0.112449
0.753436,0.903332,0.131217,0.126839
0.822068,0.692055,0.129307,0.131217
0.604260,0.658545,0.124702,0.129307
0.646444,0.696488,0.118535,0.124702
0.505745,0.527481,0.110561,0.118535
0.521390,0.496526,0.104446,0.110561
0.428637,0.568558,0.099376,0.104446
0.450090,0.417288,0.095860,0.099376
0.369185,0.439493,0.095754,0.095860
0.386543,0.378978,0.085430,0.095754
0.281776,0.289906,0.086452,0.085430
0.293888,0.312332,0.128734,0.086452
0.426629,0.216276,0.202067,0.128734
0.350682,0.214476,0.267710,0.202067
0.322169,0.246590,0.290623,0.267710
0.365911,0.231549,0.253715,0.290623
0.376020,0.254276,0.194387,0.253715
0.501883,0.369576,0.199087,0.194387
0.565859,0.296896,0.295954,0.199087
0.400023,0.381715,0.404295,0.295954
0.405359,0.499344,0.549706,0.404295
0.482532,0.493185,0.690080,0.549706
0.477767,0.673230,0.809894,0.690080
0.739204,0.662439,0.949807,0.809894
0.663379,0.763975,1.065510,0.949807
0.896457,0.931106,1.172684,1.065510
0.905283,0.850321,1.275119,1.172684
1.075739,0.859561,1.345056,1.275119
0.925406,1.006635,1.404791,1.345056
0.901489,0.836383,1.462619,1.404791
0.751185,0.828805,1.502462,1.462619
0.693595,0.996114,1.536210,1.502462
0.859695,0.839126,1.566033,1.536210
0.699278,0.861692,1.582615,1.566033
0.718715,0.969299,1.591280,1.582615
0.927481,0.837286,1.590034,1.591280
0.741773,0.862554,1.581180,1.590034
0.758968,1.021209,1.569141,1.581180
0.956613,0.857045,1.556979,1.569141
0.763739,0.874838,1.550934,1.556979
0.908508,1.023238,1.549067,1.550934
0.828351,0.872946,1.551269,1.549067
0.930350,0.877818,1.555135,1.551269
0.830424,1.013216,1.559477,1.555135
0.928511,0.855937,1.563706,1.559477
0.822746,0.876302,1.565999,1.563706
0.765047,1.027173,1.567268,1.565999
0.956093,0.837193,1.567850,1.567268
0.775888,0.876606,1.567985,1.567850
0.763463,0.999781,1.568172,1.567985
0.946130,0.823143,1.568748,1.568172
0.752503,0.831599,1.569605,1.568748
0.751556,0.997192,1.570704,1.569605
0.931199,0.838986,1.572198,1.570704
0.743173,0.850106,1.573485,1.572198
0.879523,1.023759,1.574802,1.573485
0.784243,0.829312,1.576253,1.574802
0.877078,0.843973,1.577464,1.576253
0.794693,0.958615,1.579006,1.577464
0.880370,0.835749,1.581163,1.579006
0.786389,0.849080,1.583239,1.581163
0.744963,0.981439,1.585516,1.583239
0.936004,0.833378,1.588414,1.585516
0.738876,0.832848,1.591010,1.588414
0.792368,0.994631,1.594773,1.591010
1.100818,0.814211,1.603401,1.594773
0.891090,0.770556,1.611318,1.603401
0.802445,0.841240,1.618683,1.611318
0.868658,0.649858,1.626920,1.618683
0.598977,0.607935,1.633990,1.626920
0.636755,0.652581,1.641907,1.633990
0.489457,0.508179,1.652709,1.641907
0.499965,0.448910,1.663225,1.652709
0.402550,0.540656,1.675436,1.663225
0.396075,0.386444,1.691721,1.675436
0.320133,0.374564,1.707044,1.691721
0.272594,0.394934,1.724428,1.707044
0.314600,0.297035,1.746457,1.724428
0.197437,0.253660,1.767039,1.746457
0.257727,0.299085,1.785476,1.767039
0.418077,0.235039,1.795606,1.785476
0.345466,0.195038,1.790343,1.795606
0.285064,0.246003,1.765257,1.790343
0.307393,0.214598,1.717902,1.765257
0.284846,0.249614,1.665058,1.717902
0.501342,0.288430,1.598475,1.665058
0.471135,0.276403,1.509047,1.598475
0.369429,0.313676,1.429649,1.509047
0.273974,0.473003,1.351518,1.429649
0.263395,0.436278,1.248809,1.351518
0.316855,0.528279,1.145584,1.248809
0.474431,0.742962,1.015139,1.145584
0.932022,0.738039,0.835789,1.015139
0.892318,0.827738,0.680885,0.835789
1.017322,1.019124,0.534219,0.680885
1.428900,0.870526,0.395940,0.534219
1.075779,0.848849,0.305220,0.395940
0.949488,0.993412,0.228970,0.305220
1.035560,0.833351,0.158957,0.228970
0.760999,0.846482,0.116118,0.158957
0.843535,0.959709,0.088394,0.116118
0.729822,0.819058,0.077091,0.088394
0.839867,0.852005,0.079555,0.077091
0.771574,0.987677,0.084545,0.079555
0.871783,0.841764,0.086299,0.084545
0.781745,0.893817,0.082623,0.086299
0.762678,1.028046,0.075816,0.082623
0.967864,0.874285,0.068330,0.075816
0.793305,0.891721,0.063921,0.068330
0.799520,1.082195,0.060051,0.063921
0.987763,0.896023,0.054556,0.060051
0.788046,0.906402,0.048847,0.054556
0.789362,1.044944,0.043088,0.048847
0.976799,0.872325,0.037602,0.043088
0.772306,0.860389,0.034612,0.037602
0.901959,1.025850,0.033160,0.034612
0.802279,0.861928,0.033186,0.033160
0.880512,0.843406,0.033915,0.033186
0.778910,1.004604,0.035269,0.033915
0.862580,0.823659,0.037400,0.035269
0.768671,0.849115,0.039379,0.037400
0.719583,0.963282,0.041248,0.039379
0.896134,0.843702,0.042972,0.041248
0.716651,0.855933,0.044332,0.042972
0.715461,0.996675,0.045822,0.044332
0.896289,0.782036,0.047653,0.045822
0.709319,0.824894,0.049138,0.047653
0.711962,0.973216,0.050909,0.049138
0.885047,0.797487,0.052665,0.050909
0.707253,0.860110,0.053719,0.052665
0.838481,0.970841,0.054567,0.053719
0.759636,0.806852,0.044685,0.054567
0.891366,0.842949,0.012982,0.044685
0.886761,0.948842,0.072812,0.012982
1.008376,0.801551,0.121989,0.072812
0.840415,0.715270,0.137402,0.121989
0.708524,0.778270,0.141049,0.137402
0.740376,0.587949,0.137468,0.141049
0.516275,0.568488,0.131378,0.137468
0.459122,0.628201,0.124246,0.131378
0.511578,0.475872,0.116677,0.124246
0.380421,0.428296,0.112633,0.116677
0.353770,0.443220,0.111570,0.112633
0.384949,0.362495,0.115021,0.111570
0.290014,0.322539,0.122325,0.115021
0.311338,0.332272,0.130397,0.122325
0.244930,0.264027,0.151114,0.130397
0.312437,0.218343,0.188859,0.151114
0.343698,0.250962,0.243021,0.188859
0.359415,0.183414,0.300370,0.243021
0.263387,0.212141,0.295699,0.300370
0.242918,0.237119,0.241782,0.295699
0.466931,0.264437,0.136086,0.241782
0.510520,0.285332,0.109083,0.136086
0.390084,0.340986,0.183863,0.109083
0.253146,0.321117,0.316787,0.183863
0.075136,0.340316,0.441962,0.316787
0.027239,0.510224,0.564664,0.441962
0.129022,0.490227,0.698655,0.564664
0.257296,0.620588,0.811815,0.698655
0.574587,0.812963,0.930445,0.811815
0.826997,0.786828,1.069756,0.930445
1.067982,1.032687,1.174717,1.069756
1.227177,1.017164,1.280189,1.174717
1.055967,0.846523,1.362470,1.280189
1.052211,1.011398,1.419116,1.362470
0.991971,0.832903,1.473223,1.419116
0.767150,0.845503,1.511049,1.473223
0.794405,0.965004,1.543588,1.511049
0.913696,0.988548,1.573103,1.543588
0.902707,1.002967,1.592018,1.573103
0.853969,0.832857,1.597744,1.592018
0.759220,1.019868,1.592597,1.597744
0.930131,0.960631,1.578660,1.592597
0.893361,0.868919,1.564316,1.578660
0.823079,1.009898,1.555766,1.564316
0.966684,0.853816,1.551705,1.555766
0.767485,0.868030,1.552652,1.551705
0.765447,1.030429,1.556213,1.552652
0.966472,0.861262,1.561482,1.556213
0.774826,0.898684,1.565321,1.561482
0.767343,1.027517,1.568047,1.565321
0.957843,0.845818,1.569483,1.568047
0.762624,0.883686,1.569667,1.569483
0.766246,0.994334,1.569354,1.569667
0.946320,0.840492,1.569104,1.569354
0.760353,0.859686,1.569249,1.569104
0.899342,0.993744,1.569806,1.569249
0.940875,0.827776,1.570906,1.569806
0.752132,0.868094,1.572027,1.570906
0.798365,1.009317,1.573291,1.572027
0.929597,0.856526,1.574649,1.573291
0.741365,0.844313,1.575753,1.574649
0.736529,0.987792,1.576908,1.575753
0.913196,0.825037,1.578503,1.576908
0.726251,0.824373,1.580309,1.578503
0.736642,0.967239,1.582727,1.580309
0.919503,0.820334,1.586222,1.582727
0.737946,0.853186,1.589723,1.586222
0.745534,0.991806,1.593256,1.589723
1.027376,0.785615,1.599422,1.593256
0.883086,0.815334,1.606814,1.599422
1.003110,0.874095,1.613343,1.606814
0.912589,0.708388,1.619724,1.613343
0.633577,0.654232,1.624993,1.619724
0.593006,0.653617,1.630924,1.624993
0.610352,0.628541,1.638945,1.630924
0.540475,0.549771,1.648679,1.638945
0.450791,0.414823,1.660035,1.648679
0.367438,0.410427,1.671199,1.660035
0.325653,0.438692,1.684482,1.671199
0.391974,0.355082,1.702467,1.684482
0.294462,0.312318,1.719357,1.702467
0.255640,0.318862,1.737262,1.719357
0.255226,0.265290,1.764524,1.737262
0.258393,0.238872,1.798117,1.764524
0.281655,0.294165,1.846864,1.798117
0.358681,0.189055,1.921848,1.846864
0.240487,0.205828,1.993631,1.921848
0.298921,0.318918,2.068945,1.993631
0.391512,0.282239,2.164022,2.068945
0.639038,0.304789,2.258317,2.164022
0.596619,0.378235,2.369180,2.258317
0.407701,0.298830,2.513110,2.369180
0.204755,0.378328,2.639339,2.513110
0.328588,0.467983,2.789530,2.639339
0.415339,0.478831,2.917635,2.789530
0.345386,0.620974,3.002465,2.917635
0.644061,0.576153,3.068897,3.002465
0.709831,0.650211,3.102213,3.068897
0.842547,0.832190,3.123299,3.102213
1.141567,0.738829,3.139237,3.123299
0.992412,0.733003,3.135056,3.139237
0.957367,0.847409,3.129251,3.135056
1.115882,0.703377,3.130415,3.129251
0.792373,0.856219,3.137241,3.130415
0.909971,0.848973,3.136880,3.137241
0.891143,0.700899,3.129523,3.136880
0.715643,0.822412,3.126898,3.129523
0.910542,0.664915,3.127764,3.126898
0.750192,0.765304,3.130517,3.127764
0.770412,0.829107,3.133918,3.130517
0.987440,0.724572,3.137291,3.133918
0.791836,0.741077,3.138964,3.137291
0.941244,0.857242,3.139530,3.138964
0.979264,0.735633,3.139151,3.139530
0.785176,0.742329,3.138430,3.139151
0.834294,0.858419,3.137782,3.138430
0.987500,0.769426,3.137388,3.137782
0.798105,0.762122,3.137483,3.137388
0.798460,0.892269,3.137948,3.137483
1.012420,0.729224,3.138835,3.137948
0.819931,0.782909,3.139842,3.138835
0.812298,0.884507,3.140837,3.139842
0.997106,0.751350,3.141574,3.140837
0.813065,0.917529,3.142074,3.141574
1.025450,0.870253,3.142099,3.142074
1.041642,0.936159,3.141523,3.142099
1.038018,0.918870,3.140888,3.141523
1.037747,0.753739,3.140146,3.140888
0.821589,0.893666,3.139370,3.140146
1.033371,0.725613,3.138290,3.139370
0.806596,0.810818,3.137371,3.138290
0.802933,0.896985,3.136497,3.137371
1.035253,0.761227,3.135600,3.136497
0.828786,0.783062,3.134729,3.135600
0.991701,0.880705,3.133774,3.134729
1.038045,0.773619,3.132586,3.133774
0.821912,0.775031,3.131292,3.132586
0.871988,0.887576,3.129532,3.131292
1.029238,0.744413,3.126851,3.129532
0.832448,0.775156,3.123574,3.126851
0.888642,0.903251,3.120099,3.123574
1.203687,0.705004,3.117057,3.120099
0.944199,0.723721,3.114591,3.117057
0.855169,0.764826,3.111582,3.114591
0.928847,0.603314,3.107312,3.111582
0.695637,0.606934,3.102647,3.107312
0.617723,0.647048,3.096694,3.102647
0.686968,0.486523,3.088663,3.096694
0.519706,0.493832,3.081527,3.088663
0.581412,0.538433,3.074211,3.081527
0.569897,0.384603,3.066064,3.074211
0.433319,0.411169,3.059481,3.066064
0.445287,0.437102,3.052729,3.059481
0.494301,0.322540,3.043993,3.052729
0.380597,0.369057,3.035460,3.043993
0.370213,0.326324,3.025382,3.035460
0.400903,0.242474,3.012176,3.025382
0.292248,0.276390,3.000482,3.012176
0.263172,0.288194,2.988423,3.000482
0.301444,0.250131,2.977622,2.988423
0.237507,0.199354,2.975571,2.977622
0.230105,0.233406,2.978924,2.975571
0.268600,0.202175,2.986035,2.978924
0.202753,0.162851,2.992050,2.986035
0.201875,0.158927,2.996675,2.992050
0.185378,0.128997,2.999099,2.996675
0.142420,0.129363,2.998846,2.999099
0.128866,0.120507,2.997312,2.998846
0.126970,0.108538,2.995023,2.997312
0.100816,0.097781,2.993335,2.995023
0.095169,0.098487,2.992255,2.993335
0.108116,0.087740,2.991814,2.992255
0.078026,0.101617,2.992005,2.991814
0.059787,0.094337,2.992505,2.992005
0.054169,0.072026,2.993095,2.992505
0.049440,0.030580,2.993424,2.993095
0.048268,0.048867,2.993494,2.993424
0.038041,0.053923,2.993343,2.993494
0.028717,0.043414,2.993203,2.993343
0.051336,0.051959,2.992919,2.993203
0.059186,0.013328,2.992695,2.992919
0.048041,0.021602,2.992671,2.992695
0.044680,0.042192,2.992735,2.992671
0.046515,0.029665,2.992798,2.992735
0.043362,0.013711,2.992822,2.992798
0.040352,0.053247,2.992844,2.992822
0.021017,0.046344,2.992648,2.992844
0.024160,0.021625,2.992473,2.992648
0.020905,0.025650,2.992410,2.992473
0.017278,0.019461,2.992503,2.992410
0.018451,0.035161,2.992674,2.992503
0.000000,0.009214,2.992446,2.992674
0.000000,0.000000,0.000000,0.000000
0.000000,0.030421,2.050185,0.000000
0.027688,0.030859,2.030821,2.050185
0.027792,0.037522,2.014980,2.030821
0.026510,0.046417,2.012470,2.014980
0.000000,0.032983,2.020824,2.012470
0.000000,0.015027,2.023123,2.020824
0.021422,0.018410,2.020193,2.023123
0.018864,0.014847,2.018309,2.020193
0.019912,0.028360,2.016680,2.018309
0.000000,0.018203,2.016814,2.016680
0.000000,0.047767,2.017122,2.016814
0.000000,0.027712,2.016999,2.017122
0.000000,0.033386,2.016856,2.016999
0.000000,0.037438,2.016945,2.016856
0.000000,0.046705,2.017126,2.016945
0.000000,0.050402,2.016889,2.017126
0.000000,0.032944,2.016253,2.016889
0.000000,0.047491,2.015236,2.016253
0.031523,0.033961,2.009110,2.015236
0.029936,0.026148,2.006767,2.009110
0.042397,0.010228,2.003704,2.006767
0.037283,0.048863,2.001252,2.003704
0.041282,0.036718,2.002167,2.001252
0.035897,0.037705,2.004302,2.002167
0.059817,0.025615,2.005813,2.004302
0.065635,0.025632,2.006547,2.005813
0.065616,0.044972,2.007555,2.006547
0.089549,0.021748,2.009611,2.007555
0.078589,0.053041,2.011506,2.009611
0.076414,0.016599,2.012537,2.011506
0.097140,0.029404,2.012731,2.012537
0.079042,0.044147,2.013142,2.012731
0.076576,0.033846,2.014343,2.013142
0.086086,0.070363,2.015446,2.014343
0.055377,0.017808,2.015432,2.015446
0.052778,0.044253,2.015235,2.015432
0.056385,0.039678,2.014476,2.015235
0.057586,0.018552,2.013757,2.014476
0.048656,0.021745,2.013732,2.013757
0.044185,0.045918,2.013417,2.013732
0.157944,0.035447,1.989454,2.013417
0.196116,0.086275,1.960407,1.989454
0.161922,0.152504,1.899816,1.960407
0.025825,0.222448,1.818095,1.899816
0.158461,0.350825,1.711241,1.818095
0.364642,0.385240,1.584873,1.711241
0.309630,0.473991,1.495282,1.584873
0.440557,0.643902,1.416105,1.495282
0.605985,0.607721,1.326050,1.416105
0.480214,0.658340,1.229828,1.326050
0.522870,0.876689,1.105771,1.229828
0.771583,0.805935,0.934560,1.105771
0.362283,0.807504,0.781838,0.934560
0.691045,0.969700,0.633490,0.781838
1.105933,0.766579,0.478108,0.633490
0.897601,0.825698,0.369012,0.478108
0.918451,0.919393,0.279210,0.369012
1.037554,0.807703,0.198493,0.279210
0.732131,0.806270,0.147887,0.198493
0.722009,0.958605,0.113086,0.147887
0.866269,0.797301,0.093588,0.113086
0.688687,0.789268,0.089288,0.093588
0.690549,0.935070,0.088574,0.089288
0.873501,0.809523,0.086267,0.088574
0.698702,0.824518,0.081461,0.086267
0.697170,0.992074,0.074378,0.081461
0.930248,0.821583,0.066259,0.074378
0.779365,0.806680,0.060775,0.066259
0.949103,0.997731,0.057612,0.060775
0.998350,0.839728,0.056634,0.057612
0.809379,0.821096,0.055783,0.056634
0.872020,0.962654,0.054501,0.055783
1.021855,0.818091,0.052728,0.054501
0.812492,0.843423,0.052011,0.052728
0.798135,0.974138,0.052197,0.052011
0.984419,0.820201,0.053640,0.052197
0.790108,0.834783,0.055310,0.053640
0.800271,0.965583,0.057195,0.055310
1.004742,0.832822,0.059225,0.057195
0.795933,0.832628,0.060517,0.059225
0.786129,0.956207,0.061469,0.060517
0.977108,0.810971,0.062184,0.061469
0.791615,0.843594,0.062549,0.062184
0.943498,1.001408,0.062581,0.062549
0.840691,0.835736,0.061882,0.062581
0.937922,0.833265,0.061031,0.061882
0.832492,0.950377,0.060020,0.061031
0.934686,0.806081,0.059038,0.060020
0.833543,0.860544,0.058891,0.059038
0.776192,0.989535,0.059231,0.058891
0.977264,0.816454,0.056599,0.059231
0.809784,0.873773,0.022514,0.056599
0.886769,0.986760,0.043976,0.022514
1.177238,0.793582,0.106418,0.043976
0.886376,0.756260,0.127671,0.106418
0.801648,0.815148,0.133389,0.127671
0.866362,0.615551,0.129661,0.133389
0.623331,0.612385,0.122548,0.129661
0.670109,0.638106,0.114103,0.122548
0.545796,0.506102,0.104217,0.114103
0.556408,0.473835,0.096655,0.104217
0.447170,0.514170,0.090104,0.096655
0.469125,0.391313,0.084131,0.090104
0.399405,0.375871,0.080571,0.084131
0.349910,0.361012,0.076587,0.080571
0.376812,0.290704,0.044359,0.076587
0.205130,0.289978,0.040973,0.044359
0.229246,0.343723,0.085817,0.040973
0.470068,0.265279,0.179632,0.085817
0.400013,0.318110,0.258884,0.179632
0.472237,0.275631,0.309546,0.258884
0.205657,0.239286,0.287759,0.309546
0.193587,0.330859,0.253377,0.287759
0.469994,0.382142,0.298961,0.253377
0.407379,0.394520,0.410969,0.298961
0.386316,0.356579,0.552411,0.410969
0.344754,0.435920,0.675192,0.552411
0.391719,0.604438,0.800058,0.675192
0.567619,0.586504,0.946699,0.800058
0.548819,0.685974,1.064548,0.946699
0.824785,0.871683,1.174012,1.064548
0.929358,0.756846,1.279681,1.174012
1.140726,0.819527,1.350443,1.279681
0.999235,0.930872,1.410354,1.350443
0.975687,0.777113,1.465616,1.410354
0.806267,0.805390,1.502421,1.465616
0.707504,0.894393,1.534014,1.502421
0.816926,0.786356,1.563706,1.534014
0.646131,0.798458,1.581393,1.563706
0.667761,0.932691,1.591252,1.581393
0.880214,0.800696,1.590493,1.591252
0.726584,0.958420,1.581426,1.590493
0.939790,0.953287,1.566370,1.581426
0.970462,0.794912,1.554173,1.566370
0.787213,0.964553,1.548352,1.554173
0.993165,0.822361,1.546887,1.548352
0.792193,0.830091,1.548850,1.546887
0.805060,0.945169,1.552096,1.548850
1.009349,0.812344,1.555753,1.552096
0.807356,0.850282,1.557887,1.555753
0.960625,0.997349,1.558859,1.557887
0.996678,0.822827,1.558565,1.558859
0.805585,0.845659,1.557533,1.558565
0.855355,0.977711,1.556308,1.557533
1.002344,0.812405,1.555143,1.556308
0.802329,0.851555,1.554685,1.555143
0.809197,0.990979,1.554865,1.554685
1.008226,0.797581,1.555571,1.554865
0.807979,0.831254,1.556261,1.555571
0.807799,0.986422,1.556882,1.556261
0.992889,0.834290,1.557384,1.556882
0.795827,0.830863,1.557674,1.557384
0.796895,1.011792,1.557945,1.557674
1.003212,0.835283,1.558207,1.557945
0.809755,0.842553,1.558418,1.558207
0.961051,0.974057,1.558660,1.558418
1.003766,0.827422,1.559061,1.558660
0.799329,0.858584,1.559377,1.559061
0.850138,0.961151,1.559633,1.559377
1.005229,0.818056,1.559263,1.559633
0.848861,0.853627,1.558760,1.559263
0.917375,0.938316,1.560721,1.558760
1.179544,0.782619,1.564039,1.560721
0.865580,0.765733,1.565989,1.564039
0.764624,0.805438,1.567496,1.565989
0.826349,0.581874,1.569292,1.567496
0.599325,0.599377,1.571116,1.569292
0.554393,0.666058,1.573291,1.571116
0.613710,0.476631,1.575764,1.573291
0.456259,0.442060,1.577540,1.575764
0.496406,0.496731,1.578807,1.577540
0.488626,0.404800,1.579878,1.578807
0.379048,0.370384,1.580667,1.579878
0.374708,0.409620,1.580979,1.580667
0.348873,0.309898,1.580249,1.580979
0.221017,0.287721,1.579009,1.580249
0.312658,0.379171,1.572593,1.579009
0.515517,0.259982,1.555856,1.572593
0.413537,0.246797,1.530351,1.555856
0.373453,0.283231,1.482105,1.530351
0.443593,0.262502,1.408047,1.482105
0.357363,0.253059,1.331946,1.408047
0.390785,0.326898,1.245708,1.331946
0.256602,0.338141,1.139948,1.245708
0.075408,0.357095,1.051895,1.139948
0.063703,0.511654,0.953258,1.051895
0.137948,0.496368,0.815609,0.953258
0.266549,0.580238,0.690755,0.815609
0.373026,0.774944,0.553647,0.690755
0.590995,0.707420,0.403744,0.553647
0.638259,0.782612,0.296123,0.403744
0.880879,0.954189,0.203286,0.296123
1.155828,0.803934,0.129123,0.203286
0.875478,0.793252,0.088351,0.129123
0.806714,0.941973,0.061651,0.088351
0.900455,0.782726,0.055200,0.061651
0.692237,0.788120,0.064294,0.055200
0.684049,0.946063,0.073567,0.064294
0.880422,0.784872,0.078265,0.073567
0.714858,0.801960,0.077532,0.078265
0.883470,0.946504,0.075959,0.077532
0.975516,0.799772,0.076041,0.075959
0.788437,0.821937,0.076648,0.076041
0.837151,0.942257,0.076513,0.076648
0.998201,0.809152,0.074629,0.076513
0.804147,0.811260,0.072281,0.074629
0.800971,0.992913,0.069866,0.072281
1.004175,0.798289,0.067819,0.069866
0.791415,0.832673,0.066948,0.067819
0.776114,0.981258,0.066588,0.066948
0.954362,1.012272,0.066413,0.066588
0.788979,0.942337,0.066686,0.066413
0.650594,0.821519,0.066957,0.066686
0.671751,0.858428,0.066675,0.066957
0.738666,0.966028,0.065881,0.066675
0.966835,0.844807,0.064988,0.065881
0.797907,0.845567,0.064218,0.064988
0.960827,0.991915,0.063073,0.064218
0.862589,0.813608,0.061411,0.063073
0.965815,0.837840,0.059806,0.061411
0.861259,0.983143,0.058222,0.059806
0.956146,0.841809,0.056960,0.058222
0.844703,0.850904,0.056659,0.056960
0.789691,0.954770,0.056954,0.056659
0.980916,0.833292,0.057891,0.056954
0.781684,0.828248,0.059225,0.057891
0.785779,0.978387,0.060806,0.059225
0.979101,0.783312,0.062336,0.060806
0.769957,0.809166,0.061257,0.062336
0.735702,0.965679,0.028993,0.061257
1.055358,0.866241,0.047286,0.028993
0.923014,0.891062,0.097876,0.047286
1.086786,0.966604,0.120411,0.097876
0.564818,0.817982,0.127369,0.120411
0.700185,0.704939,0.126136,0.127369
0.619677,0.794848,0.122411,0.126136
0.662650,0.608278,0.116481,0.122411
0.551613,0.552714,0.111147,0.116481
0.481818,0.618157,0.105852,0.111147
0.560176,0.476950,0.100737,0.105852
0.405006,0.437649,0.097983,0.100737
0.372346,0.450174,0.096640,0.097983
0.393756,0.360324,0.093364,0.096640
0.261656,0.321461,0.078975,0.093364
0.193682,0.308973,0.103581,0.078975
0.359084,0.256657,0.167309,0.103581
0.326132,0.249341,0.233604,0.167309
0.354438,0.274314,0.284814,0.233604
0.273984,0.219607,0.276421,0.284814
0.363342,0.261460,0.222088,0.276421
0.464465,0.339823,0.168250,0.222088
0.608164,0.280421,0.218662,0.168250
0.463137,0.328975,0.316072,0.218662
0.332359,0.421036,0.430582,0.316072
0.366146,0.443705,0.568961,0.430582
0.273734,0.536517,0.680626,0.568961
0.360349,0.738938,0.794903,0.680626
0.729554,0.676989,0.930685,0.794903
0.677544,0.772868,1.045983,0.930685
0.851870,0.959700,1.154735,1.045983
1.157581,0.837524,1.261299,1.154735
0.983111,0.867052,1.335121,1.261299
1.074493,0.994952,1.397688,1.335121
0.892056,0.828086,1.457243,1.397688
0.913483,0.834110,1.498099,1.457243
0.763999,0.959409,1.532872,1.498099
0.835422,0.809344,1.564462,1.532872
0.734955,0.837865,1.582840,1.564462
0.700253,0.957261,1.593039,1.582840
0.925016,0.851620,1.592754,1.593039
0.751113,0.871396,1.583909,1.592754
0.753670,1.013121,1.571374,1.583909
0.940166,0.835151,1.558289,1.571374
0.749440,0.872861,1.551567,1.558289
0.751589,1.024653,1.549312,1.551567
0.952023,0.869674,1.551199,1.549312
0.769572,0.862503,1.554834,1.551199
0.920950,1.028168,1.558898,1.554834
0.822690,0.858041,1.562754,1.558898
0.912754,0.855991,1.564796,1.562754
0.822963,1.004551,1.565867,1.564796
0.906154,0.850547,1.566613,1.565867
0.816886,0.879538,1.567178,1.566613
0.769244,1.017926,1.567850,1.567178
0.961224,0.856385,1.569033,1.567850
0.764356,0.857931,1.570289,1.569033
0.761496,1.011955,1.571788,1.570289
0.946464,0.827852,1.573504,1.571788
0.756731,0.843942,1.574943,1.573504
0.747847,1.021970,1.576383,1.574943
0.928953,0.845084,1.578044,1.576383
0.737634,0.826099,1.579638,1.578044
0.883204,0.973521,1.581469,1.579638
0.783269,0.804173,1.583995,1.581469
0.870253,0.845303,1.586450,1.583995
0.780437,0.989511,1.589175,1.586450
0.874756,0.830736,1.592466,1.589175
0.787145,0.844939,1.594885,1.592466
0.820726,0.945130,1.598485,1.594885
1.117669,0.784672,1.606201,1.598485
0.835964,0.786067,1.612710,1.606201
0.775956,0.827855,1.618915,1.612710
0.853872,0.662185,1.626067,1.618915
0.603616,0.593472,1.632654,1.626067
0.529355,0.669269,1.640390,1.632654
0.590822,0.484058,1.650542,1.640390
0.433851,0.440285,1.660155,1.650542
0.460445,0.484130,1.671137,1.660155
0.368948,0.355919,1.685413,1.671137
0.357965,0.375745,1.698875,1.685413
0.290861,0.390417,1.714606,1.698875
0.314405,0.278155,1.735016,1.714606
0.210565,0.267867,1.754149,1.735016
0.270947,0.312155,1.769889,1.754149
0.438393,0.213905,1.775692,1.769889
0.366341,0.202390,1.766485,1.775692
0.321783,0.218936,1.737166,1.766485
0.304601,0.206310,1.684743,1.737166
0.284539,0.225425,1.628047,1.684743
0.433558,0.297838,1.558663,1.628047
0.533686,0.310147,1.467029,1.558663
0.314529,0.357787,1.388859,1.467029
0.321033,0.463687,1.309044,1.388859
0.232797,0.459456,1.198257,1.309044
0.386831,0.598053,1.088412,1.198257
0.592389,0.753221,0.949448,1.088412
0.927356,0.931273,0.767030,0.949448
1.230500,0.987118,0.584374,0.767030
1.395057,0.838134,0.431864,0.584374
1.107867,1.041064,0.333505,0.431864
1.232821,1.011613,0.238641,0.333505
1.009682,0.841171,0.166772,0.238641
0.783079,1.018652,0.120482,0.166772
0.838630,0.830818,0.085927,0.120482
0.734603,0.818013,0.074669,0.085927
0.692884,0.986466,0.075853,0.074669
0.893948,0.840420,0.081405,0.075853
0.709716,0.856941,0.082698,0.081405
0.718990,0.990936,0.079162,0.082698
0.923119,0.875448,0.072017,0.079162
0.762801,1.016330,0.067449,0.072017
0.965497,1.068193,0.064917,0.067449
0.966395,1.076321,0.062366,0.064917
0.975548,1.041047,0.057465,0.062366
0.978452,0.889724,0.050324,0.057465
0.773319,1.057986,0.044405,0.050324
0.963965,0.862136,0.039845,0.044405
0.766650,0.885337,0.038039,0.039845
0.753218,1.006639,0.037411,0.038039
0.941096,0.857872,0.037537,0.037411
0.641677,0.870348,0.037998,0.037537
0.832308,1.005192,0.038819,0.037998
0.773372,0.833656,0.039617,0.038819
0.871068,0.856480,0.040136,0.039617
0.774562,0.981393,0.040882,0.040136
0.867503,0.843230,0.041982,0.040882
0.767638,0.837632,0.043348,0.041982
0.722586,0.963509,0.045120,0.043348
0.903561,0.839514,0.046853,0.045120
0.721958,0.880518,0.047784,0.046853
0.720117,0.991304,0.048296,0.047784
0.904698,0.827599,0.048463,0.048296
0.724489,0.999247,0.048280,0.048463
0.913897,0.998127,0.047853,0.048280
0.910919,0.858881,0.027914,0.047853
0.771556,0.958559,0.036610,0.027914
1.091422,0.768009,0.107303,0.036610
0.858299,0.746094,0.136651,0.107303
0.764862,0.835291,0.146847,0.136651
0.810440,0.628043,0.145624,0.146847
0.557922,0.596710,0.139391,0.145624
0.576332,0.644068,0.131434,0.139391
0.532715,0.447395,0.123469,0.131434
0.394509,0.469555,0.119750,0.123469
0.371493,0.474881,0.119059,0.119750
0.393028,0.369806,0.121968,0.119059
0.292512,0.332592,0.127217,0.121968
0.268897,0.349994,0.135221,0.127217
0.303089,0.274199,0.140126,0.135221
0.209276,0.238357,0.158004,0.140126
0.261114,0.272973,0.194562,0.158004
0.416714,0.192472,0.255149,0.194562
0.313409,0.187666,0.296129,0.255149
0.265959,0.197172,0.286326,0.296129
0.326236,0.227194,0.218674,0.286326
0.322088,0.266337,0.149426,0.218674
0.528881,0.341381,0.171367,0.149426
0.395260,0.318566,0.283524,0.171367
0.104882,0.349309,0.401551,0.283524
0.000000,0.470975,0.526731,0.401551
0.054018,0.475036,0.669143,0.526731
0.144216,0.577873,0.786895,0.669143
0.290078,0.814512,0.906916,0.786895
0.776402,0.746882,1.046380,0.906916
0.824217,0.821269,1.153273,1.046380
0.889888,0.993937,1.245314,1.153273
1.135357,0.844203,1.332964,1.245314
0.840599,0.867368,1.392946,1.332964
0.762373,1.009284,1.444514,1.392946
0.920719,0.804914,1.495155,1.444514
0.710832,0.829335,1.530881,1.495155
0.807431,0.985791,1.560959,1.530881
0.866870,1.015969,1.586555,1.560959
0.887249,0.995671,1.599861,1.586555
0.771181,0.830162,1.598784,1.599861
0.878653,0.884652,1.588963,1.598784
0.829225,0.996847,1.575506,1.588963
0.928056,0.863791,1.561473,1.575506
0.832352,0.868424,1.554067,1.561473
0.793890,1.046187,1.551313,1.554067
0.991386,0.884151,1.552872,1.551313
0.793529,0.879746,1.556379,1.552872
0.790011,1.037134,1.560331,1.556379
0.973661,0.843561,1.564085,1.560331
0.771717,0.868783,1.566083,1.564085
0.768914,0.997394,1.567114,1.566083
0.944198,0.840320,1.567331,1.567114
0.754252,0.840223,1.567258,1.567331
0.882064,0.973388,1.567321,1.567258
0.785953,0.831679,1.567909,1.567321
0.874306,0.859739,1.568747,1.567909
0.785003,0.982723,1.569980,1.568747
0.879584,0.822241,1.571661,1.569980
0.787930,0.855203,1.573164,1.571661
0.735653,0.979052,1.574745,1.573164
0.915337,0.814471,1.576713,1.574745
0.731714,0.820387,1.578470,1.576713
0.741186,0.976435,1.580292,1.578470
0.929543,0.854495,1.582464,1.580292
0.762791,0.850951,1.584335,1.582464
0.754791,0.971377,1.586352,1.584335
0.935493,0.809739,1.588957,1.586352
0.756585,0.850766,1.591041,1.588957
0.978192,0.970612,1.594874,1.591041
0.959221,0.764791,1.602338,1.594874
1.002044,0.761928,1.608079,1.602338
0.785306,0.830594,1.613333,1.608079
0.748658,0.621238,1.619980,1.613333
0.600686,0.597336,1.626704,1.619980
0.505884,0.669361,1.634978,1.626704
0.547862,0.501602,1.646576,1.634978
0.406590,0.450139,1.657635,1.646576
0.382674,0.491866,1.669878,1.657635
0.460167,0.438090,1.685255,1.669878
0.419408,0.369880,1.702509,1.685255
0.387610,0.319024,1.721707,1.702509
0.266274,0.283771,1.739054,1.721707
0.221065,0.303122,1.762369,1.739054
0.306960,0.281858,1.803002,1.762369
0.368030,0.273749,1.865493,1.803002
0.328430,0.206166,1.945772,1.865493
0.174979,0.245481,2.020946,1.945772
0.223105,0.339321,2.098787,2.020946
0.464845,0.293804,2.199423,2.098787
0.541092,0.318437,2.298731,2.199423
0.542927,0.353515,2.413097,2.298731
0.168141,0.340309,2.559457,2.413097
0.114663,0.334567,2.684330,2.559457
0.170878,0.455491,2.807718,2.684330
0.388734,0.444831,2.931928,2.807718
0.599253,0.517022,3.011314,2.931928
0.624299,0.701028,3.067492,3.011314
0.962238,0.631982,3.106248,3.067492
0.855045,0.682129,3.124615,3.106248
0.909103,0.841813,3.137130,3.124615
1.078287,0.714327,3.135809,3.137130
0.880829,0.748228,3.130268,3.135809
0.830320,0.804563,3.130945,3.130268
0.951880,0.696651,3.138681,3.130945
0.722379,0.725282,3.137484,3.138681
0.845868,0.864362,3.130648,3.137484
0.755510,0.683809,3.126736,3.130648
0.846726,0.713879,3.126916,3.126736
0.784080,0.843774,3.129374,3.126916
0.911995,0.721081,3.133522,3.129374
0.833373,0.718957,3.136710,3.133522
0.791128,0.835089,3.139037,3.136710
0.985553,0.721255,3.140278,3.139037
0.782339,0.738211,3.140373,3.140278
0.798376,0.887484,3.139921,3.140373
1.003966,0.748180,3.139103,3.139921
0.794588,0.908287,3.138584,3.139103
1.001022,0.897763,3.138167,3.138584
0.998404,0.755260,3.138130,3.138167
0.802147,0.894182,3.138341,3.138130
1.004665,0.901637,3.138713,3.138341
0.999098,0.892687,3.139184,3.138713
0.995444,0.734600,3.139678,3.139184
0.805570,0.779087,3.140145,3.139678
0.817207,0.908083,3.140615,3.140145
1.051718,0.753427,3.141232,3.140615
0.839525,0.771602,3.141814,3.141232
0.987135,0.913303,3.142272,3.141814
0.882995,0.755612,3.141306,3.142272
0.865757,0.771830,3.140407,3.141306
0.770294,0.883412,3.139072,3.140407
0.925968,0.741038,3.137404,3.139072
0.864549,0.787935,3.136012,3.137404
0.831531,0.927560,3.134680,3.136012
1.045666,0.754882,3.132871,3.134680
0.837619,0.757829,3.131166,3.132871
0.837613,0.888043,3.129403,3.131166
1.033481,0.771434,3.127244,3.129403
0.827938,0.749361,3.125260,3.127244
0.829123,0.924906,3.122575,3.125260
1.086763,0.735990,3.118943,3.122575
0.921656,0.765031,3.116672,3.118943
1.083973,0.830727,3.114518,3.116672
0.916160,0.639605,3.111472,3.114518
0.915409,0.662202,3.108504,3.111472
0.748356,0.705790,3.104820,3.108504
0.763766,0.552728,3.099414,3.104820
0.627217,0.506007,3.093896,3.099414
0.557951,0.574467,3.087283,3.093896
0.653279,0.466120,3.078477,3.087283
0.491787,0.437317,3.070408,3.078477
0.466529,0.458173,3.061774,3.070408
0.543912,0.370727,3.051781,3.061774
0.420297,0.356356,3.043700,3.051781
0.398997,0.384074,3.035840,3.043700
0.454326,0.302234,3.026998,3.035840
0.333300,0.262880,3.019919,3.026998
0.365142,0.317611,3.013258,3.019919
0.298471,0.229316,3.006046,3.013258
0.306974,0.226991,3.000880,3.006046
0.262885,0.275561,2.998826,3.000880
0.283848,0.183582,3.000165,2.998826
0.244717,0.216281,3.003051,3.000165
0.259060,0.194993,3.006945,3.003051
0.225548,0.174744,3.009782,3.006945
0.156174,0.180475,3.010897,3.009782
0.171041,0.141397,3.010785,3.010897
0.123152,0.145767,3.009934,3.010785
0.138723,0.082009,3.008610,3.009934
0.124122,0.105525,3.007523,3.008610
0.087171,0.100982,3.007020,3.007523
0.086475,0.076578,3.006879,3.007020
0.068510,0.090338,3.006998,3.006879
0.069360,0.083080,3.007217,3.006998
0.078728,0.076907,3.007457,3.007217
0.048120,0.060255,3.007633,3.007457
0.045799,0.044004,3.007751,3.007633
0.057529,0.058716,3.007734,3.007751
0.044685,0.051593,3.007610,3.007734
0.046851,0.055893,3.007486,3.007610
0.041007,0.049392,3.007397,3.007486
0.045703,0.020921,3.007378,3.007397
0.035297,0.046825,3.007298,3.007378
0.035858,0.028977,3.007243,3.007298
0.027084,0.009005,3.007195,3.007243
0.025580,0.004858,3.007164,3.007195
0.024689,0.043713,3.007053,3.007164
0.022279,0.015859,3.007067,3.007053
0.022360,0.018126,3.007437,3.007067
0.000000,0.004045,3.007176,3.007437
0.000000,0.021917,3.007171,3.007176
0.000000,0.033186,3.007182,3.007171
0.000000,0.013423,3.007273,3.007182
0.000000,0.000000,0.000000,0.000000
0.000000,0.013251,2.042856,0.000000
0.022706,0.018072,2.013480,2.042856
0.026879,0.077298,1.989645,2.013480
0.028956,0.041046,1.983608,1.989645
0.000000,0.025014,1.986080,1.983608
0.000000,0.042172,1.988711,1.986080
0.000000,0.030770,1.983946,1.988711
0.000000,0.035709,1.984675,1.983946
0.000000,0.015683,1.984334,1.984675
0.000000,0.026738,1.984222,1.984334
0.000000,0.035775,1.984602,1.984222
0.000000,0.019462,1.985667,1.984602
0.000000,0.066476,1.986564,1.985667
0.000000,0.048919,1.986880,1.986564
0.000000,0.037983,1.986781,1.986880
0.031737,0.023520,1.974870,1.986781
0.040934,0.015724,1.972036,1.974870
0.034323,0.039967,1.971621,1.972036
0.036897,0.011563,1.972907,1.971621
0.058842,0.023595,1.974782,1.972907
0.044688,0.017713,1.976647,1.974782
0.038426,0.032396,1.978758,1.976647
0.000000,0.026147,1.980936,1.978758
0.000000,0.033634,1.982559,1.980936
0.075298,0.027689,1.983964,1.982559
0.080717,0.023968,1.985147,1.983964
0.064859,0.046104,1.984577,1.985147
0.085006,0.025813,1.983523,1.984577
0.086863,0.036269,1.983116,1.983523
0.076511,0.056756,1.983372,1.983116
0.086717,0.030473,1.984192,1.983372
0.065807,0.026382,1.984726,1.984192
0.061189,0.027518,1.984386,1.984726
0.075588,0.015184,1.983466,1.984386
0.067372,0.036767,1.982616,1.983466
0.061832,0.034068,1.982254,1.982616
0.059962,0.023007,1.980696,1.982254
0.195347,0.034681,1.953186,1.980696
0.197017,0.088915,1.913951,1.953186
0.098798,0.164158,1.841361,1.913951
0.077496,0.242839,1.745776,1.841361
0.205941,0.371391,1.630468,1.745776
0.468399,0.414053,1.510459,1.630468
0.437370,0.514001,1.430716,1.510459
0.557850,0.685777,1.359744,1.430716
0.548835,0.615576,1.264307,1.359744
0.618905,0.699221,1.153913,1.264307
0.655752,0.900992,1.013325,1.153913
0.511092,0.783104,0.829089,1.013325
0.564048,1.012160,0.679568,0.829089
1.107633,0.961645,0.515995,0.679568
1.117701,0.814129,0.382140,0.515995
0.936130,0.973086,0.290003,0.382140
1.045475,0.786676,0.206294,0.290003
0.781868,0.833298,0.151910,0.206294
0.735743,0.901704,0.112773,0.151910
0.883191,0.766653,0.089483,0.112773
0.691094,0.805984,0.084475,0.089483
0.690466,0.925143,0.085944,0.084475
0.868143,0.796744,0.088027,0.085944
0.707679,0.816098,0.086555,0.088027
0.720778,0.936595,0.080339,0.086555
0.941053,0.794453,0.069690,0.080339
0.777935,0.838756,0.062893,0.069690
0.944182,1.005933,0.058915,0.062893
0.999415,0.802422,0.058306,0.058915
0.798671,0.828790,0.058859,0.058306
0.840441,1.002953,0.059596,0.058859
0.984314,0.797345,0.060366,0.059596
0.788223,0.875411,0.061174,0.060366
0.791864,0.976508,0.061821,0.061174
0.994856,0.808192,0.061800,0.061821
0.794548,0.842207,0.061153,0.061800
0.794654,0.976974,0.060275,0.061153
0.987119,0.808589,0.059834,0.060275
0.787141,0.845879,0.059947,0.059834
0.788592,1.003787,0.060134,0.059947
1.003801,0.818233,0.060117,0.060134
0.805228,0.849451,0.059720,0.060117
0.954910,0.961624,0.059250,0.059720
0.998601,0.816805,0.058979,0.059250
0.795637,0.886939,0.058591,0.058979
0.843841,0.963506,0.057953,0.058591
0.986083,0.807574,0.057346,0.057953
0.786476,0.859747,0.057201,0.057346
0.779270,0.952103,0.057455,0.057201
0.979380,0.804702,0.057356,0.057455
0.790099,0.840898,0.033310,0.057356
0.847997,0.964956,0.026732,0.033310
1.152111,0.774489,0.093403,0.026732
0.889283,0.780100,0.118622,0.093403
0.811848,0.820247,0.126665,0.118622
0.882231,0.636396,0.124479,0.126665
0.638777,0.635845,0.117751,0.124479
0.683941,0.627131,0.109115,0.117751
0.647168,0.517333,0.099868,0.109115
0.486590,0.488988,0.093667,0.099868
0.477205,0.523474,0.088958,0.093667
0.444827,0.423539,0.085196,0.088958
0.353841,0.379461,0.083074,0.085196
0.347471,0.432351,0.082011,0.083074
0.407757,0.332732,0.064253,0.082011
0.248929,0.315092,0.053799,0.064253
0.201504,0.353030,0.068532,0.053799
0.407577,0.253049,0.142586,0.068532
0.416405,0.252683,0.220151,0.142586
0.435641,0.299515,0.289614,0.220151
0.454225,0.252187,0.305230,0.289614
0.293252,0.243219,0.265240,0.305230
0.373004,0.308979,0.239041,0.265240
0.431178,0.300850,0.303001,0.239041
0.284154,0.309072,0.397209,0.303001
0.315150,0.450770,0.519153,0.397209
0.418912,0.454146,0.662655,0.519153
0.432069,0.532615,0.781812,0.662655
0.555901,0.721195,0.905281,0.781812
0.867938,0.682149,1.045469,0.905281
0.866267,0.738749,1.153211,1.045469
0.876162,0.926000,1.247518,1.153211
1.163237,0.785754,1.335933,1.247518
0.844820,0.793034,1.395980,1.335933
0.742442,0.920764,1.446498,1.395980
0.820378,0.793244,1.494572,1.446498
0.632505,0.788910,1.528013,1.494572
0.753527,0.924662,1.556337,1.528013
0.810377,0.766862,1.580430,1.556337
0.684366,0.813717,1.591617,1.580430
0.767201,0.935669,1.593315,1.591617
0.940248,0.788810,1.583837,1.593315
0.772238,0.826218,1.571251,1.583837
0.787341,0.970401,1.559166,1.571251
0.987664,0.825431,1.549998,1.559166
0.797192,0.856169,1.547053,1.549998
0.807814,0.976310,1.547791,1.547053
1.005911,0.801009,1.551403,1.547791
0.806475,0.831286,1.554990,1.551403
0.799064,0.997281,1.557913,1.554990
0.975110,0.809606,1.559785,1.557913
0.789673,0.824664,1.560176,1.559785
0.932792,0.964394,1.559736,1.560176
0.996371,0.803023,1.558985,1.559736
0.802791,0.831634,1.558667,1.558985
0.849806,1.013681,1.558627,1.558667
1.009746,0.834777,1.558964,1.558627
0.817191,0.827464,1.559477,1.558964
0.807200,0.977861,1.559943,1.559477
1.016011,0.813608,1.560308,1.559943
0.801748,0.851835,1.560457,1.560308
0.800978,0.988626,1.560553,1.560457
0.987841,0.820279,1.560640,1.560553
0.772009,0.830694,1.560527,1.560640
0.792182,1.009453,1.560200,1.560527
1.004089,0.808856,1.559789,1.560200
0.799042,0.839166,1.559440,1.559789
0.944481,0.971293,1.559171,1.559440
0.992613,0.834629,1.558987,1.559171
0.797626,0.854822,1.558573,1.558987
0.879656,0.987413,1.557809,1.558573
1.146313,0.781437,1.559933,1.557809
0.945789,0.783456,1.562728,1.559933
0.849495,0.884068,1.564477,1.562728
0.921824,0.659104,1.565396,1.564477
0.665098,0.657672,1.565725,1.565396
0.606738,0.674594,1.566152,1.565725
0.679102,0.550870,1.567305,1.566152
0.500885,0.508993,1.569074,1.567305
0.452940,0.526376,1.571640,1.569074
0.508452,0.413410,1.575526,1.571640
0.383790,0.411496,1.579160,1.575526
0.436921,0.413352,1.583010,1.579160
0.426148,0.326329,1.586766,1.583010
0.304506,0.322174,1.588631,1.586766
0.225730,0.348881,1.590358,1.588631
0.375143,0.359920,1.585887,1.590358
0.502263,0.311052,1.570569,1.585887
0.457631,0.246438,1.540077,1.570569
0.365399,0.241171,1.492265,1.540077
0.239808,0.302963,1.430026,1.492265
0.296785,0.294191,1.340929,1.430026
0.294234,0.315427,1.257563,1.340929
0.176102,0.393767,1.168554,1.257563
0.191474,0.371345,1.064940,1.168554
0.214137,0.426676,0.968084,1.064940
0.272417,0.560830,0.851170,0.968084
0.646339,0.583003,0.700258,0.851170
0.683304,0.670003,0.562619,0.700258
0.909690,0.871275,0.430103,0.562619
0.871083,0.767734,0.298400,0.430103
1.052185,0.807344,0.209664,0.298400
0.990454,0.931281,0.145856,0.209664
1.009063,0.799700,0.093088,0.145856
0.815992,0.809334,0.065472,0.093088
0.712710,0.919684,0.058385,0.065472
0.854602,0.775763,0.068878,0.058385
0.678722,0.778528,0.077427,0.068878
0.696863,0.920450,0.081232,0.077427
0.895863,0.786195,0.080251,0.081232
0.746229,0.967627,0.078102,0.080251
0.954072,0.977363,0.076896,0.078102
0.978707,0.792934,0.077008,0.076896
0.791478,0.961766,0.076527,0.077008
0.990552,0.786576,0.075588,0.076527
0.788061,0.824841,0.074411,0.075588
0.786364,0.971163,0.072805,0.074411
0.984750,0.801121,0.070826,0.072805
0.781524,0.845243,0.069227,0.070826
0.923498,0.977286,0.067910,0.069227
0.972157,0.846269,0.066545,0.067910
0.763723,0.839689,0.065814,0.066545
0.607126,1.004159,0.065212,0.065814
0.885967,0.814666,0.064137,0.065212
0.756790,0.808503,0.063154,0.064137
0.773072,0.979799,0.062504,0.063154
0.980046,0.855060,0.062515,0.062504
0.790644,0.870437,0.062800,0.062515
0.796394,0.993215,0.062780,0.062800
1.001409,0.802040,0.062280,0.062780
0.797299,0.849034,0.061881,0.062280
0.797045,0.993834,0.061532,0.061881
0.983301,0.826465,0.060913,0.061532
0.781241,0.831230,0.060277,0.060913
0.924772,0.966812,0.060196,0.060277
0.974173,0.825645,0.060683,0.060196
0.778711,0.859414,0.061333,0.060683
0.822978,0.984990,0.062315,0.061333
1.069924,0.817563,0.057154,0.062315
0.785382,0.818278,0.017919,0.057154
0.850352,0.981920,0.051702,0.017919
1.158034,0.877066,0.105317,0.051702
0.870564,0.826097,0.123094,0.105317
0.777306,0.911619,0.128208,0.123094
0.856357,0.718373,0.126131,0.128208
0.642949,0.712300,0.121343,0.126131
0.572832,0.710964,0.115748,0.121343
0.639288,0.539947,0.109777,0.115748
0.478380,0.513462,0.105834,0.109777
0.534888,0.541888,0.102771,0.105834
0.509321,0.436042,0.099966,0.102771
0.372708,0.404065,0.098766,0.099966
0.351142,0.395407,0.095189,0.098766
0.325955,0.304347,0.076763,0.095189
0.234648,0.277326,0.104873,0.076763
0.295551,0.298269,0.160205,0.104873
0.431728,0.223598,0.239566,0.160205
0.328078,0.215044,0.284712,0.239566
0.268068,0.273842,0.279545,0.284712
0.416289,0.324302,0.226504,0.279545
0.596453,0.337375,0.212608,0.226504
0.590252,0.321059,0.303413,0.212608
0.402423,0.334988,0.412795,0.303413
0.431680,0.449434,0.534950,0.412795
0.413809,0.441198,0.681274,0.534950
0.358046,0.533899,0.802861,0.681274
0.541156,0.754762,0.927787,0.802861
0.693713,0.697489,1.069521,0.927787
0.800354,0.802094,1.177265,1.069521
0.923123,0.984781,1.268634,1.177265
1.084391,1.056525,1.351699,1.268634
1.154339,1.009716,1.418921,1.351699
1.034566,0.837613,1.472083,1.418921
0.772649,0.849310,1.509059,1.472083
0.795313,0.974360,1.540497,1.509059
0.911520,0.815489,1.568528,1.540497
0.714495,0.820753,1.584087,1.568528
0.698956,0.962889,1.591594,1.584087
0.889558,0.855329,1.588735,1.591594
0.735661,0.842711,1.578930,1.588735
0.750164,1.028244,1.566722,1.578930
0.937542,0.856206,1.555032,1.566722
0.751005,0.858742,1.549597,1.555032
0.758475,1.025499,1.548363,1.549597
0.957594,0.855540,1.550963,1.548363
0.767365,0.871869,1.554781,1.550963
0.917764,1.018993,1.558809,1.554781
0.956744,0.844033,1.562511,1.558809
0.763516,0.892722,1.564371,1.562511
0.808241,1.038203,1.565361,1.564371
0.943223,0.840836,1.565704,1.565361
0.754272,0.869698,1.565868,1.565704
0.755030,1.027274,1.566255,1.565868
0.933945,0.828097,1.567086,1.566255
0.751971,0.855454,1.568038,1.567086
0.755400,1.001492,1.569264,1.568038
0.930965,0.838138,1.570880,1.569264
0.767458,0.877162,1.572345,1.570880
0.755176,0.988834,1.573947,1.572345
0.937296,0.842802,1.575796,1.573947
0.744613,0.850231,1.577493,1.575796
0.879097,1.006660,1.579348,1.577493
0.925693,0.807332,1.581718,1.579348
0.733697,0.854739,1.583828,1.581718
0.777460,0.957527,1.586203,1.583828
0.911889,0.828694,1.589289,1.586203
0.733051,0.818698,1.591985,1.589289
0.755497,0.957970,1.594887,1.591985
1.058844,0.791054,1.601382,1.594887
0.885618,0.794304,1.607915,1.601382
0.819786,0.857253,1.613669,1.607915
0.913031,0.650222,1.619964,1.613669
0.616332,0.629851,1.625682,1.619964
0.555376,0.684806,1.632585,1.625682
0.618160,0.521406,1.642537,1.632585
0.450583,0.472166,1.652354,1.642537
0.490610,0.538202,1.664073,1.652354
0.450352,0.389648,1.680216,1.664073
0.330039,0.352247,1.695549,1.680216
0.307292,0.377807,1.712970,1.695549
0.320239,0.301222,1.735093,1.712970
0.216608,0.278834,1.754154,1.735093
0.205671,0.301409,1.772942,1.754154
0.421093,0.236647,1.784732,1.772942
0.376720,0.184542,1.782236,1.784732
0.334731,0.237597,1.764285,1.782236
0.322771,0.268120,1.719428,1.764285
0.346876,0.268313,1.657266,1.719428
0.519037,0.266563,1.580344,1.657266
0.418546,0.281533,1.506290,1.580344
0.308575,0.392932,1.428162,1.506290
0.279280,0.355819,1.336123,1.428162
0.168859,0.480097,1.245334,1.336123
0.322654,0.684096,1.136840,1.245334
0.550781,0.647923,0.978710,1.136840
0.910100,0.732042,0.826872,0.978710
1.068004,0.950300,0.669406,0.826872
1.253406,0.855633,0.503152,0.669406
1.228797,0.899023,0.391940,0.503152
1.077419,1.037339,0.300516,0.391940
1.148219,0.850867,0.214682,0.300516
0.801730,0.863953,0.157905,0.214682
0.720645,0.984426,0.113667,0.157905
0.832781,0.814679,0.082234,0.113667
0.659920,0.876119,0.073902,0.082234
0.679931,1.005321,0.076417,0.073902
0.867271,0.801085,0.081430,0.076417
0.707803,0.842153,0.081745,0.081430
0.859388,1.009849,0.077532,0.081745
0.787947,0.861584,0.069776,0.077532
0.899972,0.881240,0.064482,0.069776
0.826523,1.033059,0.060995,0.064482
0.920094,0.917007,0.057429,0.060995
0.832479,0.855093,0.053346,0.057429
0.753062,1.038250,0.048013,0.053346
0.947432,0.865929,0.042698,0.048013
0.751394,0.914915,0.039975,0.042698
0.743251,1.039256,0.038472,0.039975
0.921268,0.820170,0.037625,0.038472
0.736832,0.853959,0.037414,0.037625
0.734366,1.030501,0.037848,0.037414
0.911916,0.798393,0.039250,0.037848
0.724422,0.855126,0.040469,0.039250
0.856094,1.006048,0.041714,0.040469
0.767734,0.840350,0.043036,0.041714
0.861270,0.824195,0.043944,0.043036
0.771631,1.001421,0.044763,0.043944
0.852992,0.850898,0.045712,0.044763
0.765262,0.833261,0.046528,0.045712
0.714809,0.993634,0.047195,0.046528
0.902587,0.822917,0.047306,0.047195
0.724931,0.841648,0.046597,0.047306
0.724412,0.994728,0.045494,0.046597
0.890804,0.834739,0.044787,0.045494
0.716944,0.842772,0.038941,0.044787
0.728505,0.936463,0.015229,0.038941
1.027340,0.778971,0.084155,0.015229
0.871602,0.790065,0.126760,0.084155
0.923377,0.835718,0.143510,0.126760
0.721162,0.673620,0.144598,0.143510
0.684627,0.614027,0.138198,0.144598
0.518040,0.633907,0.129475,0.138198
0.513748,0.500893,0.120044,0.129475
0.412313,0.457164,0.114496,0.120044
0.354647,0.456916,0.112051,0.114496
0.416877,0.382684,0.113910,0.112051
0.316589,0.346285,0.119371,0.113910
0.302437,0.389888,0.127883,0.119371
0.351662,0.292745,0.136113,0.127883
0.227253,0.275017,0.148812,0.136113
0.245907,0.308601,0.179836,0.148812
0.374404,0.206233,0.236554,0.179836
0.332248,0.198865,0.289738,0.236554
0.325445,0.203328,0.303242,0.289738
0.237947,0.208386,0.255931,0.303242
0.350164,0.265316,0.175497,0.255931
0.519441,0.339594,0.124336,0.175497
0.486455,0.302338,0.197999,0.124336
0.212686,0.335602,0.307024,0.197999
0.063211,0.427431,0.430221,0.307024
0.040984,0.442380,0.569726,0.430221
0.081965,0.547783,0.682536,0.569726
0.193838,0.741782,0.795892,0.682536
0.525867,0.712877,0.931950,0.795892
0.547592,0.799007,1.047475,0.931950
0.720498,0.995155,1.156242,1.047475
1.191110,0.836916,1.263552,1.156242
0.560109,0.869047,1.337239,1.263552
0.824024,1.032090,1.399004,1.337239
0.632470,0.855030,1.458418,1.399004
0.772567,0.837254,1.499952,1.458418
0.729054,0.981331,1.535575,1.499952
0.846167,0.814367,1.568285,1.535575
0.756371,0.845031,1.587324,1.568285
0.714671,0.966090,1.597683,1.587324
0.912445,0.807862,1.597293,1.597683
0.747248,0.840325,1.588141,1.597293
0.741869,1.019988,1.575143,1.588141
0.948652,0.829147,1.561331,1.575143
0.758548,0.877167,1.553943,1.561331
0.759046,1.045393,1.551095,1.553943
0.971750,0.871612,1.552642,1.551095
0.777910,0.872721,1.556226,1.552642
0.919231,1.012645,1.560430,1.556226
0.829828,0.850330,1.564492,1.560430
0.915734,0.879853,1.566669,1.564492
0.820328,1.024261,1.567700,1.566669
0.909134,0.824517,1.567895,1.567700
0.810257,0.831985,1.567752,1.567895
0.753540,0.999259,1.567760,1.567752
0.924924,0.831840,1.568344,1.567760
0.738062,0.867308,1.569328,1.568344
0.735597,0.987355,1.570510,1.569328
0.921482,1.016733,1.572084,1.570510
0.915236,0.980703,1.573706,1.572084
0.918004,0.816882,1.575302,1.573706
0.732194,0.857057,1.576630,1.575302
0.735026,0.984294,1.578210,1.576630
0.912876,0.824420,1.580432,1.578210
0.742328,0.846331,1.582692,1.580432
0.742442,0.986623,1.585388,1.582692
0.919895,0.817405,1.589035,1.585388
0.730860,0.821532,1.592203,1.589035
0.901574,1.001266,1.595943,1.592203
1.058674,0.767648,1.603865,1.595943
0.873793,0.792255,1.611307,1.603865
0.841221,0.838921,1.617925,1.611307
0.835770,0.665622,1.625006,1.617925
0.592888,0.619908,1.630987,1.625006
0.539527,0.649563,1.637657,1.630987
0.592661,0.503008,1.646500,1.637657
0.436079,0.464788,1.654838,1.646500
0.407235,0.537340,1.664521,1.654838
0.436756,0.460080,1.677615,1.664521
0.390549,0.407375,1.693329,1.677615
0.378968,0.308932,1.711433,1.693329
0.287299,0.270157,1.727888,1.711433
0.229290,0.333972,1.747322,1.727888
0.283620,0.259469,1.779316,1.747322
0.259753,0.276707,1.819040,1.779316
0.308778,0.264199,1.886836,1.819040
0.284273,0.254083,1.968049,1.886836
0.217008,0.324851,2.041940,1.968049
0.377733,0.298987,2.132927,2.041940
0.573781,0.309764,2.222760,2.132927
0.692161,0.348634,2.329161,2.222760
0.493511,0.302660,2.468693,2.329161
0.258629,0.295246,2.594028,2.468693
0.242365,0.437347,2.722638,2.594028
0.525094,0.440149,2.862032,2.722638
0.529405,0.494701,2.957569,2.862032
0.616724,0.664372,3.030200,2.957569
0.941952,0.601488,3.083240,3.030200
0.843108,0.637533,3.109368,3.083240
0.872965,0.813519,3.126755,3.109368
1.186534,0.671539,3.141440,3.126755
0.952585,0.749278,3.132922,3.141440
0.890714,0.899064,3.128370,3.132922
0.986766,0.686421,3.131210,3.128370
0.738984,0.736918,3.138544,3.131210
0.871764,0.824764,3.138167,3.138544
0.910350,0.719652,3.131430,3.138167
0.731793,0.715677,3.128959,3.131430
0.783965,0.839563,3.129070,3.128959
0.941544,0.670015,3.131400,3.129070
0.766380,0.706030,3.134149,3.131400
0.780212,0.887471,3.136842,3.134149
0.987894,0.735634,3.138891,3.136842
0.785623,0.757016,3.139540,3.138891
0.780980,0.859064,3.139509,3.139540
0.983229,0.704637,3.139027,3.139509
0.795734,0.763429,3.138602,3.139027
0.798274,0.885473,3.138367,3.138602
0.990654,0.747197,3.138527,3.138367
0.803038,0.762237,3.138974,3.138527
0.953597,0.877278,3.139630,3.138974
0.991529,0.756778,3.140368,3.139630
0.802433,0.763561,3.141059,3.140368
0.850481,0.896052,3.141923,3.141059
1.010035,0.743881,3.141945,3.141923
0.821646,0.765529,3.141352,3.141945
0.835958,0.922535,3.140916,3.141352
1.043573,0.715319,3.140574,3.140916
0.843428,0.776471,3.140367,3.140574
0.836114,0.911151,3.140242,3.140367
1.017113,0.743467,3.139816,3.140242
0.808246,0.915321,3.139190,3.139816
1.022292,0.892696,3.138057,3.139190
1.048675,0.768097,3.136600,3.138057
0.834226,0.942675,3.135117,3.136600
1.048852,0.758341,3.133183,3.135117
0.842807,0.766778,3.131432,3.133183
0.997390,0.870549,3.129493,3.131432
0.887876,0.739878,3.126936,3.129493
0.984931,0.805935,3.124460,3.126936
0.894317,0.910984,3.120954,3.124460
1.065622,0.740551,3.116705,3.120954
0.998344,0.727282,3.114084,3.116705
0.909589,0.823029,3.111591,3.114084
0.994279,0.657596,3.108231,3.111591
0.725619,0.645985,3.104710,3.108231
0.676350,0.686614,3.100102,3.104710
0.753070,0.515003,3.093679,3.100102
0.574478,0.540795,3.087659,3.093679
0.544515,0.581395,3.081167,3.087659
0.642122,0.439624,3.073361,3.081167
0.483018,0.405210,3.066854,3.073361
0.534341,0.454811,3.060094,3.066854
0.445731,0.364677,3.051733,3.060094
0.477683,0.363494,3.044105,3.051733
0.408624,0.374152,3.035317,3.044105
0.421780,0.272340,3.023791,3.035317
0.346650,0.277657,3.013318,3.023791
0.304971,0.355814,3.002193,3.013318
0.341633,0.239554,2.988940,3.002193
0.249248,0.235568,2.979345,2.988940
0.238457,0.256130,2.975242,2.979345
0.291524,0.191072,2.977736,2.975242
0.214904,0.151964,2.983014,2.977736
0.203963,0.201188,2.989012,2.983014
0.214959,0.146791,2.994532,2.989012
0.149537,0.135767,2.996962,2.994532
0.141288,0.151684,2.997369,2.996962
0.105795,0.103591,2.995949,2.997369
0.108476,0.133417,2.994192,2.995949
0.100065,0.102208,2.992208,2.994192
0.070776,0.104047,2.990941,2.992208
0.072727,0.074129,2.990484,2.990941
0.072585,0.083072,2.990510,2.990484
0.049363,0.075629,2.990806,2.990510
0.032834,0.071329,2.991257,2.990806
0.044433,0.048528,2.991680,2.991257
0.036600,0.039355,2.991867,2.991680
0.033885,0.060729,2.991989,2.991867
0.033607,0.070774,2.991938,2.991989
0.033538,0.049173,2.991795,2.991938
0.028551,0.029988,2.991589,2.991795
0.034053,0.007572,2.991371,2.991589
0.037677,0.045818,2.991284,2.991371
0.037761,0.030841,2.991288,2.991284
0.048737,0.044309,2.991383,2.991288
0.039431,0.015950,2.991386,2.991383
0.039885,0.018864,2.991355,2.991386
0.033485,0.032752,2.991406,2.991355
0.000000,0.023593,2.991259,2.991406
0.000000,0.036222,2.991149,2.991259
0.000000,0.024608,2.991201,2.991149
0.000000,0.000000,0.000000,0.000000
0.000000,0.032092,2.044457,0.000000
0.000000,0.019179,2.037962,2.044457
0.023169,0.061047,2.031987,2.037962
0.026392,0.043147,2.035191,2.031987
0.029953,0.045781,2.039311,2.035191
0.000000,0.032832,2.043815,2.039311
0.000000,0.008211,2.032755,2.043815
0.000000,0.043277,2.031210,2.032755
0.000000,0.022036,2.031469,2.031210
0.000000,0.049659,2.032031,2.031469
0.023383,0.055211,2.032344,2.032031
0.020793,0.022200,2.032488,2.032344
0.000000,0.024991,2.032888,2.032488
0.035981,0.036000,2.019289,2.032888
0.029187,0.028653,2.019963,2.019289
0.031685,0.005191,2.023404,2.019963
0.039158,0.022524,2.025608,2.023404
0.042315,0.040440,2.026618,2.025608
0.048046,0.041293,2.026921,2.026618
0.046302,0.029662,2.027284,2.026921
0.070780,0.041189,2.027566,2.027284
0.075721,0.037021,2.028250,2.027566
0.061492,0.047372,2.028866,2.028250
0.087396,0.041291,2.029418,2.028866
0.103514,0.006888,2.031929,2.029418
0.079987,0.045157,2.033209,2.031929
0.077517,0.040835,2.033331,2.033209
0.085677,0.039041,2.032215,2.033331
0.059928,0.005340,2.031053,2.032215
0.054341,0.029380,2.029765,2.031053
0.086641,0.055108,2.027889,2.029765
0.064262,0.042897,2.026041,2.027889
0.034436,0.052684,2.026126,2.026041
0.052746,0.009685,2.026484,2.026126
0.097364,0.029268,2.021310,2.026484
0.158798,0.051507,2.003076,2.021310
0.169897,0.033649,1.975297,2.003076
0.123902,0.142034,1.928535,1.975297
0.055574,0.198694,1.835646,1.928535
0.158770,0.275286,1.730896,1.835646
0.317980,0.430523,1.620864,1.730896
0.418363,0.474594,1.512573,1.620864
0.448265,0.536461,1.437211,1.512573
0.525785,0.699812,1.363461,1.437211
0.549135,0.659954,1.254598,1.363461
0.504850,0.732098,1.134189,1.254598
0.625565,0.931795,0.987890,1.134189
0.544051,0.801998,0.805452,0.987890
0.483093,0.827107,0.661638,0.805452
0.753156,0.998200,0.526080,0.661638
1.095007,0.808481,0.390678,0.526080
0.845924,0.808560,0.300370,0.390678
0.967581,0.947077,0.227297,0.300370
0.826625,0.802337,0.161291,0.227297
0.875896,0.794194,0.121387,0.161291
0.742094,0.928904,0.096473,0.121387
0.815591,0.757337,0.084913,0.096473
0.721481,0.810310,0.083870,0.084913
0.682674,0.954882,0.084522,0.083870
0.855099,0.837818,0.083301,0.084522
0.697861,0.812723,0.078912,0.083301
0.741916,0.969545,0.071350,0.078912
0.986978,0.760126,0.063417,0.071350
0.791906,0.835393,0.059500,0.063417
0.795709,0.977770,0.058318,0.059500
0.980093,0.832441,0.058843,0.058318
0.780012,0.857400,0.059471,0.058843
0.936483,0.975375,0.059450,0.059471
0.837703,0.809216,0.059705,0.059450
0.931581,0.844973,0.059868,0.059705
0.851300,0.962139,0.059484,0.059868
0.959199,0.843477,0.058352,0.059484
0.858099,0.834772,0.057314,0.058352
0.804219,0.972074,0.056667,0.057314
1.008872,0.792473,0.056594,0.056667
0.794851,0.856676,0.056933,0.056594
0.800221,0.962944,0.057633,0.056933
0.997946,0.822202,0.058576,0.057633
0.799709,1.027309,0.059295,0.058576
0.988903,0.968790,0.059923,0.059295
0.977725,0.854896,0.060147,0.059923
0.776211,0.975414,0.060411,0.060147
0.970005,0.995152,0.060496,0.060411
0.960634,0.969698,0.060960,0.060496
0.966658,0.830824,0.061718,0.060960
0.780740,0.824257,0.053705,0.061718
0.810687,0.953051,0.010980,0.053705
1.101210,0.830283,0.070499,0.010980
0.930075,0.772261,0.111059,0.070499
1.016440,0.835512,0.127128,0.111059
0.808102,0.693596,0.129224,0.127128
0.794859,0.662017,0.124314,0.129224
0.636020,0.695660,0.116376,0.124314
0.646574,0.531913,0.105937,0.116376
0.524466,0.510651,0.098080,0.105937
0.459231,0.535819,0.091727,0.098080
0.523208,0.417205,0.086188,0.091727
0.388606,0.384369,0.083115,0.086188
0.366072,0.413327,0.081842,0.083115
0.425281,0.322922,0.074179,0.081842
0.296896,0.393747,0.056828,0.074179
0.248152,0.352535,0.067830,0.056828
0.374985,0.284029,0.125932,0.067830
0.392644,0.277192,0.203245,0.125932
0.519115,0.265098,0.286554,0.203245
0.344438,0.219891,0.308095,0.286554
0.277564,0.293640,0.278792,0.308095
0.343154,0.272659,0.242896,0.278792
0.297052,0.292666,0.288971,0.242896
0.253661,0.396378,0.375194,0.288971
0.212009,0.402480,0.508562,0.375194
0.194889,0.462083,0.623254,0.508562
0.311220,0.633339,0.741731,0.623254
0.498147,0.599059,0.882302,0.741731
0.483006,0.695025,0.999454,0.882302
0.577686,0.895442,1.113551,0.999454
0.938915,0.757494,1.229298,1.113551
0.971644,0.807517,1.309428,1.229298
0.923271,0.947221,1.377583,1.309428
0.996548,0.764553,1.440890,1.377583
0.711168,0.797346,1.483350,1.440890
0.655928,0.934779,1.519329,1.483350
0.786552,0.784845,1.553252,1.519329
0.635809,0.812676,1.574487,1.553252
0.790566,0.916673,1.588168,1.574487
0.875860,0.786585,1.592201,1.588168
0.725705,0.814531,1.585834,1.592201
0.809366,0.969034,1.573750,1.585834
0.977267,0.812335,1.559088,1.573750
0.788052,0.823598,1.550386,1.559088
0.792589,0.973444,1.546122,1.550386
0.996519,0.814108,1.546286,1.546122
0.796406,0.855431,1.549120,1.546286
0.793041,0.973876,1.552866,1.549120
0.991239,0.809036,1.556518,1.552866
0.793078,0.821963,1.558271,1.556518
0.780156,0.955213,1.558701,1.558271
0.987131,0.817272,1.557952,1.558701
0.797549,0.825324,1.556958,1.557952
0.958935,0.990085,1.556029,1.556958
1.006341,0.840794,1.555473,1.556029
0.803677,0.838546,1.555507,1.555473
0.853904,0.992235,1.555892,1.555507
1.009313,0.805227,1.556545,1.555892
0.806254,0.851619,1.557132,1.556545
0.797351,0.988975,1.557667,1.557132
0.998142,0.828001,1.558065,1.557667
0.801718,0.843473,1.558360,1.558065
0.800321,0.980192,1.558737,1.558360
1.006509,0.842879,1.559199,1.558737
0.797874,0.858186,1.559708,1.559199
0.795289,0.966826,1.560118,1.559708
0.980474,0.808194,1.560380,1.560118
0.790795,0.824542,1.560636,1.560380
0.956089,0.970496,1.560772,1.560636
1.023947,0.815967,1.560349,1.560772
0.877686,0.826215,1.562029,1.560349
1.011033,0.918862,1.564804,1.562029
1.074061,0.714191,1.566555,1.564804
0.756768,0.701892,1.567302,1.566555
0.675340,0.763372,1.568279,1.567302
0.746004,0.586886,1.570599,1.568279
0.549352,0.537238,1.573774,1.570599
0.507716,0.584783,1.578096,1.573774
0.564804,0.571435,1.583704,1.578096
0.516240,0.495435,1.589168,1.583704
0.488215,0.382913,1.593724,1.589168
0.371330,0.370986,1.596610,1.593724
0.351050,0.348626,1.597866,1.596610
0.350430,0.304831,1.597930,1.597866
0.218397,0.337608,1.596366,1.597930
0.366117,0.328364,1.589029,1.596366
0.434780,0.260781,1.570898,1.589029
0.453043,0.241280,1.542405,1.570898
0.365737,0.284461,1.491944,1.542405
0.322901,0.236389,1.416446,1.491944
0.294464,0.304925,1.340004,1.416446
0.277746,0.358142,1.254252,1.340004
0.191271,0.310534,1.150653,1.254252
0.124322,0.382396,1.062710,1.150653
0.112729,0.504956,0.960319,1.062710
0.187508,0.531206,0.819705,0.960319
0.317448,0.607937,0.688795,0.819705
0.541915,0.807322,0.546250,0.688795
0.869575,0.707544,0.394923,0.546250
0.831396,0.782923,0.289010,0.394923
1.037020,0.943228,0.202683,0.289010
0.943872,0.823148,0.134869,0.202683
0.967817,0.798992,0.093801,0.134869
0.798456,0.937722,0.067160,0.093801
0.842192,0.772229,0.061485,0.067160
0.729371,0.749312,0.068630,0.061485
0.704077,0.958438,0.075622,0.068630
0.897976,0.780243,0.078642,0.075622
0.729756,0.833228,0.077526,0.078642
0.754046,0.955155,0.075443,0.077526
0.961007,0.795499,0.075023,0.075443
0.785477,0.795668,0.075823,0.075023
0.792368,0.940551,0.075901,0.075823
0.994051,0.821330,0.074469,0.075901
0.793660,0.811110,0.072432,0.074469
0.938898,0.967874,0.070673,0.072432
0.841593,0.823569,0.069324,0.070673
0.930077,0.832274,0.068836,0.069324
0.823539,0.966852,0.068692,0.068836
0.903630,0.815826,0.068536,0.068692
0.832456,0.835991,0.068440,0.068536
0.799082,1.017742,0.068032,0.068440
0.996009,0.820172,0.067034,0.068032
0.793699,0.836568,0.065769,0.067034
0.791642,0.984766,0.064266,0.065769
1.001944,0.821145,0.062622,0.064266
0.799399,0.858475,0.061322,0.062622
0.804035,0.986319,0.060513,0.061322
1.004090,0.815030,0.059768,0.060513
0.800104,0.850716,0.059733,0.059768
0.946752,0.987645,0.060562,0.059733
0.837327,0.852855,0.062166,0.060562
0.933150,0.851314,0.063762,0.062166
0.830785,0.966852,0.064948,0.063762
0.885759,0.829631,0.065124,0.064948
0.799788,0.870460,0.064346,0.065124
0.772773,0.976297,0.062960,0.064346
0.970890,0.821980,0.056253,0.062960
0.815513,0.872070,0.018688,0.056253
0.901338,1.001966,0.052976,0.018688
1.193352,0.862958,0.110117,0.052976
0.890113,0.839886,0.129882,0.110117
0.789655,0.926731,0.136296,0.129882
0.852704,0.705976,0.134501,0.136296
0.626222,0.643687,0.129166,0.134501
0.673295,0.705197,0.122289,0.129166
0.543945,0.565608,0.114061,0.122289
0.553674,0.495595,0.107446,0.114061
0.458550,0.546340,0.101118,0.107446
0.408011,0.408648,0.094937,0.101118
0.361503,0.379105,0.091035,0.094937
0.317633,0.385365,0.086395,0.091035
0.334191,0.315959,0.064758,0.086395
0.238387,0.296183,0.090154,0.064758
0.325010,0.275209,0.146635,0.090154
0.440000,0.252002,0.228346,0.146635
0.328705,0.209120,0.280817,0.228346
0.279399,0.263948,0.281796,0.280817
0.400444,0.257701,0.228701,0.281796
0.423662,0.321726,0.194938,0.228701
0.623723,0.343185,0.246421,0.194938
0.487963,0.318911,0.363491,0.246421
0.533184,0.424824,0.477601,0.363491
0.392912,0.502860,0.626264,0.477601
0.370451,0.554097,0.769693,0.626264
0.541378,0.726576,0.892154,0.769693
0.832656,0.702626,1.033137,0.892154
0.769912,0.789418,1.143654,1.033137
0.995369,0.965956,1.239762,1.143654
1.229808,0.840735,1.328799,1.239762
0.944578,0.877911,1.389293,1.328799
0.876085,0.992600,1.440976,1.389293
1.008061,0.838119,1.490828,1.440976
0.748562,0.820224,1.525279,1.490828
0.707103,0.975452,1.553871,1.525279
0.840180,0.806560,1.578098,1.553871
0.667009,0.851107,1.589725,1.578098
0.682013,0.990816,1.592485,1.589725
0.887826,0.816749,1.584645,1.592485
0.727396,0.859614,1.572943,1.584645
0.877720,1.007770,1.561073,1.572943
0.935197,0.850608,1.551636,1.561073
0.758749,0.872544,1.548597,1.551636
0.818308,1.025430,1.549455,1.548597
0.972516,0.877041,1.553405,1.549455
0.779648,0.903380,1.557431,1.553405
0.778388,1.009433,1.560871,1.557431
0.974424,0.875003,1.563184,1.560871
0.771553,0.864592,1.564021,1.563184
0.771887,1.029296,1.564208,1.564021
0.951194,0.852979,1.564390,1.564208
0.759107,0.876803,1.564945,1.564390
0.755068,1.012021,1.565979,1.564945
0.944161,0.840938,1.567754,1.565979
0.757231,0.856316,1.569458,1.567754
0.894737,0.994624,1.571329,1.569458
0.934118,0.831942,1.573313,1.571329
0.746309,0.858777,1.574847,1.573313
0.788182,0.995783,1.576375,1.574847
0.910792,0.818814,1.578132,1.576375
0.727718,0.849851,1.579767,1.578132
0.735036,0.962713,1.581797,1.579767
0.912554,0.817201,1.584528,1.581797
0.731947,0.837827,1.587162,1.584528
0.731866,0.958191,1.590174,1.587162
0.917956,0.849306,1.594016,1.590174
0.742256,0.831781,1.597118,1.594016
0.815012,0.989153,1.602122,1.597118
1.097588,0.774087,1.610388,1.602122
0.853618,0.769163,1.616516,1.610388
0.894192,0.811946,1.622162,1.616516
0.817589,0.640350,1.629071,1.622162
0.589939,0.606694,1.635656,1.629071
0.551365,0.643119,1.643469,1.635656
0.560030,0.467110,1.654066,1.643469
0.395361,0.434512,1.664047,1.654066
0.357614,0.511392,1.675273,1.664047
0.393762,0.348523,1.689622,1.675273
0.281238,0.329471,1.702910,1.689622
0.259443,0.361962,1.718108,1.702910
0.281088,0.292684,1.737338,1.718108
0.195752,0.269820,1.753924,1.737338
0.295092,0.293165,1.765064,1.753924
0.431042,0.226691,1.764520,1.765064
0.328662,0.188343,1.747562,1.764520
0.290690,0.208584,1.710250,1.747562
0.312948,0.243887,1.652318,1.710250
0.336139,0.279064,1.590249,1.652318
0.530429,0.333180,1.515977,1.590249
0.471540,0.299550,1.420135,1.515977
0.263085,0.322007,1.338526,1.420135
0.266534,0.492056,1.257119,1.338526
0.413064,0.501656,1.142830,1.257119
0.502600,0.599634,1.026570,1.142830
0.686373,0.784263,0.879804,1.026570
1.127519,0.762082,0.693270,0.879804
1.055694,0.854431,0.545272,0.693270
1.185807,1.008976,0.416261,0.545272
1.453643,0.863727,0.303196,0.416261
1.020880,0.834444,0.229298,0.303196
1.040426,1.012856,0.168071,0.229298
0.976225,0.813648,0.114313,0.168071
0.730581,0.873505,0.085878,0.114313
0.731341,0.977568,0.074301,0.085878
0.856927,0.830999,0.077714,0.074301
0.702204,0.876968,0.084433,0.077714
0.709087,0.994771,0.088019,0.084433
0.900291,0.819120,0.085421,0.088019
0.729488,0.847337,0.079051,0.085421
0.738134,1.009959,0.072456,0.079051
0.971501,1.083623,0.067125,0.072456
0.995674,1.055021,0.062413,0.067125
0.994498,0.860206,0.056668,0.062413
0.790509,0.894774,0.051506,0.056668
0.781559,1.060862,0.046589,0.051506
0.971880,0.887234,0.041382,0.046589
0.770567,0.887588,0.038272,0.041382
0.911086,1.020459,0.036472,0.038272
0.802947,0.825536,0.035920,0.036472
0.894324,1.052580,0.036269,0.035920
0.925694,1.040213,0.036884,0.036269
0.783326,0.862754,0.037202,0.036884
0.872467,1.008240,0.037396,0.037202
0.915335,0.808386,0.038247,0.037396
0.731849,0.870402,0.039547,0.038247
0.766612,0.966652,0.040850,0.039547
0.888938,1.020645,0.042391,0.040850
0.550785,0.980308,0.043731,0.042391
0.457182,0.813971,0.045653,0.043731
0.465848,0.855163,0.048370,0.045653
0.589894,0.982337,0.050845,0.048370
0.837616,0.823355,0.051852,0.050845
0.698772,0.849676,0.051317,0.051852
0.717658,0.981187,0.037737,0.051317
0.985796,0.821400,0.031317,0.037737
0.834901,0.812728,0.095004,0.031317
0.848848,0.898627,0.132737,0.095004
0.941561,0.667714,0.147143,0.132737
0.658754,0.699338,0.146589,0.147143
0.672774,0.694085,0.140583,0.146589
0.513228,0.532726,0.131204,0.140583
0.507842,0.493452,0.123715,0.131204
0.410609,0.532868,0.118190,0.123715
0.425006,0.394191,0.116037,0.118190
0.335824,0.381158,0.118170,0.116037
0.284116,0.431097,0.123792,0.118170
0.336903,0.329432,0.134317,0.123792
0.252322,0.239638,0.140159,0.134317
0.213433,0.308761,0.157768,0.140159
0.343445,0.224789,0.200874,0.157768
0.294336,0.209500,0.251884,0.200874
0.286710,0.192932,0.298313,0.251884
0.293887,0.197042,0.287741,0.298313
0.206153,0.217451,0.230224,0.287741
0.384419,0.317308,0.146578,0.230224
0.550520,0.284818,0.146918,0.146578
0.438700,0.313255,0.234030,0.146918
0.169056,0.380763,0.351721,0.234030
0.110892,0.392062,0.497770,0.351721
0.038773,0.475524,0.615740,0.497770
0.096485,0.635807,0.734470,0.615740
0.323735,0.651331,0.872049,0.734470
0.451948,0.895158,0.989245,0.872049
0.799018,0.951616,1.125707,0.989245
1.084356,0.861000,1.238688,1.125707
0.871507,1.004737,1.318143,1.238688
1.058699,0.867802,1.392540,1.318143
0.767239,0.857789,1.442776,1.392540
0.723232,0.979959,1.486107,1.442776
0.843777,0.820828,1.528390,1.486107
0.675455,0.831918,1.557200,1.528390
0.685669,1.018877,1.579666,1.557200
0.874839,0.821299,1.594855,1.579666
0.722199,0.859273,1.597265,1.594855
0.864628,0.991765,1.590587,1.597265
0.932666,0.861435,1.576262,1.590587
0.739694,0.896662,1.564142,1.576262
0.803807,1.041721,1.555088,1.564142
0.964529,0.839133,1.550707,1.555088
0.773680,0.888759,1.551450,1.550707
0.773922,1.006108,1.554695,1.551450
0.959664,0.860324,1.559560,1.554695
0.765910,0.873143,1.563070,1.559560
0.763939,0.998417,1.565500,1.563070
0.946896,0.877397,1.566882,1.565500
0.753022,0.844755,1.567212,1.566882
0.758518,1.011302,1.567296,1.567212
0.936717,0.828972,1.567517,1.567296
0.741276,0.823753,1.568199,1.567517
0.879420,1.004588,1.569405,1.568199
0.925721,0.835793,1.571292,1.569405
0.731010,0.857002,1.573148,1.571292
0.780740,0.990699,1.575088,1.573148
0.923411,0.819486,1.577259,1.575088
0.737265,0.840784,1.578964,1.577259
0.738619,0.976549,1.580706,1.578964
0.929278,0.808582,1.582682,1.580706
0.741335,0.830455,1.584323,1.582682
0.736480,0.989549,1.586112,1.584323
0.918001,0.804304,1.588379,1.586112
0.729742,0.829103,1.590664,1.588379
0.725441,0.972682,1.592920,1.590664
0.991030,0.829472,1.596929,1.592920
0.863302,0.808127,1.603018,1.596929
1.019779,0.894288,1.609035,1.603018
0.944345,0.689316,1.614961,1.609035
0.659219,0.678566,1.619596,1.614961
0.621255,0.723137,1.624991,1.619596
0.634435,0.540669,1.633003,1.624991
0.461255,0.480671,1.641540,1.633003
0.418315,0.541197,1.652380,1.641540
0.468095,0.414143,1.667311,1.652380
0.348299,0.384529,1.681399,1.667311
0.339926,0.442122,1.696850,1.681399
0.390507,0.314415,1.715848,1.696850
0.296139,0.286335,1.732042,1.715848
0.247807,0.336564,1.752089,1.732042
0.309033,0.259985,1.787784,1.752089
0.266562,0.204738,1.833242,1.787784
0.306635,0.221483,1.895870,1.833242
0.315623,0.237508,1.983115,1.895870
0.231066,0.288586,2.060494,1.983115
0.410129,0.335363,2.140970,2.060494
0.653880,0.284633,2.249878,2.140970
0.556688,0.312698,2.356174,2.249878
0.437352,0.361088,2.476856,2.356174
0.278075,0.313687,2.626375,2.476856
0.201647,0.350400,2.749160,2.626375
0.325499,0.455093,2.865504,2.749160
0.615556,0.439854,2.976066,2.865504
0.632855,0.563002,3.043129,2.976066
0.681021,0.691890,3.087904,3.043129
1.009848,0.627616,3.118010,3.087904
0.868882,0.721633,3.132936,3.118010
1.065210,0.852372,3.142161,3.132936
1.199722,0.732024,3.131581,3.142161
0.916197,0.730242,3.129478,3.131581
0.877193,0.830817,3.133785,3.129478
0.935004,0.700539,3.140484,3.133785
0.713475,0.725506,3.132552,3.140484
0.713452,0.829631,3.127159,3.132552
0.913507,0.691042,3.125319,3.127159
0.738022,0.715913,3.126930,3.125319
0.753305,0.838208,3.130286,3.126930
0.972418,0.713798,3.134434,3.130286
0.789744,0.715578,3.137129,3.134434
0.787804,0.876697,3.138778,3.137129
0.977595,0.741275,3.139295,3.138778
0.775728,0.763462,3.138837,3.139295
0.939465,0.838714,3.138077,3.138837
0.989535,0.716331,3.137222,3.138077
0.799585,0.737193,3.136810,3.137222
0.846866,0.887368,3.136832,3.136810
0.995419,0.729613,3.137349,3.136832
0.804579,0.755642,3.138063,3.137349
0.814002,0.873664,3.138960,3.138063
1.012650,0.739958,3.139869,3.138960
0.806844,0.797513,3.140493,3.139869
0.805191,0.876145,3.141074,3.140493
1.013972,0.758358,3.141682,3.141074
0.826941,0.808105,3.142169,3.141682
0.834145,0.876335,3.142147,3.142169
1.046745,0.733630,3.141330,3.142147
0.839034,0.792833,3.140582,3.141330
0.995209,0.886598,3.139914,3.140582
1.021524,0.947522,3.139142,3.139914
1.013641,0.903728,3.138266,3.139142
0.893917,0.755303,3.137231,3.138266
1.009160,0.775686,3.136296,3.137231
0.900896,0.917114,3.135280,3.136296
1.010288,0.794813,3.134061,3.135280
0.893964,0.757508,3.132985,3.134061
0.848927,0.884374,3.131878,3.132985
1.053923,0.764993,3.130396,3.131878
0.828712,0.773388,3.128404,3.130396
0.872459,0.910702,3.125557,3.128404
1.163921,0.729929,3.122564,3.125557
0.914170,0.682736,3.119992,3.122564
0.833280,0.809698,3.116781,3.119992
0.942147,0.627139,3.112150,3.116781
0.703228,0.587542,3.107252,3.112150
0.754557,0.651535,3.101258,3.107252
0.598255,0.511891,3.093155,3.101258
0.638635,0.511057,3.085444,3.093155
0.544386,0.526690,3.076989,3.085444
0.570427,0.416328,3.066874,3.076989
0.480480,0.396707,3.058599,3.066874
0.429257,0.436774,3.050476,3.058599
0.514170,0.353186,3.041022,3.050476
0.395628,0.320238,3.032680,3.041022
0.373354,0.368526,3.023139,3.032680
0.422098,0.283318,3.010658,3.023139
0.313341,0.293421,2.999249,3.010658
0.289366,0.267019,2.987020,2.999249
0.315610,0.253494,2.973677,2.987020
0.236835,0.216688,2.967581,2.973677
0.279316,0.204929,2.967788,2.967581
0.231025,0.200885,2.973178,2.967788
0.256928,0.189557,2.979233,2.973178
0.214304,0.183678,2.984766,2.979233
0.209006,0.117140,2.988765,2.984766
0.162771,0.121720,2.989765,2.988765
0.143684,0.159749,2.989064,2.989765
0.170151,0.146067,2.987055,2.989064
0.135013,0.098833,2.985301,2.987055
0.115260,0.069817,2.983863,2.985301
0.121260,0.106931,2.983004,2.983863
0.091986,0.073572,2.982913,2.983004
0.082776,0.067690,2.983118,2.982913
0.077882,0.061439,2.983667,2.983118
0.043113,0.034299,2.984066,2.983667
0.051157,0.050835,2.984418,2.984066
0.042053,0.075812,2.984549,2.984418
0.045334,0.035254,2.984388,2.984549
0.040588,0.068390,2.984090,2.984388
0.055290,0.024115,2.983794,2.984090
0.045414,0.047333,2.983664,2.983794
0.041293,0.063252,2.983672,2.983664
0.050665,0.024371,2.983761,2.983672
0.036319,0.048116,2.983736,2.983761
0.032352,0.046611,2.983710,2.983736
0.035574,0.021929,2.983705,2.983710
0.028167,0.018820,2.983682,2.983705
0.023411,0.035499,2.983700,2.983682
0.000000,0.035866,2.983760,2.983700
0.000000,0.019135,2.983875,2.983760
0.000000,0.000000,0.000000,0.000000
0.000000,0.031635,2.044010,0.000000
0.027754,0.025355,2.037522,2.044010
0.026383,0.031265,2.047571,2.037522
0.028013,0.032184,2.056250,2.047571
0.000000,0.013773,2.062951,2.056250
0.000000,0.039465,2.073462,2.062951
0.000000,0.014038,2.080392,2.073462
0.000000,0.034488,2.075622,2.080392
0.000000,0.007508,2.072173,2.075622
0.000000,0.041582,2.070024,2.072173
0.000000,0.029413,2.070131,2.070024
0.000000,0.018736,2.071236,2.070131
0.000000,0.027156,2.072601,2.071236
0.000000,0.060255,2.074057,2.072601
0.038322,0.051295,2.062980,2.074057
0.029692,0.036909,2.060372,2.062980
0.036131,0.024182,2.058713,2.060372
0.039405,0.027457,2.057961,2.058713
0.033591,0.012036,2.059075,2.057961
0.050048,0.015996,2.060843,2.059075
0.065783,0.033431,2.062454,2.060843
0.056275,0.040778,2.062974,2.062454
0.073089,0.028052,2.063368,2.062974
0.083506,0.048980,2.064766,2.063368
0.062173,0.031776,2.066208,2.064766
0.067101,0.024875,2.067544,2.066208
0.087637,0.025256,2.069258,2.067544
0.069880,0.038500,2.071243,2.069258
0.064684,0.027122,2.073105,2.071243
0.074625,0.008123,2.074264,2.073105
0.056188,0.040670,2.074146,2.074264
0.049619,0.041195,2.072678,2.074146
0.068044,0.029029,2.069654,2.072678
0.057442,0.060146,2.067245,2.069654
0.053102,0.033230,2.065945,2.067245
0.063788,0.050292,2.066439,2.065945
0.041439,0.051123,2.066775,2.066439
0.154010,0.029859,2.045429,2.066775
0.129687,0.083264,2.015469,2.045429
0.123037,0.147606,1.959299,2.015469
0.033642,0.210313,1.848709,1.959299
0.127805,0.288011,1.734521,1.848709
0.294496,0.458551,1.622843,1.734521
0.534656,0.431437,1.524709,1.622843
0.438338,0.557627,1.462855,1.524709
0.470675,0.726781,1.400012,1.462855
0.618237,0.673817,1.295995,1.400012
0.552535,0.733225,1.173239,1.295995
0.503704,0.925075,1.021474,1.173239
0.727207,0.820517,0.829669,1.021474
0.770942,0.833685,0.676358,0.829669
1.136770,0.954976,0.535376,0.676358
1.186300,0.798114,0.398273,0.535376
0.875976,0.796942,0.307497,0.398273
0.862343,0.945620,0.235243,0.307497
0.932850,0.812920,0.171530,0.235243
0.698967,0.799622,0.133871,0.171530
0.681694,0.911826,0.107827,0.133871
0.830530,0.790790,0.091769,0.107827
0.663251,0.759212,0.087228,0.091769
0.674583,0.944190,0.086386,0.087228
0.856938,0.810339,0.084696,0.086386
0.713135,0.825747,0.080103,0.084696
0.737812,0.935577,0.072262,0.080103
0.985075,0.860268,0.064115,0.072262
0.789602,0.813418,0.059655,0.064115
0.948314,0.990391,0.057104,0.059655
1.005694,0.826234,0.056556,0.057104
0.793332,0.825508,0.056872,0.056556
0.845061,0.985641,0.058187,0.056872
0.996455,0.825021,0.059644,0.058187
0.797498,0.848814,0.060654,0.059644
0.791847,0.985791,0.060785,0.060654
0.990477,0.802613,0.060602,0.060785
0.794154,0.829370,0.060281,0.060602
0.801511,0.996806,0.059280,0.060281
1.020691,0.834066,0.058237,0.059280
0.806421,0.858136,0.057556,0.058237
0.803035,0.960269,0.057343,0.057556
0.991108,0.817279,0.057596,0.057343
0.794855,0.873957,0.058171,0.057596
0.944474,0.962485,0.059029,0.058171
0.989866,0.799634,0.059334,0.059029
0.782952,0.848289,0.059297,0.059334
0.827320,1.007000,0.059433,0.059297
0.986104,0.809794,0.059777,0.059433
0.784067,0.814192,0.059893,0.059777
0.788738,1.014263,0.058785,0.059893
1.018610,0.814247,0.021595,0.058785
0.889015,0.824279,0.043024,0.021595
0.927140,0.938847,0.096646,0.043024
1.100159,0.733740,0.123569,0.096646
0.791918,0.712411,0.129223,0.123569
0.707690,0.758270,0.127071,0.129223
0.787111,0.594033,0.119340,0.127071
0.576404,0.565308,0.110861,0.119340
0.619166,0.551627,0.101948,0.110861
0.589849,0.458498,0.092307,0.101948
0.435569,0.454512,0.085435,0.092307
0.428553,0.493043,0.080105,0.085435
0.463028,0.356895,0.076671,0.080105
0.341390,0.342520,0.075938,0.076671
0.315143,0.383620,0.058065,0.075938
0.274702,0.293597,0.052001,0.058065
0.207847,0.281832,0.069880,0.052001
0.305650,0.332741,0.135864,0.069880
0.517088,0.252995,0.229100,0.135864
0.378446,0.260452,0.293171,0.229100
0.304885,0.286396,0.306257,0.293171
0.301893,0.230478,0.259583,0.306257
0.306707,0.281143,0.244692,0.259583
0.436615,0.350067,0.298980,0.244692
0.429535,0.319133,0.410375,0.298980
0.282741,0.475723,0.526736,0.410375
0.424507,0.561082,0.665744,0.526736
0.671611,0.579565,0.804200,0.665744
0.818402,0.789426,0.922819,0.804200
1.036442,0.697416,1.059381,0.922819
1.033601,0.777684,1.163653,1.059381
0.986792,0.930810,1.255159,1.163653
1.155646,0.797515,1.344305,1.255159
0.859937,0.796144,1.405537,1.344305
0.713139,0.934084,1.456826,1.405537
0.784858,0.759120,1.504870,1.456826
0.611797,0.787913,1.537426,1.504870
0.634702,0.946153,1.563757,1.537426
0.819207,0.783885,1.584505,1.563757
0.682479,0.795455,1.592605,1.584505
0.855297,0.947790,1.591423,1.592605
0.796809,0.793432,1.580161,1.591423
0.914761,0.837408,1.567529,1.580161
0.838199,0.970272,1.556173,1.567529
0.946060,0.812256,1.547911,1.556173
0.847497,0.820882,1.545896,1.547911
0.810336,0.994641,1.547497,1.545896
1.007663,0.784726,1.551599,1.547497
0.809144,0.840629,1.555174,1.551599
0.803866,0.979166,1.557972,1.555174
1.001779,0.836427,1.559640,1.557972
0.809879,0.831384,1.559654,1.559640
0.816300,0.989708,1.558728,1.559654
1.016711,0.832837,1.557312,1.558728
0.813719,0.830080,1.556316,1.557312
0.961348,0.968718,1.555777,1.556316
0.865594,0.849603,1.555706,1.555777
0.963385,0.849945,1.556029,1.555706
0.847176,0.975574,1.556579,1.556029
0.881150,0.826879,1.557256,1.556579
0.781422,0.837751,1.557360,1.557256
0.766856,0.985858,1.557570,1.557360
0.989412,0.815250,1.558104,1.557570
0.797803,0.845338,1.558677,1.558104
0.805411,0.975665,1.559247,1.558677
0.997772,0.794778,1.560153,1.559247
0.806673,1.021318,1.561016,1.560153
1.014050,0.988722,1.562077,1.561016
1.000405,0.813146,1.563204,1.562077
0.807410,0.952961,1.563613,1.563204
0.439661,0.825182,1.565844,1.563613
0.322604,0.809697,1.569480,1.565844
0.633748,0.894921,1.571886,1.569480
0.851386,0.694853,1.572913,1.571886
0.655981,0.654898,1.573257,1.572913
0.724736,0.710622,1.573755,1.573257
0.700479,0.554739,1.574891,1.573755
0.519384,0.504690,1.576134,1.574891
0.499673,0.551726,1.577416,1.576134
0.538553,0.436087,1.578804,1.577416
0.404669,0.415126,1.579674,1.578804
0.377428,0.453096,1.580046,1.579674
0.434917,0.331157,1.579349,1.580046
0.312836,0.305823,1.577073,1.579349
0.241237,0.363669,1.575208,1.577073
0.325490,0.294412,1.569121,1.575208
0.355553,0.299883,1.557653,1.569121
0.409111,0.275071,1.538063,1.557653
0.464338,0.235912,1.493306,1.538063
0.340652,0.256221,1.437118,1.493306
0.344267,0.349016,1.365967,1.437118
0.337936,0.284340,1.269111,1.365967
0.248299,0.319884,1.182911,1.269111
0.188321,0.407994,1.094582,1.182911
0.273161,0.418510,0.985259,1.094582
0.305501,0.476363,0.875320,0.985259
0.440586,0.671589,0.750972,0.875320
0.715089,0.614391,0.591218,0.750972
0.721759,0.680351,0.459574,0.591218
0.777746,0.912382,0.341242,0.459574
1.122595,0.959760,0.226841,0.341242
1.176291,0.935011,0.144828,0.226841
1.097487,0.807753,0.091001,0.144828
0.799355,0.951291,0.062667,0.091001
0.907426,0.944758,0.057210,0.062667
0.874156,0.778403,0.070257,0.057210
0.689842,0.926999,0.079193,0.070257
0.880446,0.762359,0.082026,0.079193
0.725776,0.816862,0.079982,0.082026
0.750167,0.918362,0.077509,0.079982
0.964307,0.802098,0.076719,0.077509
0.787404,0.797902,0.076985,0.076719
0.937777,0.958693,0.076703,0.076985
0.996943,0.816085,0.075335,0.076703
0.796598,0.847257,0.074001,0.075335
0.845862,0.962527,0.072632,0.074001
0.991127,0.825457,0.070779,0.072632
0.785007,0.827849,0.069227,0.070779
0.790380,0.991717,0.067911,0.069227
0.996623,0.845633,0.066837,0.067911
0.806315,0.819525,0.065998,0.066837
0.800805,0.984410,0.065006,0.065998
0.990758,1.022848,0.063947,0.065006
0.985947,0.987148,0.063644,0.063947
0.990551,0.846771,0.063641,0.063644
0.803332,0.872036,0.063000,0.063641
0.801443,0.956163,0.061686,0.063000
1.010559,0.803049,0.060153,0.061686
0.805988,0.837946,0.059347,0.060153
0.948051,0.977616,0.059325,0.059347
0.847844,0.821447,0.059728,0.059325
0.938767,0.834536,0.060466,0.059728
0.833915,0.981063,0.061297,0.060466
0.930970,0.847148,0.062168,0.061297
0.833137,0.843774,0.062845,0.062168
0.785297,0.960660,0.063531,0.062845
0.980475,0.800396,0.063841,0.063531
0.788253,0.815051,0.058469,0.063841
0.813467,0.991795,0.019811,0.058469
1.129397,0.855041,0.062446,0.019811
0.935514,1.042616,0.106505,0.062446
1.089103,0.940560,0.126991,0.106505
0.918808,0.785084,0.130314,0.126991
0.664025,0.812238,0.127124,0.130314
0.741431,0.642606,0.120205,0.127124
0.548091,0.615487,0.113657,0.120205
0.499899,0.647998,0.107419,0.113657
0.568449,0.491212,0.102048,0.107419
0.419368,0.493294,0.099681,0.102048
0.457383,0.450826,0.099240,0.099681
0.437442,0.361528,0.101046,0.099240
0.323359,0.337709,0.093199,0.101046
0.265541,0.372331,0.087741,0.093199
0.348707,0.272962,0.131543,0.087741
0.340606,0.278888,0.190909,0.131543
0.359130,0.284805,0.259542,0.190909
0.406526,0.206507,0.294603,0.259542
0.279153,0.219080,0.268322,0.294603
0.324638,0.295664,0.208548,0.268322
0.616281,0.287134,0.200266,0.208548
0.520467,0.325558,0.275879,0.200266
0.439052,0.410052,0.383291,0.275879
0.444325,0.397927,0.523163,0.383291
0.334420,0.467846,0.640266,0.523163
0.562674,0.667368,0.759657,0.640266
0.734252,0.638925,0.898513,0.759657
0.742678,0.722867,1.015766,0.898513
0.878655,0.938483,1.129845,1.015766
1.156232,0.827944,1.241720,1.129845
0.941805,0.880763,1.317967,1.241720
0.869990,0.984459,1.382945,1.317967
0.962556,0.827675,1.444938,1.382945
0.728084,0.833408,1.487349,1.444938
0.722305,0.978247,1.523326,1.487349
0.888210,0.791766,1.556296,1.523326
0.711057,0.869570,1.576091,1.556296
0.714333,1.000778,1.588210,1.576091
0.904837,0.841585,1.590880,1.588210
0.741994,0.849039,1.584118,1.590880
0.879478,1.010553,1.572708,1.584118
0.923425,0.856437,1.559744,1.572708
0.751685,0.884055,1.552264,1.559744
0.800535,1.014007,1.549025,1.552264
0.960858,0.862764,1.550006,1.549025
0.772335,0.862443,1.553288,1.550006
0.779778,1.009814,1.557442,1.553288
0.978898,0.868906,1.561723,1.557442
0.778349,0.895824,1.564030,1.561723
0.762648,1.022122,1.565282,1.564030
0.956776,0.841563,1.565725,1.565282
0.768229,0.859131,1.565831,1.565725
0.755439,1.009778,1.566170,1.565831
0.945620,0.842518,1.567018,1.566170
0.751281,0.866606,1.568116,1.567018
0.895316,1.020925,1.569488,1.568116
0.943008,0.843071,1.571110,1.569488
0.758274,0.849107,1.572453,1.571110
0.798326,1.003352,1.573794,1.572453
0.931883,0.816772,1.575387,1.573794
0.736470,0.852213,1.576833,1.575387
0.729658,0.992298,1.578471,1.576833
0.910884,0.798394,1.580749,1.578471
0.734561,0.828817,1.582949,1.580749
0.738628,0.975421,1.585479,1.582949
0.932580,0.830978,1.588831,1.585479
0.745663,0.848035,1.591900,1.588831
0.754603,0.956916,1.595276,1.591900
1.085664,0.821951,1.602297,1.595276
0.908855,0.792847,1.609648,1.602297
0.975679,0.881123,1.616381,1.609648
0.895910,0.669210,1.623785,1.616381
0.637844,0.641835,1.630335,1.623785
0.599761,0.635730,1.638032,1.630335
0.631102,0.513108,1.648688,1.638032
0.457366,0.471552,1.659513,1.648688
0.399876,0.534977,1.672395,1.659513
0.424112,0.418014,1.689274,1.672395
0.324667,0.384369,1.704610,1.689274
0.293386,0.415516,1.721390,1.704610
0.324746,0.297484,1.742485,1.721390
0.243216,0.266354,1.761519,1.742485
0.231272,0.316776,1.780610,1.761519
0.394336,0.232046,1.794032,1.780610
0.338145,0.217370,1.793303,1.794032
0.366130,0.202578,1.775422,1.793303
0.291435,0.194615,1.732192,1.775422
0.256660,0.286337,1.683924,1.732192
0.498106,0.291648,1.608099,1.683924
0.566439,0.300594,1.520048,1.608099
0.299957,0.376657,1.438579,1.520048
0.285672,0.439250,1.346248,1.438579
0.208501,0.498685,1.241671,1.346248
0.349573,0.555326,1.114440,1.241671
0.488695,0.699486,0.979330,1.114440
0.790175,0.885810,0.822900,0.979330
1.218886,0.811013,0.638806,0.822900
1.102682,0.847887,0.500519,0.638806
1.134688,1.031449,0.386560,0.500519
1.209209,0.857788,0.282443,0.386560
0.838465,0.888138,0.212529,0.282443
0.762646,1.008444,0.155271,0.212529
0.915714,0.848949,0.107268,0.155271
0.720366,0.818117,0.083882,0.107268
0.706177,0.987040,0.075208,0.083882
0.881980,0.833171,0.077137,0.075208
0.705542,0.887944,0.080699,0.077137
0.840796,1.016147,0.080257,0.080699
0.909449,0.833580,0.073758,0.080257
0.742783,0.885247,0.066521,0.073758
0.813422,1.042295,0.061151,0.066521
0.981318,0.880849,0.057624,0.061151
0.780406,0.898799,0.054659,0.057624
0.780456,1.031981,0.050643,0.054659
0.971253,0.850308,0.045459,0.050643
0.769634,0.880664,0.041883,0.045459
0.761556,1.025924,0.039697,0.041883
0.939389,0.859589,0.039170,0.039697
0.743452,0.837753,0.039380,0.039170
0.740306,1.011392,0.039988,0.039380
0.910332,0.874103,0.041203,0.039988
0.724318,0.866445,0.042083,0.041203
0.861752,0.985635,0.042620,0.042083
0.903206,0.840463,0.043344,0.042620
0.726375,0.840133,0.044075,0.043344
0.773701,0.993226,0.044409,0.044075
0.901577,0.854136,0.044385,0.044409
0.722917,0.990163,0.044482,0.044385
0.906099,0.993761,0.045239,0.044482
0.913888,0.826020,0.046533,0.045239
0.724935,1.008831,0.047555,0.046533
0.906168,0.817306,0.048145,0.047555
0.725735,0.868015,0.048137,0.048145
0.724645,0.940854,0.047682,0.048137
0.913760,0.798172,0.022287,0.047682
0.785181,0.843463,0.043647,0.022287
0.850948,0.939165,0.102185,0.043647
1.034171,0.730609,0.134274,0.102185
0.741603,0.735061,0.142318,0.134274
0.748141,0.753762,0.141728,0.142318
0.576743,0.566707,0.135270,0.141728
0.568126,0.552451,0.128241,0.135270
0.457446,0.579704,0.121632,0.128241
0.461699,0.429169,0.116637,0.121632
0.370445,0.399703,0.115832,0.116637
0.321602,0.449659,0.118337,0.115832
0.371127,0.319153,0.124814,0.118337
0.276329,0.290166,0.132808,0.124814
0.249367,0.352458,0.138741,0.132808
0.284891,0.241416,0.161845,0.138741
0.261655,0.244349,0.201611,0.161845
0.290837,0.247356,0.255695,0.201611
0.376418,0.166690,0.298543,0.255695
0.233900,0.181150,0.278807,0.298543
0.259942,0.285914,0.214086,0.278807
0.394856,0.251704,0.122243,0.214086
0.510385,0.274517,0.145610,0.122243
0.329978,0.347474,0.240770,0.145610
0.258641,0.391535,0.382898,0.240770
0.255304,0.473098,0.537064,0.382898
0.221178,0.455901,0.675276,0.537064
0.288407,0.581431,0.791646,0.675276
0.478095,0.785720,0.911305,0.791646
0.698534,0.733675,1.050663,0.911305
0.675261,0.801530,1.157739,1.050663
0.851838,1.042610,1.250856,1.157739
1.103798,0.838105,1.339323,1.250856
0.853054,0.873722,1.398972,1.339323
0.767486,1.008397,1.449487,1.398972
0.933674,0.837725,1.498249,1.449487
0.755930,0.854371,1.532348,1.498249
0.726661,0.993902,1.561154,1.532348
0.916547,0.824004,1.585597,1.561154
0.733287,1.012551,1.596789,1.585597
0.921127,1.006811,1.597472,1.596789
0.929238,0.858088,1.586443,1.597472
0.890613,1.031152,1.573380,1.586443
0.816121,0.853939,1.560150,1.573380
0.911809,0.856098,1.553427,1.560150
0.818985,0.985943,1.551266,1.553427
0.931207,0.855554,1.553272,1.551266
0.827139,0.893571,1.556962,1.553272
0.764915,0.995366,1.561100,1.556962
0.954905,0.846926,1.565143,1.561100
0.761330,0.842439,1.567282,1.565143
0.760128,1.030450,1.568408,1.567282
0.951715,0.850045,1.568833,1.568408
0.760071,0.850474,1.568893,1.568833
0.752377,0.979785,1.569063,1.568893
0.937898,0.843879,1.569510,1.569063
0.758680,0.881045,1.570031,1.569510
0.901713,0.997868,1.570552,1.570031
0.800308,0.835887,1.571216,1.570552
0.888603,0.848519,1.571862,1.571216
0.790601,0.944589,1.572725,1.571862
0.878191,0.810485,1.574280,1.572725
0.780979,0.868823,1.576107,1.574280
0.737194,0.984773,1.578683,1.576107
0.920721,0.823989,1.582270,1.578683
0.741805,0.851349,1.585600,1.582270
0.742093,1.000738,1.588997,1.585600
0.922935,0.828032,1.592852,1.588997
0.754695,0.818264,1.595575,1.592852
0.818381,0.982258,1.599808,1.595575
1.108315,0.802031,1.607694,1.599808
0.862201,0.773028,1.613546,1.607694
0.900160,0.819374,1.618832,1.613546
0.696391,0.604449,1.625332,1.618832
0.691706,0.619524,1.631649,1.625332
0.536016,0.614027,1.639291,1.631649
0.545847,0.491411,1.649730,1.639291
0.415253,0.438273,1.659530,1.649730
0.375316,0.504027,1.670499,1.659530
0.429521,0.367133,1.684414,1.670499
0.327556,0.355370,1.696917,1.684414
0.304089,0.379810,1.710736,1.696917
0.339520,0.253923,1.728735,1.710736
0.235160,0.278247,1.750826,1.728735
0.292504,0.269296,1.794915,1.750826
0.325738,0.226769,1.860723,1.794915
0.256483,0.262165,1.931690,1.860723
0.191394,0.287237,2.021883,1.931690
0.353761,0.331064,2.115495,2.021883
0.574719,0.288514,2.222934,2.115495
0.611489,0.319564,2.327829,2.222934
0.585136,0.352000,2.446990,2.327829
0.301679,0.334246,2.596501,2.446990
0.069742,0.329025,2.720984,2.596501
0.082724,0.456205,2.838646,2.720984
0.280551,0.456498,2.954645,2.838646
0.556942,0.481639,3.027596,2.954645
0.618021,0.706852,3.078495,3.027596
0.837636,0.620561,3.113564,3.078495
0.888304,0.681981,3.130529,3.113564
0.907482,0.852856,3.141757,3.130529
1.201570,0.703978,3.133762,3.141757
0.945347,0.759144,3.130497,3.133762
0.862382,0.872990,3.133239,3.130497
0.961244,0.677162,3.141831,3.133239
0.724443,0.822677,3.133874,3.141831
0.879784,0.860886,3.127134,3.133874
0.888449,0.843910,3.125281,3.127134
0.908824,0.871222,3.127465,3.125281
0.946690,0.705403,3.131546,3.127465
0.777173,0.843762,3.134937,3.131546
0.984906,0.736152,3.137628,3.134937
0.785939,0.720440,3.138704,3.137628
0.787199,0.855350,3.138827,3.138704
0.985656,0.731395,3.138364,3.138827
0.797098,0.757889,3.137894,3.138364
0.944477,0.857799,3.137648,3.137894
0.846112,0.720994,3.137563,3.137648
0.951709,0.773663,3.137585,3.137563
0.859533,0.873353,3.137894,3.137585
0.957327,0.900179,3.138543,3.137894
1.013158,0.924916,3.139267,3.138543
1.018009,0.742115,3.139843,3.139267
0.815833,0.739402,3.140203,3.139843
0.854494,0.897647,3.140625,3.140203
1.021602,0.758953,3.141286,3.140625
0.808095,0.749473,3.141843,3.141286
0.821983,0.907638,3.142072,3.141843
1.013757,0.737798,3.140760,3.142072
0.827377,0.789484,3.139519,3.140760
0.834787,0.888494,3.138297,3.139519
1.038538,0.760973,3.136807,3.138297
0.830190,0.750459,3.135629,3.136807
0.841185,0.899319,3.134530,3.135629
1.063489,0.773013,3.133473,3.134530
0.842823,0.768273,3.132652,3.133473
1.016620,0.921000,3.131910,3.132652
1.068999,0.756707,3.131093,3.131910
0.840139,0.776257,3.130269,3.131093
0.881602,0.915599,3.128995,3.130269
1.052422,0.731386,3.126113,3.128995
0.898865,0.754806,3.123234,3.126113
0.933821,0.833765,3.120692,3.123234
1.125828,0.679102,3.117281,3.120692
0.821577,0.703941,3.113688,3.117281
0.764579,0.742362,3.109166,3.113688
0.876143,0.534919,3.102764,3.109166
0.623781,0.515146,3.096599,3.102764
0.579179,0.623485,3.089562,3.096599
0.678510,0.476707,3.080574,3.089562
0.520881,0.477672,3.072531,3.080574
0.575388,0.480467,3.064107,3.072531
0.561647,0.375139,3.054498,3.064107
0.420290,0.393500,3.046698,3.054498
0.424425,0.419042,3.039030,3.046698
0.475785,0.318144,3.030189,3.039030
0.360024,0.305966,3.022283,3.030189
0.333089,0.316665,3.013170,3.022283
0.378870,0.244965,3.000552,3.013170
0.292487,0.248581,2.988181,3.000552
0.264769,0.279535,2.975547,2.988181
0.311477,0.210821,2.967660,2.975547
0.244143,0.207392,2.969330,2.967660
0.226095,0.241269,2.975549,2.969330
0.266718,0.191916,2.984283,2.975549
0.189345,0.139673,2.990385,2.984283
0.181730,0.171766,2.994175,2.990385
0.160234,0.142071,2.995154,2.994175
0.118039,0.113167,2.993884,2.995154
0.124997,0.122450,2.991664,2.993884
0.137997,0.118461,2.989090,2.991664
0.104362,0.087163,2.987560,2.989090
0.102594,0.059868,2.986719,2.987560
0.108403,0.064527,2.986584,2.986719
0.069135,0.064284,2.987006,2.986584
0.058403,0.087912,2.987609,2.987006
0.051884,0.022174,2.988212,2.987609
0.045375,0.047979,2.988428,2.988212
0.046171,0.062925,2.988431,2.988428
0.052566,0.024822,2.988237,2.988431
0.034305,0.018271,2.988121,2.988237
0.037111,0.045851,2.987975,2.988121
0.051463,0.013256,2.987885,2.987975
0.036155,0.019862,2.987858,2.987885
0.040690,0.032370,2.987876,2.987858
0.044341,0.033329,2.987956,2.987876
0.032624,0.001975,2.988077,2.987956
0.025491,0.019378,2.988107,2.988077
0.036549,0.025731,2.988021,2.988107
0.027743,0.036043,2.987841,2.988021
0.028937,0.010745,2.987675,2.987841
0.029231,0.013192,2.987561,2.987675
0.000000,0.024544,2.987450,2.987561
0.000000,0.027509,2.987596,2.987450
0.000000,0.025393,2.987675,2.987596
0.000000,0.028741,2.987625,2.987675
0.016054,0.025331,2.987603,2.987625
0.000000,0.029849,2.987586,2.987603
0.000000,0.004670,2.987567,2.987586
0.000000,0.019659,2.987551,2.987567
0.000000,0.016417,2.987562,2.987551
0.000000,0.000000,0.000000,0.000000
0.000000,0.029380,2.044368,0.000000
0.022927,0.050032,2.036493,2.044368
0.029038,0.059137,2.033756,2.036493
0.032418,0.019143,2.039363,2.033756
0.000000,0.042946,2.047653,2.039363
0.000000,0.010823,2.052832,2.047653
0.000000,0.036459,2.057528,2.052832
0.022883,0.016082,2.066173,2.057528
0.025051,0.035026,2.066625,2.066173
0.000000,0.019308,2.065673,2.066625
0.000000,0.025930,2.064445,2.065673
0.000000,0.050367,2.063051,2.064445
0.000000,0.043844,2.062515,2.063051
0.019464,0.074533,2.062884,2.062515
0.022876,0.018872,2.063533,2.062884
0.019049,0.039397,2.064449,2.063533
0.000000,0.039869,2.065791,2.064449
0.000000,0.013189,2.065395,2.065791
0.016736,0.029723,2.058769,2.065395
0.031598,0.026277,2.053039,2.058769
0.029640,0.039125,2.048370,2.053039
0.039218,0.066100,2.044908,2.048370
0.067417,0.024507,2.042591,2.044908
0.062722,0.041284,2.042356,2.042591
0.090214,0.046033,2.043252,2.042356
0.085845,0.033881,2.046075,2.043252
0.099021,0.032440,2.048976,2.046075
0.086296,0.015628,2.052148,2.048976
0.078402,0.041521,2.056207,2.052148
0.071281,0.053922,2.058960,2.056207
0.094215,0.020642,2.061417,2.058960
0.091577,0.028827,2.062802,2.061417
0.083674,0.035800,2.062920,2.062802
0.089801,0.054324,2.062188,2.062920
0.064413,0.042942,2.061460,2.062188
0.052967,0.026135,2.061330,2.061460
0.068205,0.024862,2.062042,2.061330
0.054376,0.039160,2.062768,2.062042
0.044711,0.013490,2.063007,2.062768
0.043867,0.046822,2.062317,2.063007
0.035120,0.048600,2.062073,2.062317
0.026500,0.043098,2.061713,2.062073
0.143313,0.009077,2.042601,2.061713
0.183254,0.096217,2.008952,2.042601
0.113974,0.111313,1.957975,2.008952
0.050089,0.234942,1.875298,1.957975
0.208458,0.302990,1.748115,1.875298
0.317558,0.351237,1.640383,1.748115
0.391759,0.545625,1.546044,1.640383
0.518966,0.509310,1.455356,1.546044
0.494200,0.630810,1.385093,1.455356
0.453272,0.818770,1.295795,1.385093
0.676809,0.736152,1.158308,1.295795
0.609301,0.767479,1.018405,1.158308
0.577607,0.955281,0.860535,1.018405
0.871683,0.821031,0.679949,0.860535
0.897484,0.827705,0.540967,0.679949
1.119926,0.960995,0.417628,0.540967
1.113081,0.817564,0.303394,0.417628
0.818307,0.810930,0.229763,0.303394
0.808519,0.945673,0.172084,0.229763
0.886003,0.951623,0.126071,0.172084
0.854643,0.929529,0.099703,0.126071
0.801117,0.768528,0.088944,0.099703
0.709402,0.803231,0.086932,0.088944
0.674003,0.944392,0.086515,0.086932
0.857343,0.801024,0.083920,0.086515
0.705641,0.837226,0.078432,0.083920
0.750574,0.979877,0.071169,0.078432
0.979384,0.798610,0.064085,0.071169
0.790700,0.844799,0.060596,0.064085
0.781611,1.009700,0.059586,0.060596
0.995092,0.789379,0.059502,0.059586
0.801146,0.994293,0.059090,0.059502
1.013633,0.995378,0.058514,0.059090
0.999439,0.834685,0.057881,0.058514
0.789061,0.992720,0.057479,0.057881
0.992133,0.824180,0.057123,0.057479
0.799140,0.822466,0.056813,0.057123
0.956691,1.032012,0.056655,0.056813
1.004729,0.837497,0.056278,0.056655
0.796881,0.847737,0.055753,0.056278
0.841022,0.974351,0.055041,0.055753
0.990259,0.833577,0.054525,0.055041
0.799934,0.824100,0.054687,0.054525
0.801595,0.973199,0.055193,0.054687
0.995901,0.807733,0.055814,0.055193
0.788819,0.823064,0.056360,0.055814
0.777737,0.991524,0.057326,0.056360
0.969076,0.803826,0.058734,0.057326
0.770721,0.831545,0.060166,0.058734
0.771573,0.933425,0.061440,0.060166
0.979712,0.845019,0.046536,0.061440
0.828606,0.806586,0.010333,0.046536
1.050995,0.966094,0.070745,0.010333
1.123266,0.729209,0.111315,0.070745
0.823996,0.716391,0.122330,0.111315
0.772849,0.818222,0.123231,0.122330
0.805419,0.755199,0.117498,0.123231
0.723774,0.666643,0.108216,0.117498
0.624613,0.519110,0.099071,0.108216
0.508558,0.512311,0.093015,0.099071
0.443653,0.547429,0.088945,0.093015
0.510200,0.419881,0.086968,0.088945
0.391466,0.390980,0.087514,0.086968
0.371745,0.366051,0.089492,0.087514
0.419756,0.294183,0.074699,0.089492
0.248652,0.300003,0.062224,0.074699
0.206402,0.377748,0.078158,0.062224
0.424187,0.269646,0.153695,0.078158
0.409716,0.285596,0.230390,0.153695
0.463298,0.253290,0.297219,0.230390
0.341826,0.207218,0.308735,0.297219
0.220396,0.274826,0.272227,0.308735
0.319328,0.331786,0.252434,0.272227
0.370441,0.296860,0.325416,0.252434
0.244006,0.404208,0.424929,0.325416
0.319573,0.473971,0.573452,0.424929
0.319689,0.465244,0.719841,0.573452
0.297077,0.684278,0.846913,0.719841
0.434022,0.597617,0.992645,0.846913
0.442925,0.710304,1.106600,0.992645
0.622821,0.892410,1.208374,1.106600
0.955349,0.784629,1.303141,1.208374
0.828120,0.841731,1.367091,1.303141
0.847318,0.937195,1.422352,1.367091
0.945440,0.774689,1.475840,1.422352
0.716577,0.835859,1.512894,1.475840
0.699750,0.956178,1.544512,1.512894
0.849447,0.774783,1.572902,1.544512
0.682863,0.772425,1.588237,1.572902
0.816379,0.958678,1.594648,1.588237
0.897739,0.783834,1.589536,1.594648
0.737973,0.812504,1.578164,1.589536
0.809097,0.967881,1.565090,1.578164
0.964854,0.802080,1.553427,1.565090
0.779105,0.844814,1.548452,1.553427
0.779084,0.965302,1.547670,1.548452
0.991047,0.811724,1.550542,1.547670
0.796674,0.825181,1.554137,1.550542
0.793790,0.970258,1.557509,1.554137
0.996194,0.820939,1.560043,1.557509
0.799521,0.811294,1.560749,1.560043
0.799514,0.974415,1.560250,1.560749
1.001871,0.822825,1.558908,1.560250
0.794320,0.826709,1.557812,1.558908
0.946404,0.966392,1.557068,1.557812
1.002446,0.822690,1.556722,1.557068
0.795038,0.826693,1.556763,1.556722
0.837197,0.987005,1.557086,1.556763
0.980709,0.821114,1.557691,1.557086
0.784152,0.820603,1.558215,1.557691
0.784060,0.963615,1.558730,1.558215
0.987498,0.799296,1.559172,1.558730
0.806202,0.859725,1.559402,1.559172
0.810994,0.995629,1.559632,1.559402
1.017478,0.851390,1.559946,1.559632
0.806940,0.840573,1.560191,1.559946
0.803558,0.988339,1.560639,1.560191
0.988007,0.821478,1.561197,1.560639
0.807688,0.850470,1.561566,1.561197
0.956760,0.990699,1.561139,1.561566
1.064191,0.811620,1.560819,1.561139
0.920499,0.814677,1.562602,1.560819
0.977769,0.918680,1.563868,1.562602
0.995574,0.702525,1.563607,1.563868
0.719443,0.690707,1.562800,1.563607
0.654629,0.717414,1.562153,1.562800
0.731126,0.584499,1.562414,1.562153
0.538368,0.521143,1.563981,1.562414
0.497700,0.573312,1.567000,1.563981
0.573401,0.459023,1.572106,1.567000
0.427236,0.442331,1.577251,1.572106
0.394529,0.442650,1.582647,1.577251
0.450948,0.339066,1.588331,1.582647
0.335910,0.336797,1.591045,1.588331
0.316401,0.346030,1.592170,1.591045
0.281791,0.338052,1.589504,1.592170
0.430297,0.321693,1.576707,1.589504
0.419747,0.252791,1.552096,1.576707
0.425948,0.241691,1.512587,1.552096
0.368543,0.276681,1.453873,1.512587
0.397337,0.273229,1.369702,1.453873
0.398722,0.274514,1.288515,1.369702
0.316964,0.375429,1.199308,1.288515
0.234288,0.372162,1.094723,1.199308
0.228147,0.373509,1.005123,1.094723
0.287183,0.510561,0.897065,1.005123
0.554303,0.523017,0.753286,0.897065
0.598102,0.587465,0.621621,0.753286
0.708085,0.828726,0.486096,0.621621
1.032490,0.723637,0.347433,0.486096
0.826710,0.821148,0.250858,0.347433
1.000895,0.938235,0.173944,0.250858
0.915276,0.784220,0.113524,0.173944
0.951404,0.812033,0.078782,0.113524
0.788508,0.956483,0.062473,0.078782
0.843843,0.761532,0.065063,0.062473
0.744840,0.803459,0.072727,0.065063
0.708065,0.902123,0.077711,0.072727
0.904228,0.797257,0.077642,0.077711
0.745971,0.824386,0.075135,0.077642
0.758519,0.939035,0.073554,0.075135
0.972638,0.800178,0.073989,0.073554
0.787415,0.819230,0.074684,0.073989
0.791162,1.002968,0.074420,0.074684
0.998462,0.813496,0.072599,0.074420
0.798103,0.848873,0.070378,0.072599
0.957689,0.938633,0.068169,0.070378
0.851762,0.806580,0.066056,0.068169
0.945167,0.822894,0.064953,0.066056
0.835788,0.964520,0.064510,0.064953
0.945758,0.837047,0.064779,0.064510
0.848383,0.839996,0.065367,0.064779
0.793590,0.966798,0.065801,0.065367
0.981428,0.816666,0.065973,0.065801
0.781593,0.872655,0.065841,0.065973
0.776206,0.972308,0.065684,0.065841
0.971728,0.808444,0.065357,0.065684
0.796809,0.825986,0.065117,0.065357
0.798945,0.994054,0.064667,0.065117
0.995967,0.829782,0.063847,0.064667
0.796558,0.843900,0.063553,0.063847
0.938765,0.991532,0.063033,0.063553
0.829767,0.831472,0.062292,0.063033
0.921757,0.851717,0.061684,0.062292
0.828118,1.001397,0.061147,0.061684
0.931548,0.844037,0.060757,0.061147
0.833426,0.812956,0.060383,0.060757
0.783274,0.963988,0.059980,0.060383
0.944489,0.838305,0.047281,0.059980
1.053756,0.838983,0.009249,0.047281
0.864472,1.020167,0.068150,0.009249
1.127364,0.876470,0.112587,0.068150
0.835434,0.854751,0.126178,0.112587
0.732397,0.878127,0.129432,0.126178
0.807914,0.684969,0.126424,0.129432
0.596827,0.641132,0.121407,0.126424
0.618509,0.691921,0.115334,0.121407
0.500384,0.550561,0.107471,0.115334
0.512494,0.510974,0.101206,0.107471
0.423828,0.484582,0.095680,0.101206
0.446993,0.426891,0.091289,0.095680
0.387313,0.463715,0.090039,0.091289
0.406206,0.433137,0.079760,0.090039
0.294491,0.331373,0.065009,0.079760
0.273776,0.294119,0.104857,0.065009
0.467103,0.325157,0.182183,0.104857
0.467559,0.283667,0.266889,0.182183
0.373540,0.216531,0.296840,0.266889
0.320891,0.230298,0.267442,0.296840
0.380997,0.308542,0.215646,0.267442
0.580050,0.292721,0.242831,0.215646
0.419351,0.310399,0.327814,0.242831
0.336044,0.416168,0.436351,0.327814
0.397786,0.402760,0.579795,0.436351
0.388545,0.506167,0.696565,0.579795
0.467597,0.705004,0.815973,0.696565
0.777931,0.679565,0.955437,0.815973
0.634004,0.775433,1.070992,0.955437
0.911319,0.978881,1.177567,1.070992
0.837837,0.818824,1.279106,1.177567
0.943833,0.865350,1.348880,1.279106
0.859421,0.993512,1.409030,1.348880
0.874852,0.844513,1.466922,1.409030
0.748739,0.864278,1.506414,1.466922
0.698034,0.955703,1.539605,1.506414
0.880255,0.844559,1.568945,1.539605
0.708810,0.856669,1.585074,1.568945
0.716199,1.009378,1.592938,1.585074
0.923303,0.832238,1.590103,1.592938
0.750959,0.867658,1.579906,1.590103
0.765194,1.005452,1.567074,1.579906
0.963333,0.830698,1.554613,1.567074
0.762024,0.872292,1.548781,1.554613
0.893456,1.034134,1.547568,1.548781
0.828017,0.861772,1.550838,1.547568
0.913678,1.034495,1.555471,1.550838
0.964170,1.031456,1.561162,1.555471
0.816136,0.873882,1.565161,1.561162
0.908721,1.040603,1.567025,1.565161
0.967038,0.850063,1.567574,1.567025
0.765749,0.860886,1.567253,1.567574
0.641127,1.012308,1.566825,1.567253
0.776469,0.828013,1.566929,1.566825
0.686957,0.881333,1.567753,1.566929
0.717841,0.992559,1.569106,1.567753
0.922579,0.822783,1.571182,1.569106
0.735283,0.854991,1.573125,1.571182
0.736103,1.007354,1.575139,1.573125
0.928982,0.821507,1.577390,1.575139
0.741690,0.838419,1.579177,1.577390
0.733324,0.998525,1.580973,1.579177
0.939261,0.835907,1.583129,1.580973
0.744733,0.862986,1.585017,1.583129
0.881179,0.981777,1.586974,1.585017
0.927161,0.821181,1.589387,1.586974
0.740647,0.814345,1.591613,1.589387
0.794778,0.963474,1.593941,1.591613
1.026612,0.808317,1.598611,1.593941
0.873163,0.818185,1.605641,1.598611
0.865227,0.889637,1.612495,1.605641
0.945316,0.709627,1.619411,1.612495
0.672897,0.658738,1.625124,1.619411
0.601830,0.679377,1.631808,1.625124
0.621412,0.542859,1.641184,1.631808
0.449514,0.507079,1.650508,1.641184
0.421449,0.511218,1.661775,1.650508
0.463131,0.395923,1.677557,1.661775
0.342210,0.385065,1.693077,1.677557
0.374661,0.417417,1.711264,1.693077
0.356092,0.329812,1.735420,1.711264
0.248409,0.280995,1.756742,1.735420
0.185118,0.310137,1.780167,1.756742
0.350620,0.231596,1.801990,1.780167
0.367725,0.234381,1.809366,1.801990
0.366188,0.232281,1.803552,1.809366
0.362653,0.158046,1.772511,1.803552
0.254224,0.199302,1.732043,1.772511
0.297258,0.279041,1.678656,1.732043
0.536599,0.249568,1.601824,1.678656
0.367089,0.316343,1.528429,1.601824
0.248827,0.429101,1.451459,1.528429
0.317263,0.407120,1.360981,1.451459
0.301843,0.469412,1.269955,1.360981
0.511995,0.703256,1.159319,1.269955
0.788294,0.658578,0.997803,1.159319
0.818874,0.758397,0.846502,0.997803
0.996386,0.988802,0.690666,0.846502
1.299016,0.871891,0.526332,0.690666
1.085223,0.863682,0.414416,0.526332
1.009075,0.998908,0.318972,0.414416
1.110892,0.820701,0.228853,0.318972
0.809022,0.847116,0.170203,0.228853
0.757203,0.996317,0.125256,0.170203
0.892093,0.843158,0.092313,0.125256
0.721956,0.858425,0.080419,0.092313
0.714710,1.009764,0.078516,0.080419
0.884999,0.835880,0.080707,0.078516
0.729676,0.864375,0.080298,0.080707
0.874695,1.020348,0.075213,0.080298
0.951554,0.838275,0.065664,0.075213
0.768901,0.873379,0.059312,0.065664
0.830765,1.076718,0.056532,0.059312
0.959426,1.044057,0.055396,0.056532
0.958332,1.016594,0.052920,0.055396
0.896771,0.862624,0.048774,0.052920
0.796487,0.904217,0.045281,0.048774
0.748283,1.005823,0.042602,0.045281
0.932994,0.879490,0.040702,0.042602
0.740761,0.874138,0.040128,0.040702
0.734893,0.992538,0.040494,0.040128
0.910281,0.859075,0.041502,0.040494
0.730139,0.844894,0.042458,0.041502
0.731669,0.989959,0.043533,0.042458
0.915112,0.866764,0.044329,0.043533
0.735669,0.807912,0.044488,0.044329
0.870110,0.997321,0.044586,0.044488
0.770331,0.818518,0.044581,0.044586
0.862203,1.017896,0.044588,0.044581
0.906846,0.996765,0.044891,0.044588
0.768939,0.840509,0.045563,0.044891
0.850186,0.994888,0.046204,0.045563
0.897252,1.002243,0.046946,0.046204
0.893793,0.997188,0.048215,0.046946
0.757723,0.836752,0.041027,0.048215
0.885225,0.832090,0.019505,0.041027
0.889182,0.965330,0.076618,0.019505
1.016664,0.775600,0.125632,0.076618
0.827781,0.734852,0.140530,0.125632
0.701650,0.757375,0.143314,0.140530
0.739976,0.582116,0.139353,0.143314
0.517357,0.565395,0.133490,0.139353
0.451414,0.627767,0.127271,0.133490
0.501419,0.481204,0.121246,0.127271
0.376714,0.424939,0.118495,0.121246
0.344071,0.448413,0.118596,0.118495
0.386616,0.334315,0.122187,0.118596
0.283585,0.320212,0.127522,0.122187
0.300976,0.359740,0.130953,0.127522
0.220377,0.283703,0.141435,0.130953
0.269076,0.242629,0.170590,0.141435
0.324670,0.225707,0.218824,0.170590
0.358679,0.162359,0.282579,0.218824
0.282400,0.167956,0.292435,0.282579
0.227581,0.217923,0.255770,0.292435
0.372677,0.223999,0.175624,0.255770
0.445335,0.305842,0.168150,0.175624
0.409839,0.324691,0.248381,0.168150
0.219883,0.341499,0.384157,0.248381
0.086493,0.391224,0.508471,0.384157
0.026819,0.529056,0.632943,0.508471
0.209858,0.540529,0.775882,0.632943
0.264754,0.624515,0.895528,0.775882
0.502068,0.854554,1.016865,0.895528
0.672556,0.787647,1.148332,1.016865
0.907357,0.869476,1.240825,1.148332
0.943061,1.028750,1.318864,1.240825
0.456562,0.863705,1.392903,1.318864
0.511782,0.860228,1.442577,1.392903
0.606633,0.992402,1.485160,1.442577
0.816732,0.822195,1.527019,1.485160
0.670303,0.836486,1.555755,1.527019
0.684943,1.000043,1.578231,1.555755
0.874382,0.820646,1.593980,1.578231
0.708016,0.814850,1.597199,1.593980
0.720513,1.002848,1.591227,1.597199
0.917319,1.025837,1.577464,1.591227
0.933501,1.025445,1.563221,1.577464
0.686415,0.863693,1.554208,1.563221
0.257971,0.886678,1.551571,1.554208
0.483936,1.025164,1.552672,1.551571
0.843895,0.871518,1.556582,1.552672
0.730499,0.847853,1.560397,1.556582
0.897794,1.001627,1.563675,1.560397
0.948520,0.858559,1.566128,1.563675
0.757423,0.883760,1.567133,1.566128
0.801319,1.009229,1.567437,1.567133
0.937181,0.836282,1.567474,1.567437
0.746491,0.875949,1.567748,1.567474
0.748519,1.004987,1.568417,1.567748
0.932722,0.838700,1.569731,1.568417
0.741482,0.806585,1.570994,1.569731
0.733839,0.981915,1.572312,1.570994
0.971367,0.812568,1.573830,1.572312
0.747239,0.854481,1.575048,1.573830
0.734388,0.980645,1.576358,1.575048
0.910321,0.812773,1.578058,1.576358
0.730879,0.832651,1.579679,1.578058
0.869875,0.970585,1.581483,1.579679
0.922064,0.828279,1.583983,1.581483
0.744193,0.832802,1.586375,1.583983
0.786276,1.016970,1.589012,1.586375
0.932773,0.996840,1.592161,1.589012
1.021545,0.988733,1.596618,1.592161
1.032309,0.795561,1.604859,1.596618
0.909137,0.772999,1.611529,1.604859
0.765227,0.812769,1.617457,1.611529
0.806718,0.646576,1.624514,1.617457
0.570461,0.607867,1.631207,1.624514
0.509446,0.632869,1.639072,1.631207
0.555830,0.517790,1.649570,1.639072
0.405583,0.441969,1.659434,1.649570
0.367502,0.495458,1.670498,1.659434
0.440159,0.358100,1.684496,1.670498
0.334816,0.350758,1.697007,1.684496
0.379272,0.382450,1.710693,1.697007
0.309234,0.285863,1.727350,1.710693
0.267803,0.304955,1.744376,1.727350
0.255043,0.293248,1.770062,1.744376
0.285542,0.244111,1.817506,1.770062
0.286791,0.210441,1.873814,1.817506
0.260771,0.282005,1.942581,1.873814
0.259089,0.262658,2.028323,1.942581
0.355854,0.281091,2.101843,2.028323
0.504182,0.323741,2.189462,2.101843
0.650134,0.307349,2.310946,2.189462
0.375286,0.298791,2.425462,2.310946
0.161101,0.372488,2.552550,2.425462
0.167065,0.336374,2.703118,2.552550
0.244923,0.416865,2.822960,2.703118
0.532806,0.537601,2.928291,2.822960
0.677220,0.504820,3.020506,2.928291
0.811906,0.600876,3.071357,3.020506
0.846672,0.773604,3.103575,3.071357
1.004124,0.709343,3.125699,3.103575
0.940850,0.716443,3.137761,3.125699
0.960545,0.842267,3.136476,3.137761
1.140995,0.704653,3.129797,3.136476
0.830085,0.724915,3.131128,3.129797
0.766264,0.845625,3.138231,3.131128
0.916570,0.685402,3.136019,3.138231
0.727082,0.728774,3.129423,3.136019
0.737802,0.830380,3.126088,3.129423
0.928338,0.675372,3.126460,3.126088
0.750036,0.718785,3.129173,3.126460
0.908596,0.848184,3.132739,3.129173
0.828550,0.706135,3.136448,3.132739
0.928306,0.755846,3.138525,3.136448
0.834791,0.875305,3.139480,3.138525
0.933084,0.730816,3.139352,3.139480
0.850879,0.734472,3.138660,3.139352
0.791932,0.847031,3.137752,3.138660
0.981370,0.754478,3.136925,3.137752
0.789037,0.753742,3.136749,3.136925
0.791890,0.870843,3.136979,3.136749
1.004169,0.726083,3.137616,3.136979
0.810610,0.759434,3.138288,3.137616
0.814891,0.863239,3.139108,3.138288
1.000439,0.768934,3.140209,3.139108
0.812810,0.753859,3.141089,3.140209
0.960815,0.927415,3.141869,3.141089
0.872636,0.748567,3.142390,3.141869
0.972462,0.798336,3.142041,3.142390
0.881408,0.919120,3.141408,3.142041
0.972010,0.761951,3.140500,3.141408
0.853253,0.755988,3.139604,3.140500
0.809840,0.913261,3.138484,3.139604
1.013991,0.762628,3.137110,3.138484
0.817311,0.787867,3.136031,3.137110
0.824351,0.922697,3.134855,3.136031
1.028090,0.744512,3.133261,3.134855
0.836284,0.757169,3.131728,3.133261
0.836908,0.909611,3.130122,3.131728
1.037403,0.738026,3.128020,3.130122
0.824272,0.753693,3.126018,3.128020
0.984552,0.909981,3.123555,3.126018
0.909311,0.767233,3.119756,3.123555
1.087418,0.747833,3.117255,3.119756
1.007812,0.899538,3.115472,3.117255
1.021658,0.692949,3.113340,3.115472
0.818153,0.631709,3.111058,3.113340
0.714284,0.680665,3.107692,3.111058
0.827589,0.537254,3.101950,3.107692
0.611641,0.548787,3.095705,3.101950
0.559646,0.597975,3.088274,3.095705
0.666368,0.451868,3.078611,3.088274
0.497248,0.433546,3.070011,3.078611
0.470859,0.493529,3.061028,3.070011
0.536287,0.351633,3.050690,3.061028
0.413572,0.337927,3.042159,3.050690
0.462562,0.414226,3.033515,3.042159
0.383442,0.310974,3.023281,3.033515
0.407591,0.299166,3.014320,3.023281
0.335366,0.328429,3.004656,3.014320
0.343259,0.240672,2.992782,3.004656
0.286249,0.226386,2.982925,2.992782
0.251906,0.191802,2.976315,2.982925
0.303946,0.216432,2.975970,2.976315
0.226811,0.197547,2.979712,2.975970
0.211878,0.197495,2.985034,2.979712
0.225283,0.175080,2.990833,2.985034
0.145285,0.148073,2.993982,2.990833
0.125700,0.117857,2.995286,2.993982
0.147689,0.122937,2.994645,2.995286
0.117057,0.119905,2.993092,2.994645
0.132481,0.135831,2.991346,2.993092
0.098941,0.092000,2.989676,2.991346
0.098770,0.080873,2.988956,2.989676
0.075239,0.094259,2.988800,2.988956
0.075184,0.071223,2.989093,2.988800
0.071775,0.079039,2.989482,2.989093
0.065815,0.076778,2.989838,2.989482
0.067800,0.065145,2.990176,2.989838
0.040620,0.038300,2.990243,2.990176
0.039602,0.063024,2.990157,2.990243
0.051968,0.041831,2.990033,2.990157
0.042361,0.058476,2.989944,2.990033
0.034465,0.041220,2.989921,2.989944
0.042321,0.035836,2.989907,2.989921
0.036266,0.038438,2.989916,2.989907
0.039589,0.023764,2.989878,2.989916
0.037331,0.038753,2.989843,2.989878
0.034153,0.048990,2.989796,2.989843
0.028699,0.012492,2.989681,2.989796
0.029847,0.040654,2.989625,2.989681
0.019135,0.039715,2.989588,2.989625
0.000000,0.022150,2.989820,2.989588
0.000000,0.031617,2.989446,2.989820
0.000000,0.000000,0.000000,0.000000
0.000000,0.052849,2.041929,0.000000
0.029176,0.056090,2.036832,2.041929
0.029699,0.058248,2.036547,2.036832
0.027978,0.033071,2.042732,2.036547
0.000000,0.026222,2.053431,2.042732
0.018455,0.022061,2.056903,2.053431
0.000000,0.024979,2.054149,2.056903
0.000000,0.040877,2.051481,2.054149
0.000000,0.024485,2.050504,2.051481
0.000000,0.039557,2.050782,2.050504
0.000000,0.011646,2.051533,2.050782
0.000000,0.020260,2.052451,2.051533
0.000000,0.043485,2.053135,2.052451
0.000000,0.030145,2.052537,2.053135
0.028752,0.037836,2.039073,2.052537
0.037331,0.023249,2.035562,2.039073
0.031341,0.021646,2.034185,2.035562
0.046938,0.021473,2.033891,2.034185
0.052180,0.047956,2.034222,2.033891
0.046280,0.039326,2.034418,2.034222
0.070176,0.045024,2.035199,2.034418
0.083042,0.042997,2.037895,2.035199
0.065878,0.022296,2.041350,2.037895
0.077211,0.050309,2.044664,2.041350
0.113686,0.017619,2.047388,2.044664
0.088124,0.046811,2.049069,2.047388
0.101751,0.009002,2.050420,2.049069
0.104375,0.035021,2.050323,2.050420
0.079562,0.067450,2.049740,2.050323
0.062992,0.041809,2.048825,2.049740
0.090898,0.078906,2.048237,2.048825
0.067790,0.040995,2.047504,2.048237
0.058215,0.046372,2.046502,2.047504
0.060625,0.036634,2.046403,2.046502
0.039117,0.013904,2.047547,2.046403
0.039943,0.017983,2.049349,2.047547
0.065317,0.029130,2.035502,2.049349
0.142649,0.081811,2.010952,2.035502
0.109325,0.090071,1.956102,2.010952
0.026489,0.184282,1.880608,1.956102
0.100437,0.299124,1.775242,1.880608
0.369000,0.367249,1.643600,1.775242
0.341719,0.426236,1.548753,1.643600
0.351275,0.605588,1.471741,1.548753
0.509169,0.570006,1.394313,1.471741
0.400737,0.671675,1.312265,1.394313
0.490698,0.838263,1.195743,1.312265
0.754059,0.754303,1.025929,1.195743
0.540547,0.811886,0.868745,1.025929
0.644152,0.967065,0.711709,0.868745
1.110372,0.807039,0.547168,0.711709
0.970519,0.834986,0.430354,0.547168
0.980760,0.913835,0.331677,0.430354
1.094085,0.817440,0.240347,0.331677
0.835202,0.804095,0.179719,0.240347
0.763348,0.919507,0.132355,0.179719
0.893724,0.763709,0.099376,0.132355
0.693830,0.813432,0.087732,0.099376
0.679144,0.940022,0.085843,0.087732
0.844974,0.791110,0.087842,0.085843
0.681785,0.826432,0.087973,0.087842
0.694983,0.953404,0.084800,0.087973
0.922827,0.816970,0.075936,0.084800
0.767772,0.844300,0.067035,0.075936
0.941254,0.977398,0.060960,0.067035
0.998818,0.988122,0.057433,0.060960
0.987874,0.971042,0.056843,0.057433
0.795385,0.822849,0.057380,0.056843
0.915503,0.835898,0.058309,0.057380
0.821442,0.997270,0.059325,0.058309
0.926155,0.805812,0.060189,0.059325
0.831424,0.849252,0.060716,0.060189
0.787340,1.004139,0.061144,0.060716
0.990673,0.808733,0.061087,0.061144
0.803752,0.850201,0.060628,0.061087
0.811509,0.983719,0.059628,0.060628
1.016046,0.826576,0.057717,0.059628
0.814359,0.849463,0.056355,0.057717
0.807701,0.994704,0.055473,0.056355
0.998366,0.802869,0.055241,0.055473
0.803561,0.846803,0.055533,0.055241
0.950550,0.970433,0.056506,0.055533
0.840956,0.823452,0.057979,0.056506
0.935092,1.021792,0.059475,0.057979
0.980171,0.966060,0.060719,0.059475
0.835727,0.824290,0.061096,0.060719
0.944282,0.977752,0.058421,0.061096
1.018158,1.027960,0.014215,0.058421
1.114366,0.968725,0.066911,0.014215
0.978486,0.740902,0.112286,0.066911
0.996600,0.731547,0.126027,0.112286
0.800394,0.791694,0.128376,0.126027
0.790459,0.612724,0.123092,0.128376
0.639562,0.688238,0.115373,0.123092
0.674722,0.637973,0.105035,0.115373
0.584132,0.479470,0.095067,0.105035
0.468994,0.497653,0.087703,0.095067
0.515408,0.405910,0.081044,0.087703
0.383596,0.370936,0.076959,0.081044
0.370048,0.433056,0.073941,0.076959
0.413835,0.329075,0.057130,0.073941
0.277114,0.287737,0.026396,0.057130
0.207333,0.339776,0.040149,0.026396
0.356591,0.282639,0.121443,0.040149
0.399000,0.272684,0.203605,0.121443
0.410487,0.286710,0.280323,0.203605
0.375758,0.231555,0.308541,0.280323
0.245448,0.267716,0.279158,0.308541
0.340150,0.335585,0.251610,0.279158
0.411335,0.299297,0.314294,0.251610
0.275924,0.346280,0.408991,0.314294
0.202564,0.438978,0.528538,0.408991
0.237110,0.421456,0.672885,0.528538
0.219070,0.507997,0.792955,0.672885
0.278749,0.682388,0.917240,0.792955
0.502819,0.700429,1.057542,0.917240
0.509575,0.730022,1.164920,1.057542
0.640673,0.935331,1.258646,1.164920
1.024581,0.774944,1.346666,1.258646
0.878033,0.827694,1.406610,1.346666
0.856830,0.963401,1.456685,1.406610
0.921886,0.768100,1.503302,1.456685
0.688551,0.815312,1.534331,1.503302
0.797575,0.923771,1.559805,1.534331
0.847040,0.778209,1.580981,1.559805
0.685473,0.788142,1.590344,1.580981
0.750531,0.955584,1.590642,1.590344
0.930769,0.811824,1.580314,1.590642
0.770805,0.829331,1.567963,1.580314
0.785751,0.945805,1.556585,1.567963
0.996852,0.812867,1.548182,1.556585
0.798125,0.846208,1.545738,1.548182
0.809209,0.965345,1.546908,1.545738
1.007814,0.804716,1.550762,1.546908
0.803637,0.867287,1.554368,1.550762
0.797645,0.965769,1.557351,1.554368
0.991645,0.823979,1.559266,1.557351
0.797202,0.816341,1.559562,1.559266
0.957281,0.991157,1.559021,1.559562
1.013998,0.820575,1.557900,1.559021
0.807338,0.847852,1.557023,1.557900
0.853695,0.982276,1.556452,1.557023
1.004103,0.799582,1.556358,1.556452
0.805879,0.836030,1.556495,1.556358
0.808598,1.002045,1.556884,1.556495
1.012005,0.803007,1.557298,1.556884
0.800159,0.836052,1.557696,1.557298
0.804918,0.978701,1.558091,1.557696
1.005225,0.826118,1.558550,1.558091
0.800227,0.850311,1.558936,1.558550
0.801427,0.976569,1.559277,1.558936
0.998703,0.819665,1.559593,1.559277
0.797255,0.853788,1.559798,1.559593
0.946623,0.967976,1.559901,1.559798
1.000097,0.831498,1.559934,1.559901
0.795168,0.838718,1.559672,1.559934
0.911247,0.974171,1.558780,1.559672
1.159676,0.806619,1.560202,1.558780
0.951026,0.771526,1.562619,1.560202
0.857862,0.852105,1.564301,1.562619
0.949298,0.672686,1.565648,1.564301
0.674422,0.650165,1.566946,1.565648
0.614562,0.700995,1.568835,1.566946
0.689813,0.528849,1.571998,1.568835
0.502606,0.507627,1.575310,1.571998
0.453832,0.547838,1.578936,1.575310
0.525970,0.428836,1.582791,1.578936
0.394057,0.404475,1.585349,1.582791
0.431690,0.418098,1.587323,1.585349
0.426078,0.335945,1.588787,1.587323
0.309842,0.331628,1.589349,1.588787
0.228166,0.384627,1.590777,1.589349
0.368173,0.305841,1.587373,1.590777
0.409365,0.272337,1.577281,1.587373
0.427882,0.282060,1.557745,1.577281
0.457229,0.192175,1.510277,1.557745
0.295334,0.260540,1.453285,1.510277
0.233205,0.298211,1.381455,1.453285
0.341267,0.291186,1.286115,1.381455
0.208007,0.363160,1.201931,1.286115
0.147797,0.421722,1.115408,1.201931
0.189795,0.399991,1.002000,1.115408
0.235532,0.507533,0.886805,1.002000
0.538489,0.677390,0.756618,0.886805
0.870635,0.648069,0.589609,0.756618
0.777492,0.727742,0.456130,0.589609
0.899868,0.891931,0.337360,0.456130
1.150916,0.774492,0.225642,0.337360
0.938520,0.796950,0.160301,0.225642
0.865015,0.913941,0.111058,0.160301
0.958970,0.825069,0.074129,0.111058
0.713660,0.803652,0.065103,0.074129
0.688799,0.934934,0.069895,0.065103
0.849817,0.781231,0.077573,0.069895
0.705919,0.762189,0.081478,0.077573
0.720043,0.942630,0.081419,0.081478
0.923388,0.806434,0.078256,0.081419
0.761249,0.811033,0.076741,0.078256
0.916021,0.924215,0.076934,0.076741
0.987061,0.829359,0.077670,0.076934
0.791698,0.814320,0.077042,0.077670
0.843249,0.954683,0.075630,0.077042
0.995623,0.820909,0.073672,0.075630
0.799140,0.821299,0.072060,0.073672
0.794149,0.989241,0.070443,0.072060
0.992103,0.830502,0.068822,0.070443
0.792432,0.840264,0.067856,0.068822
0.795696,0.969973,0.067218,0.067856
0.982497,0.811519,0.066562,0.067218
0.788675,0.873708,0.065799,0.066562
0.803915,0.978592,0.064991,0.065799
0.994146,0.834928,0.064018,0.064991
0.799427,0.852175,0.063012,0.064018
0.950138,0.977920,0.061981,0.063012
1.008238,0.836971,0.060893,0.061981
0.810262,0.835352,0.060190,0.060893
0.856580,0.974494,0.059756,0.060190
0.999355,0.786659,0.060024,0.059756
0.795354,0.864805,0.060645,0.060024
0.784290,0.980487,0.060718,0.060645
0.976852,0.850334,0.060771,0.060718
0.786625,0.836832,0.060726,0.060771
0.783611,0.978611,0.060173,0.060726
0.984589,0.820716,0.059249,0.060173
0.784692,0.834347,0.058692,0.059249
0.783426,0.984164,0.037208,0.058692
1.078984,0.821911,0.035082,0.037208
0.925058,0.899465,0.089736,0.035082
1.067439,1.020416,0.116682,0.089736
1.005518,0.762782,0.126701,0.116682
0.719008,0.749737,0.127281,0.126701
0.678499,0.797085,0.124180,0.127281
0.725802,0.587468,0.118064,0.124180
0.528191,0.590662,0.111825,0.118064
0.483077,0.625552,0.105367,0.111825
0.550669,0.546518,0.098643,0.105367
0.504395,0.536050,0.093464,0.098643
0.453676,0.405948,0.090666,0.093464
0.329762,0.357802,0.089648,0.090666
0.286157,0.350439,0.069907,0.089648
0.234656,0.276899,0.080071,0.069907
0.264080,0.281062,0.132675,0.080071
0.365664,0.296311,0.201276,0.132675
0.470396,0.219739,0.279165,0.201276
0.319795,0.222831,0.295114,0.279165
0.339409,0.288419,0.260465,0.295114
0.411735,0.293093,0.200812,0.260465
0.578637,0.303252,0.232280,0.200812
0.481084,0.353590,0.322484,0.232280
0.455021,0.349667,0.453304,0.322484
0.223206,0.430628,0.575578,0.453304
0.283143,0.606164,0.697041,0.575578
0.547817,0.585807,0.838657,0.697041
0.573441,0.702496,0.956532,0.838657
0.734024,0.896827,1.074937,0.956532
1.243853,0.810852,1.198042,1.074937
1.042998,0.849254,1.281556,1.198042
1.012282,0.996751,1.351670,1.281556
1.142670,0.833829,1.417770,1.351670
0.833632,0.828845,1.463022,1.417770
0.920180,1.000788,1.502572,1.463022
0.774527,0.835716,1.541249,1.502572
0.842950,0.793316,1.567055,1.541249
0.738576,0.989059,1.585796,1.567055
0.831639,0.837533,1.595868,1.585796
0.782857,0.857223,1.593859,1.595868
0.735389,0.989566,1.583752,1.593859
0.927541,0.843839,1.568235,1.583752
0.740713,0.837737,1.557229,1.568235
0.753566,1.016558,1.550360,1.557229
0.940133,0.867508,1.548538,1.550360
0.770336,0.881964,1.551024,1.548538
0.775583,1.049426,1.555562,1.551024
0.976968,0.856357,1.561098,1.555562
0.787770,0.865317,1.564696,1.561098
0.935411,1.043625,1.566796,1.564696
0.830893,0.864960,1.567499,1.566796
0.931317,0.860889,1.567280,1.567499
0.829734,1.020120,1.566844,1.567280
0.916058,0.841944,1.566692,1.566844
0.811076,0.871476,1.567116,1.566692
0.757844,1.030763,1.568040,1.567116
0.935848,0.811929,1.569490,1.568040
0.743658,0.854110,1.570890,1.569490
0.767112,0.962544,1.572352,1.570890
0.941418,0.829002,1.574204,1.572352
0.744775,0.839284,1.575848,1.574204
0.731738,0.991594,1.577620,1.575848
0.941352,0.821516,1.579808,1.577620
0.747010,0.840076,1.581923,1.579808
0.880028,1.001803,1.584461,1.581923
0.793177,0.816667,1.587874,1.584461
0.885290,0.844385,1.591077,1.587874
0.792217,0.985124,1.594357,1.591077
0.928895,0.823080,1.598513,1.594357
0.931336,0.812967,1.604545,1.598513
0.886150,0.884667,1.610918,1.604545
1.004221,0.707226,1.616984,1.610918
0.688117,0.671140,1.621844,1.616984
0.605155,0.755204,1.627790,1.621844
0.678653,0.558048,1.636948,1.627790
0.492081,0.486725,1.646599,1.636948
0.434541,0.548539,1.658478,1.646599
0.473357,0.415813,1.674753,1.658478
0.351662,0.391329,1.690095,1.674753
0.374352,0.426502,1.707226,1.690095
0.301826,0.326534,1.729102,1.707226
0.306420,0.301027,1.748620,1.729102
0.222570,0.317590,1.770637,1.748620
0.302373,0.239076,1.794118,1.770637
0.365697,0.250102,1.804780,1.794118
0.354325,0.229899,1.803215,1.804780
0.374473,0.182851,1.777781,1.803215
0.248138,0.207915,1.739995,1.777781
0.261855,0.297643,1.689315,1.739995
0.542986,0.253894,1.614507,1.689315
0.432966,0.303099,1.542238,1.614507
0.324239,0.356839,1.464887,1.542238
0.343514,0.367130,1.376078,1.464887
0.285673,0.471042,1.288930,1.376078
0.385009,0.660674,1.183849,1.288930
0.475683,0.666067,1.030746,1.183849
0.822136,0.747127,0.882182,1.030746
0.968467,0.971511,0.724846,0.882182
1.204602,0.840702,0.553404,0.724846
1.178827,0.851605,0.435290,0.553404
1.054741,1.013120,0.336222,0.435290
1.163226,0.831250,0.242704,0.336222
0.783587,0.834625,0.181084,0.242704
0.731521,0.964577,0.132930,0.181084
0.841522,0.827344,0.096831,0.132930
0.655100,0.804361,0.083456,0.096831
0.654127,0.996441,0.082029,0.083456
0.869320,0.860292,0.086029,0.082029
0.724557,0.868328,0.085968,0.086029
0.886996,1.022799,0.081736,0.085968
0.811817,0.883759,0.071748,0.081736
0.922743,0.903335,0.062961,0.071748
0.844101,1.015273,0.056748,0.062961
0.941379,0.876837,0.052331,0.056748
0.836995,0.916985,0.049284,0.052331
0.776591,1.050013,0.045424,0.049284
0.962483,0.863123,0.040828,0.045424
0.761266,0.861797,0.038364,0.040828
0.746931,1.016431,0.037300,0.038364
0.929512,0.864619,0.037895,0.037300
0.738895,0.849589,0.039220,0.037895
0.730179,1.007229,0.040682,0.039220
0.902964,0.863272,0.042356,0.040682
0.726891,0.859088,0.043545,0.042356
0.865539,0.991077,0.044179,0.043545
0.774274,0.832356,0.044216,0.044179
0.860788,0.847938,0.044041,0.044216
0.771640,1.000127,0.044358,0.044041
0.852991,0.811852,0.045226,0.044358
0.770145,0.851137,0.046262,0.045226
0.721452,1.002374,0.047522,0.046262
0.900175,0.832439,0.048613,0.047522
0.727071,0.822289,0.049157,0.048613
0.727499,0.991212,0.049480,0.049157
0.900745,0.816492,0.049331,0.049480
0.723586,0.839628,0.042547,0.049331
0.738532,0.967035,0.014849,0.042547
1.032071,0.789850,0.084303,0.014849
0.870942,0.786007,0.126900,0.084303
0.937263,0.832857,0.143601,0.126900
0.728119,0.685111,0.146128,0.143601
0.686674,0.737070,0.141114,0.146128
0.619375,0.653553,0.131353,0.141114
0.462169,0.480064,0.122090,0.131353
0.471525,0.543832,0.116430,0.122090
0.448141,0.402156,0.113772,0.116430
0.328704,0.349430,0.115332,0.113772
0.317145,0.405596,0.120546,0.115332
0.345101,0.314449,0.131032,0.120546
0.253775,0.271277,0.137539,0.131032
0.222520,0.319837,0.156871,0.137539
0.360039,0.232148,0.203340,0.156871
0.313228,0.209720,0.256830,0.203340
0.306353,0.187453,0.302658,0.256830
0.306523,0.199312,0.288779,0.302658
0.262719,0.229991,0.228354,0.288779
0.336437,0.318161,0.142079,0.228354
0.570967,0.259112,0.145929,0.142079
0.318274,0.330210,0.236176,0.145929
0.188980,0.395299,0.356098,0.236176
0.075060,0.386539,0.500198,0.356098
0.057301,0.491664,0.612703,0.500198
0.138113,0.696387,0.726578,0.612703
0.386077,0.807857,0.859274,0.726578
0.699096,0.891164,1.000920,0.859274
0.798871,0.826828,1.132499,1.000920
0.898152,0.830954,1.226613,1.132499
0.810527,0.996411,1.308002,1.226613
0.911325,0.839321,1.385378,1.308002
0.684897,0.871801,1.438578,1.385378
0.698443,1.005093,1.484728,1.438578
0.868348,0.821155,1.528838,1.484728
0.699020,0.857427,1.558253,1.528838
0.701672,1.000351,1.580813,1.558253
0.882624,0.818631,1.596058,1.580813
0.724739,0.845842,1.598657,1.596058
0.871012,1.020887,1.592169,1.598657
0.815628,0.863089,1.577527,1.592169
0.904083,0.887858,1.564938,1.577527
0.819014,1.010844,1.555408,1.564938
0.917322,0.842665,1.550347,1.555408
0.826068,0.884202,1.550768,1.550347
0.782545,1.037831,1.554021,1.550768
0.970708,0.861643,1.559124,1.554021
0.778648,0.881204,1.562876,1.559124
0.760741,1.030917,1.565584,1.562876
0.948829,0.853499,1.567098,1.565584
0.758486,0.871489,1.567292,1.567098
0.758028,0.999046,1.566996,1.567292
0.938997,0.822543,1.566613,1.566996
0.746144,0.836417,1.566664,1.566613
0.882926,0.963853,1.567223,1.566664
0.786700,0.833112,1.568440,1.567223
0.871488,0.850032,1.569821,1.568440
0.787917,1.000802,1.571441,1.569821
0.879981,0.807766,1.573534,1.571441
0.784969,0.844736,1.575519,1.573534
0.729972,0.974191,1.577783,1.575519
0.902928,0.841396,1.580635,1.577783
0.715129,0.849317,1.583082,1.580635
0.725586,0.986019,1.585690,1.583082
0.909286,0.788402,1.588560,1.585690
0.732366,0.841278,1.590725,1.588560
0.731894,0.971215,1.592502,1.590725
1.023984,0.794986,1.596251,1.592502
0.885298,0.798832,1.602055,1.596251
1.009525,0.897676,1.607499,1.602055
0.799285,0.677365,1.613180,1.607499
0.768704,0.635423,1.618491,1.613180
0.607587,0.721524,1.625021,1.618491
0.608761,0.558360,1.634425,1.625021
0.476374,0.487239,1.643794,1.634425
0.407319,0.507176,1.654748,1.643794
0.453559,0.415185,1.669077,1.654748
0.337882,0.387725,1.682367,1.669077
0.329278,0.392939,1.697340,1.682367
0.379971,0.322956,1.716997,1.697340
0.283493,0.277037,1.734639,1.716997
0.234992,0.300764,1.756796,1.734639
0.314125,0.275927,1.793949,1.756796
0.261358,0.226400,1.839201,1.793949
0.337576,0.270386,1.900841,1.839201
0.266363,0.210410,1.986410,1.900841
0.315413,0.232560,2.062703,1.986410
0.389834,0.336831,2.142946,2.062703
0.546534,0.319150,2.251826,2.142946
0.577823,0.301449,2.357960,2.251826
0.377498,0.364633,2.478765,2.357960
0.127032,0.351940,2.629127,2.478765
0.104733,0.309322,2.752798,2.629127
0.180525,0.486934,2.869980,2.752798
0.291007,0.463051,2.980952,2.869980
0.301821,0.544086,3.047553,2.980952
0.480902,0.752285,3.091411,3.047553
0.889575,0.654025,3.120373,3.091411
0.820564,0.717746,3.134407,3.120373
1.056380,0.841788,3.140838,3.134407
1.015080,0.738462,3.131567,3.140838
1.057259,0.719045,3.129818,3.131567
0.854956,0.845408,3.134149,3.129818
0.877563,0.685902,3.140430,3.134149
0.760780,0.706773,3.132844,3.140430
0.722895,0.818840,3.127743,3.132844
0.922076,0.736496,3.126060,3.127743
0.746166,0.724376,3.127519,3.126060
0.759236,0.887351,3.130513,3.127519
0.970140,0.691194,3.134453,3.130513
0.782281,0.714731,3.137026,3.134453
0.785260,0.864127,3.138731,3.137026
0.972116,0.713648,3.139362,3.138731
0.773172,0.751099,3.139169,3.139362
0.935440,0.836151,3.138688,3.139169
0.841713,0.738940,3.138166,3.138688
0.942200,0.753722,3.138084,3.138166
0.854370,0.899013,3.138321,3.138084
0.957753,0.757765,3.138767,3.138321
0.860443,0.735320,3.139297,3.138767
0.800177,0.902177,3.139848,3.139297
0.996792,0.770750,3.140319,3.139848
0.809606,0.774551,3.140567,3.140319
0.819476,0.893705,3.140840,3.140567
1.037551,0.744922,3.141266,3.140840
0.847894,0.780989,3.141702,3.141266
0.806234,0.894795,3.142086,3.141702
1.011430,0.756653,3.140475,3.142086
0.813131,0.759699,3.139353,3.140475
0.966645,0.880085,3.138403,3.139353
0.892008,0.769846,3.137350,3.138403
1.001375,0.935408,3.136393,3.137350
0.596757,0.907749,3.135075,3.136393
0.645791,0.745885,3.133600,3.135075
0.907483,0.892963,3.132352,3.133600
1.034053,0.741692,3.131010,3.132352
0.840891,0.794754,3.129897,3.131010
0.899006,0.886516,3.128652,3.129897
1.045378,0.744958,3.126887,3.128652
0.837986,0.774298,3.124424,3.126887
0.897726,0.915681,3.121439,3.124424
1.190828,0.700502,3.118783,3.121439
0.919320,0.729721,3.116690,3.118783
0.834432,0.808821,3.114177,3.116690
0.934219,0.606262,3.110458,3.114177
0.694114,0.592732,3.106352,3.110458
0.633559,0.633468,3.101110,3.106352
0.730882,0.520069,3.093796,3.101110
0.545544,0.477431,3.086861,3.093796
0.620288,0.540495,3.079403,3.086861
0.520663,0.415768,3.069927,3.079403
0.539774,0.366299,3.061581,3.069927
0.452178,0.435789,3.052664,3.061581
0.479014,0.333647,3.041769,3.052664
0.416096,0.322821,3.032109,3.041769
0.373670,0.367714,3.021724,3.032109
0.415750,0.280260,3.009053,3.021724
0.308137,0.257379,2.997904,3.009053
0.292864,0.293994,2.985819,2.997904
0.329518,0.240505,2.972452,2.985819
0.244329,0.191673,2.966599,2.972452
0.236835,0.247794,2.968142,2.966599
0.278075,0.216908,2.975520,2.968142
0.213238,0.202562,2.982919,2.975520
0.225691,0.164396,2.989265,2.982919
0.174244,0.126278,2.993397,2.989265
0.156399,0.103095,2.993985,2.993397
0.121816,0.131999,2.992602,2.993985
0.123275,0.123834,2.989851,2.992602
0.100903,0.116845,2.987645,2.989851
0.090522,0.107397,2.986037,2.987645
0.106095,0.076815,2.985162,2.986037
0.063169,0.078501,2.985137,2.985162
0.060066,0.074811,2.985645,2.985137
0.057791,0.058918,2.986427,2.985645
0.040690,0.071647,2.987052,2.986427
0.037921,0.056228,2.987439,2.987052
0.052987,0.058905,2.987449,2.987439
0.044656,0.038194,2.987232,2.987449
0.050704,0.036002,2.986898,2.987232
0.039472,0.061530,2.986596,2.986898
0.045305,0.014322,2.986523,2.986596
0.035304,0.056039,2.986577,2.986523
0.038360,0.033524,2.986696,2.986577
0.030816,0.013777,2.986759,2.986696
0.018336,0.039508,2.986735,2.986759
0.000000,0.005663,2.986599,2.986735
0.000000,0.039144,2.986531,2.986599
0.000000,0.028454,2.986466,2.986531
0.023444,0.023655,2.986434,2.986466
0.023830,0.027758,2.986407,2.986434
0.022466,0.035512,2.986389,2.986407
0.019339,0.036462,2.986340,2.986389
0.000000,0.022043,2.986590,2.986340
0.000000,0.036298,2.988488,2.986590
0.000000,0.000000,0.000000,0.000000
0.000000,0.019990,2.046815,0.000000
0.000000,0.027144,2.039460,2.046815
0.032264,0.070875,2.027999,2.039460
0.028286,0.056858,2.033262,2.027999
0.022284,0.023995,2.043365,2.033262
0.018973,0.046856,2.056545,2.043365
0.000000,0.013994,2.052386,2.056545
0.000000,0.033078,2.049560,2.052386
0.000000,0.028820,2.047954,2.049560
0.000000,0.048360,2.047713,2.047954
0.000000,0.044422,2.048242,2.047713
0.000000,0.035929,2.048903,2.048242
0.000000,0.039689,2.049817,2.048903
0.000000,0.039847,2.050281,2.049817
0.000000,0.038943,2.050322,2.050281
0.032344,0.027293,2.038736,2.050322
0.034023,0.050833,2.037324,2.038736
0.043887,0.037404,2.034215,2.037324
0.046334,0.031540,2.032423,2.034215
0.047332,0.024211,2.032245,2.032423
0.053011,0.051818,2.034171,2.032245
0.053059,0.034653,2.036763,2.034171
0.066817,0.025132,2.038699,2.036763
0.086701,0.062155,2.039492,2.038699
0.109264,0.059260,2.040003,2.039492
0.120298,0.040495,2.041722,2.040003
0.105472,0.090491,2.044259,2.041722
0.106563,0.024058,2.049202,2.044259
0.088123,0.028124,2.051841,2.049202
0.066192,0.027459,2.051869,2.051841
0.068077,0.035032,2.050139,2.051869
0.047524,0.027575,2.048067,2.050139
0.039462,0.024212,2.045221,2.048067
0.058327,0.032563,2.041341,2.045221
0.051858,0.032901,2.039180,2.041341
0.060837,0.034335,2.038701,2.039180
0.071192,0.026819,2.039278,2.038701
0.138711,0.019521,2.025281,2.039278
0.201008,0.095438,1.995365,2.025281
0.114914,0.108462,1.947374,1.995365
0.046983,0.236050,1.866009,1.947374
0.249990,0.269049,1.735051,1.866009
0.359287,0.354264,1.623655,1.735051
0.424185,0.582479,1.528685,1.623655
0.560294,0.619223,1.442150,1.528685
0.585322,0.731674,1.360204,1.442150
0.531597,0.680090,1.247842,1.360204
0.570114,0.920752,1.121840,1.247842
0.785576,0.929617,0.939089,1.121840
0.614416,0.853059,0.752286,0.939089
0.884353,0.967535,0.604896,0.752286
1.219169,0.780772,0.454370,0.604896
0.940415,0.822183,0.349946,0.454370
0.879960,0.952535,0.266101,0.349946
1.017979,0.801148,0.192012,0.266101
0.761180,0.808655,0.145064,0.192012
0.714082,0.940275,0.110602,0.145064
0.857016,0.783770,0.089004,0.110602
0.680555,0.802731,0.083711,0.089004
0.685980,0.936552,0.084361,0.083711
0.865563,0.765178,0.085018,0.084361
0.702390,0.815882,0.082212,0.085018
0.866663,0.973859,0.075663,0.082212
0.949689,0.816744,0.067409,0.075663
0.780533,0.829410,0.062596,0.067409
0.835628,0.988576,0.059706,0.062596
0.980192,0.805045,0.058743,0.059706
0.777130,0.826456,0.058875,0.058743
0.772282,0.992770,0.059100,0.058875
0.972392,0.814968,0.059528,0.059100
0.792756,0.826807,0.060221,0.059528
0.794725,0.979212,0.060699,0.060221
1.006015,0.822907,0.061336,0.060699
0.806687,0.846941,0.061501,0.061336
0.804304,1.005541,0.061624,0.061501
0.997375,0.819260,0.061048,0.061624
0.798913,0.842401,0.059895,0.061048
0.944324,0.976444,0.058629,0.059895
0.994341,0.973698,0.057231,0.058629
0.993803,1.012937,0.056406,0.057231
0.841458,0.799746,0.056225,0.056406
0.934720,0.864899,0.056441,0.056225
0.834379,0.988632,0.056920,0.056441
0.930676,0.815564,0.057331,0.056920
0.827232,0.839002,0.057999,0.057331
0.778367,0.951212,0.059115,0.057999
0.969388,0.803236,0.060702,0.059115
0.785752,0.856785,0.044115,0.060702
0.840298,0.952421,0.013709,0.044115
1.146098,0.767020,0.082797,0.013709
0.903077,0.760282,0.113207,0.082797
0.834097,0.863703,0.124869,0.113207
0.915863,0.670416,0.125719,0.124869
0.658987,0.640183,0.120870,0.125719
0.709123,0.684020,0.112996,0.120870
0.565736,0.516070,0.103042,0.112996
0.572073,0.491542,0.095692,0.103042
0.468119,0.585549,0.089887,0.095692
0.490938,0.404682,0.085541,0.089887
0.400039,0.403758,0.084002,0.085541
0.354422,0.420482,0.084098,0.084002
0.415886,0.281737,0.071399,0.084098
0.257325,0.307378,0.054185,0.071399
0.211598,0.319769,0.071586,0.054185
0.408615,0.284205,0.148465,0.071586
0.416209,0.260113,0.224376,0.148465
0.394150,0.284710,0.289258,0.224376
0.378906,0.238270,0.298712,0.289258
0.221966,0.240664,0.258847,0.298712
0.350234,0.311241,0.238733,0.258847
0.319443,0.302054,0.310245,0.238733
0.264361,0.295207,0.406850,0.310245
0.233736,0.449787,0.527232,0.406850
0.228409,0.457523,0.668788,0.527232
0.232166,0.554353,0.788419,0.668788
0.264289,0.733167,0.911103,0.788419
0.456488,0.719045,1.049738,0.911103
0.543236,0.742156,1.155428,1.049738
0.684622,0.919944,1.247555,1.155428
0.965260,0.805449,1.335314,1.247555
0.827438,0.813633,1.396056,1.335314
0.770570,0.964451,1.447892,1.396056
0.873613,0.794236,1.496942,1.447892
0.671217,0.796343,1.530413,1.496942
0.790649,0.938305,1.558101,1.530413
0.693539,0.802056,1.580928,1.558101
0.799522,0.812582,1.590856,1.580928
0.747667,0.933264,1.591334,1.590856
0.883202,0.810902,1.581132,1.591334
0.812780,0.813936,1.568617,1.581132
0.776802,0.970773,1.556952,1.568617
0.978596,0.779405,1.548493,1.556952
0.786183,0.818890,1.546255,1.548493
0.802139,0.989254,1.547531,1.546255
1.008698,0.808499,1.551339,1.547531
0.808854,0.859742,1.554865,1.551339
0.807352,0.984422,1.557646,1.554865
0.995542,0.811814,1.559191,1.557646
0.788541,0.827331,1.559123,1.559191
0.953543,0.971450,1.558312,1.559123
0.863305,0.811848,1.557073,1.558312
0.967879,0.852740,1.556308,1.557073
0.857985,0.992611,1.555912,1.556308
0.960467,0.781610,1.555910,1.555912
0.854497,0.837826,1.556147,1.555910
0.797805,0.994167,1.556564,1.556147
1.006583,0.815439,1.556997,1.556564
0.801772,0.828845,1.557260,1.556997
0.793658,0.982675,1.557460,1.557260
0.993571,0.824733,1.557616,1.557460
0.789924,0.853344,1.557613,1.557616
0.792772,0.989671,1.557673,1.557613
1.008305,0.815938,1.557768,1.557673
0.800128,0.824097,1.558036,1.557768
0.943622,0.973162,1.558531,1.558036
0.841522,0.810387,1.559200,1.558531
0.942036,0.826381,1.559312,1.559200
0.900896,0.977194,1.559116,1.559312
1.080920,0.806326,1.561449,1.559116
0.975905,0.801489,1.563476,1.561449
0.824318,0.855710,1.564288,1.563476
0.888334,0.667652,1.564161,1.564288
0.641471,0.654643,1.564135,1.564161
0.586177,0.669722,1.564709,1.564135
0.667314,0.533251,1.566527,1.564709
0.491170,0.509996,1.568883,1.566527
0.459215,0.544832,1.571680,1.568883
0.535450,0.402174,1.574980,1.571680
0.394736,0.403500,1.577655,1.574980
0.439213,0.437679,1.580665,1.577655
0.363412,0.340581,1.584434,1.580665
0.342774,0.288630,1.588201,1.584434
0.220108,0.337270,1.592625,1.588201
0.336877,0.287026,1.590796,1.592625
0.414702,0.281805,1.580640,1.590796
0.401825,0.287445,1.559110,1.580640
0.436265,0.257840,1.506868,1.559110
0.298347,0.260667,1.447989,1.506868
0.266663,0.356405,1.374479,1.447989
0.358932,0.288825,1.278831,1.374479
0.197085,0.326023,1.195924,1.278831
0.186294,0.413586,1.110486,1.195924
0.339182,0.447583,0.994481,1.110486
0.352241,0.516540,0.880121,0.994481
0.661982,0.704277,0.749163,0.880121
0.756064,0.665135,0.580749,0.749163
0.947230,0.724101,0.448024,0.580749
0.893668,0.933207,0.330777,0.448024
1.054219,0.819618,0.222548,0.330777
0.948465,0.808058,0.159537,0.222548
0.834433,0.925781,0.111178,0.159537
0.924554,0.776994,0.075100,0.111178
0.693604,0.798626,0.064920,0.075100
0.673512,0.930761,0.068546,0.064920
0.852874,0.761380,0.076244,0.068546
0.693755,0.813554,0.079796,0.076244
0.718216,0.944049,0.079271,0.079796
0.925747,0.801076,0.075967,0.079271
0.761355,0.795604,0.074400,0.075967
0.919189,0.943328,0.074224,0.074400
0.840054,0.780067,0.074600,0.074224
0.937609,0.834390,0.074401,0.074600
0.847701,0.961393,0.073494,0.074401
0.953034,0.841482,0.071778,0.073494
0.848179,0.860772,0.070599,0.071778
0.791119,0.983365,0.069812,0.070599
0.983174,0.836512,0.068787,0.069812
0.768722,0.831443,0.067538,0.068787
0.764060,0.995875,0.066363,0.067538
0.997495,0.822347,0.065753,0.066363
0.798419,0.863696,0.065198,0.065753
0.796212,0.962887,0.064393,0.065198
0.999500,0.847053,0.063228,0.064393
0.811760,0.843350,0.062136,0.063228
0.961042,0.997988,0.060796,0.062136
0.857911,0.842965,0.059137,0.060796
0.953215,0.826658,0.057945,0.059137
0.845325,0.976639,0.057366,0.057945
0.933880,0.795916,0.057666,0.057366
0.819512,0.831127,0.058345,0.057666
0.769872,0.965268,0.059209,0.058345
0.969181,0.827012,0.060455,0.059209
0.776625,0.830763,0.061525,0.060455
0.776235,0.980834,0.062149,0.061525
0.976624,0.831501,0.062165,0.062149
0.781977,0.834082,0.060650,0.062165
0.787559,0.986332,0.030179,0.060650
1.100115,0.846698,0.047996,0.030179
0.926217,0.919814,0.100735,0.047996
1.065306,0.995238,0.125050,0.100735
0.836536,0.755823,0.133024,0.125050
0.812976,0.710933,0.131315,0.133024
0.657698,0.779870,0.125803,0.131315
0.662087,0.593374,0.117741,0.125803
0.535260,0.546901,0.110831,0.117741
0.465144,0.631189,0.104534,0.110831
0.538961,0.444162,0.098726,0.104534
0.395861,0.451491,0.095327,0.098726
0.367568,0.443564,0.092822,0.095327
0.395660,0.353339,0.088038,0.092822
0.271648,0.332914,0.065870,0.088038
0.205518,0.331616,0.082345,0.065870
0.349813,0.251802,0.147352,0.082345
0.312297,0.236719,0.215356,0.147352
0.386370,0.244409,0.277893,0.215356
0.303029,0.211196,0.285902,0.277893
0.368481,0.251544,0.246676,0.285902
0.446377,0.315007,0.206088,0.246676
0.603943,0.291994,0.261615,0.206088
0.492031,0.425158,0.360020,0.261615
0.414593,0.428962,0.499426,0.360020
0.373334,0.465021,0.642825,0.499426
0.444179,0.632514,0.764397,0.642825
0.687219,0.628285,0.906191,0.764397
0.687275,0.735677,1.023829,0.906191
0.727912,0.918517,1.136845,1.023829
1.127639,0.809199,1.247653,1.136845
0.966261,0.863740,1.322484,1.247653
0.943861,1.018917,1.385686,1.322484
1.090689,0.827799,1.445178,1.385686
0.806729,0.849014,1.486606,1.445178
0.773294,0.973655,1.522903,1.486606
0.916477,0.804583,1.557227,1.522903
0.712031,0.837567,1.578196,1.557227
0.839173,1.004279,1.591219,1.578196
0.820597,0.851183,1.594471,1.591219
0.341100,0.853807,1.587779,1.594471
0.439110,1.015443,1.576083,1.587779
0.793476,0.828896,1.562483,1.576083
0.704832,0.886090,1.554653,1.562483
0.737731,1.009261,1.551186,1.554653
0.953443,0.854789,1.552019,1.551186
0.770988,0.884602,1.555129,1.552019
0.775448,1.042362,1.559062,1.555129
0.975096,0.836631,1.563074,1.559062
0.769463,0.866044,1.565310,1.563074
0.771010,1.018496,1.566546,1.565310
0.964275,0.866931,1.567038,1.566546
0.762154,0.869993,1.567086,1.567038
0.918799,1.026195,1.567217,1.567086
0.963354,0.848006,1.567726,1.567217
0.761638,0.892801,1.568573,1.567726
0.801682,0.996853,1.569729,1.568573
0.932495,0.827282,1.571329,1.569729
0.639240,0.854256,1.572721,1.571329
0.695585,0.964687,1.574185,1.572721
0.898302,0.823002,1.575892,1.574185
0.719318,0.857967,1.577354,1.575892
0.722393,0.968139,1.578872,1.577354
0.904080,0.826727,1.580658,1.578872
0.725896,0.860169,1.582441,1.580658
0.730031,1.004602,1.584536,1.582441
0.920217,0.804428,1.587578,1.584536
0.738859,0.835620,1.590733,1.587578
0.878673,0.957817,1.594179,1.590733
1.028909,0.841156,1.600780,1.594179
0.524573,0.809642,1.608763,1.600780
0.553652,0.871800,1.615690,1.608763
0.800470,0.688559,1.622228,1.615690
0.617385,0.640968,1.627596,1.622228
0.575376,0.704618,1.633896,1.627596
0.636108,0.526365,1.642802,1.633896
0.460664,0.501586,1.651560,1.642802
0.409410,0.530783,1.662082,1.651560
0.435092,0.389195,1.676584,1.662082
0.311545,0.383618,1.690669,1.676584
0.286091,0.400540,1.706834,1.690669
0.335240,0.310143,1.728059,1.706834
0.247066,0.297677,1.746995,1.728059
0.246455,0.289318,1.766756,1.746995
0.365146,0.232954,1.781432,1.766756
0.326072,0.220208,1.782016,1.781432
0.354264,0.212107,1.767221,1.782016
0.305309,0.182086,1.725463,1.767221
0.255163,0.223407,1.678476,1.725463
0.367751,0.310334,1.617367,1.678476
0.605217,0.278634,1.532207,1.617367
0.381726,0.307514,1.453291,1.532207
0.270545,0.398373,1.371140,1.453291
0.225652,0.440377,1.277449,1.371140
0.193573,0.474018,1.183378,1.277449
0.368769,0.674371,1.067787,1.183378
0.796512,0.704373,0.897372,1.067787
0.805300,0.781669,0.741023,0.897372
1.202315,0.959243,0.586530,0.741023
1.435335,0.829320,0.432942,0.586530
1.128351,0.869848,0.334502,0.432942
1.084897,1.013500,0.253524,0.334502
1.074833,0.838463,0.178456,0.253524
0.757150,0.861588,0.130108,0.178456
0.710037,1.003466,0.095340,0.130108
0.878824,0.841371,0.076140,0.095340
0.690485,0.828409,0.074928,0.076140
0.683332,1.011560,0.079419,0.074928
0.883338,0.840361,0.083081,0.079419
0.708595,0.845601,0.081553,0.083081
0.727241,1.009740,0.076020,0.081553
0.931271,0.877368,0.068676,0.076020
0.765235,0.880524,0.064432,0.068676
0.927980,1.046000,0.061129,0.064432
0.969605,0.848051,0.056864,0.061129
0.772432,0.891402,0.052677,0.056864
0.813408,1.030810,0.048170,0.052677
0.954772,1.059114,0.043770,0.048170
0.947727,1.038452,0.040943,0.043770
0.893892,0.875614,0.039701,0.040943
0.795048,0.880051,0.039192,0.039701
0.740001,1.023664,0.038832,0.039192
0.916654,0.878435,0.038837,0.038832
0.731376,0.832911,0.039292,0.038837
0.725213,0.959969,0.039810,0.039292
0.906373,0.850138,0.040698,0.039810
0.722646,0.850389,0.041988,0.040698
0.724059,1.016674,0.043328,0.041988
0.900344,0.996511,0.045118,0.043328
0.902918,0.961010,0.046374,0.045118
0.899582,0.834744,0.046771,0.046374
0.718863,0.827001,0.047037,0.046771
0.718325,0.971696,0.047535,0.047037
0.898522,0.848869,0.048325,0.047535
0.719166,0.804619,0.048782,0.048325
0.850064,0.985830,0.044658,0.048782
0.944466,0.825082,0.017351,0.044658
0.825578,0.834928,0.075442,0.017351
0.933240,0.915394,0.121898,0.075442
0.969664,0.741338,0.142457,0.121898
0.683840,0.719011,0.145169,0.142457
0.585053,0.690881,0.141189,0.145169
0.614661,0.563427,0.132582,0.141189
0.440000,0.494151,0.125055,0.132582
0.418422,0.537528,0.119271,0.125055
0.480143,0.416794,0.116874,0.119271
0.353017,0.478159,0.118405,0.116874
0.388904,0.416898,0.124783,0.118405
0.341448,0.310900,0.135725,0.124783
0.259603,0.296045,0.144893,0.135725
0.281614,0.247641,0.167951,0.144893
0.261012,0.211256,0.206182,0.167951
0.358565,0.255952,0.259145,0.206182
0.331942,0.140765,0.308166,0.259145
0.273285,0.202466,0.294342,0.308166
0.268922,0.286131,0.232585,0.294342
0.406379,0.249732,0.124877,0.232585
0.496366,0.278862,0.106518,0.124877
0.359039,0.350678,0.188441,0.106518
0.180020,0.296204,0.324398,0.188441
0.072205,0.380396,0.449049,0.324398
0.065974,0.486817,0.566774,0.449049
0.122175,0.535471,0.698388,0.566774
0.209636,0.653180,0.808809,0.698388
0.371132,0.875762,0.926614,0.808809
0.747088,0.770658,1.065284,0.926614
0.789619,0.844469,1.169880,1.065284
1.183979,1.008884,1.260865,1.169880
1.092915,0.839565,1.347911,1.260865
1.094298,0.886553,1.406687,1.347911
0.872134,1.008198,1.456660,1.406687
0.942330,0.825629,1.504929,1.456660
0.820365,0.853196,1.538325,1.504929
0.753426,0.982134,1.565995,1.538325
0.916557,0.841598,1.588484,1.565995
0.722661,0.827861,1.597904,1.588484
0.718670,0.996303,1.597934,1.597904
0.904035,0.817974,1.587581,1.597934
0.735115,0.875481,1.575167,1.587581
0.749107,0.992736,1.563577,1.575167
0.937845,1.039944,1.555120,1.563577
0.959311,1.046464,1.552972,1.555120
0.963724,0.859125,1.555500,1.552972
0.793551,0.880067,1.559294,1.555500
0.785621,1.027730,1.563165,1.559294
0.976920,0.848129,1.566429,1.563165
0.778815,0.866255,1.567817,1.566429
0.918131,0.999629,1.568099,1.567817
0.954395,0.831039,1.567704,1.568099
0.759343,0.881000,1.567191,1.567704
0.801873,0.982511,1.566882,1.567191
0.934049,0.830393,1.567112,1.566882
0.751779,0.847433,1.567764,1.567112
0.744218,1.013896,1.568783,1.567764
0.929211,0.792902,1.570487,1.568783
0.738390,0.827991,1.572222,1.570487
0.737731,1.027778,1.574169,1.572222
0.913469,0.820848,1.576630,1.574169
0.731657,0.850911,1.578642,1.576630
0.729261,0.974888,1.580771,1.578642
0.905648,0.816064,1.583370,1.580771
0.353888,0.860667,1.585446,1.583370
0.303957,0.980113,1.587697,1.585446
0.116711,0.815070,1.590221,1.587697
0.406640,0.867641,1.593005,1.590221
0.769868,0.987971,1.598786,1.593005
1.024673,0.756440,1.606685,1.598786
0.769255,0.738476,1.612692,1.606685
0.700021,0.786405,1.618803,1.612692
0.777652,0.590109,1.626564,1.618803
0.569143,0.602842,1.634088,1.626564
0.505220,0.616944,1.643114,1.634088
0.543701,0.582183,1.655756,1.643114
0.481815,0.499303,1.671353,1.655756
0.421634,0.375930,1.689149,1.671353
0.323810,0.362772,1.705829,1.689149
0.307642,0.367574,1.724511,1.705829
0.332452,0.284260,1.748205,1.724511
0.236763,0.257643,1.774619,1.748205
0.285923,0.245097,1.814286,1.774619
0.295305,0.228446,1.880617,1.814286
0.286574,0.207157,1.950904,1.880617
0.182377,0.301843,2.030437,1.950904
0.238397,0.287297,2.122323,2.030437
0.449821,0.285950,2.208986,2.122323
0.554957,0.343512,2.312469,2.208986
0.693455,0.256685,2.450423,2.312469
0.422790,0.332822,2.574993,2.450423
0.294149,0.360940,2.702295,2.574993
0.368161,0.314041,2.839034,2.702295
0.342285,0.417602,2.936347,2.839034
0.457440,0.553378,3.015861,2.936347
0.727934,0.568970,3.080401,3.015861
0.677798,0.588220,3.112126,3.080401
0.945468,0.789953,3.130728,3.112126
0.936514,0.732816,3.143301,3.130728
1.085630,0.718669,3.135187,3.143301
1.031691,0.836049,3.130938,3.135187
1.062360,0.705342,3.134032,3.130938
0.851094,0.730241,3.141498,3.134032
0.742043,0.832571,3.134177,3.141498
0.887712,0.721696,3.127158,3.134177
0.711063,0.710301,3.124896,3.127158
0.720729,0.820987,3.125776,3.124896
0.913787,0.717906,3.129407,3.125776
0.756356,0.712819,3.133136,3.129407
0.772202,0.841866,3.136388,3.133136
0.985631,0.716882,3.138687,3.136388
0.791107,0.766457,3.139318,3.138687
0.928861,0.854624,3.139040,3.139318
0.833622,0.718314,3.138099,3.139040
0.939229,0.744586,3.137373,3.138099
0.844611,0.847836,3.136864,3.137373
0.945570,0.768815,3.136754,3.136864
0.856797,0.769752,3.137137,3.136754
0.813885,0.893810,3.137833,3.137137
1.027467,0.736341,3.138800,3.137833
0.808755,0.770121,3.139655,3.138800
0.811337,0.905478,3.140300,3.139655
1.020782,0.766423,3.140879,3.140300
0.816080,0.727954,3.141196,3.140879
0.818175,0.885813,3.141573,3.141196
1.029819,0.749452,3.142202,3.141573
0.830071,0.757558,3.141989,3.142202
0.984654,0.913967,3.141527,3.141989
0.860417,0.774962,3.140864,3.141527
0.971888,0.778095,3.140269,3.140864
0.876756,0.901924,3.139535,3.140269
0.972072,0.762593,3.138388,3.139535
0.875976,0.764442,3.137124,3.138388
0.817874,0.898496,3.135719,3.137124
1.044963,0.767533,3.134171,3.135719
0.839766,0.763940,3.132885,3.134171
0.839770,0.908435,3.131607,3.132885
1.050524,0.728971,3.130084,3.131607
0.834109,0.776267,3.128596,3.130084
0.827079,0.901678,3.126146,3.128596
1.105906,0.753070,3.122597,3.126146
0.924495,0.738056,3.120211,3.122597
1.110085,0.824781,3.117844,3.120211
0.894561,0.673991,3.114315,3.117844
0.893416,0.620286,3.110559,3.114315
0.735382,0.709085,3.105628,3.110559
0.756263,0.536491,3.098402,3.105628
0.629436,0.552515,3.091381,3.098402
0.546841,0.569283,3.083586,3.091381
0.633637,0.455637,3.074407,3.083586
0.478290,0.448367,3.066853,3.074407
0.463783,0.440329,3.059377,3.066853
0.532383,0.336580,3.050839,3.059377
0.395819,0.340223,3.043534,3.050839
0.389429,0.403985,3.035665,3.043534
0.455243,0.339564,3.025565,3.035665
0.336264,0.269593,3.016223,3.025565
0.370990,0.315556,3.005827,3.016223
0.304401,0.240027,2.992536,3.005827
0.302769,0.198771,2.982066,2.992536
0.256655,0.260464,2.976622,2.982066
0.271355,0.216533,2.978238,2.976622
0.233311,0.160968,2.983328,2.978238
0.213910,0.177560,2.989518,2.983328
0.233902,0.154129,2.995475,2.989518
0.143580,0.169330,2.998332,2.995475
0.119120,0.165201,2.999047,2.998332
0.133470,0.129407,2.997776,2.999047
0.104946,0.112134,2.995964,2.997776
0.112226,0.113855,2.994168,2.995964
0.115214,0.073823,2.992657,2.994168
0.083210,0.093359,2.992006,2.992657
0.095384,0.095897,2.991917,2.992006
0.067285,0.066032,2.992305,2.991917
0.056656,0.078069,2.992769,2.992305
0.034038,0.073445,2.993168,2.992769
0.028681,0.041894,2.993483,2.993168
0.023768,0.060093,2.993504,2.993483
0.025786,0.082436,2.993393,2.993504
0.050231,0.024415,2.993255,2.993393
0.042537,0.019861,2.993165,2.993255
0.041570,0.030290,2.993056,2.993165
0.034543,0.051050,2.992940,2.993056
0.018423,0.027256,2.992795,2.992940
0.016250,0.026527,2.992761,2.992795
0.021697,0.018247,2.992782,2.992761
0.029949,0.026239,2.992779,2.992782
0.000000,0.037480,2.993018,2.992779
0.000000,0.011597,2.992740,2.993018
0.000000,0.000000,0.000000,0.000000
0.000000,0.037802,2.046283,0.000000
0.017575,0.042659,2.047815,2.046283
0.030146,0.058154,2.038613,2.047815
0.037261,0.061305,2.023259,2.038613
0.034298,0.043550,2.019459,2.023259
0.000000,0.044476,2.030626,2.019459
0.000000,0.016304,2.049418,2.030626
0.000000,0.021673,2.047646,2.049418
0.000000,0.053182,2.047138,2.047646
0.000000,0.052500,2.047582,2.047138
0.000000,0.092001,2.048517,2.047582
0.000000,0.014554,2.049998,2.048517
0.000000,0.019014,2.051334,2.049998
0.000000,0.025859,2.052134,2.051334
0.000000,0.020389,2.051150,2.052134
0.026453,0.024343,2.041187,2.051150
0.027107,0.008950,2.038396,2.041187
0.031811,0.027070,2.036904,2.038396
0.033171,0.036288,2.038014,2.036904
0.033621,0.017645,2.039275,2.038014
0.043328,0.054577,2.039610,2.039275
0.044013,0.056303,2.039091,2.039610
0.073311,0.026591,2.039089,2.039091
0.060381,0.030167,2.040530,2.039089
0.061943,0.028063,2.043244,2.040530
0.074554,0.026234,2.046614,2.043244
0.058771,0.050476,2.048162,2.046614
0.053401,0.028491,2.048543,2.048162
0.068207,0.066672,2.048235,2.048543
0.040399,0.048000,2.047896,2.048235
0.040302,0.041308,2.047972,2.047896
0.038641,0.064205,2.047379,2.047972
0.037367,0.015437,2.046741,2.047379
0.040034,0.039287,2.046788,2.046741
0.056433,0.027666,2.047345,2.046788
0.064620,0.020002,2.047248,2.047345
0.045185,0.050877,2.046589,2.047248
0.056921,0.055853,2.045387,2.046589
0.144064,0.053505,2.029708,2.045387
0.204107,0.057086,1.998472,2.029708
0.147796,0.131572,1.950772,1.998472
0.052751,0.197898,1.872118,1.950772
0.135339,0.263443,1.747064,1.872118
0.275750,0.337872,1.639661,1.747064
0.367913,0.496952,1.547269,1.639661
0.413729,0.524162,1.462924,1.547269
0.592668,0.612355,1.398654,1.462924
0.447628,0.777597,1.313734,1.398654
0.600236,0.723336,1.175672,1.313734
0.654512,0.759880,1.033558,1.175672
0.517498,0.970142,0.875066,1.033558
0.590842,0.807095,0.694769,0.875066
0.757407,0.809580,0.557790,0.694769
0.889919,0.956680,0.435414,0.557790
1.087797,0.839279,0.318754,0.435414
0.825289,0.802028,0.242661,0.318754
0.784285,0.884434,0.182084,0.242661
0.919888,0.789429,0.130494,0.182084
0.703810,0.804223,0.103039,0.130494
0.813452,0.982358,0.088639,0.103039
0.725064,0.820656,0.085057,0.088639
0.830720,0.795947,0.085837,0.085057
0.758547,0.934943,0.085069,0.085837
0.856481,0.792859,0.079481,0.085069
0.800884,1.007322,0.071333,0.079481
0.996493,0.970483,0.062134,0.071333
0.953838,0.807095,0.057255,0.062134
0.855286,0.997132,0.057063,0.057255
0.993046,0.807717,0.058030,0.057063
0.778036,0.820129,0.058948,0.058030
0.790183,1.002112,0.059701,0.058948
0.983254,0.809591,0.060249,0.059701
0.791183,0.814013,0.060900,0.060249
0.787063,0.986709,0.061124,0.060900
0.985156,0.803286,0.061267,0.061124
0.795324,0.850849,0.061244,0.061267
0.792748,1.031261,0.060804,0.061244
0.984534,0.810227,0.060168,0.060804
0.786713,0.839938,0.059941,0.060168
0.937968,0.997471,0.059870,0.059941
0.983406,0.815664,0.059783,0.059870
0.790381,0.831522,0.059416,0.059783
0.847388,0.994082,0.058843,0.059416
0.988551,0.823497,0.058256,0.058843
0.788553,0.854565,0.058032,0.058256
0.778425,0.970648,0.057607,0.058032
0.977018,0.803042,0.056825,0.057607
0.784361,0.837090,0.056569,0.056825
0.786726,1.008465,0.056554,0.056569
1.004555,0.813839,0.023354,0.056554
0.857088,0.842753,0.039264,0.023354
0.914062,0.940246,0.097032,0.039264
1.101300,0.741674,0.125982,0.097032
0.808971,0.692985,0.132165,0.125982
0.828668,0.752248,0.130031,0.132165
0.772833,0.570528,0.121898,0.130031
0.561982,0.570625,0.112885,0.121898
0.538767,0.599802,0.103105,0.112885
0.570159,0.472174,0.092834,0.103105
0.426026,0.407305,0.085935,0.092834
0.395783,0.495681,0.080709,0.085935
0.447529,0.377891,0.076934,0.080709
0.346859,0.327953,0.074399,0.076934
0.315344,0.394064,0.051139,0.074399
0.275335,0.262736,0.040289,0.051139
0.224950,0.304624,0.073779,0.040289
0.322682,0.327014,0.152656,0.073779
0.515307,0.258305,0.249459,0.152656
0.413681,0.235080,0.304740,0.249459
0.372600,0.275554,0.307110,0.304740
0.324214,0.258322,0.262873,0.307110
0.362647,0.293138,0.266794,0.262873
0.402241,0.334579,0.337319,0.266794
0.329418,0.345150,0.460688,0.337319
0.278519,0.405412,0.585236,0.460688
0.272258,0.559754,0.711338,0.585236
0.534017,0.537518,0.859457,0.711338
0.586812,0.629134,0.981877,0.859457
0.761460,0.813462,1.099678,0.981877
1.192092,0.759671,1.218627,1.099678
0.995060,0.793807,1.299088,1.218627
0.960607,0.942730,1.366223,1.299088
1.091599,0.789243,1.430265,1.366223
0.768164,0.806321,1.474068,1.430265
0.801078,0.933154,1.511472,1.474068
0.781215,0.750209,1.547208,1.511472
0.621413,0.804590,1.570486,1.547208
0.678629,0.928603,1.586709,1.570486
0.865086,0.776880,1.594094,1.586709
0.718997,0.767337,1.589658,1.594094
0.746123,0.960188,1.578233,1.589658
0.952127,0.992521,1.563085,1.578233
0.976406,0.960278,1.551408,1.563085
0.987908,0.817216,1.546400,1.551408
0.804597,0.846724,1.546331,1.546400
0.805394,0.959083,1.548911,1.546331
1.015971,0.790424,1.553000,1.548911
0.802465,0.821207,1.555932,1.553000
0.801564,1.016765,1.557834,1.555932
1.004441,0.797974,1.558550,1.557834
0.801231,0.845346,1.558186,1.558550
0.952627,0.994320,1.557284,1.558186
0.854134,0.829008,1.556166,1.557284
0.949220,0.842082,1.555653,1.556166
0.864263,0.971061,1.555529,1.555653
0.951018,0.801824,1.555875,1.555529
0.861601,1.011563,1.556344,1.555875
1.003127,0.989388,1.556815,1.556344
0.828464,0.839470,1.557081,1.556815
0.780003,0.986941,1.556940,1.557081
0.950224,0.802323,1.557045,1.556940
0.791310,0.868706,1.557555,1.557045
0.804161,0.978763,1.558317,1.557555
1.011351,0.847661,1.559321,1.558317
0.805459,0.833597,1.560113,1.559321
0.803264,0.984590,1.560951,1.560113
1.006410,0.814476,1.561859,1.560951
0.804113,0.861909,1.562417,1.561859
0.806616,1.009659,1.562042,1.562417
1.086114,0.804161,1.563071,1.562042
0.951520,0.788077,1.565705,1.563071
1.055174,0.890023,1.567456,1.565705
0.956829,0.700794,1.568218,1.567456
0.684442,0.649496,1.568498,1.568218
0.646377,0.694362,1.568968,1.568498
0.683339,0.543888,1.569919,1.568968
0.504450,0.491677,1.571073,1.569919
0.462281,0.563175,1.572547,1.571073
0.530812,0.451062,1.574746,1.572547
0.399513,0.382011,1.577046,1.574746
0.374814,0.429499,1.579572,1.577046
0.434766,0.336887,1.582026,1.579572
0.321551,0.330283,1.582366,1.582026
0.250983,0.346262,1.582448,1.582366
0.303205,0.273704,1.577875,1.582448
0.353022,0.291841,1.566938,1.577875
0.458281,0.300010,1.547348,1.566938
0.452318,0.240726,1.502158,1.547348
0.327071,0.243435,1.445231,1.502158
0.336223,0.370249,1.374279,1.445231
0.393035,0.294032,1.277683,1.374279
0.276368,0.311131,1.191345,1.277683
0.243086,0.426371,1.103286,1.191345
0.394790,0.377194,0.995255,1.103286
0.389209,0.453026,0.886863,0.995255
0.532141,0.655865,0.763984,0.886863
0.835773,0.652470,0.604241,0.763984
0.768979,0.749532,0.470800,0.604241
0.797542,0.877057,0.349266,0.470800
1.056054,0.787498,0.231815,0.349266
0.923424,0.826839,0.161113,0.231815
1.061450,0.926014,0.109824,0.161113
1.040534,0.786348,0.069461,0.109824
0.753854,0.793931,0.058332,0.069461
0.744865,0.937637,0.065356,0.058332
0.842324,0.927787,0.076882,0.065356
0.863788,0.911817,0.081553,0.076882
0.852013,0.762481,0.079907,0.081553
0.785600,0.826159,0.077368,0.079907
0.762923,0.939188,0.075550,0.077368
0.969332,0.796201,0.075826,0.075550
0.784308,0.850565,0.076503,0.075826
0.793645,0.977372,0.075982,0.076503
0.989849,0.794904,0.073547,0.075982
0.802905,0.831073,0.070681,0.073547
0.800516,0.966040,0.067923,0.070681
0.995205,0.821117,0.065443,0.067923
0.782976,0.850991,0.064376,0.065443
0.918875,0.964178,0.064197,0.064376
0.833559,0.826124,0.065006,0.064197
0.947513,0.830779,0.066037,0.065006
0.845944,0.981973,0.067169,0.066037
0.938525,0.801399,0.068004,0.067169
0.827172,0.826755,0.068087,0.068004
0.784730,0.969974,0.067852,0.068087
0.996126,0.822494,0.067334,0.067852
0.801819,0.859656,0.066694,0.067334
0.799984,0.986176,0.065631,0.066694
0.997600,0.828462,0.063749,0.065631
0.797334,0.854374,0.062417,0.063749
0.788775,1.002492,0.061462,0.062417
0.981923,0.805153,0.060787,0.061462
0.781378,0.812667,0.060828,0.060787
0.926800,1.013305,0.061402,0.060828
0.831570,0.851741,0.062102,0.061402
0.938532,0.833522,0.061989,0.062102
0.841132,0.997415,0.061206,0.061989
0.939451,0.841927,0.035152,0.061206
0.928201,0.796528,0.025686,0.035152
0.949779,1.073688,0.089701,0.025686
1.159022,0.855213,0.126502,0.089701
0.824271,0.839267,0.136499,0.126502
0.729675,0.839080,0.137515,0.136499
0.797173,0.688927,0.132200,0.137515
0.584929,0.630459,0.124974,0.132200
0.536094,0.678243,0.116917,0.124974
0.602023,0.576839,0.108196,0.116917
0.553682,0.526681,0.100939,0.108196
0.441875,0.429571,0.096117,0.100939
0.339818,0.385766,0.093957,0.096117
0.304499,0.405716,0.092491,0.093957
0.329427,0.321727,0.073463,0.092491
0.183644,0.296063,0.091173,0.073463
0.329837,0.323780,0.142052,0.091173
0.426683,0.228201,0.219964,0.142052
0.338244,0.209935,0.278849,0.219964
0.311082,0.293192,0.286902,0.278849
0.400981,0.232202,0.235540,0.286902
0.412118,0.274380,0.190329,0.235540
0.487790,0.346471,0.228799,0.190329
0.536301,0.321206,0.338190,0.228799
0.259954,0.388495,0.448635,0.338190
0.201575,0.517572,0.571557,0.448635
0.353587,0.495787,0.711178,0.571557
0.434138,0.598320,0.827944,0.711178
0.520714,0.830199,0.948017,0.827944
0.829910,0.781559,1.085060,0.948017
0.828410,0.841801,1.186844,1.085060
1.088699,0.981961,1.273573,1.186844
1.171607,1.037553,1.356218,1.273573
1.069929,0.970406,1.424115,1.356218
0.810362,0.819282,1.477741,1.424115
0.847708,1.025319,1.514576,1.477741
0.866042,0.956432,1.550473,1.514576
0.740923,0.820004,1.575914,1.550473
0.838331,0.997588,1.589053,1.575914
0.891210,0.824755,1.592803,1.589053
0.722184,0.852719,1.586717,1.592803
0.787893,0.998508,1.575382,1.586717
0.934827,0.852388,1.561838,1.575382
0.751007,0.879877,1.553910,1.561838
0.746489,1.020783,1.550263,1.553910
0.972144,0.866599,1.551092,1.550263
0.778650,0.856207,1.554362,1.551092
0.782735,1.006991,1.558567,1.554362
0.973996,0.858304,1.562842,1.558567
0.768473,0.877740,1.565204,1.562842
0.765758,1.024021,1.566418,1.565204
0.960438,0.831083,1.566738,1.566418
0.764740,0.873848,1.566622,1.566738
0.914600,1.040004,1.566632,1.566622
0.959253,0.838704,1.567132,1.566632
0.762577,0.854587,1.568085,1.567132
0.801189,0.996683,1.569593,1.568085
0.936466,0.828359,1.571783,1.569593
0.745491,0.881205,1.573782,1.571783
0.744116,0.977461,1.575786,1.573782
0.924824,0.840247,1.577899,1.575786
0.740643,0.853938,1.579539,1.577899
0.735520,0.991760,1.581197,1.579539
0.922977,0.824080,1.583131,1.581197
0.738962,0.858323,1.584752,1.583131
0.736799,0.969269,1.586646,1.584752
0.921147,0.818172,1.589374,1.586646
0.732199,0.834191,1.592068,1.589374
0.869254,0.963592,1.594867,1.592068
1.042214,0.814438,1.600923,1.594867
0.883588,0.793933,1.608065,1.600923
0.904390,0.888331,1.614236,1.608065
0.906069,0.667031,1.620398,1.614236
0.620675,0.626837,1.625731,1.620398
0.548552,0.713759,1.632216,1.625731
0.595458,0.524429,1.641662,1.632216
0.438499,0.484235,1.651315,1.641662
0.397549,0.517992,1.662741,1.651315
0.423767,0.386633,1.678064,1.662741
0.305385,0.388443,1.692590,1.678064
0.281189,0.405105,1.709087,1.692590
0.317636,0.301947,1.730242,1.709087
0.221028,0.284199,1.749059,1.730242
0.233285,0.275067,1.768301,1.749059
0.367371,0.227352,1.781664,1.768301
0.324738,0.220066,1.780821,1.781664
0.340434,0.199909,1.763895,1.780821
0.299920,0.210494,1.720366,1.763895
0.277069,0.227103,1.672024,1.720366
0.391760,0.269958,1.609800,1.672024
0.582561,0.309643,1.524337,1.609800
0.380946,0.318419,1.446198,1.524337
0.254811,0.426905,1.367599,1.446198
0.241109,0.400328,1.268434,1.367599
0.248916,0.559537,1.168799,1.268434
0.361568,0.732258,1.045633,1.168799
0.790947,0.698663,0.871230,1.045633
0.809590,0.797736,0.716002,0.871230
1.151114,0.998072,0.565156,0.716002
1.387503,0.850883,0.418664,0.565156
1.045267,0.901580,0.323555,0.418664
1.013621,0.991050,0.244239,0.323555
1.015483,0.854264,0.170596,0.244239
0.746509,0.834201,0.123625,0.170596
0.686440,0.966636,0.090240,0.123625
0.849184,0.846992,0.073197,0.090240
0.697241,0.840592,0.074087,0.073197
0.709782,0.970034,0.079467,0.074087
0.915607,0.860167,0.082702,0.079467
0.726071,1.040131,0.079980,0.082702
0.942809,1.006886,0.072306,0.079980
0.962993,0.901203,0.065334,0.072306
0.776419,1.045141,0.061566,0.065334
0.980050,0.873009,0.057905,0.061566
0.783194,0.894590,0.054384,0.057905
0.911127,1.016044,0.050208,0.054384
0.803941,0.834486,0.046213,0.050208
0.891714,0.909395,0.044241,0.046213
0.790236,0.975437,0.043215,0.044241
0.885334,0.850516,0.042977,0.043215
0.792349,0.855754,0.042975,0.042977
0.735607,1.024435,0.042867,0.042975
0.911132,0.853567,0.042411,0.042867
0.734668,0.855142,0.042099,0.042411
0.731340,1.007723,0.041955,0.042099
0.914769,0.844541,0.042247,0.041955
0.729393,0.851188,0.042688,0.042247
0.725016,0.995228,0.042920,0.042688
0.906141,0.828333,0.043471,0.042920
0.725341,0.864409,0.044290,0.043471
0.862611,0.986099,0.045325,0.044290
0.766021,0.822950,0.046190,0.045325
0.861146,0.833098,0.046644,0.046190
0.767434,0.962301,0.047165,0.046644
0.855507,0.809061,0.048128,0.047165
0.769154,0.846949,0.041224,0.048128
0.754663,0.997522,0.015760,0.041224
1.069567,0.781697,0.081797,0.015760
0.860162,0.800686,0.118771,0.081797
0.781612,0.857154,0.134364,0.118771
0.846666,0.632804,0.138188,0.134364
0.593320,0.623104,0.135767,0.138188
0.516785,0.652861,0.130714,0.135767
0.558777,0.501328,0.124208,0.130714
0.413113,0.482990,0.119765,0.124208
0.449647,0.541855,0.117245,0.119765
0.374253,0.434213,0.118048,0.117245
0.385776,0.351323,0.122183,0.118048
0.321826,0.372174,0.129259,0.122183
0.322459,0.273000,0.136113,0.129259
0.238493,0.313940,0.148964,0.136113
0.334939,0.268268,0.187689,0.148964
0.353954,0.201972,0.246944,0.187689
0.342007,0.212218,0.294183,0.246944
0.291499,0.192081,0.285200,0.294183
0.225307,0.203868,0.230005,0.285200
0.332901,0.288205,0.148252,0.230005
0.589132,0.287272,0.150841,0.148252
0.306187,0.289879,0.239511,0.150841
0.134890,0.389718,0.358165,0.239511
0.079672,0.385844,0.502067,0.358165
0.115326,0.483051,0.615916,0.502067
0.179890,0.674424,0.730414,0.615916
0.380564,0.649551,0.864117,0.730414
0.475758,0.759376,0.980035,0.864117
0.892332,0.945029,1.095412,0.980035
1.153557,0.834723,1.212789,1.095412
1.017587,0.878576,1.295159,1.212789
1.031092,1.010685,1.365546,1.295159
1.010298,0.846383,1.431965,1.365546
0.781400,0.855086,1.477521,1.431965
0.742212,0.983591,1.516718,1.477521
0.863694,0.804891,1.553720,1.516718
0.663606,0.854403,1.577064,1.553720
0.465818,0.961479,1.592601,1.577064
0.785852,0.830440,1.598794,1.592601
0.686990,0.845496,1.594434,1.598794
0.724793,1.021411,1.583651,1.594434
0.930365,0.826790,1.569228,1.583651
0.762494,0.880269,1.559648,1.569228
0.923303,1.039496,1.554094,1.559648
0.993532,0.874461,1.552911,1.554094
0.791792,0.859829,1.555043,1.552911
0.836531,1.014925,1.558553,1.555043
0.982222,0.892595,1.562660,1.558553
0.778519,0.873969,1.565252,1.562660
0.773503,1.036124,1.566752,1.565252
0.958082,0.843415,1.567369,1.566752
0.761881,0.884659,1.567397,1.567369
0.757658,0.984954,1.567369,1.567397
0.937857,0.851828,1.567659,1.567369
0.753580,0.827296,1.568202,1.567659
0.748225,0.980614,1.569202,1.568202
0.927495,0.868024,1.570865,1.569202
0.739218,0.840081,1.572645,1.570865
0.878011,0.986924,1.574725,1.572645
0.922612,1.011787,1.577207,1.574725
0.920354,0.963852,1.579644,1.577207
0.780104,0.823449,1.581995,1.579644
0.864956,0.839326,1.584015,1.581995
0.786502,0.954995,1.586260,1.584015
0.881158,0.831211,1.589121,1.586260
0.783982,0.857008,1.591867,1.589121
0.739825,0.979940,1.594709,1.591867
1.027314,0.785076,1.599881,1.594709
0.882873,0.794496,1.607038,1.599881
0.870806,0.902993,1.613840,1.607038
0.936761,0.681189,1.620349,1.613840
0.664833,0.656081,1.625691,1.620349
0.600357,0.705011,1.631891,1.625691
0.638407,0.662281,1.640759,1.631891
0.547243,0.569324,1.651930,1.640759
0.513844,0.443577,1.664639,1.651930
0.376858,0.415150,1.676152,1.664639
0.363757,0.453259,1.688468,1.676152
0.423699,0.372409,1.703349,1.688468
0.315723,0.328090,1.716601,1.703349
0.346005,0.320399,1.731160,1.716601
0.308691,0.234412,1.755373,1.731160
0.247336,0.237177,1.788208,1.755373
0.277559,0.246046,1.837649,1.788208
0.302754,0.243882,1.913770,1.837649
0.179722,0.248480,1.986112,1.913770
0.281887,0.316970,2.060554,1.986112
0.541116,0.268209,2.157032,2.060554
0.467693,0.315327,2.252962,2.157032
0.519667,0.361689,2.364443,2.252962
0.455737,0.295099,2.508106,2.364443
0.310125,0.365512,2.634172,2.508106
0.297498,0.433528,2.759036,2.634172
0.554556,0.369824,2.890264,2.759036
0.534473,0.477963,2.978870,2.890264
0.747526,0.656623,3.045088,2.978870
0.933130,0.639076,3.092605,3.045088
0.838138,0.678122,3.116042,3.092605
0.953005,0.861865,3.131773,3.116042
1.176288,0.675902,3.139607,3.131773
0.955795,0.741193,3.131753,3.139607
0.878576,0.861303,3.130045,3.131753
0.982446,0.706872,3.135890,3.130045
0.735677,0.726795,3.140360,3.135890
0.724764,0.865133,3.132933,3.140360
0.907155,0.684964,3.127896,3.132933
0.733118,0.669420,3.127154,3.127896
0.738962,0.888543,3.128764,3.127154
0.945772,0.658500,3.132205,3.128764
0.766575,0.736682,3.135108,3.132205
0.923897,0.840024,3.137535,3.135108
0.976163,0.721839,3.139154,3.137535
0.775715,0.726921,3.139553,3.139154
0.838917,0.866851,3.139384,3.139553
0.991525,0.730812,3.138861,3.139384
0.806398,0.755966,3.138388,3.138861
0.805654,0.885604,3.138046,3.138388
1.000179,0.766338,3.138049,3.138046
0.800620,0.766442,3.138369,3.138049
0.800075,0.864813,3.138982,3.138369
1.006242,0.791004,3.139909,3.138982
0.798505,0.745239,3.140738,3.139909
0.812915,0.863727,3.141441,3.140738
1.036913,0.762106,3.142175,3.141441
0.837573,0.800679,3.142020,3.142175
0.983153,0.875197,3.141713,3.142020
1.033722,0.741095,3.141690,3.141713
0.834691,0.905481,3.141591,3.141690
1.027913,0.901760,3.141196,3.141591
0.999282,0.771893,3.140571,3.141196
0.870308,0.873940,3.139732,3.140571
0.981844,0.777521,3.138824,3.139732
0.874655,0.749067,3.137945,3.138824
0.813874,0.922323,3.136775,3.137945
1.029026,0.754784,3.135062,3.136775
0.831097,0.765254,3.133397,3.135062
0.827479,0.943685,3.131349,3.133397
1.047875,0.763845,3.128701,3.131349
0.838433,0.753204,3.126044,3.128701
0.850536,0.900617,3.122373,3.126044
1.173438,0.753418,3.118534,3.122373
0.945695,0.774646,3.116223,3.118534
1.044211,0.844276,3.113828,3.116223
0.835877,0.642795,3.110559,3.113828
0.852334,0.630851,3.107166,3.110559
0.707908,0.665644,3.102781,3.107166
0.729800,0.521629,3.096534,3.102781
0.612877,0.583119,3.090633,3.096534
0.674251,0.573231,3.082891,3.090633
0.587898,0.445067,3.074870,3.082891
0.491064,0.472451,3.067792,3.074870
0.538792,0.366377,3.059153,3.067792
0.405300,0.366731,3.051313,3.059153
0.393945,0.383553,3.042462,3.051313
0.464320,0.312971,3.030810,3.042462
0.348499,0.289147,3.020038,3.030810
0.317858,0.324563,3.008075,3.020038
0.355410,0.243207,2.993234,3.008075
0.256468,0.261544,2.980818,2.993234
0.243997,0.290667,2.971795,2.980818
0.301572,0.175850,2.970808,2.971795
0.220754,0.182451,2.975585,2.970808
0.248609,0.190460,2.982524,2.975585
0.229075,0.171965,2.990184,2.982524
0.166421,0.158118,2.994493,2.990184
0.145299,0.149698,2.996243,2.994493
0.140201,0.120367,2.995536,2.996243
0.103838,0.109649,2.993641,2.995536
0.092535,0.113145,2.991504,2.993641
0.101221,0.094970,2.989505,2.991504
0.072103,0.089305,2.988521,2.989505
0.060087,0.102434,2.988206,2.988521
0.064272,0.041956,2.988540,2.988206
0.041740,0.066413,2.989084,2.988540
0.036396,0.080586,2.989572,2.989084
0.041138,0.047500,2.989916,2.989572
0.037529,0.054650,2.990051,2.989916
0.042905,0.056567,2.990010,2.990051
0.047294,0.042651,2.989767,2.990010
0.041014,0.048229,2.989534,2.989767
0.041473,0.040867,2.989357,2.989534
0.042897,0.035705,2.989274,2.989357
0.031955,0.015628,2.989163,2.989274
0.029501,0.068811,2.989092,2.989163
0.027945,0.007324,2.989158,2.989092
0.019319,0.029791,2.989248,2.989158
0.000000,0.063170,2.989332,2.989248
0.000000,0.003329,2.989374,2.989332
0.000000,0.032751,2.989367,2.989374
0.000000,0.012293,2.989170,2.989367
0.000000,0.014544,2.989012,2.989170
0.000000,0.016766,2.989524,2.989012
0.000000,0.000000,0.000000,0.000000
0.000000,0.035557,2.042468,0.000000
0.023371,0.048042,2.033092,2.042468
0.040629,0.034408,2.020153,2.033092
0.031571,0.072072,2.011474,2.020153
0.023087,0.032420,2.007946,2.011474
0.000000,0.026769,2.008584,2.007946
0.000000,0.016315,2.018679,2.008584
0.000000,0.012231,2.015532,2.018679
0.000000,0.012027,2.013861,2.015532
0.000000,0.034738,2.013341,2.013861
0.000000,0.007331,2.013968,2.013341
0.000000,0.036975,2.015067,2.013968
0.000000,0.037037,2.016292,2.015067
0.000000,0.012998,2.016700,2.016292
0.018504,0.039886,2.006612,2.016700
0.026038,0.031468,2.003412,2.006612
0.025521,0.032856,2.001317,2.003412
0.027087,0.018363,2.003658,2.001317
0.051608,0.016543,2.007162,2.003658
0.045831,0.018637,2.008742,2.007162
0.035641,0.032046,2.009643,2.008742
0.064391,0.034674,2.010529,2.009643
0.057176,0.001525,2.011329,2.010529
0.060076,0.041975,2.012033,2.011329
0.079662,0.035395,2.013177,2.012033
0.061562,0.041094,2.014150,2.013177
0.055904,0.023076,2.014697,2.014150
0.072978,0.034529,2.015033,2.014697
0.053149,0.016173,2.015519,2.015033
0.060683,0.042634,2.015667,2.015519
0.045542,0.034307,2.015187,2.015667
0.050020,0.012706,2.014515,2.015187
0.050925,0.020343,2.013100,2.014515
0.044813,0.032230,2.011715,2.013100
0.059440,0.020421,2.012510,2.011715
0.175669,0.035025,1.987702,2.012510
0.219012,0.098809,1.946307,1.987702
0.091754,0.142254,1.874222,1.946307
0.052411,0.313663,1.782024,1.874222
0.310178,0.370431,1.646352,1.782024
0.422250,0.429441,1.528890,1.646352
0.395941,0.569994,1.450438,1.528890
0.575138,0.600777,1.370242,1.450438
0.426727,0.642708,1.288523,1.370242
0.495930,0.833483,1.175463,1.288523
0.762489,0.752747,1.011348,1.175463
0.500535,0.816281,0.859294,1.011348
0.654838,0.992368,0.706054,0.859294
1.048819,0.824745,0.542060,0.706054
0.935854,0.819623,0.422287,0.542060
0.895705,0.963389,0.321571,0.422287
1.055360,0.800650,0.230896,0.321571
0.802757,0.802427,0.172262,0.230896
0.884723,0.933652,0.127829,0.172262
0.882727,0.780279,0.096999,0.127829
0.696579,0.801812,0.085421,0.096999
0.728306,0.931687,0.082517,0.085421
0.862926,0.804099,0.083768,0.082517
0.697901,0.797231,0.083424,0.083768
0.690664,0.942888,0.080051,0.083424
0.927442,0.809106,0.072448,0.080051
0.770597,0.836842,0.066860,0.072448
0.795489,0.969123,0.062953,0.066860
1.000080,0.840831,0.060196,0.062953
0.792092,0.852664,0.058593,0.060196
0.793508,0.975300,0.058211,0.058593
0.998964,0.826697,0.058594,0.058211
0.796038,0.837387,0.058644,0.058594
0.953884,0.983556,0.058781,0.058644
1.002444,0.807691,0.058497,0.058781
0.797455,0.835598,0.057946,0.058497
0.851195,1.002127,0.057522,0.057946
1.001387,0.808707,0.057916,0.057522
0.800386,0.821458,0.058607,0.057916
0.803061,0.992528,0.059081,0.058607
0.999008,0.833398,0.059340,0.059081
0.797970,0.835965,0.059539,0.059340
0.800338,0.969056,0.059631,0.059539
0.989223,0.825388,0.060041,0.059631
0.784559,0.830407,0.060490,0.060041
0.784556,0.963481,0.061170,0.060490
0.973479,0.812554,0.061943,0.061170
0.777506,0.873002,0.062607,0.061943
0.919582,0.939613,0.062927,0.062607
0.951624,0.823990,0.062892,0.062927
0.769425,0.872996,0.043885,0.062892
0.900233,0.975252,0.016307,0.043885
1.158996,0.803981,0.086072,0.016307
0.905750,0.757641,0.116257,0.086072
0.833249,0.864577,0.127822,0.116257
0.909971,0.698363,0.128338,0.127822
0.652870,0.606743,0.123228,0.128338
0.590842,0.704034,0.115705,0.123228
0.665767,0.503908,0.106484,0.115705
0.500110,0.470709,0.099717,0.106484
0.458464,0.511142,0.094025,0.099717
0.523231,0.433194,0.088918,0.094025
0.386280,0.407796,0.085997,0.088918
0.420147,0.400921,0.084255,0.085997
0.398744,0.298508,0.069923,0.084255
0.267508,0.300127,0.051461,0.069923
0.217509,0.340577,0.064259,0.051461
0.396401,0.301807,0.138392,0.064259
0.383615,0.240211,0.217035,0.138392
0.372521,0.266874,0.288918,0.217035
0.405973,0.227632,0.307890,0.288918
0.251341,0.267245,0.274761,0.307890
0.284915,0.340077,0.247384,0.274761
0.469993,0.307522,0.312097,0.247384
0.331946,0.313217,0.408203,0.312097
0.257884,0.435331,0.527004,0.408203
0.239889,0.457389,0.671511,0.527004
0.203234,0.525636,0.793324,0.671511
0.283805,0.743014,0.919275,0.793324
0.447275,0.675255,1.060753,0.919275
0.495411,0.760923,1.167418,1.060753
0.730738,0.922874,1.258462,1.167418
0.996278,0.798997,1.342295,1.258462
0.783775,0.797126,1.399921,1.342295
0.758216,0.934460,1.449874,1.399921
0.920619,0.768640,1.498431,1.449874
0.722414,0.822657,1.532063,1.498431
0.707007,0.937329,1.560030,1.532063
0.861162,0.772124,1.582846,1.560030
0.697241,0.798759,1.592442,1.582846
0.711816,0.946967,1.592354,1.592442
0.929572,0.797143,1.581393,1.592354
0.758120,0.849419,1.568429,1.581393
0.913523,0.927347,1.556500,1.568429
0.963017,0.831566,1.547814,1.556500
0.775293,0.827082,1.545341,1.547814
0.839465,0.964635,1.546474,1.545341
1.010417,0.819219,1.550423,1.546474
0.801099,1.003749,1.553925,1.550423
0.992939,0.973109,1.557067,1.553925
0.982188,0.835021,1.558476,1.557067
0.790278,0.984088,1.558532,1.558476
0.973588,0.798516,1.557914,1.558532
0.777689,0.820894,1.557311,1.557914
0.781736,1.001997,1.556947,1.557311
1.011899,0.819628,1.557015,1.556947
0.810256,0.830513,1.557431,1.557015
0.816149,0.964484,1.557863,1.557431
1.013522,1.009356,1.558360,1.557863
0.994797,0.962803,1.558633,1.558360
1.002624,0.801528,1.558882,1.558633
0.816919,0.844336,1.558840,1.558882
0.822024,0.997999,1.558538,1.558840
1.024572,0.824931,1.558019,1.558538
0.814233,0.858643,1.557661,1.558019
0.959202,0.984598,1.557426,1.557661
0.850805,0.828006,1.557388,1.557426
0.949101,0.848012,1.557792,1.557388
0.848830,0.993652,1.558636,1.557792
0.946820,1.003476,1.559152,1.558636
1.073203,0.953353,1.561063,1.559152
1.166750,0.779130,1.565128,1.561063
0.902501,0.748782,1.567182,1.565128
0.839851,0.820264,1.568206,1.567182
0.847740,0.643349,1.569147,1.568206
0.603285,0.610734,1.570454,1.569147
0.549256,0.637589,1.572530,1.570454
0.630382,0.511050,1.575611,1.572530
0.475450,0.464378,1.578363,1.575611
0.438236,0.533821,1.581186,1.578363
0.501573,0.362341,1.584401,1.581186
0.371840,0.366929,1.587310,1.584401
0.351730,0.418932,1.590609,1.587310
0.387822,0.315915,1.593811,1.590609
0.237043,0.296531,1.597175,1.593811
0.293664,0.353796,1.596963,1.597175
0.455448,0.308406,1.587536,1.596963
0.385601,0.246200,1.570003,1.587536
0.406477,0.281622,1.533509,1.570003
0.415808,0.259597,1.468479,1.533509
0.275528,0.264999,1.400052,1.468479
0.363086,0.342336,1.319523,1.400052
0.314188,0.334375,1.218837,1.319523
0.146873,0.334176,1.134194,1.218837
0.188976,0.506414,1.042432,1.134194
0.259079,0.445114,0.913321,1.042432
0.305024,0.556466,0.791913,0.913321
0.422711,0.724554,0.652373,0.791913
0.850671,0.684851,0.488763,0.652373
0.780846,0.768971,0.368091,0.488763
0.977672,0.953522,0.264407,0.368091
1.156503,0.791430,0.176400,0.264407
0.939591,0.820125,0.124576,0.176400
0.920292,0.946466,0.085375,0.124576
0.952209,0.784861,0.061923,0.085375
0.714853,0.806082,0.062463,0.061923
0.689456,0.915835,0.071006,0.062463
0.878512,0.776925,0.078802,0.071006
0.709611,0.836963,0.080409,0.078802
0.735806,0.945397,0.078537,0.080409
0.937416,0.782541,0.076146,0.078537
0.767641,0.834370,0.075384,0.076146
0.786978,0.933561,0.074494,0.075384
1.000577,0.808088,0.072111,0.074494
0.804975,0.828606,0.068993,0.072111
0.960461,0.988644,0.066569,0.068993
1.006609,0.809580,0.065206,0.066569
0.794295,0.840976,0.064910,0.065206
0.834310,0.977324,0.064885,0.064910
0.965338,0.834909,0.065485,0.064885
0.764419,0.829830,0.066185,0.065485
0.772871,0.989283,0.067123,0.066185
0.973164,0.821355,0.068045,0.067123
0.791957,0.801449,0.068112,0.068045
0.794542,0.969318,0.067374,0.068112
0.996493,0.823441,0.066434,0.067374
0.803015,0.860582,0.065597,0.066434
0.799479,0.967759,0.064286,0.065597
0.999975,0.836228,0.062426,0.064286
0.800577,0.849493,0.061353,0.062426
0.946792,0.992320,0.060930,0.061353
0.985676,0.996381,0.061042,0.060930
0.978143,0.988504,0.061328,0.061042
0.826993,0.819437,0.061756,0.061328
0.927504,0.864164,0.062249,0.061756
0.835215,0.974908,0.062644,0.062249
0.930405,0.819015,0.062617,0.062644
0.829780,0.850135,0.062287,0.062617
0.782649,0.994115,0.040376,0.062287
0.694720,0.808189,0.031937,0.040376
0.717503,0.905718,0.091506,0.031937
0.830210,1.014441,0.122545,0.091506
0.964894,0.776744,0.134382,0.122545
0.690353,0.903676,0.134024,0.134382
0.766887,0.770941,0.127582,0.134024
0.701404,0.603406,0.119106,0.127582
0.515553,0.655205,0.112043,0.119106
0.586747,0.483265,0.104898,0.112043
0.434652,0.497887,0.099780,0.104898
0.400975,0.486732,0.095725,0.099780
0.457906,0.344814,0.092766,0.095725
0.335824,0.369074,0.089530,0.092766
0.351050,0.380987,0.066632,0.089530
0.228343,0.287830,0.083969,0.066632
0.259030,0.255322,0.138986,0.083969
0.379169,0.306392,0.207879,0.138986
0.438250,0.237889,0.281001,0.207879
0.308743,0.214856,0.290724,0.281001
0.318993,0.290542,0.253002,0.290724
0.524988,0.256828,0.204313,0.253002
0.490836,0.299925,0.249094,0.204313
0.480983,0.386361,0.346731,0.249094
0.420932,0.444083,0.481839,0.346731
0.466214,0.520760,0.627263,0.481839
0.553069,0.544730,0.767068,0.627263
0.511714,0.640340,0.885188,0.767068
0.651930,0.835266,1.006260,0.885188
0.973590,0.764348,1.139469,1.006260
0.890191,0.841658,1.233284,1.139469
1.069689,1.002106,1.311780,1.233284
0.942102,0.835404,1.387156,1.311780
0.967932,0.865684,1.439493,1.387156
0.813773,0.999337,1.484537,1.439493
0.892334,0.832614,1.526931,1.484537
0.749098,0.840798,1.554755,1.526931
0.691543,0.985635,1.575990,1.554755
0.886601,0.816006,1.590318,1.575990
0.721148,0.855293,1.592924,1.590318
0.743917,1.005461,1.586673,1.592924
0.938652,0.818080,1.572913,1.586673
0.758282,0.870954,1.561234,1.572913
0.760169,1.018272,1.552631,1.561234
0.949875,0.844059,1.548468,1.552631
0.771905,0.845067,1.549470,1.548468
0.920339,1.067436,1.553174,1.549470
0.827590,0.876929,1.558614,1.553174
0.920177,0.878598,1.562497,1.558614
0.817732,1.010393,1.565083,1.562497
0.902209,0.864369,1.566401,1.565083
0.805929,0.866660,1.566630,1.566401
0.756943,1.013478,1.566576,1.566630
0.949269,0.856324,1.566814,1.566576
0.758206,0.859378,1.567358,1.566814
0.756734,1.020199,1.568321,1.567358
0.946535,0.831160,1.569913,1.568321
0.753971,0.871814,1.571462,1.569913
0.752976,1.006192,1.573119,1.571462
0.936202,0.826215,1.575044,1.573119
0.746153,0.839758,1.576626,1.575044
0.879555,0.980594,1.578282,1.576626
0.777849,0.814548,1.580390,1.578282
0.882370,0.852861,1.582300,1.580390
0.785466,1.003603,1.584498,1.582300
0.871475,0.824172,1.587494,1.584498
0.782056,0.833130,1.590297,1.587494
0.735555,0.952902,1.593520,1.590297
0.931234,0.838676,1.597253,1.593520
0.815098,0.798262,1.602046,1.597253
0.893289,0.945421,1.609473,1.602046
1.076740,0.716229,1.617248,1.609473
0.793729,0.704189,1.622813,1.617248
0.667358,0.743103,1.628656,1.622813
0.719933,0.597811,1.636717,1.628656
0.522667,0.545066,1.644750,1.636717
0.546020,0.593003,1.654184,1.644750
0.448880,0.445612,1.666777,1.654184
0.437204,0.413122,1.678376,1.666777
0.350455,0.450267,1.691225,1.678376
0.354849,0.366696,1.707878,1.691225
0.286360,0.328409,1.723758,1.707878
0.252120,0.328719,1.740903,1.723758
0.246133,0.277335,1.763959,1.740903
0.287534,0.231070,1.778455,1.763959
0.356946,0.244555,1.783177,1.778455
0.434102,0.195797,1.770465,1.783177
0.271532,0.201700,1.738666,1.770465
0.243927,0.257278,1.693845,1.738666
0.399916,0.224129,1.625257,1.693845
0.456329,0.299249,1.556327,1.625257
0.480236,0.354576,1.478001,1.556327
0.324312,0.323956,1.386110,1.478001
0.232666,0.379129,1.306999,1.386110
0.300461,0.600244,1.210430,1.306999
0.482647,0.602872,1.074426,1.210430
0.548731,0.727610,0.933451,1.074426
0.744336,0.907566,0.776171,0.933451
1.136125,0.800934,0.596277,0.776171
1.053184,0.844769,0.465030,0.596277
1.124323,1.036886,0.358630,0.465030
1.199130,0.821112,0.260427,0.358630
0.868344,0.886156,0.194642,0.260427
0.803824,0.993273,0.141416,0.194642
0.914499,0.804228,0.098431,0.141416
0.677755,0.838749,0.079947,0.098431
0.794692,0.975397,0.076165,0.079947
0.867526,0.832215,0.081507,0.076165
0.728294,0.846838,0.085404,0.081507
0.795146,1.026555,0.084558,0.085404
0.945284,0.856851,0.077384,0.084558
0.764278,0.909020,0.069618,0.077384
0.773867,1.061992,0.063587,0.069618
0.971598,0.848447,0.058740,0.063587
0.772458,0.918811,0.055113,0.058740
0.772282,1.058945,0.050976,0.055113
0.956416,0.851161,0.046056,0.050976
0.764244,0.878105,0.042907,0.046056
0.757144,1.049485,0.040669,0.042907
0.938462,0.882118,0.039417,0.040669
0.747764,0.861744,0.039211,0.039417
0.884403,1.029166,0.039375,0.039211
0.925477,1.073371,0.039542,0.039375
0.921440,1.011154,0.039487,0.039542
0.783084,0.843876,0.039156,0.039487
0.869108,0.846568,0.039090,0.039156
0.779266,0.977062,0.039599,0.039090
0.863336,0.804951,0.040690,0.039599
0.764182,1.021640,0.041743,0.040690
0.899709,0.979457,0.043331,0.041743
0.853314,0.866744,0.045149,0.043331
0.761064,1.001482,0.045997,0.045149
0.896576,0.816378,0.046303,0.045997
0.716241,0.818132,0.046205,0.046303
0.717546,0.986509,0.046261,0.046205
0.899999,0.799009,0.040845,0.046261
0.747020,0.815722,0.011719,0.040845
0.824833,0.975944,0.067869,0.011719
1.090971,0.768047,0.121786,0.067869
0.794282,0.889725,0.139042,0.121786
0.851058,0.777516,0.142878,0.139042
0.712028,0.635781,0.138385,0.142878
0.499656,0.618158,0.132361,0.138385
0.536823,0.485062,0.125701,0.132361
0.398199,0.446163,0.121296,0.125701
0.422986,0.484071,0.118921,0.121296
0.349846,0.395875,0.119749,0.118921
0.353407,0.367880,0.123629,0.119749
0.285749,0.353716,0.130577,0.123629
0.297781,0.257107,0.136908,0.130577
0.237939,0.262876,0.151952,0.136908
0.256386,0.285300,0.184405,0.151952
0.396520,0.170980,0.242890,0.184405
0.320741,0.184450,0.291777,0.242890
0.286604,0.214700,0.293143,0.291777
0.318064,0.193541,0.233702,0.293143
0.367959,0.258153,0.156234,0.233702
0.479033,0.307627,0.144411,0.156234
0.484347,0.279431,0.241506,0.144411
0.245825,0.332960,0.356371,0.241506
0.123344,0.444300,0.481255,0.356371
0.041642,0.447031,0.624347,0.481255
0.123298,0.549074,0.741760,0.624347
0.252201,0.770555,0.861075,0.741760
0.619160,0.717256,1.001181,0.861075
0.832644,0.778631,1.112584,1.001181
0.918784,1.000542,1.211164,1.112584
1.208331,0.860568,1.305420,1.211164
0.957408,0.874858,1.370395,1.305420
0.825091,1.033832,1.425946,1.370395
0.954216,0.836598,1.480037,1.425946
0.744501,0.842386,1.517858,1.480037
0.740503,0.964387,1.549758,1.517858
0.904091,0.808566,1.577778,1.549758
0.719072,0.845395,1.592685,1.577778
0.847753,0.981800,1.598701,1.592685
0.750881,0.843088,1.593893,1.598701
0.852621,0.858294,1.583193,1.593893
0.789680,1.000128,1.570817,1.583193
0.900295,0.855500,1.559505,1.570817
0.837429,0.874484,1.554537,1.559505
0.790805,1.019929,1.553615,1.554537
0.980614,0.841458,1.556142,1.553615
0.789907,0.913317,1.559594,1.556142
0.788700,1.020543,1.562962,1.559594
0.984592,0.848403,1.565651,1.562962
0.784080,0.881414,1.566670,1.565651
0.773093,0.982079,1.566924,1.566670
0.956912,0.851803,1.566874,1.566924
0.753667,0.865202,1.566988,1.566874
0.886284,0.995823,1.567497,1.566988
0.789551,0.832364,1.568753,1.567497
0.873535,0.881955,1.570203,1.568753
0.776951,0.989150,1.571860,1.570203
0.841639,0.806701,1.573852,1.571860
0.769876,1.028509,1.575351,1.573852
0.925318,0.988986,1.576895,1.575351
0.880742,0.832178,1.578166,1.576895
0.797262,0.990140,1.579356,1.578166
0.945095,0.822949,1.581032,1.579356
0.759405,0.821985,1.582776,1.581032
0.749520,0.975320,1.584967,1.582776
0.925484,0.815853,1.588211,1.584967
0.733863,0.842268,1.591181,1.588211
0.787436,0.985144,1.595193,1.591181
1.094399,0.783001,1.603322,1.595193
0.866745,0.767754,1.609941,1.603322
0.775309,0.859017,1.615578,1.609941
0.836404,0.662789,1.621707,1.615578
0.601419,0.639654,1.627239,1.621707
0.635838,0.658412,1.633963,1.627239
0.580614,0.503062,1.643439,1.633963
0.424690,0.460166,1.652831,1.643439
0.407474,0.497808,1.663939,1.652831
0.445052,0.365603,1.678701,1.663939
0.327495,0.362728,1.692484,1.678701
0.310134,0.390524,1.707957,1.692484
0.330862,0.272004,1.727246,1.707957
0.216527,0.295879,1.746561,1.727246
0.222594,0.321870,1.774898,1.746561
0.336147,0.195437,1.825753,1.774898
0.239363,0.207792,1.885043,1.825753
0.226980,0.271247,1.956938,1.885043
0.329591,0.280038,2.047472,1.956938
0.381861,0.268413,2.125022,2.047472
0.560806,0.346211,2.215521,2.125022
0.744956,0.262269,2.339291,2.215521
0.521238,0.313145,2.455599,2.339291
0.331399,0.366687,2.583328,2.455599
0.248203,0.432616,2.731486,2.583328
0.418739,0.479088,2.869646,2.731486
0.579130,0.600598,2.979260,2.869646
0.666348,0.660839,3.056707,2.979260
0.863346,0.613226,3.100713,3.056707
0.789577,0.691875,3.121737,3.100713
0.931515,0.818409,3.135712,3.121737
1.187008,0.696600,3.137176,3.135712
0.965368,0.743960,3.130418,3.137176
0.887938,0.850716,3.129945,3.130418
0.983459,0.699135,3.137362,3.129945
0.729288,0.714661,3.138177,3.137362
0.708051,0.843090,3.130509,3.138177
0.881789,0.722306,3.125548,3.130509
0.726812,0.710668,3.125092,3.125548
0.729778,0.855359,3.127229,3.125092
0.946149,0.681480,3.131341,3.127229
0.767389,0.700498,3.134652,3.131341
0.925189,0.863070,3.137083,3.134652
0.975177,0.713392,3.138475,3.137083
0.779341,0.751347,3.138767,3.138475
0.829071,0.897365,3.138464,3.138767
1.004314,0.892897,3.138027,3.138464
1.000971,0.899231,3.137758,3.138027
0.950851,0.752774,3.137797,3.137758
0.856886,0.906770,3.137983,3.137797
1.012464,0.918553,3.138575,3.137983
0.965066,0.733728,3.139318,3.138575
0.860650,0.863258,3.139922,3.139318
1.017828,0.759302,3.140792,3.139922
0.808721,0.729926,3.141728,3.140792
0.808439,0.908176,3.142033,3.141728
1.014773,0.743126,3.140927,3.142033
0.824469,0.939101,3.140169,3.140927
1.039974,0.896912,3.139140,3.140169
1.034709,0.782243,3.138197,3.139140
0.810140,0.873039,3.137475,3.138197
1.005477,0.731111,3.136650,3.137475
0.814004,0.799359,3.135901,3.136650
0.838396,0.893535,3.135064,3.135901
1.059316,0.745971,3.134065,3.135064
0.841989,0.773952,3.133349,3.134065
0.990943,0.915389,3.132528,3.133349
0.884647,0.750485,3.131201,3.132528
0.983960,0.798688,3.129825,3.131201
0.877791,0.894658,3.128199,3.129825
0.981801,0.737442,3.125280,3.128199
0.932689,0.776094,3.122355,3.125280
0.945468,0.854067,3.119961,3.122355
1.180629,0.693776,3.117424,3.119961
0.853781,0.688157,3.114875,3.117424
0.767134,0.723716,3.111587,3.114875
0.860660,0.609815,3.106263,3.111587
0.629219,0.559977,3.100405,3.106263
0.572470,0.590122,3.093351,3.100405
0.681662,0.479982,3.083981,3.093351
0.523736,0.487039,3.075670,3.083981
0.584117,0.524984,3.066995,3.075670
0.487570,0.362977,3.056988,3.066995
0.510078,0.387601,3.048468,3.056988
0.433178,0.427271,3.039516,3.048468
0.424553,0.335926,3.028627,3.039516
0.363050,0.310200,3.019033,3.028627
0.324848,0.327955,3.008939,3.019033
0.382048,0.273933,2.996813,3.008939
0.286584,0.244701,2.986380,2.996813
0.260192,0.279879,2.975699,2.986380
0.306981,0.192527,2.967788,2.975699
0.238769,0.216178,2.967729,2.967788
0.229743,0.235840,2.971757,2.967729
0.270281,0.195216,2.978446,2.971757
0.213369,0.161011,2.983660,2.978446
0.205589,0.163310,2.987218,2.983660
0.148649,0.136993,2.988671,2.987218
0.134445,0.112078,2.988004,2.988671
0.120365,0.135018,2.986355,2.988004
0.136455,0.123916,2.984329,2.986355
0.108708,0.113353,2.983014,2.984329
0.096737,0.067308,2.982177,2.983014
0.109707,0.087381,2.981922,2.982177
0.073491,0.066363,2.982141,2.981922
0.058997,0.072607,2.982584,2.982141
0.052534,0.046664,2.983161,2.982584
0.033113,0.042419,2.983513,2.983161
0.035979,0.010945,2.983613,2.983513
0.039620,0.050809,2.983539,2.983613
0.025349,0.021466,2.983384,2.983539
0.026451,0.022305,2.983177,2.983384
0.019423,0.048100,2.983062,2.983177
0.026508,0.029036,2.982968,2.983062
0.032564,0.026361,2.982941,2.982968
0.039532,0.024493,2.982888,2.982941
0.031374,0.027261,2.982809,2.982888
0.034368,0.033413,2.982810,2.982809
0.042447,0.025139,2.982855,2.982810
0.030797,0.022769,2.982788,2.982855
0.021404,0.044236,2.982814,2.982788
0.000000,0.009955,2.982829,2.982814
0.000000,0.023548,2.982820,2.982829
0.000000,0.046692,2.982862,2.982820
0.000000,0.013976,2.982505,2.982862
0.000000,0.055469,2.982567,2.982505
0.000000,0.000000,0.000000,0.000000
0.000000,0.030648,2.046269,0.000000
0.017110,0.038410,2.040329,2.046269
0.033265,0.053138,2.026113,2.040329
0.039027,0.065284,2.018722,2.026113
0.024726,0.034307,2.020766,2.018722
0.000000,0.037017,2.034407,2.020766
0.000000,0.002256,2.044354,2.034407
0.000000,0.032276,2.046144,2.044354
0.000000,0.029268,2.045074,2.046144
0.000000,0.030849,2.045695,2.045074
0.000000,0.028963,2.047246,2.045695
0.000000,0.033862,2.048652,2.047246
0.000000,0.008119,2.049965,2.048652
0.000000,0.074173,2.050821,2.049965
0.000000,0.012082,2.051163,2.050821
0.000000,0.011253,2.048105,2.051163
0.022349,0.014173,2.039920,2.048105
0.023896,0.045074,2.036703,2.039920
0.029323,0.011541,2.037143,2.036703
0.040478,0.022260,2.039185,2.037143
0.050378,0.042072,2.039446,2.039185
0.037069,0.029281,2.040359,2.039446
0.041647,0.044432,2.041703,2.040359
0.058009,0.062947,2.042941,2.041703
0.048303,0.010875,2.044116,2.042941
0.048618,0.040353,2.045765,2.044116
0.067254,0.045933,2.047254,2.045765
0.057948,0.025331,2.048063,2.047254
0.074521,0.030654,2.048833,2.048063
0.073953,0.039306,2.049950,2.048833
0.055226,0.043592,2.050438,2.049950
0.047688,0.031889,2.050395,2.050438
0.047654,0.043506,2.050582,2.050395
0.034768,0.024147,2.050560,2.050582
0.049617,0.031294,2.048468,2.050560
0.047308,0.019134,2.045456,2.048468
0.022526,0.029207,2.042920,2.045456
0.055295,0.050522,2.041932,2.042920
0.124622,0.021146,2.031430,2.041932
0.206869,0.037887,2.008290,2.031430
0.171330,0.084487,1.970096,2.008290
0.107771,0.206351,1.901540,1.970096
0.099474,0.257547,1.779578,1.901540
0.225131,0.337623,1.662958,1.779578
0.538011,0.498150,1.557134,1.662958
0.547030,0.485674,1.464045,1.557134
0.678686,0.589098,1.400273,1.464045
0.578978,0.765416,1.326003,1.400273
0.687496,0.694617,1.201509,1.326003
0.790622,0.932279,1.067023,1.201509
0.773734,0.990257,0.877447,1.067023
0.680944,0.845027,0.695090,0.877447
0.943230,0.943627,0.554389,0.695090
1.168815,0.802733,0.413147,0.554389
0.874487,0.805061,0.317390,0.413147
0.822041,0.955076,0.240273,0.317390
0.954884,0.772487,0.172777,0.240273
0.719348,0.769870,0.133109,0.172777
0.676663,0.910119,0.108106,0.133109
0.829540,0.767781,0.095540,0.108106
0.667554,0.779210,0.091574,0.095540
0.676752,0.942802,0.089131,0.091574
0.850498,0.995470,0.085859,0.089131
0.863315,0.970371,0.079468,0.085859
0.922808,0.805323,0.070000,0.079468
0.780023,0.839820,0.063517,0.070000
0.953192,1.009419,0.059624,0.063517
0.852716,0.798355,0.057491,0.059624
0.947860,0.853835,0.057337,0.057491
0.838590,0.981292,0.057547,0.057337
0.950412,0.804851,0.058434,0.057547
0.854407,0.835093,0.059638,0.058434
0.802690,0.986303,0.060606,0.059638
1.014063,0.806967,0.061437,0.060606
0.809558,0.829087,0.061936,0.061437
0.815347,0.994177,0.061939,0.061936
0.998820,0.816145,0.061245,0.061939
0.798610,0.849190,0.060269,0.061245
0.795974,0.968744,0.059304,0.060269
1.001085,0.844160,0.058013,0.059304
0.800784,0.852674,0.056734,0.058013
0.946079,0.992431,0.055903,0.056734
0.856265,0.797692,0.056087,0.055903
0.955964,0.841459,0.056681,0.056087
0.846425,0.974748,0.057250,0.056681
0.940031,0.812673,0.057428,0.057250
0.837322,1.019957,0.057674,0.057428
0.974792,0.996390,0.058055,0.057674
0.938732,0.820637,0.052732,0.058055
0.879059,0.999617,0.013054,0.052732
1.130843,0.808789,0.066421,0.013054
0.927328,0.786684,0.108418,0.066421
0.866749,0.861247,0.125917,0.108418
0.959706,0.677289,0.129501,0.125917
0.681647,0.638609,0.125282,0.129501
0.613270,0.695337,0.117376,0.125282
0.680574,0.511973,0.106494,0.117376
0.504282,0.495025,0.098017,0.106494
0.464974,0.575869,0.090743,0.098017
0.534124,0.413942,0.084556,0.090743
0.394938,0.403403,0.081290,0.084556
0.441332,0.395147,0.079422,0.081290
0.431706,0.336929,0.073776,0.079422
0.308524,0.296514,0.048450,0.073776
0.225127,0.361171,0.048347,0.048450
0.340186,0.272847,0.094866,0.048347
0.381066,0.277629,0.172973,0.094866
0.427775,0.307147,0.254391,0.172973
0.475612,0.229155,0.308777,0.254391
0.295805,0.253207,0.296941,0.308777
0.227551,0.325895,0.257142,0.296941
0.441523,0.268238,0.281010,0.257142
0.314900,0.311319,0.360851,0.281010
0.276781,0.433567,0.470138,0.360851
0.259014,0.418520,0.613845,0.470138
0.173965,0.475199,0.733207,0.613845
0.207737,0.672802,0.858563,0.733207
0.372726,0.788247,1.002008,0.858563
0.563506,0.886609,1.137640,1.002008
0.656524,0.783786,1.249398,1.137640
0.849515,0.823996,1.324331,1.249398
0.830864,0.948016,1.387484,1.324331
0.915168,0.815980,1.447694,1.387484
0.785003,0.810580,1.489011,1.447694
0.687074,0.953248,1.524571,1.489011
0.823029,0.753481,1.557598,1.524571
0.659875,0.811896,1.577472,1.557598
0.679205,0.930514,1.589522,1.577472
0.888670,0.808971,1.591400,1.589522
0.741759,0.835930,1.583343,1.591400
0.766882,0.945337,1.570599,1.583343
0.975333,0.799635,1.556567,1.570599
0.789538,0.838003,1.548779,1.556567
0.947094,0.967494,1.545376,1.548779
0.859948,0.807851,1.546263,1.545376
0.965637,0.851902,1.549312,1.546263
0.849127,0.975529,1.553012,1.549312
0.941261,0.806774,1.556702,1.553012
0.837629,0.836011,1.558555,1.556702
0.784762,0.976491,1.559161,1.558555
1.001165,0.804868,1.558578,1.559161
0.805500,0.816956,1.557500,1.558578
0.814738,0.980610,1.556458,1.557500
1.019658,0.833231,1.555658,1.556458
0.814749,0.853239,1.555409,1.555658
0.809399,0.971685,1.555618,1.555409
0.995655,0.829124,1.556203,1.555618
0.794335,0.817003,1.556893,1.556203
0.937516,0.985290,1.557650,1.556893
0.840664,0.802708,1.558501,1.557650
0.947269,0.837496,1.559148,1.558501
0.849932,1.000021,1.559686,1.559148
0.923907,0.819190,1.560105,1.559686
0.834423,0.862451,1.560356,1.560105
0.789811,0.994530,1.560830,1.560356
0.992216,0.813487,1.561824,1.560830
0.790442,0.841020,1.562929,1.561824
0.805850,0.991047,1.564125,1.562929
1.034874,0.783473,1.564826,1.564125
0.898704,0.836630,1.567026,1.564826
0.952984,0.946920,1.570222,1.567026
1.122257,0.720103,1.571828,1.570222
0.793904,0.685809,1.571582,1.571828
0.822527,0.760725,1.570614,1.571582
0.654330,0.580720,1.569327,1.570614
0.669493,0.554739,1.568387,1.569327
0.543042,0.617077,1.567725,1.568387
0.560020,0.481545,1.567325,1.567725
0.463281,0.445137,1.567266,1.567325
0.408673,0.444011,1.567371,1.567266
0.474490,0.345785,1.567966,1.567371
0.358351,0.361301,1.568993,1.567966
0.309091,0.351865,1.570353,1.568993
0.262169,0.315864,1.573781,1.570353
0.276033,0.260647,1.572565,1.573781
0.360560,0.339529,1.563990,1.572565
0.488423,0.230601,1.540856,1.563990
0.346785,0.230577,1.499187,1.540856
0.344075,0.278643,1.441007,1.499187
0.233244,0.290056,1.356412,1.441007
0.331319,0.282432,1.276897,1.356412
0.218453,0.378722,1.192117,1.276897
0.158694,0.397185,1.092239,1.192117
0.144146,0.421123,0.996621,1.092239
0.278933,0.591998,0.880872,0.996621
0.645051,0.590713,0.729775,0.880872
0.687896,0.675295,0.589740,0.729775
0.772190,0.878110,0.452807,0.589740
1.045979,0.759190,0.315564,0.452807
0.905875,0.823797,0.223808,0.315564
0.952882,0.948199,0.157069,0.223808
1.071454,0.779796,0.101277,0.157069
0.773478,0.785417,0.072067,0.101277
0.850239,0.933224,0.063395,0.072067
0.730069,0.767759,0.071301,0.063395
0.802120,0.797317,0.078739,0.071301
0.727959,0.924158,0.082288,0.078739
0.834915,0.763552,0.080983,0.082288
0.798852,0.796813,0.077829,0.080983
0.773861,0.941428,0.076017,0.077829
0.980095,0.800029,0.076038,0.076017
0.793962,0.797579,0.076747,0.076038
0.790739,0.981433,0.076845,0.076747
0.986865,0.811031,0.075690,0.076845
0.793155,0.828896,0.074287,0.075690
0.806727,0.943193,0.072842,0.074287
0.995652,0.814865,0.071313,0.072842
0.778918,0.853810,0.070237,0.071313
0.925948,0.995790,0.069344,0.070237
0.827304,0.795070,0.068355,0.069344
0.925802,0.832780,0.067504,0.068355
0.794040,0.976093,0.066601,0.067504
0.336964,0.815943,0.065220,0.066601
0.310901,1.035160,0.064112,0.065220
0.790932,0.998489,0.063037,0.064112
0.873836,0.858927,0.062378,0.063037
0.831553,1.015502,0.061528,0.062378
0.989355,0.838324,0.060501,0.061528
0.795928,0.822907,0.059928,0.060501
0.797641,0.977632,0.059412,0.059928
0.982072,0.849168,0.059195,0.059412
0.780202,0.831278,0.059744,0.059195
0.787625,0.978613,0.060670,0.059744
0.984172,0.821810,0.061605,0.060670
0.786355,0.859473,0.062217,0.061605
0.786643,0.999783,0.062421,0.062217
0.987471,0.831908,0.058139,0.062421
0.815146,0.805394,0.023816,0.058139
1.055400,1.006261,0.050742,0.023816
1.175885,0.865705,0.108366,0.050742
0.902333,0.836198,0.128138,0.108366
0.860436,0.928564,0.134002,0.128138
0.860288,0.703058,0.131699,0.134002
0.619104,0.664624,0.125899,0.131699
0.567711,0.716307,0.118576,0.125899
0.619543,0.553045,0.110025,0.118576
0.454605,0.513593,0.103808,0.110025
0.422345,0.534256,0.099148,0.103808
0.484569,0.417112,0.096451,0.099148
0.359062,0.409183,0.096918,0.096451
0.329757,0.402511,0.097682,0.096918
0.351278,0.327284,0.088691,0.097682
0.220752,0.288908,0.115579,0.088691
0.348959,0.290814,0.168060,0.115579
0.411949,0.241041,0.245596,0.168060
0.314133,0.217591,0.288379,0.245596
0.280798,0.245605,0.277921,0.288379
0.404449,0.297746,0.210865,0.277921
0.587261,0.343321,0.168528,0.210865
0.583734,0.271415,0.247924,0.168528
0.396291,0.327624,0.354591,0.247924
0.341148,0.448131,0.474340,0.354591
0.375632,0.452424,0.614778,0.474340
0.378423,0.530692,0.729781,0.614778
0.488224,0.755216,0.847968,0.729781
0.883666,0.722785,0.988063,0.847968
0.824062,0.787466,1.101110,0.988063
0.926772,0.997057,1.201831,1.101110
1.243015,0.846672,1.297594,1.201831
0.935664,0.866938,1.363525,1.297594
0.861960,0.986997,1.420114,1.363525
0.755060,0.820232,1.474577,1.420114
0.805591,0.830452,1.512205,1.474577
0.678028,0.969973,1.544128,1.512205
0.751374,0.821642,1.572723,1.544128
0.681427,0.809616,1.588196,1.572723
0.677751,0.986497,1.595085,1.588196
0.913594,0.856227,1.591151,1.595085
0.739571,0.867291,1.580826,1.591151
0.750318,1.014562,1.568290,1.580826
0.945696,0.849989,1.556495,1.568290
0.761936,0.858663,1.551070,1.556495
0.760948,1.013333,1.549776,1.551070
0.956366,0.849107,1.552195,1.549776
0.776371,1.069422,1.555769,1.552195
0.971366,1.040664,1.560130,1.555769
0.967456,0.886799,1.563124,1.560130
0.772311,1.013019,1.564448,1.563124
0.956145,0.862050,1.565035,1.564448
0.768140,0.890105,1.565188,1.565035
0.906063,1.011036,1.565467,1.565188
0.954224,0.819568,1.566355,1.565467
0.757747,0.865467,1.567523,1.566355
0.805296,0.994278,1.569091,1.567523
0.939837,0.845283,1.571102,1.569091
0.745475,0.857012,1.572778,1.571102
0.742826,0.982503,1.574373,1.572778
0.926322,0.806464,1.576017,1.574373
0.741368,0.853561,1.577388,1.576017
0.675379,1.006477,1.578999,1.577388
0.390848,0.821308,1.581180,1.578999
0.265792,0.842207,1.583287,1.581180
0.189902,1.003288,1.585720,1.583287
0.692179,0.804249,1.588821,1.585720
0.663032,0.861067,1.591575,1.588821
0.865038,0.982117,1.594509,1.591575
1.091086,0.804358,1.601686,1.594509
0.886182,0.814278,1.609722,1.601686
0.900459,0.891158,1.616921,1.609722
0.931272,0.685878,1.624034,1.616921
0.641746,0.630211,1.630011,1.624034
0.571621,0.699149,1.636884,1.630011
0.615937,0.501820,1.646114,1.636884
0.427099,0.457010,1.655488,1.646114
0.382041,0.491206,1.667015,1.655488
0.398638,0.385524,1.682819,1.667015
0.283565,0.363647,1.698025,1.682819
0.255061,0.397599,1.715400,1.698025
0.289849,0.320111,1.737528,1.715400
0.202410,0.273236,1.757288,1.737528
0.258595,0.259186,1.775035,1.757288
0.376836,0.227508,1.784553,1.775035
0.322031,0.168095,1.779486,1.784553
0.321596,0.185789,1.756040,1.779486
0.300107,0.188230,1.708173,1.756040
0.293580,0.209382,1.656166,1.708173
0.434928,0.357961,1.590183,1.656166
0.592036,0.301236,1.500714,1.590183
0.333180,0.331494,1.419999,1.500714
0.214835,0.432172,1.338145,1.419999
0.224080,0.418228,1.238736,1.338145
0.267158,0.545683,1.138416,1.238736
0.457137,0.729477,1.011701,1.138416
0.849183,0.687174,0.833599,1.011701
0.836110,0.813973,0.678290,0.833599
1.127302,1.011603,0.530208,0.678290
1.376692,0.870170,0.389174,0.530208
1.088006,0.874950,0.299002,0.389174
1.004387,0.977099,0.224276,0.299002
1.002937,0.844826,0.156020,0.224276
0.759007,0.833779,0.113688,0.156020
0.725698,0.964598,0.085340,0.113688
0.868094,0.841255,0.073315,0.085340
0.699581,0.875502,0.076236,0.073315
0.702568,0.958778,0.082022,0.076236
0.902103,0.841384,0.084650,0.082022
0.720443,0.841208,0.081260,0.084650
0.728548,1.053665,0.074706,0.081260
0.956901,0.840663,0.068229,0.074706
0.783327,0.926945,0.064487,0.068229
0.936371,1.010879,0.060666,0.064487
0.975931,0.885508,0.055087,0.060666
0.779744,1.069581,0.050134,0.055087
0.965272,1.051869,0.044714,0.050134
0.958796,0.867283,0.041024,0.044714
0.810671,1.039572,0.038838,0.041024
0.898395,0.849877,0.037526,0.038838
0.798815,0.867040,0.037188,0.037526
0.743594,1.033080,0.037439,0.037188
0.918197,0.833880,0.038496,0.037439
0.730164,0.863528,0.039812,0.038496
0.729347,0.998049,0.041321,0.039812
0.905153,0.832928,0.042617,0.041321
0.719136,0.853748,0.043771,0.042617
0.716704,0.981557,0.045263,0.043771
0.898175,0.828882,0.047031,0.045263
0.720698,0.838343,0.048420,0.047031
0.854056,0.962555,0.049467,0.048420
0.773327,0.833876,0.050127,0.049467
0.869446,0.848872,0.050520,0.050127
0.778451,0.983316,0.050931,0.050520
0.861006,1.012691,0.050932,0.050931
0.912284,0.956365,0.035706,0.050932
0.970528,0.804860,0.033319,0.035706
0.843910,0.824054,0.094885,0.033319
0.907068,0.919750,0.129355,0.094885
0.918962,0.698617,0.142505,0.129355
0.639916,0.657894,0.142499,0.142505
0.547435,0.696705,0.137665,0.142499
0.606602,0.540104,0.129448,0.137665
0.435149,0.526180,0.122959,0.129448
0.391936,0.528089,0.118410,0.122959
0.448875,0.411317,0.116399,0.118410
0.328435,0.413372,0.117314,0.116399
0.307764,0.353890,0.120938,0.117314
0.351112,0.321911,0.128928,0.120938
0.259204,0.287636,0.134222,0.128928
0.270130,0.245961,0.152437,0.134222
0.336813,0.220592,0.199272,0.152437
0.293071,0.174004,0.252744,0.199272
0.317809,0.231613,0.293352,0.252744
0.275798,0.180335,0.272627,0.293352
0.267858,0.235167,0.209481,0.272627
0.403082,0.316269,0.133690,0.209481
0.601711,0.247414,0.163714,0.133690
0.307269,0.304131,0.259296,0.163714
0.143694,0.427065,0.380676,0.259296
0.122451,0.351692,0.533089,0.380676
0.060173,0.433681,0.651262,0.533089
0.093288,0.651223,0.771120,0.651262
0.280127,0.639526,0.912025,0.771120
0.422086,0.745739,1.029930,0.912025
0.887475,0.943524,1.143333,1.029930
1.197041,0.833400,1.253791,1.143333
1.056687,0.878177,1.328144,1.253791
1.062051,1.015136,1.390707,1.328144
1.049045,0.831378,1.449759,1.390707
0.777010,0.847258,1.490726,1.449759
0.732991,0.982754,1.526543,1.490726
0.864671,0.818220,1.560436,1.526543
0.685173,0.840631,1.581264,1.560436
0.688270,0.953732,1.594082,1.581264
0.883116,0.835042,1.596984,1.594082
0.729263,0.865948,1.590210,1.596984
0.747554,1.012684,1.578514,1.590210
0.945245,0.839744,1.564647,1.578514
0.761730,0.877010,1.556380,1.564647
0.916214,1.032329,1.552391,1.556380
0.980681,0.848231,1.552799,1.552391
0.789446,0.889626,1.555796,1.552799
0.833651,1.048937,1.559649,1.555796
0.985669,0.869261,1.563741,1.559649
0.788509,0.864164,1.566111,1.563741
0.786547,1.016401,1.567436,1.566111
0.967624,0.853320,1.567972,1.567436
0.769362,0.879579,1.568048,1.567972
0.753737,1.019451,1.568252,1.568048
0.942374,0.842139,1.568736,1.568252
0.753867,0.853342,1.569395,1.568736
0.758141,0.963830,1.570290,1.569395
0.944058,0.857674,1.571423,1.570290
0.750859,0.860718,1.572502,1.571423
0.884674,0.980264,1.573773,1.572502
0.922990,0.809945,1.575312,1.573773
0.741278,0.859254,1.576759,1.575312
0.783760,0.965633,1.578437,1.576759
0.917863,0.819161,1.580621,1.578437
0.710820,0.827448,1.582761,1.580621
0.304372,0.978092,1.585083,1.582761
0.198187,0.819136,1.588113,1.585083
0.484260,0.858243,1.590882,1.588113
0.663720,0.976439,1.594117,1.590882
1.037808,0.791218,1.601397,1.594117
0.863783,0.789159,1.608509,1.601397
0.802848,0.837332,1.614901,1.608509
0.866036,0.658291,1.621849,1.614901
0.615484,0.625098,1.627959,1.621849
0.662397,0.666009,1.634965,1.627959
0.588098,0.514483,1.644307,1.634965
0.410434,0.461960,1.653000,1.644307
0.387461,0.505001,1.662884,1.653000
0.413786,0.438570,1.675662,1.662884
0.386496,0.436953,1.690420,1.675662
0.351913,0.286065,1.707201,1.690420
0.289324,0.292338,1.722920,1.707201
0.212671,0.328324,1.742086,1.722920
0.305051,0.255542,1.774494,1.742086
0.262496,0.244008,1.815129,1.774494
0.282480,0.247397,1.871828,1.815129
0.328403,0.225411,1.952059,1.871828
0.244832,0.245272,2.024917,1.952059
0.342932,0.349786,2.100392,2.024917
0.531623,0.282966,2.202941,2.100392
0.515753,0.345929,2.304311,2.202941
0.618729,0.386517,2.444044,2.304311
0.608093,0.330541,2.593414,2.444044
0.507223,0.435473,2.721750,2.593414
0.664015,0.373002,2.860459,2.721750
0.590955,0.463766,2.955535,2.860459
0.724725,0.650718,3.028259,2.955535
0.817564,0.605247,3.082425,3.028259
0.774104,0.664032,3.109683,3.082425
0.907786,0.846656,3.127723,3.109683
1.135161,0.701019,3.142189,3.127723
0.951562,0.718154,3.132763,3.142189
0.888703,0.852789,3.128582,3.132763
1.002304,0.730413,3.132271,3.128582
0.751640,0.700301,3.140373,3.132271
0.732780,0.818593,3.135386,3.140373
0.906052,0.682845,3.128230,3.135386
0.737639,0.735721,3.125975,3.128230
0.744632,0.857075,3.126801,3.125975
0.946860,0.718584,3.130256,3.126801
0.767986,0.717260,3.133845,3.130256
0.927933,0.849615,3.137161,3.133845
0.989393,0.718593,3.139885,3.137161
0.789385,0.729456,3.140975,3.139885
0.839759,0.900973,3.141196,3.140975
0.996790,0.719210,3.140778,3.141196
0.797309,0.765519,3.140179,3.140778
0.796119,0.886151,3.139712,3.140179
1.002046,0.735666,3.139499,3.139712
0.804316,0.731600,3.139596,3.139499
0.802185,0.875049,3.139867,3.139596
1.007722,0.732892,3.140409,3.139867
0.813266,0.772060,3.141041,3.140409
0.812338,0.908396,3.141650,3.141041
1.024964,0.741479,3.142226,3.141650
0.824952,0.770872,3.142260,3.142226
0.996428,0.909455,3.141846,3.142260
1.034522,0.728412,3.141223,3.141846
0.820431,0.798034,3.140698,3.141223
0.867961,0.917499,3.140089,3.140698
0.946437,0.758299,3.139235,3.140089
0.812531,0.740099,3.138252,3.139235
0.828931,0.894714,3.137285,3.138252
1.051092,0.740625,3.136156,3.137285
0.842738,0.765183,3.135165,3.136156
0.837545,0.898067,3.134053,3.135165
1.055183,0.766818,3.132700,3.134053
0.849078,0.804270,3.131634,3.132700
0.849341,0.903084,3.130428,3.131634
1.052394,0.939128,3.129125,3.130428
1.048978,0.890961,3.126900,3.129125
1.131268,0.775854,3.124154,3.126900
0.928335,0.737153,3.122027,3.124154
1.070099,0.823661,3.119462,3.122027
0.869028,0.661824,3.115592,3.119462
0.899618,0.764169,3.111412,3.115592
0.855975,0.667708,3.104726,3.111412
0.654856,0.563032,3.096569,3.104726
0.682911,0.606042,3.088470,3.096569
0.673502,0.483794,3.078045,3.088470
0.505812,0.441102,3.068875,3.078045
0.495175,0.473391,3.059379,3.068875
0.551917,0.360688,3.048369,3.059379
0.421671,0.379971,3.039240,3.048369
0.399266,0.389576,3.030108,3.039240
0.467767,0.319239,3.019889,3.030108
0.344210,0.321406,3.011779,3.019889
0.326293,0.344880,3.003699,3.011779
0.372138,0.252195,2.994073,3.003699
0.268752,0.288742,2.985580,2.994073
0.312053,0.240344,2.978048,2.985580
0.302325,0.184449,2.977565,2.978048
0.223311,0.212330,2.980797,2.977565
0.266214,0.189694,2.986178,2.980797
0.196665,0.142386,2.990355,2.986178
0.207893,0.175460,2.993220,2.990355
0.169937,0.117593,2.994396,2.993220
0.158390,0.128868,2.993843,2.994396
0.111539,0.119683,2.992450,2.993843
0.118450,0.100785,2.990628,2.992450
0.084823,0.120769,2.989517,2.990628
0.068053,0.076227,2.988875,2.989517
0.085809,0.089957,2.988738,2.988875
0.056098,0.077803,2.988981,2.988738
0.054944,0.083130,2.989367,2.988981
0.063437,0.078771,2.989815,2.989367
0.036786,0.044122,2.990021,2.989815
0.036103,0.078106,2.990083,2.990021
0.041256,0.057692,2.990017,2.990083
0.035556,0.060355,2.989849,2.990017
0.050672,0.023823,2.989692,2.989849
0.035725,0.044668,2.989501,2.989692
0.034560,0.035242,2.989365,2.989501
0.032612,0.038080,2.989297,2.989365
0.032742,0.017176,2.989205,2.989297
0.037314,0.033067,2.989125,2.989205
0.037607,0.031729,2.989188,2.989125
0.025828,0.029190,2.989282,2.989188
0.024082,0.039658,2.989336,2.989282
0.000000,0.014951,2.989220,2.989336
0.000000,0.000000,0.000000,0.000000
0.000000,0.023337,2.049155,0.000000
0.000000,0.021704,2.049673,2.049155
0.020447,0.055245,2.044485,2.049673
0.026654,0.037990,2.041650,2.044485
0.031056,0.035529,2.051255,2.041650
0.016692,0.022341,2.060168,2.051255
0.000000,0.021516,2.074377,2.060168
0.000000,0.041830,2.072683,2.074377
0.000000,0.014561,2.071622,2.072683
0.000000,0.018874,2.072057,2.071622
0.016986,0.048429,2.072642,2.072057
0.021783,0.017232,2.072527,2.072642
0.016548,0.045776,2.072014,2.072527
0.000000,0.020817,2.071094,2.072014
0.018872,0.014663,2.064205,2.071094
0.031325,0.042255,2.061967,2.064205
0.029957,0.027594,2.059394,2.061967
0.037794,0.035573,2.057540,2.059394
0.039078,0.034877,2.057740,2.057540
0.031773,0.016495,2.058711,2.057740
0.036567,0.059143,2.059620,2.058711
0.058942,0.033108,2.060421,2.059620
0.057077,0.020547,2.060721,2.060421
0.059423,0.044441,2.061058,2.060721
0.094148,0.028116,2.061702,2.061058
0.079206,0.036381,2.063054,2.061702
0.075995,0.048784,2.064884,2.063054
0.112421,0.042420,2.066435,2.064884
0.092525,0.051014,2.068158,2.066435
0.096956,0.045859,2.069429,2.068158
0.097536,0.031908,2.071335,2.069429
0.070430,0.030972,2.071788,2.071335
0.073430,0.050243,2.071343,2.071788
0.061643,0.036667,2.069834,2.071343
0.047809,0.012361,2.068415,2.069834
0.057919,0.010965,2.067378,2.068415
0.066535,0.030826,2.066875,2.067378
0.047608,0.038713,2.066975,2.066875
0.041750,0.051789,2.066220,2.066975
0.144571,0.026247,2.059838,2.066220
0.157520,0.042894,2.045107,2.059838
0.170010,0.104486,2.015752,2.045107
0.168038,0.109849,1.952951,2.015752
0.032667,0.198265,1.868641,1.952951
0.126410,0.323412,1.759483,1.868641
0.341182,0.464339,1.634396,1.759483
0.474413,0.550061,1.533899,1.634396
0.543227,0.670420,1.450473,1.533899
0.482479,0.748687,1.355770,1.450473
0.546019,0.719633,1.224899,1.355770
0.495578,0.761910,1.087473,1.224899
0.643740,0.939285,0.929526,1.087473
0.796377,0.825165,0.746115,0.929526
0.907755,0.866619,0.605717,0.746115
1.134959,0.941340,0.478561,0.605717
1.138046,0.793593,0.355979,0.478561
0.875182,0.828190,0.274453,0.355979
0.871861,0.931109,0.207288,0.274453
0.935140,0.769134,0.147905,0.207288
0.708167,0.793496,0.114610,0.147905
0.679404,0.932136,0.094393,0.114610
0.831359,0.801897,0.085851,0.094393
0.666852,0.782295,0.085143,0.085851
0.687474,0.935950,0.084966,0.085143
0.893153,0.819218,0.081605,0.084966
0.733806,0.854376,0.075242,0.081605
0.757903,0.908183,0.067862,0.075242
0.978985,0.849860,0.062400,0.067862
0.789667,0.819263,0.060230,0.062400
0.927291,0.949193,0.058899,0.060230
0.986481,0.832999,0.059006,0.058899
0.780088,0.840778,0.059574,0.059006
0.836595,0.988213,0.060265,0.059574
0.986144,0.987118,0.061051,0.060265
0.982100,0.942570,0.061307,0.061051
0.944103,0.833437,0.061028,0.061307
0.844818,1.013777,0.060393,0.061028
1.009337,0.982457,0.059504,0.060393
0.954931,0.850907,0.058827,0.059504
0.841564,1.006337,0.058507,0.058827
0.992357,0.837898,0.058282,0.058507
0.800907,0.856101,0.057956,0.058282
0.799274,0.969284,0.057285,0.057956
0.998572,0.998779,0.056701,0.057285
0.990596,0.980161,0.056147,0.056701
0.990244,0.813833,0.056081,0.056147
0.789370,0.842838,0.056279,0.056081
0.783993,0.966815,0.057519,0.056279
0.973972,0.868247,0.058976,0.057519
0.782820,0.828074,0.055524,0.058976
0.797265,0.966581,0.017992,0.055524
1.088764,0.813175,0.061249,0.017992
0.913073,0.768362,0.106541,0.061249
1.023571,0.877670,0.126403,0.106541
0.822457,0.689164,0.131188,0.126403
0.810435,0.656151,0.127229,0.131188
0.650166,0.704268,0.119390,0.127229
0.656647,0.511344,0.108533,0.119390
0.528861,0.502936,0.099620,0.108533
0.459760,0.525159,0.091782,0.099620
0.525443,0.445581,0.085376,0.091782
0.396153,0.415097,0.082636,0.085376
0.372070,0.415936,0.082381,0.082636
0.433905,0.326323,0.081044,0.082381
0.302117,0.298297,0.062182,0.081044
0.227545,0.336904,0.064173,0.062182
0.310002,0.286702,0.109727,0.064173
0.357403,0.263487,0.181759,0.109727
0.467367,0.308860,0.258698,0.181759
0.365408,0.215924,0.303789,0.258698
0.346781,0.222035,0.283867,0.303789
0.357804,0.328588,0.232340,0.283867
0.471844,0.287157,0.251224,0.232340
0.355013,0.387334,0.332282,0.251224
0.290928,0.417475,0.463493,0.332282
0.309922,0.444599,0.603561,0.463493
0.399100,0.612608,0.721876,0.603561
0.515721,0.596028,0.861722,0.721876
0.420028,0.681711,0.978531,0.861722
0.617133,0.872061,1.093524,0.978531
0.957192,0.758921,1.209955,1.093524
0.840758,0.803612,1.290085,1.209955
0.870717,0.964847,1.360069,1.290085
1.009440,0.788402,1.427559,1.360069
0.706478,0.929388,1.473816,1.427559
0.810217,0.939020,1.519863,1.473816
0.807446,0.801910,1.555012,1.519863
0.657701,0.922685,1.576838,1.555012
0.860681,0.798855,1.591434,1.576838
0.710370,0.816065,1.593527,1.591434
0.880372,0.921588,1.586515,1.593527
0.819840,0.820822,1.571891,1.586515
0.928077,0.821328,1.559761,1.571891
0.835939,0.968316,1.550626,1.559761
0.928892,0.830353,1.545736,1.550626
0.841760,0.971817,1.546004,1.545736
1.003966,0.975138,1.549607,1.546004
0.954052,0.847304,1.554097,1.549607
0.850974,0.992278,1.557119,1.554097
1.000101,0.831683,1.558959,1.557119
0.807509,0.846491,1.559159,1.558959
0.811827,0.985229,1.558380,1.559159
1.022845,0.816505,1.557072,1.558380
0.812899,0.851851,1.556138,1.557072
0.810930,0.972214,1.555511,1.556138
1.020075,0.826854,1.555456,1.555511
0.813281,0.845845,1.555778,1.555456
0.800994,0.959631,1.556327,1.555778
0.999816,0.825693,1.557017,1.556327
0.784252,0.839152,1.557629,1.557017
0.921964,0.967667,1.558358,1.557629
0.976596,0.814797,1.559423,1.558358
0.782740,0.852278,1.560308,1.559423
0.831335,0.993395,1.561138,1.560308
0.985129,0.794281,1.561962,1.561138
0.797345,0.838871,1.562402,1.561962
0.800324,0.983942,1.562597,1.562402
1.005372,0.802184,1.562594,1.562597
0.801153,0.839440,1.561885,1.562594
0.857141,0.979706,1.561400,1.561885
1.179102,0.792644,1.563322,1.561400
0.953932,0.790921,1.564437,1.563322
0.570890,0.824567,1.564368,1.564437
0.541601,0.626826,1.563635,1.564368
0.527098,0.641047,1.563246,1.563635
0.643195,0.668237,1.563353,1.563246
0.637256,0.524582,1.564148,1.563353
0.485053,0.493590,1.565402,1.564148
0.483286,0.551221,1.566923,1.565402
0.510347,0.400343,1.568858,1.566923
0.381336,0.396968,1.570519,1.568858
0.360243,0.404964,1.572329,1.570519
0.407168,0.331390,1.574188,1.572329
0.245465,0.280761,1.576800,1.574188
0.205562,0.359597,1.578470,1.576800
0.407904,0.293327,1.572054,1.578470
0.388715,0.273984,1.557728,1.572054
0.392275,0.291801,1.531260,1.557728
0.415168,0.238954,1.473043,1.531260
0.279304,0.242627,1.411162,1.473043
0.277897,0.346889,1.334326,1.411162
0.300443,0.283865,1.235887,1.334326
0.176229,0.333337,1.151108,1.235887
0.180824,0.426943,1.062206,1.151108
0.179955,0.456194,0.939829,1.062206
0.251610,0.526446,0.821071,0.939829
0.364223,0.711056,0.687194,0.821071
0.705451,0.664633,0.522407,0.687194
0.710561,0.759042,0.397183,0.522407
0.826233,0.923534,0.287556,0.397183
1.155786,0.789556,0.188757,0.287556
0.885867,0.832507,0.133405,0.188757
0.832256,0.948881,0.091910,0.133405
0.937236,0.771176,0.064606,0.091910
0.707737,0.790112,0.062890,0.064606
0.832104,0.904415,0.070553,0.062890
0.745351,0.793149,0.078302,0.070553
0.841486,0.828751,0.080423,0.078302
0.771674,0.936262,0.078521,0.080423
0.890960,0.766124,0.075730,0.078521
0.818548,0.808298,0.075053,0.075730
0.778234,0.936571,0.075922,0.075053
0.990997,0.791472,0.076151,0.075922
0.785358,0.844726,0.074961,0.076151
0.795467,0.959638,0.073101,0.074961
0.988166,0.816039,0.070894,0.073101
0.791770,0.979406,0.069568,0.070894
0.973895,0.985338,0.068375,0.069568
0.972614,0.867511,0.067782,0.068375
0.768886,0.955138,0.067567,0.067782
0.981141,0.804481,0.067287,0.067567
0.788262,0.849963,0.067010,0.067287
0.787332,0.968018,0.066716,0.067010
0.998140,0.835884,0.066234,0.066716
0.796239,0.834281,0.065399,0.066234
0.952961,1.015302,0.064281,0.065399
1.011883,1.019652,0.063009,0.064281
1.009990,1.003913,0.062037,0.063009
0.851767,0.809827,0.061079,0.062037
0.950413,0.876975,0.060373,0.061079
0.842444,0.968164,0.059512,0.060373
0.940978,0.824160,0.058788,0.059512
0.835927,0.799055,0.058869,0.058788
0.785349,0.983295,0.059662,0.058869
0.981337,0.832195,0.061270,0.059662
0.787224,0.848151,0.062681,0.061270
0.784074,0.971208,0.063485,0.062681
0.975546,0.843487,0.045067,0.063485
0.838683,0.818918,0.015073,0.045067
0.899486,1.027856,0.076791,0.015073
1.147664,0.883213,0.117305,0.076791
0.838873,0.804373,0.129206,0.117305
0.862066,0.900303,0.131373,0.129206
0.689262,0.656784,0.127446,0.131373
0.706779,0.597702,0.122199,0.127446
0.565339,0.696368,0.116419,0.122199
0.578257,0.634474,0.109531,0.116419
0.563856,0.545038,0.103179,0.109531
0.510602,0.437787,0.098775,0.103179
0.370442,0.496408,0.096887,0.098775
0.415753,0.391321,0.095588,0.096887
0.349494,0.331135,0.081390,0.095588
0.251118,0.372055,0.106347,0.081390
0.361911,0.240711,0.169008,0.106347
0.355032,0.247787,0.234848,0.169008
0.333247,0.232018,0.283827,0.234848
0.334871,0.215547,0.272235,0.283827
0.315880,0.249733,0.217727,0.272235
0.432309,0.328198,0.171198,0.217727
0.690591,0.297418,0.231145,0.171198
0.385849,0.312764,0.331139,0.231145
0.187690,0.446891,0.449059,0.331139
0.039396,0.428403,0.591109,0.449059
0.123100,0.503273,0.706926,0.591109
0.348565,0.754763,0.825795,0.706926
0.548717,0.675900,0.965639,0.825795
0.841751,0.766112,1.080644,0.965639
1.042186,0.963065,1.185326,1.080644
1.180614,0.843301,1.285020,1.185326
1.050360,0.865752,1.353571,1.285020
0.921365,1.011311,1.412188,1.353571
0.992696,0.809650,1.468609,1.412188
0.744146,0.840649,1.507625,1.468609
0.706443,0.989491,1.540438,1.507625
0.849947,0.812594,1.569464,1.540438
0.679575,0.841145,1.585572,1.569464
0.690686,0.998899,1.593585,1.585572
0.896253,0.839567,1.591627,1.593585
0.731758,1.018282,1.582552,1.591627
0.924816,1.003582,1.568484,1.582552
0.937452,0.893082,1.557227,1.568484
0.752822,1.003699,1.551986,1.557227
0.957699,0.875646,1.551066,1.551986
0.770032,0.858713,1.553339,1.551066
0.921806,1.022549,1.556961,1.553339
0.965888,0.865834,1.561134,1.556961
0.772065,0.868553,1.563766,1.561134
0.810364,1.006152,1.565365,1.563766
0.941076,0.833514,1.565980,1.565365
0.754930,0.879856,1.565947,1.565980
0.757230,1.014602,1.565828,1.565947
0.943250,0.829316,1.566152,1.565828
0.754274,0.870315,1.566846,1.566152
0.751556,0.999202,1.567963,1.566846
0.935845,1.020524,1.569561,1.567963
0.935312,0.987525,1.571436,1.569561
0.936499,0.824876,1.573281,1.571436
0.742035,0.853936,1.574825,1.573281
0.736295,0.982208,1.576497,1.574825
0.928891,0.838366,1.578732,1.576497
0.465416,0.858632,1.580718,1.578732
0.728883,0.987173,1.583060,1.580718
0.744717,0.825964,1.586190,1.583060
0.871809,0.823790,1.589232,1.586190
0.793543,0.985865,1.592599,1.589232
0.908995,0.828070,1.596808,1.592599
0.935977,0.979650,1.602944,1.596808
1.134083,0.928936,1.611968,1.602944
0.974276,0.737548,1.618927,1.611968
0.761799,0.803568,1.624197,1.618927
0.758084,0.719638,1.631008,1.624197
0.636111,0.643964,1.639413,1.631008
0.532091,0.609876,1.649439,1.639413
0.504220,0.510236,1.661826,1.649439
0.441429,0.405757,1.676260,1.661826
0.314270,0.384816,1.690123,1.676260
0.288817,0.398101,1.706226,1.690123
0.312217,0.320394,1.727698,1.706226
0.236116,0.283083,1.747016,1.727698
0.206050,0.304175,1.767994,1.747016
0.401277,0.237191,1.784681,1.767994
0.370140,0.219993,1.787073,1.784681
0.340925,0.221883,1.774898,1.787073
0.330503,0.186922,1.735734,1.774898
0.244966,0.235564,1.690166,1.735734
0.329209,0.278147,1.630516,1.690166
0.558139,0.285114,1.546908,1.630516
0.389343,0.321813,1.469015,1.546908
0.345456,0.414330,1.388617,1.469015
0.320846,0.391164,1.294044,1.388617
0.248540,0.487991,1.199160,1.294044
0.354655,0.672991,1.084319,1.199160
0.797965,0.641659,0.917768,1.084319
0.812092,0.785367,0.763130,0.917768
0.944941,0.962507,0.607902,0.763130
1.354994,0.879418,0.451293,0.607902
1.068959,0.884993,0.349519,0.451293
0.980364,0.998698,0.265319,0.349519
1.080574,0.836074,0.187311,0.265319
0.773518,0.851651,0.137103,0.187311
0.719650,0.971694,0.100379,0.137103
0.869014,0.821593,0.078454,0.100379
0.676068,0.831716,0.076034,0.078454
0.827262,1.000748,0.080684,0.076034
0.906423,0.892453,0.084767,0.080684
0.702661,0.868899,0.083083,0.084767
0.775689,1.004981,0.076451,0.083083
0.958835,0.884335,0.067074,0.076451
0.780614,0.883383,0.061327,0.067074
0.790337,1.047137,0.057650,0.061327
0.988533,0.858764,0.054067,0.057650
0.786358,0.898169,0.050720,0.054067
0.775808,1.021937,0.047085,0.050720
0.970889,0.876522,0.043282,0.047085
0.775066,0.874621,0.040787,0.043282
0.759974,1.025950,0.038951,0.040787
0.932355,0.895130,0.038117,0.038951
0.752394,0.849539,0.038231,0.038117
0.885176,1.002279,0.038557,0.038231
0.922301,0.836773,0.039242,0.038557
0.735139,0.849294,0.040170,0.039242
0.777360,1.008396,0.041218,0.040170
0.911878,0.817720,0.042183,0.041218
0.723156,0.863987,0.042755,0.042183
0.717018,0.991965,0.043017,0.042755
0.900361,0.798334,0.043395,0.043017
0.717909,0.873584,0.044194,0.043395
0.716510,0.967923,0.045418,0.044194
0.894572,0.844341,0.047611,0.045418
0.711219,0.840946,0.049437,0.047611
0.710554,0.965535,0.051133,0.049437
0.891399,0.832928,0.052251,0.051133
0.715017,0.829538,0.031965,0.052251
0.913366,0.984373,0.036296,0.031965
1.062237,0.793989,0.104951,0.036296
0.837279,0.758789,0.133410,0.104951
0.801189,0.816134,0.143975,0.133410
0.772451,0.624131,0.144257,0.143975
0.539323,0.613711,0.138691,0.144257
0.473705,0.618341,0.130476,0.138691
0.514297,0.479098,0.121161,0.130476
0.376996,0.461454,0.115408,0.121161
0.349453,0.442222,0.112126,0.115408
0.393467,0.368428,0.111694,0.112126
0.290849,0.319409,0.114519,0.111694
0.275476,0.365441,0.120811,0.114519
0.312224,0.258023,0.127045,0.120811
0.217962,0.261953,0.148100,0.127045
0.311499,0.299718,0.190277,0.148100
0.381347,0.201234,0.256794,0.190277
0.306559,0.223252,0.295977,0.256794
0.267627,0.237461,0.282298,0.295977
0.322531,0.253539,0.210558,0.282298
0.403612,0.281579,0.141704,0.210558
0.473489,0.337755,0.165769,0.141704
0.346053,0.287269,0.277482,0.165769
0.109827,0.345179,0.395239,0.277482
0.044255,0.449835,0.519371,0.395239
0.066096,0.472404,0.659555,0.519371
0.130874,0.567110,0.775652,0.659555
0.256987,0.802518,0.894085,0.775652
0.656109,0.745406,1.033535,0.894085
0.762737,0.816009,1.142115,1.033535
1.094706,0.993344,1.237070,1.142115
1.274753,0.846071,1.328252,1.237070
0.906179,0.868666,1.390269,1.328252
0.815400,1.016104,1.442767,1.390269
0.942799,0.849291,1.493295,1.442767
0.581511,0.838707,1.528634,1.493295
0.373441,0.969279,1.558117,1.528634
0.343434,0.815031,1.582711,1.558117
0.235412,0.860679,1.594307,1.582711
0.266675,0.979974,1.597156,1.594307
0.689317,0.859177,1.589540,1.597156
0.674338,0.824354,1.577932,1.589540
0.736040,1.059068,1.565739,1.577932
0.966228,0.859121,1.555529,1.565739
0.784189,0.911006,1.551760,1.555529
0.931194,1.020190,1.551865,1.551760
0.993156,0.866473,1.555183,1.551865
0.792170,0.884640,1.558796,1.555183
0.834037,0.999018,1.562075,1.558796
0.969100,0.884664,1.564671,1.562075
0.766679,0.844526,1.565736,1.564671
0.759304,1.006446,1.566159,1.565736
0.937616,0.823264,1.566387,1.566159
0.744253,0.853902,1.566620,1.566387
0.737442,0.986570,1.567200,1.566620
0.913117,0.840483,1.568335,1.567200
0.732537,0.853823,1.569516,1.568335
0.740502,0.985862,1.570776,1.569516
0.935713,0.820908,1.572165,1.570776
0.743960,0.827370,1.573405,1.572165
0.874338,0.980396,1.574965,1.573405
0.917452,0.838461,1.577187,1.574965
0.726283,0.810397,1.579414,1.577187
0.768314,0.994603,1.581867,1.579414
0.882889,0.804918,1.584863,1.581867
0.339972,0.852127,1.587414,1.584863
0.313119,0.977614,1.590202,1.587414
0.352902,0.829492,1.593279,1.590202
0.270888,0.852249,1.596753,1.593279
0.232602,0.941349,1.603417,1.596753
0.803369,0.778947,1.611515,1.603417
0.680351,0.728874,1.617317,1.611515
0.645095,0.768444,1.622972,1.617317
0.719328,0.579455,1.629969,1.622972
0.524339,0.565130,1.636786,1.629969
0.552681,0.587366,1.645131,1.636786
0.531237,0.451829,1.657003,1.645131
0.390682,0.427234,1.668613,1.657003
0.375902,0.439437,1.682103,1.668613
0.400888,0.368819,1.699882,1.682103
0.303322,0.346288,1.716746,1.699882
0.292769,0.358366,1.735671,1.716746
0.283928,0.258329,1.762238,1.735671
0.238567,0.263372,1.793563,1.762238
0.228419,0.253503,1.839020,1.793563
0.330971,0.286312,1.911155,1.839020
0.346487,0.282853,1.999729,1.911155
0.335725,0.280673,2.092432,1.999729
0.378573,0.272505,2.174018,2.092432
0.532927,0.354183,2.270231,2.174018
0.743853,0.298281,2.399870,2.270231
0.510267,0.332245,2.520174,2.399870
0.416641,0.388589,2.647831,2.520174
0.348787,0.387347,2.791558,2.647831
0.518526,0.372776,2.899395,2.791558
0.584696,0.543994,2.988865,2.899395
0.746302,0.530238,3.062190,2.988865
0.768729,0.642318,3.099697,3.062190
0.830998,0.781711,3.122822,3.099697
1.126521,0.692299,3.138809,3.122822
0.961051,0.750123,3.137189,3.138809
0.979362,0.839034,3.130182,3.137189
1.101780,0.720043,3.130305,3.130182
0.803951,0.710788,3.136825,3.130305
0.757264,0.824415,3.138408,3.136825
0.914193,0.682441,3.129721,3.138408
0.724464,0.741257,3.125875,3.129721
0.865932,0.813598,3.125475,3.125875
0.773946,0.727824,3.128288,3.125475
0.887596,0.721757,3.131913,3.128288
0.818478,0.874365,3.135608,3.131913
0.930090,0.706770,3.138649,3.135608
0.851276,0.713181,3.139803,3.138649
0.789200,0.855018,3.139835,3.139803
0.980513,0.729372,3.139142,3.139835
0.789433,0.751927,3.138417,3.139142
0.792548,0.853954,3.137859,3.138417
0.987194,0.747188,3.137634,3.137859
0.798376,0.898765,3.137715,3.137634
0.997522,0.880952,3.138125,3.137715
0.993326,0.767865,3.138624,3.138125
0.809214,0.890108,3.139186,3.138624
0.991871,0.748406,3.139804,3.139186
0.803267,0.755933,3.140248,3.139804
0.797688,0.923277,3.140696,3.140248
1.015413,0.743763,3.141104,3.140696
0.810570,0.744666,3.141663,3.141104
0.961797,0.924694,3.142372,3.141663
1.007312,0.766905,3.141457,3.142372
0.807847,0.758070,3.140706,3.141457
0.850847,0.909434,3.139853,3.140706
0.991368,0.757689,3.138698,3.139853
0.821259,0.781136,3.137843,3.138698
0.850832,0.891257,3.137147,3.137843
1.060775,0.743875,3.136338,3.137147
0.847975,0.795763,3.135541,3.136338
0.840529,0.922981,3.134549,3.135541
1.047579,0.732483,3.133017,3.134549
0.834073,0.800695,3.131320,3.133017
0.832427,0.887046,3.129158,3.131320
1.052877,0.757026,3.125257,3.129158
0.896261,0.757948,3.121638,3.125257
1.125156,0.880559,3.118502,3.121638
1.135801,0.705507,3.114800,3.118502
0.835016,0.686424,3.111142,3.114800
0.800322,0.723799,3.106646,3.111142
0.846919,0.570411,3.100172,3.106646
0.625093,0.538944,3.093855,3.100172
0.578476,0.598579,3.086694,3.093855
0.671349,0.471830,3.077780,3.086694
0.512539,0.481193,3.069815,3.077780
0.481487,0.444065,3.061271,3.069815
0.547500,0.390292,3.051081,3.061271
0.420527,0.386707,3.042749,3.051081
0.402033,0.406385,3.034649,3.042749
0.477394,0.296699,3.025910,3.034649
0.358242,0.285421,3.019182,3.025910
0.391879,0.352049,3.012595,3.019182
0.387286,0.254534,3.004550,3.012595
0.283190,0.332686,2.996634,3.004550
0.338668,0.235096,2.987220,2.996634
0.324549,0.200210,2.984108,2.987220
0.255158,0.241995,2.986006,2.984108
0.268345,0.203364,2.990793,2.986006
0.237461,0.151692,2.995124,2.990793
0.193136,0.179590,2.998624,2.995124
0.183999,0.145620,3.000655,2.998624
0.118687,0.115405,3.000755,3.000655
0.102124,0.113485,2.999751,3.000755
0.115829,0.116443,2.998044,2.999751
0.082330,0.108387,2.996766,2.998044
0.077947,0.099884,2.995803,2.996766
0.085328,0.088045,2.995318,2.995803
0.064474,0.062494,2.995350,2.995318
0.070699,0.085038,2.995634,2.995350
0.056470,0.065112,2.996079,2.995634
0.048371,0.048910,2.996341,2.996079
0.040038,0.039447,2.996512,2.996341
0.033290,0.053307,2.996529,2.996512
0.025227,0.028118,2.996469,2.996529
0.024916,0.038888,2.996351,2.996469
0.035541,0.056096,2.996166,2.996351
0.036365,0.014450,2.996140,2.996166
0.038575,0.030715,2.996228,2.996140
0.047306,0.030929,2.996234,2.996228
0.031650,0.033822,2.996201,2.996234
0.033392,0.029397,2.996143,2.996201
0.038340,0.036520,2.996056,2.996143
0.030893,0.025794,2.996004,2.996056
0.039128,0.028081,2.996004,2.996004
0.033403,0.027934,2.995980,2.996004
0.000000,0.017035,2.996034,2.995980
0.000000,0.004910,2.995896,2.996034
0.000000,0.021500,2.999276,2.995896
0.000000,0.000000,0.000000,0.000000
0.000000,0.052574,2.039468,0.000000
0.021295,0.030671,2.008013,2.039468
0.028148,0.063529,1.984748,2.008013
0.033648,0.018969,1.980733,1.984748
0.016269,0.033452,1.988631,1.980733
0.023131,0.036972,2.009882,1.988631
0.021190,0.011956,2.006887,2.009882
0.000000,0.062024,2.005569,2.006887
0.000000,0.026235,2.004716,2.005569
0.000000,0.016981,2.004220,2.004716
0.000000,0.042445,2.004291,2.004220
0.000000,0.026790,2.004858,2.004291
0.000000,0.029663,2.006050,2.004858
0.000000,0.040765,2.007336,2.006050
0.000000,0.045901,2.008376,2.007336
0.033909,0.029958,1.997895,2.008376
0.041964,0.021075,1.994369,1.997895
0.036474,0.032205,1.991758,1.994369
0.035832,0.035907,1.991010,1.991758
0.053662,0.028131,1.992748,1.991010
0.051492,0.002330,1.995716,1.992748
0.052679,0.032255,1.998974,1.995716
0.068316,0.040905,2.001428,1.998974
0.074820,0.056963,2.002461,2.001428
0.087610,0.054585,2.002683,2.002461
0.113643,0.028666,2.002581,2.002683
0.090162,0.007748,2.003124,2.002581
0.098763,0.041382,2.004280,2.003124
0.079112,0.029144,2.006680,2.004280
0.077806,0.045427,2.008003,2.006680
0.058575,0.013236,2.008246,2.008003
0.046321,0.041303,2.006759,2.008246
0.042562,0.032088,2.004337,2.006759
0.070719,0.055525,2.001237,2.004337
0.101533,0.032311,1.998762,2.001237
0.071371,0.034375,1.997910,1.998762
0.105504,0.036424,1.997329,1.997910
0.174391,0.026613,1.992581,1.997329
0.163931,0.047790,1.980829,1.992581
0.213436,0.080638,1.950004,1.980829
0.134434,0.135236,1.890128,1.950004
0.042673,0.253610,1.801794,1.890128
0.229388,0.278128,1.671709,1.801794
0.343692,0.405401,1.569885,1.671709
0.408227,0.544179,1.485098,1.569885
0.558852,0.551841,1.402162,1.485098
0.477472,0.605469,1.327912,1.402162
0.528470,0.822640,1.226868,1.327912
0.722012,0.724783,1.074050,1.226868
0.609421,0.798980,0.923244,1.074050
0.504626,0.987951,0.763469,0.923244
0.985011,0.773866,0.592459,0.763469
0.929807,0.817576,0.466419,0.592459
0.947027,0.968622,0.356919,0.466419
1.129492,0.772045,0.255794,0.356919
0.850283,0.836208,0.190274,0.255794
0.795054,0.935607,0.139702,0.190274
0.920045,0.802114,0.102127,0.139702
0.711293,0.785368,0.087197,0.102127
0.692481,0.944930,0.082764,0.087197
0.858828,0.804825,0.084220,0.082764
0.690456,0.777088,0.085150,0.084220
0.836057,0.966666,0.083177,0.085150
0.889557,0.812865,0.075939,0.083177
0.744325,0.859266,0.068063,0.075939
0.845987,0.945259,0.062439,0.068063
1.014257,0.795499,0.058668,0.062439
0.807688,0.856467,0.057678,0.058668
0.803793,0.968733,0.057891,0.057678
1.003692,0.785609,0.057820,0.057891
0.801014,0.856232,0.057664,0.057820
0.805191,0.965201,0.058017,0.057664
1.001731,0.992946,0.059251,0.058017
0.998564,0.983942,0.060132,0.059251
1.005908,0.830566,0.060540,0.060132
0.799874,0.984708,0.060842,0.060540
0.999983,0.968546,0.060581,0.060842
0.989785,0.839758,0.059816,0.060581
0.788717,0.987810,0.059348,0.059816
0.998685,0.815228,0.058929,0.059348
0.801425,0.825197,0.058748,0.058929
0.810738,0.999829,0.059245,0.058748
1.008372,0.822178,0.060138,0.059245
0.797174,0.838492,0.060566,0.060138
0.944270,0.971287,0.060933,0.060566
0.987209,0.813053,0.061297,0.060933
0.789073,0.860351,0.061398,0.061297
0.843503,0.995676,0.061441,0.061398
1.004808,0.799810,0.039887,0.061441
0.859709,0.800102,0.017983,0.039887
0.923807,0.947459,0.081571,0.017983
1.130055,0.779958,0.118638,0.081571
0.822895,0.743700,0.127908,0.118638
0.733963,0.814284,0.127374,0.127908
0.801684,0.601868,0.120575,0.127374
0.589607,0.577907,0.112460,0.120575
0.544204,0.571906,0.103854,0.112460
0.617937,0.486914,0.095135,0.103854
0.461170,0.469639,0.089566,0.095135
0.507622,0.478250,0.085524,0.089566
0.495118,0.395510,0.082380,0.085524
0.364891,0.349783,0.080645,0.082380
0.355536,0.350369,0.068336,0.080645
0.317351,0.333756,0.042155,0.068336
0.210924,0.300160,0.060137,0.042155
0.300382,0.305752,0.129381,0.060137
0.521803,0.227887,0.225129,0.129381
0.395201,0.256305,0.292760,0.225129
0.286585,0.257303,0.308608,0.292760
0.351627,0.253785,0.265589,0.308608
0.358417,0.268959,0.243011,0.265589
0.414759,0.347088,0.297715,0.243011
0.457837,0.331564,0.411984,0.297715
0.268898,0.373575,0.532142,0.411984
0.279658,0.561633,0.656510,0.532142
0.362114,0.502635,0.800728,0.656510
0.372985,0.617405,0.921387,0.800728
0.563645,0.811803,1.041500,0.921387
0.890296,0.724455,1.169550,1.041500
0.835538,0.806715,1.259302,1.169550
0.898824,0.966471,1.334857,1.259302
1.046605,0.800635,1.405351,1.334857
0.765335,0.819976,1.451942,1.405351
0.689110,0.921879,1.491719,1.451942
0.800746,0.795181,1.530790,1.491719
0.635193,0.783718,1.557842,1.530790
0.647761,0.945292,1.578421,1.557842
0.844358,0.771725,1.591293,1.578421
0.704586,0.802555,1.591627,1.591293
0.887629,0.949645,1.583134,1.591627
0.975219,0.799703,1.568092,1.583134
0.795524,0.831284,1.556385,1.568092
0.851965,0.959189,1.548077,1.556385
0.993360,0.829630,1.543955,1.548077
0.810468,0.841107,1.544868,1.543955
0.812888,0.990244,1.548206,1.544868
1.005237,0.831748,1.552718,1.548206
0.802229,0.826600,1.555823,1.552718
0.795694,0.975170,1.557903,1.555823
0.989169,0.814152,1.558688,1.557903
0.799459,0.833394,1.558387,1.558688
0.807415,0.970891,1.557562,1.558387
1.000921,0.827417,1.556649,1.557562
0.801583,0.828981,1.556184,1.556649
0.960568,0.983144,1.556247,1.556184
1.014702,0.819194,1.556790,1.556247
0.809709,0.833610,1.557468,1.556790
0.858352,1.003891,1.558190,1.557468
1.013316,0.837250,1.558814,1.558190
0.806682,0.859961,1.559062,1.558814
0.801242,0.967680,1.558974,1.559062
1.016180,0.816483,1.558898,1.558974
0.808660,0.833837,1.559030,1.558898
0.803292,0.969737,1.559427,1.559030
0.992004,0.809939,1.560125,1.559427
0.788264,0.869510,1.560814,1.560125
0.792211,0.982780,1.561609,1.560814
1.005121,0.812401,1.562151,1.561609
0.825283,0.813810,1.562047,1.562151
1.054022,0.957447,1.563921,1.562047
1.186830,0.779708,1.566838,1.563921
0.870724,0.745540,1.567592,1.566838
0.810132,0.797888,1.567374,1.567592
0.828201,0.650215,1.566670,1.567374
0.602759,0.563306,1.566211,1.566670
0.548016,0.623225,1.566101,1.566211
0.619311,0.486536,1.566575,1.566101
0.459459,0.439177,1.567378,1.566575
0.429147,0.498746,1.568582,1.567378
0.498007,0.407121,1.570215,1.568582
0.365601,0.369553,1.571604,1.570215
0.343783,0.397027,1.572625,1.571604
0.354059,0.300725,1.572980,1.572625
0.197428,0.315207,1.573194,1.572980
0.312028,0.343796,1.568320,1.573194
0.482157,0.273516,1.553388,1.568320
0.399332,0.284270,1.531055,1.553388
0.406415,0.257921,1.487286,1.531055
0.426755,0.267866,1.415626,1.487286
0.309558,0.307491,1.341919,1.415626
0.330966,0.329161,1.258452,1.341919
0.249018,0.317451,1.157301,1.258452
0.049449,0.372734,1.071941,1.157301
0.053332,0.516509,0.972668,1.071941
0.193234,0.494337,0.832944,0.972668
0.382234,0.585009,0.704680,0.832944
0.614306,0.790840,0.563865,0.704680
0.970423,0.699201,0.410715,0.563865
0.830551,0.795790,0.301806,0.410715
1.019654,0.903242,0.211055,0.301806
1.125099,0.799992,0.138531,0.211055
0.843575,0.790963,0.094651,0.138531
0.798515,0.959161,0.065920,0.094651
0.869832,0.776270,0.061162,0.065920
0.678042,0.814543,0.070707,0.061162
0.679291,0.959337,0.079062,0.070707
0.902580,0.792750,0.081260,0.079062
0.737402,0.768753,0.077998,0.081260
0.760068,0.961758,0.074562,0.077998
0.959378,0.795355,0.073146,0.074562
0.785927,0.820796,0.073959,0.073146
0.791094,0.951824,0.074536,0.073959
0.995978,0.814456,0.073937,0.074536
0.795243,0.828941,0.072222,0.073937
0.947413,0.974104,0.070655,0.072222
0.997210,0.796319,0.069446,0.070655
0.789420,0.834915,0.068472,0.069446
0.830496,1.001348,0.067767,0.068472
0.976668,0.965974,0.067397,0.067767
0.987943,0.977568,0.067326,0.067397
0.939960,0.841345,0.067154,0.067326
0.846293,0.849788,0.066576,0.067154
0.800591,0.978905,0.065544,0.066576
1.000837,0.802556,0.064712,0.065544
0.585594,0.818374,0.063995,0.064712
0.298577,1.002367,0.063095,0.063995
0.260086,0.797809,0.062341,0.063095
0.344333,1.025027,0.062001,0.062341
0.798282,1.000829,0.062097,0.062001
0.914725,0.844211,0.062218,0.062097
0.758901,0.999687,0.062029,0.062218
0.962722,0.833488,0.061651,0.062029
0.777816,0.846301,0.061237,0.061651
0.783991,0.970265,0.060805,0.061237
0.983348,0.811413,0.060956,0.060805
0.785576,0.854212,0.061322,0.060956
0.936867,0.990182,0.055649,0.061322
1.020065,0.997179,0.010797,0.055649
1.137821,1.001985,0.078554,0.010797
0.998698,0.842914,0.119523,0.078554
0.988096,0.956000,0.130410,0.119523
0.898050,0.901787,0.130578,0.130410
0.678801,0.680573,0.124570,0.130578
0.688679,0.713828,0.117655,0.124570
0.637478,0.569683,0.109712,0.117655
0.471880,0.545081,0.103883,0.109712
0.462547,0.607487,0.099433,0.103883
0.498270,0.416223,0.096816,0.099433
0.367363,0.400357,0.097016,0.096816
0.349662,0.410105,0.099178,0.097016
0.387274,0.324585,0.085822,0.099178
0.255505,0.293487,0.103667,0.085822
0.318657,0.306480,0.152296,0.103667
0.464986,0.294564,0.229181,0.152296
0.449025,0.224197,0.292495,0.229181
0.349775,0.244086,0.280324,0.292495
0.306286,0.259209,0.222716,0.280324
0.412466,0.347393,0.167854,0.222716
0.650053,0.289023,0.222298,0.167854
0.405688,0.367520,0.322543,0.222298
0.433087,0.415697,0.441458,0.322543
0.307754,0.418332,0.582635,0.441458
0.417123,0.513368,0.696339,0.582635
0.504523,0.728222,0.813744,0.696339
0.709478,0.657449,0.952727,0.813744
0.723736,0.935233,1.068256,0.952727
1.202729,0.985849,1.193507,1.068256
1.165929,0.866798,1.292932,1.193507
1.028082,1.001515,1.362906,1.292932
1.117347,0.833891,1.429575,1.362906
0.809309,0.845429,1.474901,1.429575
0.734889,0.955969,1.513158,1.474901
0.859850,0.827761,1.548519,1.513158
0.676382,0.840247,1.570778,1.548519
0.680987,0.968432,1.586143,1.570778
0.867116,1.029979,1.593025,1.586143
0.910001,0.989684,1.587417,1.593025
0.937990,0.860763,1.574202,1.587417
0.755887,1.005299,1.562828,1.574202
0.946978,1.023643,1.553128,1.562828
0.956928,0.886289,1.549767,1.553128
0.779703,1.030525,1.551060,1.549767
0.967323,0.842343,1.555345,1.551060
0.783024,0.875889,1.559405,1.555345
0.789084,1.028834,1.562827,1.559405
0.976725,0.886769,1.565179,1.562827
0.777559,0.876916,1.566003,1.565179
0.911182,1.019120,1.566182,1.566003
0.964295,0.835130,1.566150,1.566182
0.764269,0.832225,1.566283,1.566150
0.803151,1.022397,1.566826,1.566283
0.940294,0.834381,1.568049,1.566826
0.749639,0.852912,1.569341,1.568049
0.750365,0.995362,1.570715,1.569341
0.933005,0.849070,1.572295,1.570715
0.740550,0.830638,1.573755,1.572295
0.734312,0.959719,1.575382,1.573755
0.910890,0.828729,1.577726,1.575382
0.733285,0.835624,1.580005,1.577726
0.731976,1.011069,1.582433,1.580005
0.917246,0.842889,1.585320,1.582433
0.733662,0.851002,1.587676,1.585320
0.881213,0.991528,1.590068,1.587676
0.929214,0.808722,1.592758,1.590068
0.773916,1.032279,1.595403,1.592758
0.925329,0.946333,1.602669,1.595403
0.720008,0.769809,1.610862,1.602669
0.694748,0.837326,1.616965,1.610862
0.738703,0.631336,1.623863,1.616965
0.600387,0.595690,1.630450,1.623863
0.498620,0.634013,1.638389,1.630450
0.546974,0.479540,1.649419,1.638389
0.410875,0.475932,1.660370,1.649419
0.363557,0.504593,1.673525,1.660370
0.410657,0.376363,1.691573,1.673525
0.292132,0.367761,1.709081,1.691573
0.272692,0.349930,1.729480,1.709081
0.323995,0.274702,1.755127,1.729480
0.186246,0.281623,1.778518,1.755127
0.315278,0.317868,1.798374,1.778518
0.381203,0.205330,1.808575,1.798374
0.395958,0.169157,1.802686,1.808575
0.297240,0.219444,1.776742,1.802686
0.269249,0.225580,1.728398,1.776742
0.359721,0.259454,1.674815,1.728398
0.463239,0.304083,1.608103,1.674815
0.527701,0.287836,1.519036,1.608103
0.308864,0.347822,1.441448,1.519036
0.192133,0.435060,1.364842,1.441448
0.201824,0.480866,1.260143,1.364842
0.347510,0.567613,1.155259,1.260143
0.534607,0.780448,1.021841,1.155259
0.963064,0.710349,0.841198,1.021841
0.921485,0.989405,0.686162,0.841198
1.274872,1.009957,0.515265,0.686162
1.385529,0.882123,0.383827,0.515265
1.013936,1.019688,0.293453,0.383827
1.076637,0.821811,0.208482,0.293453
0.769184,0.846113,0.153639,0.208482
0.849513,0.978585,0.113558,0.153639
0.839172,0.804000,0.088685,0.113558
0.667941,0.859208,0.083752,0.088685
0.719747,1.033785,0.086654,0.083752
0.878321,0.825337,0.088773,0.086654
0.721452,0.859799,0.086498,0.088773
0.744856,1.054808,0.079787,0.086498
0.959419,0.848158,0.069303,0.079787
0.794512,0.900612,0.062011,0.069303
0.793390,1.010535,0.056913,0.062011
0.988611,0.880618,0.052249,0.056913
0.792948,0.881899,0.048526,0.052249
0.786238,1.044908,0.044550,0.048526
0.969487,1.066317,0.040496,0.044550
0.955921,1.035596,0.037895,0.040496
0.941711,0.875262,0.037167,0.037895
0.746307,0.872138,0.037699,0.037167
0.878705,1.000010,0.038630,0.037699
0.780600,0.818882,0.039698,0.038630
0.872150,1.014083,0.040708,0.039698
0.906562,1.027734,0.042214,0.040708
0.765899,0.829143,0.043265,0.042214
0.858133,0.972607,0.043709,0.043265
0.901961,0.838012,0.044271,0.043709
0.717273,0.843682,0.044962,0.044271
0.770893,0.984686,0.046040,0.044962
0.905010,0.839089,0.047610,0.046040
0.725304,0.864083,0.048852,0.047610
0.724063,0.996783,0.049681,0.048852
0.905984,0.786366,0.049964,0.049681
0.723357,0.838640,0.049592,0.049964
0.727967,0.977421,0.044863,0.049592
0.952724,1.036373,0.017218,0.044863
1.090864,0.969934,0.089612,0.017218
1.086536,0.762794,0.132837,0.089612
0.769280,0.701750,0.144841,0.132837
0.673385,0.774193,0.145343,0.144841
0.700617,0.590182,0.138510,0.145343
0.487782,0.540371,0.130484,0.138510
0.516610,0.587293,0.122538,0.130484
0.409323,0.432442,0.115407,0.122538
0.427811,0.404786,0.112535,0.115407
0.351963,0.465447,0.113125,0.112535
0.364995,0.314252,0.118922,0.113125
0.296022,0.308189,0.127875,0.118922
0.247572,0.330061,0.135819,0.127875
0.265754,0.232735,0.156143,0.135819
0.268276,0.233976,0.191700,0.156143
0.324902,0.230310,0.243642,0.191700
0.424696,0.163450,0.299888,0.243642
0.264855,0.201510,0.294095,0.299888
0.251995,0.267733,0.238564,0.294095
0.423216,0.244637,0.137347,0.238564
0.495120,0.290514,0.122712,0.137347
0.450096,0.336469,0.203317,0.122712
0.174590,0.323086,0.339779,0.203317
0.100505,0.401978,0.461490,0.339779
0.120366,0.529879,0.580278,0.461490
0.123881,0.540602,0.713725,0.580278
0.287801,0.644840,0.823677,0.713725
0.493872,0.870941,0.940834,0.823677
0.896248,0.779830,1.077283,0.940834
0.889906,0.846153,1.179163,1.077283
1.020215,1.034403,1.268078,1.179163
1.256797,0.821057,1.353913,1.268078
0.850572,0.876826,1.412091,1.353913
0.778799,0.994086,1.461504,1.412091
0.965238,0.838392,1.509086,1.461504
0.756568,0.848870,1.541769,1.509086
0.890393,1.001138,1.568421,1.541769
0.785161,0.811283,1.589650,1.568421
0.881825,0.840186,1.598024,1.589650
0.787048,0.983600,1.596892,1.598024
0.877605,0.853677,1.585512,1.596892
0.786122,0.858716,1.572737,1.585512
0.753269,0.996298,1.561205,1.572737
0.954045,0.844916,1.553123,1.561205
0.761242,0.878577,1.551265,1.553123
0.765796,1.029487,1.552998,1.551265
0.960986,0.853118,1.557472,1.552998
0.769774,0.876273,1.561587,1.557472
0.783905,1.006678,1.565100,1.561587
0.966372,0.855062,1.567669,1.565100
0.757726,1.018118,1.568611,1.567669
0.938069,1.012762,1.568989,1.568611
0.940430,0.870990,1.569197,1.568989
0.761204,0.998360,1.569591,1.569197
0.941391,0.861490,1.570434,1.569591
0.746227,0.837519,1.571581,1.570434
0.890213,0.985566,1.573025,1.571581
0.941105,0.833940,1.574971,1.573025
0.745511,0.856406,1.576633,1.574971
0.789339,1.000409,1.578416,1.576633
0.925340,0.834217,1.580489,1.578416
0.744690,0.850620,1.582110,1.580489
0.744758,1.010835,1.583682,1.582110
0.936445,0.822609,1.585397,1.583682
0.745904,0.841642,1.586904,1.585397
0.743694,0.961512,1.588650,1.586904
0.926667,0.854833,1.590950,1.588650
0.780750,0.821812,1.594072,1.590950
0.879444,0.951638,1.600827,1.594072
1.131910,0.735239,1.609717,1.600827
0.795668,0.714051,1.616260,1.609717
0.794708,0.747842,1.622523,1.616260
0.711922,0.582864,1.629992,1.622523
0.512245,0.549251,1.636788,1.629992
0.477464,0.572819,1.644550,1.636788
0.493127,0.468965,1.654728,1.644550
0.361121,0.426967,1.664299,1.654728
0.356005,0.463422,1.675296,1.664299
0.401184,0.333657,1.690179,1.675296
0.297990,0.325519,1.704828,1.690179
0.289312,0.320609,1.721762,1.704828
0.291287,0.267922,1.746948,1.721762
0.248454,0.265188,1.778457,1.746948
0.263713,0.279332,1.825332,1.778457
0.344766,0.236100,1.899876,1.825332
0.249036,0.243196,1.973607,1.899876
0.251988,0.296367,2.054137,1.973607
0.505178,0.287422,2.149766,2.054137
0.472933,0.298544,2.239115,2.149766
0.625854,0.352672,2.347391,2.239115
0.518763,0.326607,2.489262,2.347391
0.219670,0.314319,2.615908,2.489262
0.177053,0.406879,2.743200,2.615908
0.206432,0.377650,2.879160,2.743200
0.379084,0.432878,2.972473,2.879160
0.559294,0.620239,3.043506,2.972473
0.790168,0.578846,3.095771,3.043506
0.742531,0.644066,3.120420,3.095771
0.839358,0.835608,3.134819,3.120420
1.136359,0.719098,3.140725,3.134819
0.945839,0.728504,3.133468,3.140725
1.091037,0.851663,3.131245,3.133468
0.873076,0.698452,3.135977,3.131245
0.896315,0.711755,3.140348,3.135977
0.772800,0.838765,3.132650,3.140348
0.851598,0.699389,3.126803,3.132650
0.754203,0.735123,3.125344,3.126803
0.718345,0.828045,3.126653,3.125344
0.935377,0.695098,3.130112,3.126653
0.765109,0.711913,3.133430,3.130112
0.776436,0.857177,3.136135,3.133430
0.974037,0.707011,3.137914,3.136135
0.787254,0.710368,3.138353,3.137914
0.788417,0.869709,3.138087,3.138353
0.990335,0.735274,3.137448,3.138087
0.800425,0.745423,3.136928,3.137448
0.959539,0.909051,3.136777,3.136928
0.855612,0.730924,3.137089,3.136777
0.954039,0.940414,3.137594,3.137089
1.012962,0.906927,3.138437,3.137594
0.854078,0.782411,3.139418,3.138437
0.956961,0.877935,3.140174,3.139418
1.036050,0.738151,3.141124,3.140174
0.841087,0.743862,3.142137,3.141124
0.880723,0.876537,3.141514,3.142137
1.040978,0.735887,3.140533,3.141514
0.817316,0.773925,3.139792,3.140533
0.810651,0.903943,3.138954,3.139792
1.021165,0.733990,3.138080,3.138954
0.818515,0.773732,3.137505,3.138080
0.816323,0.900338,3.137153,3.137505
1.035431,0.739137,3.136840,3.137153
0.839819,0.792196,3.136599,3.136840
0.842574,0.915701,3.136246,3.136599
1.046568,0.741495,3.135638,3.136246
0.853066,0.764104,3.134865,3.135638
1.012449,0.923787,3.133853,3.134865
0.915834,0.771527,3.132411,3.133853
1.012966,0.757911,3.130817,3.132411
0.896663,0.917612,3.128458,3.130817
1.033853,0.748205,3.124715,3.128458
1.006804,0.754149,3.122185,3.124715
0.959090,0.839124,3.120164,3.122185
1.048519,0.674423,3.117484,3.120164
0.767773,0.660468,3.114697,3.117484
0.718138,0.693057,3.111001,3.114697
0.811868,0.560089,3.105154,3.111001
0.591517,0.563677,3.098831,3.105154
0.550736,0.580612,3.091177,3.098831
0.640348,0.444239,3.081032,3.091177
0.486186,0.397328,3.071986,3.081032
0.530139,0.481663,3.062470,3.071986
0.441651,0.331204,3.051307,3.062470
0.472328,0.372505,3.041846,3.051307
0.390928,0.392845,3.031929,3.041846
0.416260,0.301149,3.020063,3.031929
0.348467,0.286759,3.009634,3.020063
0.319751,0.330569,2.998609,3.009634
0.362795,0.255770,2.985388,2.998609
0.259614,0.226082,2.974774,2.985388
0.246815,0.242191,2.968149,2.974774
0.284665,0.163009,2.969106,2.968149
0.220565,0.183087,2.974381,2.969106
0.207442,0.191640,2.981238,2.974381
0.234278,0.148702,2.988196,2.981238
0.147488,0.159299,2.991762,2.988196
0.152811,0.138395,2.992898,2.991762
0.121354,0.095896,2.991663,2.992898
0.120977,0.135019,2.989611,2.991663
0.096420,0.129416,2.987405,2.989611
0.099484,0.084391,2.985434,2.987405
0.080512,0.126380,2.984560,2.985434
0.081770,0.095141,2.984391,2.984560
0.092012,0.096102,2.984858,2.984391
0.068416,0.086279,2.985478,2.984858
0.083274,0.052455,2.986201,2.985478
0.068171,0.066899,2.986502,2.986201
0.052109,0.035401,2.986508,2.986502
0.046991,0.027910,2.986317,2.986508
0.032447,0.033213,2.986101,2.986317
0.023240,0.036405,2.985924,2.986101
0.029505,0.048566,2.985842,2.985924
0.025411,0.036524,2.985807,2.985842
0.024781,0.045197,2.985719,2.985807
0.033736,0.034017,2.985702,2.985719
0.026783,0.048839,2.985711,2.985702
0.036742,0.037993,2.985593,2.985711
0.034386,0.020361,2.985604,2.985593
0.024130,0.036325,2.985679,2.985604
0.016326,0.018359,2.986048,2.985679
0.000000,0.007684,2.985595,2.986048
0.000000,0.001876,2.985348,2.985595
0.000000,0.025401,2.991644,2.985348
0.000000,0.000000,0.000000,0.000000
0.000000,0.011983,2.046218,0.000000
0.000000,0.049584,2.042070,2.046218
0.027579,0.037601,2.037898,2.042070
0.022200,0.039325,2.045683,2.037898
0.000000,0.050027,2.056348,2.045683
0.000000,0.032781,2.066395,2.056348
0.000000,0.039938,2.070251,2.066395
0.000000,0.031317,2.064180,2.070251
0.000000,0.032509,2.063211,2.064180
0.000000,0.019879,2.063081,2.063211
0.000000,0.050002,2.063247,2.063081
0.000000,0.036393,2.063229,2.063247
0.000000,0.030208,2.063043,2.063229
0.000000,0.026957,2.063532,2.063043
0.000000,0.034825,2.064303,2.063532
0.025047,0.015907,2.059040,2.064303
0.028722,0.017563,2.054992,2.059040
0.034816,0.023459,2.049353,2.054992
0.035106,0.023282,2.046206,2.049353
0.035737,0.011373,2.045520,2.046206
0.044206,0.024763,2.047536,2.045520
0.042401,0.042944,2.049880,2.047536
0.045510,0.048184,2.050628,2.049880
0.047310,0.034549,2.051146,2.050628
0.028456,0.017496,2.052511,2.051146
0.042826,0.049059,2.054122,2.052511
0.069000,0.045745,2.055736,2.054122
0.061879,0.052152,2.056503,2.055736
0.076811,0.024292,2.056643,2.056503
0.073306,0.045316,2.056342,2.056643
0.082228,0.014953,2.055850,2.056342
0.073136,0.036384,2.056209,2.055850
0.083076,0.075146,2.057538,2.056209
0.069461,0.041898,2.057931,2.057538
0.052030,0.030223,2.058239,2.057931
0.061543,0.037799,2.058830,2.058239
0.059484,0.064984,2.058230,2.058830
0.050435,0.002408,2.057072,2.058230
0.057540,0.028447,2.055799,2.057072
0.050034,0.048346,2.054971,2.055799
0.147145,0.046374,2.021794,2.054971
0.115415,0.096948,1.986860,2.021794
0.058350,0.183050,1.912521,1.986860
0.138604,0.268542,1.813622,1.912521
0.291337,0.395443,1.695748,1.813622
0.485882,0.416184,1.570140,1.695748
0.492185,0.497937,1.485643,1.570140
0.524453,0.700711,1.412432,1.485643
0.584520,0.653744,1.317026,1.412432
0.541810,0.711402,1.209590,1.317026
0.603359,0.907856,1.074856,1.209590
0.871236,0.796163,0.895710,1.074856
0.783188,0.785462,0.743968,0.895710
0.854203,0.983216,0.597813,0.743968
1.241645,0.821583,0.445907,0.597813
0.952597,0.814437,0.341340,0.445907
1.049144,0.950381,0.258277,0.341340
0.878277,0.792695,0.185164,0.258277
0.908082,0.785686,0.139903,0.185164
0.759963,0.944872,0.109497,0.139903
0.818828,0.781690,0.091587,0.109497
0.721175,0.816203,0.087298,0.091587
0.680128,0.917994,0.087535,0.087298
0.877206,0.748520,0.087427,0.087535
0.717438,0.852530,0.084109,0.087427
0.733143,0.988752,0.076907,0.084109
0.956715,0.830299,0.066615,0.076907
0.784032,0.832483,0.060824,0.066615
0.792089,0.966193,0.057678,0.060824
0.995116,0.833664,0.056740,0.057678
0.798025,0.866890,0.057027,0.056740
0.945165,0.992019,0.057523,0.057027
0.844724,0.812087,0.058219,0.057523
0.944387,0.826657,0.059073,0.058219
0.835574,0.973386,0.059880,0.059073
0.947383,0.827379,0.060487,0.059880
0.844035,0.846712,0.060409,0.060487
0.793651,0.966674,0.059869,0.060409
1.002712,0.837452,0.059070,0.059869
0.796032,0.870505,0.058306,0.059070
0.801225,0.964639,0.057604,0.058306
1.006101,0.801983,0.057111,0.057604
0.814454,0.985324,0.057186,0.057111
1.011351,0.977837,0.057433,0.057186
1.007072,0.825164,0.058129,0.057433
0.796988,1.009466,0.058561,0.058129
0.984935,1.027667,0.059062,0.058561
0.975973,0.965796,0.058975,0.059062
0.984460,0.820723,0.059067,0.058975
0.794583,0.827763,0.057338,0.059067
0.803605,0.984301,0.024630,0.057338
1.099942,0.797087,0.051719,0.024630
0.928708,0.772027,0.103167,0.051719
1.050277,0.901740,0.125767,0.103167
0.848633,0.679126,0.131359,0.125767
0.823727,0.647322,0.127884,0.131359
0.656226,0.702017,0.120744,0.127884
0.667213,0.533766,0.110620,0.120744
0.543859,0.530569,0.102100,0.110620
0.471743,0.570366,0.094431,0.102100
0.516431,0.421659,0.087333,0.094431
0.390576,0.404160,0.083097,0.087333
0.367620,0.445052,0.080576,0.083097
0.432798,0.294787,0.076627,0.080576
0.314892,0.318050,0.054118,0.076627
0.252361,0.366756,0.052002,0.054118
0.286811,0.266075,0.082862,0.052002
0.341927,0.287137,0.156704,0.082862
0.442506,0.291613,0.238342,0.156704
0.401756,0.235405,0.305261,0.238342
0.347133,0.227240,0.304789,0.305261
0.238191,0.296732,0.265001,0.304789
0.377093,0.268018,0.266942,0.265001
0.346870,0.321702,0.337786,0.266942
0.259987,0.416102,0.441711,0.337786
0.326654,0.381744,0.587081,0.441711
0.270086,0.467622,0.706891,0.587081
0.322603,0.641175,0.831677,0.706891
0.507792,0.648465,0.975538,0.831677
0.522602,0.718379,1.089812,0.975538
0.819904,0.895953,1.192756,1.089812
1.090829,0.785209,1.289924,1.192756
0.883310,0.817560,1.356858,1.289924
1.014157,0.966210,1.415382,1.356858
0.828041,0.775825,1.472489,1.415382
0.828291,0.775502,1.511763,1.472489
0.706256,0.921567,1.544542,1.511763
0.798014,0.775589,1.572791,1.544542
0.711288,0.806731,1.587624,1.572791
0.684418,0.946457,1.593949,1.587624
0.905925,0.775061,1.589393,1.593949
0.756401,0.799913,1.578573,1.589393
0.773183,0.969397,1.565955,1.578573
0.984852,0.807854,1.554314,1.565955
0.789303,0.984655,1.548907,1.554314
0.984949,0.957272,1.547841,1.548907
0.990711,0.842864,1.550836,1.547841
0.790512,0.996416,1.554530,1.550836
0.999484,0.833133,1.558341,1.554530
0.803787,0.856416,1.560184,1.558341
0.805892,0.964169,1.560753,1.560184
1.015964,0.799773,1.560129,1.560753
0.806965,0.843849,1.559103,1.560129
0.966387,0.990871,1.558071,1.559103
1.017388,0.811432,1.557439,1.558071
0.812591,0.846276,1.557341,1.557439
0.855797,0.965832,1.557586,1.557341
1.014562,0.819778,1.558180,1.557586
0.812907,0.847143,1.558635,1.558180
0.813135,0.993920,1.558996,1.558635
1.013069,0.799285,1.559234,1.558996
0.804234,0.830109,1.559292,1.559234
0.810881,1.013694,1.559417,1.559292
1.018044,0.826511,1.559575,1.559417
0.810503,0.855105,1.559753,1.559575
0.806324,0.982104,1.559877,1.559753
1.002198,0.814769,1.560052,1.559877
0.794330,0.835899,1.560270,1.560052
0.949052,0.970387,1.560524,1.560270
1.005659,0.822089,1.559839,1.560524
0.857420,0.858138,1.560008,1.559839
1.000348,0.927140,1.562215,1.560008
1.118726,0.722914,1.564021,1.562215
0.812213,0.693853,1.564372,1.564021
0.716190,0.794405,1.564152,1.564372
0.779291,0.614213,1.564106,1.564152
0.562956,0.572446,1.564954,1.564106
0.521724,0.613213,1.566857,1.564954
0.581145,0.441915,1.570088,1.566857
0.436509,0.454437,1.572997,1.570088
0.407481,0.490664,1.575689,1.572997
0.474924,0.347997,1.578714,1.575689
0.363777,0.368739,1.581452,1.578714
0.402333,0.387372,1.583902,1.581452
0.318769,0.305569,1.588432,1.583902
0.235187,0.307565,1.590990,1.588432
0.381032,0.314785,1.587461,1.590990
0.515541,0.252873,1.572850,1.587461
0.397220,0.253924,1.545809,1.572850
0.335267,0.263970,1.496958,1.545809
0.391002,0.251759,1.422903,1.496958
0.323740,0.306593,1.348306,1.422903
0.288039,0.364936,1.265241,1.348306
0.145366,0.322305,1.166853,1.265241
0.092132,0.403412,1.080322,1.166853
0.085437,0.587565,0.974431,1.080322
0.361822,0.483268,0.832334,0.974431
0.488968,0.601503,0.697374,0.832334
0.790971,0.817125,0.553323,0.697374
0.991273,0.762221,0.401412,0.553323
0.831571,0.818892,0.294571,0.401412
0.960087,0.961432,0.209276,0.294571
1.087849,0.814734,0.138711,0.209276
0.801262,0.793473,0.095400,0.138711
0.739771,0.882617,0.069054,0.095400
0.872114,0.779099,0.065404,0.069054
0.675976,0.807607,0.072759,0.065404
0.701707,0.905650,0.078929,0.072759
0.883541,0.797407,0.081129,0.078929
0.725877,0.797536,0.079197,0.081129
0.742823,0.949291,0.076259,0.079197
0.965891,0.765113,0.074871,0.076259
0.787163,0.828683,0.075204,0.074871
0.944744,0.949395,0.075081,0.075204
1.011147,0.818900,0.073928,0.075081
0.809091,0.846700,0.072572,0.073928
0.851205,0.989364,0.071468,0.072572
0.985307,0.811001,0.070404,0.071468
0.785701,0.806485,0.069690,0.070404
0.778574,0.969418,0.069172,0.069690
0.979000,0.827382,0.068763,0.069172
0.794725,0.873491,0.068510,0.068763
0.793542,1.003113,0.067806,0.068510
0.990984,0.803530,0.066592,0.067806
0.785958,0.831225,0.065587,0.066592
0.800069,1.001891,0.064678,0.065587
0.616764,0.811376,0.063440,0.064678
0.258501,0.863010,0.062735,0.063440
0.198569,0.972057,0.061948,0.062735
0.178554,0.819531,0.061117,0.061948
0.236234,0.850858,0.060848,0.061117
0.405324,0.993814,0.061089,0.060848
0.792296,0.825053,0.061635,0.061089
0.716897,0.832264,0.061753,0.061635
0.752326,1.016600,0.061732,0.061753
0.962298,0.812403,0.061758,0.061732
0.777307,0.844331,0.061531,0.061758
0.785919,0.961212,0.061235,0.061531
0.978561,0.780501,0.051525,0.061235
0.799799,0.829959,0.011814,0.051525
0.879514,1.057501,0.062384,0.011814
1.169444,0.888237,0.110323,0.062384
0.883936,0.818766,0.125983,0.110323
0.928016,0.885094,0.130595,0.125983
0.832614,0.847552,0.128437,0.130595
0.746112,0.755472,0.122272,0.128437
0.570093,0.579509,0.115159,0.122272
0.581760,0.556702,0.109294,0.115159
0.481766,0.572083,0.103908,0.109294
0.505962,0.426505,0.098586,0.103908
0.412830,0.437945,0.095477,0.098586
0.364125,0.401214,0.094048,0.095477
0.409599,0.339924,0.079368,0.094048
0.253858,0.303297,0.073187,0.079368
0.272413,0.360565,0.112837,0.073187
0.435294,0.231820,0.186413,0.112837
0.341182,0.212877,0.254829,0.186413
0.321563,0.270533,0.289949,0.254829
0.337427,0.229725,0.263656,0.289949
0.338043,0.245807,0.207484,0.263656
0.528740,0.343889,0.200334,0.207484
0.544210,0.296950,0.288262,0.200334
0.507696,0.331354,0.390972,0.288262
0.321057,0.463362,0.512821,0.390972
0.389877,0.452588,0.654409,0.512821
0.473858,0.544649,0.771255,0.654409
0.498352,0.798882,0.889879,0.771255
0.831387,0.724297,1.028509,0.889879
0.837162,0.804682,1.136739,1.028509
0.941891,1.019392,1.231506,1.136739
1.218590,0.829720,1.322296,1.231506
0.893762,0.849701,1.384925,1.322296
0.753783,0.995172,1.438744,1.384925
0.886934,0.835637,1.490182,1.438744
0.685722,0.835219,1.525350,1.490182
0.800465,0.992995,1.554573,1.525350
0.725076,0.832928,1.579303,1.554573
0.840256,0.976995,1.591214,1.579303
0.908686,1.014515,1.593652,1.591214
0.791484,0.841621,1.584256,1.593652
0.891566,1.038982,1.571869,1.584256
0.942008,0.850575,1.558867,1.571869
0.754389,0.864669,1.552206,1.558867
0.810933,1.037830,1.549995,1.552206
0.997513,0.855987,1.552181,1.549995
0.792084,0.907677,1.556276,1.552181
0.787158,1.030540,1.560718,1.556276
0.972750,0.866150,1.564731,1.560718
0.772782,0.852743,1.566570,1.564731
0.771820,1.017917,1.567187,1.566570
0.951237,0.862542,1.566933,1.567187
0.762895,0.860926,1.566512,1.566933
0.759782,1.019668,1.566309,1.566512
0.944397,0.835656,1.566654,1.566309
0.743326,0.844786,1.567564,1.566654
0.881275,0.976525,1.568957,1.567564
0.923588,0.838726,1.571066,1.568957
0.736597,0.835100,1.573074,1.571066
0.780416,0.978115,1.575160,1.573074
0.913489,0.823197,1.577468,1.575160
0.725776,0.858927,1.579322,1.577468
0.728384,0.967121,1.581248,1.579322
0.927682,0.820760,1.583389,1.581248
0.740230,0.861395,1.585253,1.583389
0.740012,0.990626,1.587267,1.585253
0.932489,0.814234,1.589706,1.587267
0.742862,0.853548,1.591737,1.589706
0.776641,0.971000,1.594440,1.591737
0.688719,0.786586,1.601619,1.594440
0.163331,0.786037,1.608742,1.601619
0.627228,0.860729,1.615113,1.608742
0.741564,0.673196,1.621937,1.615113
0.567801,0.592608,1.627994,1.621937
0.540977,0.665804,1.635167,1.627994
0.550957,0.492369,1.645352,1.635167
0.411609,0.462960,1.655533,1.645352
0.385666,0.483415,1.667807,1.655533
0.429053,0.402046,1.684531,1.667807
0.300030,0.339242,1.700460,1.684531
0.277694,0.388591,1.718735,1.700460
0.309088,0.333329,1.742029,1.718735
0.223935,0.299026,1.767456,1.742029
0.311568,0.273728,1.788357,1.767456
0.319004,0.249350,1.795559,1.788357
0.345318,0.259605,1.790137,1.795559
0.386657,0.179361,1.760477,1.790137
0.263089,0.235815,1.719432,1.760477
0.328767,0.284753,1.665669,1.719432
0.448403,0.280941,1.588493,1.665669
0.509055,0.256083,1.514512,1.588493
0.335377,0.411540,1.436163,1.514512
0.317806,0.458801,1.344372,1.436163
0.403178,0.568922,1.231762,1.344372
0.630420,0.556347,1.097879,1.231762
0.673118,0.667995,0.959845,1.097879
0.892745,0.876762,0.803430,0.959845
1.339263,0.834654,0.622685,0.803430
1.114433,0.866357,0.490000,0.622685
1.106389,1.023509,0.380602,0.490000
1.228111,0.857030,0.277589,0.380602
0.850036,0.847404,0.208159,0.277589
0.770179,0.973708,0.151920,0.208159
0.871513,0.966381,0.106421,0.151920
0.814185,0.988999,0.083983,0.106421
0.821958,0.850522,0.082068,0.083983
0.693972,0.870104,0.085585,0.082068
0.719170,0.996272,0.086578,0.085585
0.936587,0.861676,0.082155,0.086578
0.762858,0.845445,0.074954,0.082155
0.920820,1.045695,0.067186,0.074954
0.835899,0.891622,0.060406,0.067186
0.929037,0.910744,0.056461,0.060406
0.840354,1.035763,0.052763,0.056461
0.929562,0.885206,0.047448,0.052763
0.824498,0.876689,0.042744,0.047448
0.769471,1.039709,0.039164,0.042744
0.953300,0.860408,0.036401,0.039164
0.751459,0.860449,0.035573,0.036401
0.749825,1.006118,0.035976,0.035573
0.925045,0.869412,0.037921,0.035976
0.735540,0.865483,0.040136,0.037921
0.736735,0.967949,0.042663,0.040136
0.916807,0.815673,0.046678,0.042663
0.724113,0.874910,0.047874,0.046678
0.865485,0.996632,0.048406,0.047874
0.914729,0.839661,0.048222,0.048406
0.732961,0.991124,0.047442,0.048222
0.910867,0.975515,0.046370,0.047442
0.908575,0.844858,0.045812,0.046370
0.775372,1.021290,0.045431,0.045812
0.862904,0.830559,0.045378,0.045431
0.768644,0.826410,0.045704,0.045378
0.722485,0.992568,0.046499,0.045704
0.908281,0.840115,0.043432,0.046499
0.749293,0.851851,0.016988,0.043432
0.826722,0.994214,0.064249,0.016988
1.095808,0.748968,0.119718,0.064249
0.803749,0.738900,0.138164,0.119718
0.704579,0.800459,0.143409,0.138164
0.736899,0.587975,0.140839,0.143409
0.523989,0.614614,0.135129,0.140839
0.540332,0.602482,0.128224,0.135129
0.425058,0.443664,0.121060,0.128224
0.447262,0.505278,0.117229,0.121060
0.422503,0.474023,0.115918,0.117229
0.309214,0.362240,0.118250,0.115918
0.321959,0.367590,0.123008,0.118250
0.305227,0.273159,0.128006,0.123008
0.213882,0.248120,0.141815,0.128006
0.267584,0.249431,0.177078,0.141815
0.379262,0.211961,0.239231,0.177078
0.317918,0.197728,0.286714,0.239231
0.263943,0.256161,0.283906,0.286714
0.241485,0.216634,0.222727,0.283906
0.302602,0.237907,0.151026,0.222727
0.376522,0.355263,0.157224,0.151026
0.262434,0.304514,0.261436,0.157224
0.118986,0.305471,0.378049,0.261436
0.031473,0.426299,0.509871,0.378049
0.106706,0.435727,0.658440,0.509871
0.167477,0.526195,0.777064,0.658440
0.213035,0.721756,0.900767,0.777064
0.432416,0.709964,1.042723,0.900767
0.505370,0.811339,1.152307,1.042723
0.727539,0.991707,1.247524,1.152307
1.076313,0.848559,1.336188,1.247524
0.893788,0.879920,1.396324,1.336188
0.852346,1.014350,1.446838,1.396324
0.985272,0.839077,1.495257,1.446838
0.757054,0.884193,1.529183,1.495257
0.736641,0.986801,1.557932,1.529183
0.917409,0.808223,1.582458,1.557932
0.722380,0.838913,1.594259,1.582458
0.724038,1.012667,1.596909,1.594259
0.905185,0.814469,1.588598,1.596909
0.733028,0.855881,1.576702,1.588598
0.875176,0.976495,1.564730,1.576702
0.921589,0.833178,1.555047,1.564730
0.748945,0.874215,1.551745,1.555047
0.804524,0.994882,1.552392,1.551745
0.958406,0.866307,1.556254,1.552392
0.777681,0.874110,1.560346,1.556254
0.764669,1.003047,1.564135,1.560346
0.957976,0.833354,1.567132,1.564135
0.768883,0.871198,1.568324,1.567132
0.767291,1.031581,1.568524,1.568324
0.957790,0.831644,1.568068,1.568524
0.760942,0.864359,1.567542,1.568068
0.752315,1.019977,1.567258,1.567542
0.932703,0.821314,1.567439,1.567258
0.745924,0.834104,1.568092,1.567439
0.880173,1.012568,1.569085,1.568092
0.924207,0.814084,1.570625,1.569085
0.734107,0.821991,1.572130,1.570625
0.777550,0.996653,1.573767,1.572130
0.910796,1.010123,1.575861,1.573767
0.916854,0.991601,1.578224,1.575861
0.874040,0.810650,1.580641,1.578224
0.784927,0.836554,1.582739,1.580641
0.739296,0.993108,1.584912,1.582739
0.915574,0.811491,1.587522,1.584912
0.736964,0.822722,1.589702,1.587522
0.791069,0.978784,1.592449,1.589702
1.110239,0.782584,1.599169,1.592449
0.885996,0.799792,1.605373,1.599169
0.796446,0.874175,1.610778,1.605373
0.833888,0.689299,1.616705,1.610778
0.593968,0.580467,1.622159,1.616705
0.630580,0.650978,1.628894,1.622159
0.496917,0.509846,1.638647,1.628894
0.493840,0.487735,1.648516,1.638647
0.397498,0.514768,1.660270,1.648516
0.418042,0.391610,1.675925,1.660270
0.358716,0.367885,1.690722,1.675925
0.322578,0.411946,1.707631,1.690722
0.372781,0.283794,1.729474,1.707631
0.242581,0.279949,1.749827,1.729474
0.234380,0.302626,1.777761,1.749827
0.316436,0.245889,1.825552,1.777761
0.299527,0.223820,1.881125,1.825552
0.266401,0.296120,1.951320,1.881125
0.246401,0.244279,2.042254,1.951320
0.233016,0.279981,2.119121,2.042254
0.442255,0.346503,2.206560,2.119121
0.641284,0.301485,2.326967,2.206560
0.622148,0.282595,2.441396,2.326967
0.273355,0.334174,2.568166,2.441396
0.162636,0.303223,2.717580,2.568166
0.167459,0.434962,2.835967,2.717580
0.268173,0.480605,2.939724,2.835967
0.415949,0.500301,3.030101,2.939724
0.487984,0.608629,3.079253,3.030101
0.704360,0.770656,3.109911,3.079253
1.049005,0.684597,3.130668,3.109911
0.899947,0.717446,3.141602,3.130668
0.936419,0.845337,3.134443,3.141602
1.155624,0.719380,3.129742,3.134443
0.840963,0.716253,3.132551,3.129742
0.916384,0.846544,3.140324,3.132551
0.776220,0.712949,3.133974,3.140324
0.859435,0.710558,3.127806,3.133974
0.768236,0.842703,3.124824,3.127806
0.856647,0.701048,3.125308,3.124824
0.794393,0.721650,3.127927,3.125308
0.726086,0.859369,3.131494,3.127927
0.941914,0.711662,3.135448,3.131494
0.773097,0.726662,3.137690,3.135448
0.781882,0.861754,3.138914,3.137690
0.968213,0.743553,3.139162,3.138914
0.790054,0.756209,3.138877,3.139162
0.790505,0.891396,3.138463,3.138877
0.987471,0.723433,3.138099,3.138463
0.800513,0.761449,3.138015,3.138099
0.956679,0.897555,3.138140,3.138015
0.856935,0.730019,3.138691,3.138140
0.962492,0.762874,3.139405,3.138691
0.862378,0.887036,3.140203,3.139405
0.970603,0.767672,3.141107,3.140203
0.862074,0.762330,3.141651,3.141107
0.814253,0.867784,3.141954,3.141651
1.016030,0.768721,3.142316,3.141954
0.817478,0.747326,3.141946,3.142316
0.823698,0.911973,3.141443,3.141946
1.034040,0.748923,3.140391,3.141443
0.824686,0.765269,3.139300,3.140391
0.816525,0.914028,3.138145,3.139300
1.013540,0.727058,3.136874,3.138145
0.820252,0.769913,3.135853,3.136874
0.984972,0.888913,3.134789,3.135853
0.874469,0.767067,3.133608,3.134789
1.001963,0.762896,3.132609,3.133608
0.898515,0.865421,3.131716,3.132609
0.992034,0.787748,3.130806,3.131716
0.883387,0.758587,3.129955,3.130806
0.820925,0.937115,3.128599,3.129955
1.066385,0.746175,3.125448,3.128599
0.913354,0.784398,3.122433,3.125448
0.937853,0.822473,3.119503,3.122433
1.088862,0.696776,3.115575,3.119503
0.796347,0.668506,3.111890,3.115575
0.728661,0.741308,3.107778,3.111890
0.825653,0.576299,3.102461,3.107778
0.604624,0.523367,3.097474,3.102461
0.677122,0.560288,3.091941,3.097474
0.569734,0.460254,3.085035,3.091941
0.593680,0.427361,3.078761,3.085035
0.495957,0.456575,3.071855,3.078761
0.511549,0.394335,3.063015,3.071855
0.435104,0.368773,3.054918,3.063015
0.403444,0.390255,3.046093,3.054918
0.469823,0.287261,3.035450,3.046093
0.351009,0.335973,3.026287,3.035450
0.331777,0.324506,3.016660,3.026287
0.375274,0.262341,3.004774,3.016660
0.266560,0.254703,2.994076,3.004774
0.255133,0.263469,2.984630,2.994076
0.313013,0.198188,2.981431,2.984630
0.238058,0.189928,2.984848,2.981431
0.265168,0.230116,2.990907,2.984848
0.206310,0.180444,2.998185,2.990907
0.194395,0.112569,3.002574,2.998185
0.147987,0.140119,3.004759,3.002574
0.152041,0.123660,3.004563,3.004759
0.112458,0.114821,3.002979,3.004563
0.095257,0.128321,3.000963,3.002979
0.107578,0.105204,2.998985,3.000963
0.086172,0.089311,2.997874,2.998985
0.075592,0.101614,2.997463,2.997874
0.084097,0.081669,2.997553,2.997463
0.063220,0.075965,2.997999,2.997553
0.057657,0.061717,2.998517,2.997999
0.064459,0.063373,2.998945,2.998517
0.069563,0.058191,2.999090,2.998945
0.054275,0.045825,2.998953,2.999090
0.036315,0.040852,2.998766,2.998953
0.030211,0.073303,2.998649,2.998766
0.037443,0.026820,2.998559,2.998649
0.030421,0.041148,2.998616,2.998559
0.033361,0.018445,2.998619,2.998616
0.034694,0.017592,2.998608,2.998619
0.025578,0.024820,2.998636,2.998608
0.024463,0.042367,2.998621,2.998636
0.025687,0.036084,2.998512,2.998621
0.022998,0.018658,2.998316,2.998512
0.019842,0.022062,2.998221,2.998316
0.028352,0.006875,2.998276,2.998221
0.000000,0.000000,0.000000,0.000000
0.000000,0.037694,2.041348,0.000000
0.026924,0.031734,2.012154,2.041348
0.027185,0.047034,1.989511,2.012154
0.031426,0.075526,1.976613,1.989511
0.023071,0.028888,1.969872,1.976613
0.000000,0.021548,1.969865,1.969872
0.000000,0.028787,1.974923,1.969865
0.000000,0.026586,1.973863,1.974923
0.000000,0.020186,1.973043,1.973863
0.000000,0.045345,1.972722,1.973043
0.000000,0.044779,1.973019,1.972722
0.000000,0.014248,1.973588,1.973019
0.000000,0.004800,1.972817,1.973588
0.059781,0.029070,1.973054,1.972817
0.075758,0.033995,1.973522,1.973054
0.070683,0.032227,1.972406,1.973522
0.076774,0.032321,1.971485,1.972406
0.104452,0.050655,1.971567,1.971485
0.103818,0.025817,1.973185,1.971567
0.086677,0.052051,1.974575,1.973185
0.072338,0.021643,1.975118,1.974575
0.069226,0.027017,1.975504,1.975118
0.078314,0.029840,1.974721,1.975504
0.060299,0.041613,1.972582,1.974721
0.064148,0.028420,1.970391,1.972582
0.053174,0.009484,1.969383,1.970391
0.064449,0.015095,1.969528,1.969383
0.051049,0.038151,1.970038,1.969528
0.093195,0.017097,1.970601,1.970038
0.135262,0.014425,1.957837,1.970601
0.191662,0.050122,1.931047,1.957837
0.168481,0.076199,1.890936,1.931047
0.134815,0.203271,1.824369,1.890936
0.055372,0.257427,1.709779,1.824369
0.186379,0.315556,1.603124,1.709779
0.312528,0.471239,1.503034,1.603124
0.484869,0.508694,1.406833,1.503034
0.472057,0.603120,1.336573,1.406833
0.540461,0.779658,1.253630,1.336573
0.500504,0.694529,1.121771,1.253630
0.670357,0.760220,0.983819,1.121771
0.496353,0.920395,0.828007,0.983819
0.892293,0.801772,0.651799,0.828007
1.045228,0.829595,0.519326,0.651799
0.984499,0.973198,0.401563,0.519326
1.116375,0.796344,0.290952,0.401563
0.842815,0.810281,0.220513,0.290952
0.800197,0.936208,0.164031,0.220513
0.927365,0.781230,0.115932,0.164031
0.712901,0.957583,0.092727,0.115932
0.870361,0.937546,0.083295,0.092727
0.865663,0.826382,0.085644,0.083295
0.706335,0.964040,0.087777,0.085644
0.911640,0.792365,0.085199,0.087777
0.732518,0.829459,0.078531,0.085199
0.762040,0.955659,0.069736,0.078531
0.988619,0.808603,0.062027,0.069736
0.795774,0.828002,0.058482,0.062027
0.936325,0.981108,0.058146,0.058482
0.970436,0.836565,0.059006,0.058146
0.772674,0.826357,0.059541,0.059006
0.845769,0.993417,0.060104,0.059541
0.995757,0.798202,0.060381,0.060104
0.789411,0.829401,0.060436,0.060381
0.796093,1.002079,0.060229,0.060436
0.993915,0.841630,0.059715,0.060229
0.798223,0.827980,0.059361,0.059715
0.803569,0.977902,0.058538,0.059361
1.007344,0.806163,0.057771,0.058538
0.801941,0.844583,0.057329,0.057771
0.804378,1.014616,0.057264,0.057329
1.007602,0.815150,0.057280,0.057264
0.801054,0.813104,0.056964,0.057280
0.952629,0.982701,0.056690,0.056964
0.997995,0.816034,0.057281,0.056690
0.789994,0.840297,0.058232,0.057281
0.827478,0.991746,0.059273,0.058232
0.972060,0.820433,0.060281,0.059273
0.770607,0.831519,0.061249,0.060281
0.783227,0.976560,0.061501,0.061249
1.006923,0.838077,0.031951,0.061501
0.877351,0.823110,0.029779,0.031951
0.921599,0.937755,0.089139,0.029779
1.123049,0.714115,0.121228,0.089139
0.822450,0.727616,0.128948,0.121228
0.737369,0.781972,0.127924,0.128948
0.812149,0.576532,0.121108,0.127924
0.583797,0.535477,0.113063,0.121108
0.624217,0.617873,0.103724,0.113063
0.596495,0.477926,0.093009,0.103724
0.434707,0.422267,0.085407,0.093009
0.424398,0.490945,0.079567,0.085407
0.471532,0.378101,0.075781,0.079567
0.353369,0.351476,0.075023,0.075781
0.318907,0.378057,0.059139,0.075023
0.297479,0.289823,0.052024,0.059139
0.209018,0.320617,0.065740,0.052024
0.301497,0.322792,0.127472,0.065740
0.537657,0.262532,0.221723,0.127472
0.410801,0.252108,0.290146,0.221723
0.351990,0.280193,0.308580,0.290146
0.289886,0.254325,0.267277,0.308580
0.289344,0.289247,0.242659,0.267277
0.470810,0.331122,0.291247,0.242659
0.444418,0.347824,0.399434,0.291247
0.246822,0.486994,0.517499,0.399434
0.275090,0.542582,0.661292,0.517499
0.331651,0.541400,0.803057,0.661292
0.413360,0.740535,0.924014,0.803057
0.638008,0.709822,1.060617,0.924014
0.881271,0.750791,1.163281,1.060617
0.877056,0.960420,1.251680,1.163281
1.076279,0.802570,1.337394,1.251680
0.797517,0.801496,1.398467,1.337394
0.719365,0.949034,1.451946,1.398467
0.803249,0.783295,1.503081,1.451946
0.621887,0.825368,1.537272,1.503081
0.630352,0.903237,1.564742,1.537272
0.840455,0.797617,1.586309,1.564742
0.681303,0.800710,1.594914,1.586309
0.855094,0.940565,1.594040,1.594914
0.801405,0.798070,1.582936,1.594040
0.913144,0.838188,1.570381,1.582936
0.826180,0.957834,1.559095,1.570381
0.934271,0.806246,1.550814,1.559095
0.837391,0.815149,1.548348,1.550814
0.809896,0.992659,1.549162,1.548348
1.010488,0.804263,1.552757,1.549162
0.809523,0.829598,1.556198,1.552757
0.794020,0.972709,1.559016,1.556198
0.988840,0.815424,1.560758,1.559016
0.789690,0.841790,1.561036,1.560758
0.799315,1.008121,1.560531,1.561036
0.998993,0.809137,1.559575,1.560531
0.799550,0.827392,1.558877,1.559575
0.965932,0.983117,1.558453,1.558877
0.869160,0.834007,1.558298,1.558453
0.960921,0.819601,1.558511,1.558298
0.857864,0.966755,1.558961,1.558511
0.942391,0.831438,1.559456,1.558961
0.850448,0.843388,1.559759,1.559456
0.793465,0.955647,1.560011,1.559759
1.000344,0.824761,1.560225,1.560011
0.799178,0.849980,1.560393,1.560225
0.782698,1.000044,1.560382,1.560393
0.994332,0.797021,1.560069,1.560382
0.790393,0.848766,1.559766,1.560069
0.785426,0.967791,1.559584,1.559766
0.990895,0.814585,1.559577,1.559584
0.813061,0.827662,1.559073,1.559577
0.995330,0.958809,1.559181,1.559073
0.988707,0.803776,1.562706,1.559181
1.091450,0.772534,1.565640,1.562706
0.873260,0.865790,1.567181,1.565640
0.850443,0.642409,1.567609,1.567181
0.682658,0.601491,1.567597,1.567609
0.588575,0.674504,1.567902,1.567597
0.658444,0.519720,1.569131,1.567902
0.487829,0.509740,1.571463,1.569131
0.434367,0.566505,1.575290,1.571463
0.504519,0.417622,1.581310,1.575290
0.388471,0.394083,1.587290,1.581310
0.365913,0.423317,1.593584,1.587290
0.420295,0.317735,1.599385,1.593584
0.266956,0.310254,1.603475,1.599385
0.251431,0.361248,1.606257,1.603475
0.336937,0.302635,1.601088,1.606257
0.467088,0.265173,1.588136,1.601088
0.428316,0.292315,1.564134,1.588136
0.415511,0.260581,1.510019,1.564134
0.331856,0.258962,1.450290,1.510019
0.285245,0.329440,1.376254,1.450290
0.361725,0.307479,1.279998,1.376254
0.212516,0.330517,1.196830,1.279998
0.178887,0.431528,1.109694,1.196830
0.149359,0.414910,0.991748,1.109694
0.114578,0.484291,0.874487,0.991748
0.323194,0.694737,0.741401,0.874487
0.602229,0.679236,0.572457,0.741401
0.656279,0.719740,0.440814,0.572457
0.896945,0.951586,0.325311,0.440814
0.891208,0.759703,0.219019,0.325311
1.002254,0.808938,0.158050,0.219019
0.837560,0.946598,0.111239,0.158050
0.881441,0.945391,0.074719,0.111239
0.886487,0.940116,0.063020,0.074719
0.863666,0.809010,0.069005,0.063020
0.695089,0.787244,0.074744,0.069005
0.744883,0.931841,0.077371,0.074744
0.914786,0.769906,0.075768,0.077371
0.746219,0.834877,0.073804,0.075768
0.760026,0.968283,0.073734,0.073804
0.950034,0.793657,0.075230,0.073734
0.781763,0.793785,0.076249,0.075230
0.794784,0.987285,0.075642,0.076249
0.995615,0.827682,0.073534,0.075642
0.793700,0.847252,0.071641,0.073534
0.783436,0.958493,0.070120,0.071641
0.991484,0.828290,0.068742,0.070120
0.788763,0.815502,0.067669,0.068742
0.942411,0.994419,0.066201,0.067669
1.004980,0.772413,0.063977,0.066201
0.806821,0.847466,0.062410,0.063977
0.855091,1.007536,0.061604,0.062410
0.991992,0.857016,0.061561,0.061604
0.794740,0.835970,0.061742,0.061561
0.802517,0.974990,0.061591,0.061742
1.003575,0.835990,0.060791,0.061591
0.798706,0.832858,0.059995,0.060791
0.799314,0.967202,0.059598,0.059995
0.989584,0.835513,0.059594,0.059598
0.795415,0.832532,0.060239,0.059594
0.788338,0.946929,0.061097,0.060239
0.980832,0.820755,0.062253,0.061097
0.779137,0.850690,0.062892,0.062253
0.928216,0.997875,0.063368,0.062892
0.983394,0.822664,0.063710,0.063368
0.786757,0.985364,0.063624,0.063710
0.978321,0.976535,0.054006,0.063624
1.033133,0.824173,0.012683,0.054006
0.967105,1.020919,0.072450,0.012683
1.061946,0.869809,0.115748,0.072450
0.884525,0.847277,0.127869,0.115748
0.753947,0.854460,0.129996,0.127869
0.826389,0.685106,0.126366,0.129996
0.608741,0.667165,0.120658,0.126366
0.555430,0.682236,0.114020,0.120658
0.610793,0.513145,0.106511,0.114020
0.456278,0.601845,0.101252,0.106511
0.538217,0.530137,0.096794,0.101252
0.492557,0.442722,0.095300,0.096794
0.363975,0.420185,0.096648,0.095300
0.389008,0.340084,0.082026,0.096648
0.220752,0.285779,0.096171,0.082026
0.259602,0.333093,0.141903,0.096171
0.396888,0.206918,0.216827,0.141903
0.325120,0.226351,0.276562,0.216827
0.329637,0.253424,0.286300,0.276562
0.367329,0.275510,0.237468,0.286300
0.515447,0.354349,0.168359,0.237468
0.557041,0.295526,0.215960,0.168359
0.526440,0.318390,0.312296,0.215960
0.344325,0.435334,0.426321,0.312296
0.405095,0.430804,0.565821,0.426321
0.444408,0.518101,0.678579,0.565821
0.495219,0.709275,0.793472,0.678579
0.795203,0.670307,0.929513,0.793472
0.728205,0.805578,1.044471,0.929513
0.862177,0.980866,1.152706,1.044471
1.179117,0.830258,1.258968,1.152706
0.936237,0.838285,1.333368,1.258968
0.883699,0.996286,1.397109,1.333368
0.949769,0.833983,1.457979,1.397109
0.705784,0.833381,1.499039,1.457979
0.800988,0.985146,1.533144,1.499039
0.707104,0.839441,1.563707,1.533144
0.825828,0.857130,1.581519,1.563707
0.763658,0.976714,1.591667,1.581519
0.872258,0.827353,1.591980,1.591667
0.789889,0.845197,1.583745,1.591980
0.744191,1.010810,1.571687,1.583745
0.923879,0.853567,1.558799,1.571687
0.742203,0.878646,1.552010,1.558799
0.747369,1.028305,1.549505,1.552010
0.950356,0.880952,1.551132,1.549505
0.776457,0.878937,1.554754,1.551132
0.778178,1.015154,1.558885,1.554754
0.976099,0.864550,1.562915,1.558885
0.778395,0.888912,1.565153,1.562915
0.921643,1.027277,1.566320,1.565153
0.811292,0.872804,1.566738,1.566320
0.906189,0.865071,1.566694,1.566738
0.809731,1.024179,1.566783,1.566694
0.906486,0.829698,1.567360,1.566783
0.802104,0.841237,1.568398,1.567360
0.756253,0.975725,1.569752,1.568398
0.933301,0.840407,1.571595,1.569752
0.748183,0.849240,1.573264,1.571595
0.740562,1.000869,1.574901,1.573264
0.914291,0.826110,1.576763,1.574901
0.730444,0.994366,1.578306,1.576763
0.919452,0.984564,1.580393,1.578306
0.920488,0.842297,1.582787,1.580393
0.736411,0.997244,1.585127,1.582787
0.928350,0.805260,1.588121,1.585127
0.749254,0.825172,1.590894,1.588121
0.745140,1.008553,1.593701,1.590894
1.041623,0.794487,1.599566,1.593701
0.892118,0.811458,1.606803,1.599566
1.019233,0.877046,1.613461,1.606803
0.956864,0.681259,1.620237,1.613461
0.641908,0.622697,1.626008,1.620237
0.593331,0.695701,1.632910,1.626008
0.618663,0.537397,1.642399,1.632910
0.449648,0.502390,1.652052,1.642399
0.402022,0.513973,1.663582,1.652052
0.428953,0.401825,1.679047,1.663582
0.322223,0.341451,1.693354,1.679047
0.292346,0.405747,1.709364,1.693354
0.330761,0.303819,1.729722,1.709364
0.237150,0.292043,1.747478,1.729722
0.191108,0.317594,1.766255,1.747478
0.368118,0.218429,1.780507,1.766255
0.346559,0.235741,1.781069,1.780507
0.374772,0.219868,1.766391,1.781069
0.300250,0.205564,1.724625,1.766391
0.250129,0.240685,1.677733,1.724625
0.399461,0.305304,1.616671,1.677733
0.605518,0.255869,1.531312,1.616671
0.391820,0.301032,1.451904,1.531312
0.283217,0.417987,1.368201,1.451904
0.299010,0.393406,1.273134,1.368201
0.231942,0.493132,1.179389,1.273134
0.330509,0.692467,1.064379,1.179389
0.719459,0.710281,0.894742,1.064379
0.754929,0.778018,0.738980,0.894742
0.954968,0.952713,0.584508,0.738980
1.381695,0.845789,0.430420,0.584508
1.093429,0.863745,0.332027,0.430420
1.188315,1.031425,0.251362,0.332027
1.086016,0.864330,0.176623,0.251362
0.777537,0.860633,0.128209,0.176623
0.735285,0.995804,0.092406,0.128209
0.801780,0.806495,0.071565,0.092406
0.677137,0.841521,0.070705,0.071565
0.706275,0.966665,0.076594,0.070705
0.894383,0.844763,0.081677,0.076594
0.727621,0.859154,0.080807,0.081677
0.737579,1.021183,0.075541,0.080807
0.942452,0.873132,0.067905,0.075541
0.777000,0.891760,0.063307,0.067905
0.793546,1.074481,0.059798,0.063307
0.977929,0.866897,0.055105,0.059798
0.781016,0.886239,0.050417,0.055105
0.917972,1.042903,0.045704,0.050417
0.963336,0.843343,0.041194,0.045704
0.763644,0.869979,0.038566,0.041194
0.805547,1.036601,0.037099,0.038566
0.938675,0.837381,0.037034,0.037099
0.743352,0.873749,0.037916,0.037034
0.737423,1.010095,0.039237,0.037916
0.916996,0.838055,0.041596,0.039237
0.734635,0.844864,0.043519,0.041596
0.733309,1.005113,0.044880,0.043519
0.910287,0.823574,0.045657,0.044880
0.725538,0.861000,0.045882,0.045657
0.723557,0.997286,0.045872,0.045882
0.910500,0.794850,0.045803,0.045872
0.725769,0.853805,0.045649,0.045803
0.860960,1.001215,0.045792,0.045649
0.905801,0.838340,0.046631,0.045792
0.720480,0.851123,0.047581,0.046631
0.757260,0.985159,0.048640,0.047581
0.890222,0.819090,0.049207,0.048640
0.717542,0.838579,0.026380,0.049207
0.788823,0.962944,0.038536,0.026380
1.109623,0.758902,0.105297,0.038536
0.853832,0.752957,0.131630,0.105297
0.757914,0.855189,0.141239,0.131630
0.813965,0.755297,0.141366,0.141239
0.680524,0.690833,0.135509,0.141366
0.588409,0.503546,0.127899,0.135509
0.422662,0.484161,0.122583,0.127899
0.395512,0.533418,0.119082,0.122583
0.440439,0.371593,0.118091,0.119082
0.326902,0.360717,0.119881,0.118091
0.349316,0.398192,0.124192,0.119881
0.282246,0.296621,0.130443,0.124192
0.281392,0.277774,0.132686,0.130443
0.236961,0.288830,0.154386,0.132686
0.325471,0.217690,0.203029,0.154386
0.349075,0.196515,0.256991,0.203029
0.338939,0.206462,0.293375,0.256991
0.303851,0.196242,0.271601,0.293375
0.285307,0.223259,0.209152,0.271601
0.398201,0.330826,0.148333,0.209152
0.567016,0.293634,0.202772,0.148333
0.303004,0.319741,0.305398,0.202772
0.237935,0.421504,0.429349,0.305398
0.267810,0.409986,0.573872,0.429349
0.268430,0.523573,0.690608,0.573872
0.437566,0.690850,0.811249,0.690608
0.485960,0.662869,0.951795,0.811249
0.706105,0.772689,1.067654,0.951795
0.880353,0.945179,1.174659,1.067654
1.129456,0.840392,1.278217,1.174659
1.002059,0.854781,1.349701,1.278217
0.865964,1.036626,1.409487,1.349701
0.971943,0.832168,1.466088,1.409487
0.725046,0.857853,1.505472,1.466088
0.704750,0.994343,1.539254,1.505472
0.877665,0.834679,1.570148,1.539254
0.715153,0.835786,1.588036,1.570148
0.724570,0.976982,1.597725,1.588036
0.918359,0.833911,1.596759,1.597725
0.747080,0.878923,1.587459,1.596759
0.907136,1.027485,1.574599,1.587459
0.806529,0.869349,1.561146,1.574599
0.915921,0.871561,1.554103,1.561146
0.825538,1.033772,1.551569,1.554103
0.926668,0.857468,1.553318,1.551569
0.836983,0.879585,1.556953,1.553318
0.790923,1.009104,1.561108,1.556953
0.986172,0.867509,1.565078,1.561108
0.780241,0.879048,1.567053,1.565078
0.771141,1.012724,1.567927,1.567053
0.955289,0.846546,1.567838,1.567927
0.756172,0.857919,1.567544,1.567838
0.746447,1.015895,1.567388,1.567544
0.930139,0.810985,1.567901,1.567388
0.743694,0.836897,1.568881,1.567901
0.873555,0.989162,1.570353,1.568881
0.775826,0.832640,1.572377,1.570353
0.868398,0.841456,1.574285,1.572377
0.774503,0.980515,1.576263,1.574285
0.869608,0.811258,1.578579,1.576263
0.775496,0.822782,1.580532,1.578579
0.728180,0.984840,1.582370,1.580532
0.917757,0.807483,1.584524,1.582370
0.744450,0.814089,1.586426,1.584524
0.745422,0.995829,1.588603,1.586426
0.920004,0.805333,1.591367,1.588603
0.737134,0.844389,1.593749,1.591367
0.798159,0.998037,1.597997,1.593749
1.102144,0.784307,1.606437,1.597997
0.849385,0.755055,1.613008,1.606437
0.868727,0.836995,1.618929,1.613008
0.677856,0.623876,1.625820,1.618929
0.662009,0.601888,1.632475,1.625820
0.530458,0.623112,1.640573,1.632475
0.542213,0.595378,1.651838,1.640573
0.504986,0.528013,1.665199,1.651838
0.450322,0.395945,1.679739,1.665199
0.335268,0.373049,1.692899,1.679739
0.338988,0.410942,1.707432,1.692899
0.373343,0.303650,1.725904,1.707432
0.274154,0.289659,1.742358,1.725904
0.232845,0.292002,1.764992,1.742358
0.306828,0.246708,1.805611,1.764992
0.271166,0.240359,1.855506,1.805611
0.265922,0.246872,1.921120,1.855506
0.298393,0.236507,2.008320,1.921120
0.273092,0.288433,2.083080,2.008320
0.436149,0.355744,2.166118,2.083080
0.781646,0.301046,2.280596,2.166118
0.676236,0.310309,2.390468,2.280596
0.588511,0.352824,2.513936,2.390468
0.435525,0.318327,2.663662,2.513936
0.352700,0.352756,2.785345,2.663662
0.363584,0.503779,2.896966,2.785345
0.418601,0.504125,2.999191,2.896966
0.434218,0.576495,3.058383,2.999191
0.612833,0.768138,3.096803,3.058383
0.993177,0.649526,3.122945,3.096803
0.880253,0.711651,3.136463,3.122945
0.920450,0.849015,3.138080,3.136463
1.194540,0.701379,3.130634,3.138080
0.871734,0.740273,3.130755,3.130634
0.794604,0.850785,3.136653,3.130755
0.920065,0.683907,3.137727,3.136653
0.719465,0.730748,3.130608,3.137727
0.846869,0.825811,3.126296,3.130608
0.900746,0.709125,3.125379,3.126296
0.740474,0.690481,3.127285,3.125379
0.804092,0.857774,3.130575,3.127285
0.950223,0.704390,3.134548,3.130575
0.772335,0.722479,3.137087,3.134548
0.781148,0.851526,3.138620,3.137087
0.969916,0.710006,3.139290,3.138620
0.784502,0.752060,3.139204,3.139290
0.789074,0.876470,3.138783,3.139204
0.997035,0.740439,3.138252,3.138783
0.794649,0.755430,3.138054,3.138252
0.799005,0.879872,3.138258,3.138054
0.998370,0.754924,3.138886,3.138258
0.802524,0.764939,3.139615,3.138886
0.940244,0.891511,3.140339,3.139615
1.009586,0.764955,3.140980,3.140339
0.815688,0.771123,3.141411,3.140980
0.868228,0.879757,3.141707,3.141411
1.037080,0.766219,3.141631,3.141707
0.834939,0.754014,3.141539,3.141631
0.819874,0.913625,3.141578,3.141539
1.024933,0.756920,3.141860,3.141578
0.818631,0.796056,3.142288,3.141860
0.818325,0.918502,3.141822,3.142288
1.020805,0.737632,3.140944,3.141822
0.825570,0.784073,3.140110,3.140944
0.823924,0.887077,3.139202,3.140110
1.030540,0.785091,3.137993,3.139202
0.834148,0.758924,3.136741,3.137993
1.015091,0.922044,3.135019,3.136741
1.076535,0.747435,3.132519,3.135019
0.854680,0.798107,3.130147,3.132519
0.895239,0.897138,3.127468,3.130147
1.066699,0.746575,3.123364,3.127468
0.905848,0.785980,3.119956,3.123364
0.954108,0.851778,3.117678,3.119956
1.141738,0.709953,3.115605,3.117678
0.822088,0.661034,3.113483,3.115605
0.755207,0.732481,3.110366,3.113483
0.869512,0.565669,3.104789,3.110366
0.617387,0.553483,3.098459,3.104789
0.569975,0.612663,3.090732,3.098459
0.674736,0.474626,3.080512,3.090732
0.510047,0.453824,3.071215,3.080512
0.560822,0.462883,3.061213,3.071215
0.554597,0.412205,3.049447,3.061213
0.425653,0.428788,3.039849,3.049447
0.485792,0.415735,3.028856,3.039849
0.450160,0.290916,3.018758,3.028856
0.363387,0.338167,3.010319,3.018758
0.376182,0.265185,3.000251,3.010319
0.312112,0.246453,2.991514,3.000251
0.274982,0.273668,2.982472,2.991514
0.311817,0.194967,2.975392,2.982472
0.235405,0.216130,2.975091,2.975392
0.225074,0.248477,2.978338,2.975091
0.265710,0.189464,2.983979,2.978338
0.201125,0.170706,2.988354,2.983979
0.166793,0.182720,2.991484,2.988354
0.195903,0.125146,2.992880,2.991484
0.139752,0.148407,2.992336,2.992880
0.145110,0.108109,2.990880,2.992336
0.122134,0.114400,2.989000,2.990880
0.120537,0.087496,2.987811,2.989000
0.108401,0.124133,2.987182,2.987811
0.111641,0.080378,2.987017,2.987182
0.090326,0.073141,2.987164,2.987017
0.072919,0.061650,2.987569,2.987164
0.052537,0.059165,2.988016,2.987569
0.037197,0.054593,2.988280,2.988016
0.022989,0.092902,2.988439,2.988280
0.000000,0.020546,2.988417,2.988439
0.021084,0.041831,2.988270,2.988417
0.017258,0.046255,2.988028,2.988270
0.000000,0.051961,2.987783,2.988028
0.017400,0.026037,2.987694,2.987783
0.029382,0.023335,2.987696,2.987694
0.031144,0.017164,2.987784,2.987696
0.035459,0.021857,2.987945,2.987784
0.034435,0.047489,2.987980,2.987945
0.038366,0.011757,2.987909,2.987980
0.037518,0.012532,2.987798,2.987909
0.029877,0.017482,2.987622,2.987798
0.032641,0.016568,2.987549,2.987622
0.000000,0.009064,2.987542,2.987549
0.000000,0.023323,2.987601,2.987542
0.016449,0.017555,2.987638,2.987601
0.020389,0.003474,2.987675,2.987638
0.000000,0.018756,2.987709,2.987675
0.000000,0.000000,0.000000,0.000000
0.000000,0.011464,2.046138,0.000000
0.021277,0.051595,2.034273,2.046138
0.037808,0.039945,2.018504,2.034273
0.031210,0.082294,2.018189,2.018504
0.000000,0.023532,2.040061,2.018189
0.020173,0.020794,2.060330,2.040061
0.000000,0.024834,2.054563,2.060330
0.000000,0.026871,2.049809,2.054563
0.000000,0.021831,2.047807,2.049809
0.000000,0.023668,2.047363,2.047807
0.000000,0.052050,2.048049,2.047363
0.000000,0.035504,2.049304,2.048049
0.000000,0.026609,2.051216,2.049304
0.000000,0.063066,2.054012,2.051216
0.000000,0.009230,2.054698,2.054012
0.020221,0.032761,2.048039,2.054698
0.021393,0.047200,2.043635,2.048039
0.023393,0.023206,2.038862,2.043635
0.032314,0.027289,2.035129,2.038862
0.027769,0.047375,2.034267,2.035129
0.027828,0.030683,2.033100,2.034267
0.035918,0.006304,2.031861,2.033100
0.030963,0.029371,2.032779,2.031861
0.059251,0.037944,2.035143,2.032779
0.072855,0.033972,2.037785,2.035143
0.066840,0.061303,2.040011,2.037785
0.072832,0.020980,2.041237,2.040011
0.092438,0.041450,2.041063,2.041237
0.086196,0.042382,2.040431,2.041063
0.093506,0.045602,2.040623,2.040431
0.109845,0.068081,2.042261,2.040623
0.089620,0.037286,2.043919,2.042261
0.084498,0.060657,2.044995,2.043919
0.093753,0.026546,2.046874,2.044995
0.063043,0.016354,2.048561,2.046874
0.056660,0.046051,2.049255,2.048561
0.054921,0.054317,2.048430,2.049255
0.033871,0.038131,2.046844,2.048430
0.043181,0.031350,2.045137,2.046844
0.042127,0.039211,2.044363,2.045137
0.027722,0.029440,2.043893,2.044363
0.100788,0.027748,2.038256,2.043893
0.185608,0.029739,2.019440,2.038256
0.136251,0.061687,1.987520,2.019440
0.091054,0.140534,1.932904,1.987520
0.063079,0.245450,1.831793,1.932904
0.177176,0.301055,1.722453,1.831793
0.321219,0.432807,1.609665,1.722453
0.495049,0.460524,1.502571,1.609665
0.480618,0.569727,1.432018,1.502571
0.469548,0.716879,1.360132,1.432018
0.584318,0.701332,1.245949,1.360132
0.535515,0.767750,1.118542,1.245949
0.825570,0.933599,0.963744,1.118542
0.810758,0.811950,0.775169,0.963744
0.844971,0.843677,0.629959,0.775169
1.045950,0.956408,0.497510,0.629959
1.185586,0.771101,0.367415,0.497510
0.867058,0.780942,0.280696,0.367415
0.807139,0.922120,0.212099,0.280696
0.916437,0.767170,0.153563,0.212099
0.695897,0.811364,0.121871,0.153563
0.680535,0.922360,0.103610,0.121871
0.831629,0.786075,0.095258,0.103610
0.665916,0.802581,0.092873,0.095258
0.676836,0.965146,0.090999,0.092873
0.852374,0.793985,0.086728,0.090999
0.679615,0.815725,0.080123,0.086728
0.874298,0.970116,0.071193,0.080123
0.981070,0.810622,0.063097,0.071193
0.800230,0.858264,0.059058,0.063097
0.849799,0.976338,0.057936,0.059058
1.005866,0.820964,0.057901,0.057936
0.808729,0.836075,0.057459,0.057901
0.809350,0.998821,0.057000,0.057459
1.011754,0.994318,0.056848,0.057000
1.005436,0.979268,0.056909,0.056848
1.005091,0.846858,0.057188,0.056909
0.792380,0.823230,0.057509,0.057188
0.799107,0.969153,0.057763,0.057509
0.996358,0.828730,0.057795,0.057763
0.790260,0.824622,0.057492,0.057795
0.791151,0.975523,0.057038,0.057492
1.002117,0.823162,0.056663,0.057038
0.790292,0.840521,0.056680,0.056663
0.948620,0.989830,0.056962,0.056680
0.849462,0.828839,0.057526,0.056962
0.943414,0.823914,0.058006,0.057526
0.845610,0.970706,0.058477,0.058006
0.928476,0.810876,0.059310,0.058477
0.824599,0.838881,0.059980,0.059310
0.777026,0.985441,0.060772,0.059980
0.980570,0.821568,0.053245,0.060772
0.828487,0.812468,0.011079,0.053245
0.890884,0.963625,0.058158,0.011079
1.130725,0.783976,0.111243,0.058158
0.854954,0.735156,0.126973,0.111243
0.775567,0.818115,0.129526,0.126973
0.841288,0.644925,0.123851,0.129526
0.610525,0.575682,0.115948,0.123851
0.655379,0.641907,0.107261,0.115948
0.540307,0.450963,0.097723,0.107261
0.546738,0.468276,0.091074,0.097723
0.451944,0.541945,0.085968,0.091074
0.468913,0.371511,0.082653,0.085968
0.387210,0.359685,0.081916,0.082653
0.349408,0.367885,0.077798,0.081916
0.351522,0.348277,0.053046,0.077798
0.211403,0.321614,0.057395,0.053046
0.255181,0.316610,0.093876,0.057395
0.487514,0.279937,0.184789,0.093876
0.402649,0.234775,0.263898,0.184789
0.352441,0.263256,0.312019,0.263898
0.327534,0.250439,0.299986,0.312019
0.251675,0.244166,0.259559,0.299986
0.461155,0.324313,0.278612,0.259559
0.360525,0.314954,0.370337,0.278612
0.305220,0.341248,0.480028,0.370337
0.292480,0.516052,0.604670,0.480028
0.370726,0.482793,0.748554,0.604670
0.375561,0.598847,0.871417,0.748554
0.445583,0.781124,0.994594,0.871417
0.710599,0.729565,1.128973,0.994594
0.672506,0.788637,1.225741,1.128973
0.791612,0.945326,1.307876,1.225741
1.077598,0.805999,1.385896,1.307876
0.825944,0.813051,1.437969,1.385896
0.739366,0.910790,1.480794,1.437969
0.861951,0.788119,1.521305,1.480794
0.695725,0.789092,1.549603,1.521305
0.785327,0.938538,1.572420,1.549603
0.712016,0.807893,1.589026,1.572420
0.833280,0.797279,1.593135,1.589026
0.778572,0.915608,1.587686,1.593135
0.911870,0.764553,1.573717,1.587686
0.837413,0.837321,1.561468,1.573717
0.785360,0.984555,1.552032,1.561468
0.987691,0.818801,1.546600,1.552032
0.800994,0.835892,1.546348,1.546600
0.804798,0.961603,1.548849,1.546348
1.009580,0.808214,1.553172,1.548849
0.797884,0.848644,1.556460,1.553172
0.787232,0.983274,1.558648,1.556460
0.978869,0.831513,1.559681,1.558648
0.785699,0.822693,1.559577,1.559681
0.947590,0.971474,1.558883,1.559577
0.858779,0.830219,1.557841,1.558883
0.958480,0.813065,1.557136,1.557841
0.870202,0.971621,1.556623,1.557136
0.977485,0.820884,1.556393,1.556623
0.867161,1.026258,1.556563,1.556393
0.997850,0.990596,1.557141,1.556563
0.932106,0.845775,1.557833,1.557141
0.833449,1.004037,1.558495,1.557833
0.985637,0.997977,1.559354,1.558495
0.997729,0.975268,1.560282,1.559354
0.949130,0.811417,1.561205,1.560282
0.853268,0.839042,1.561903,1.561205
0.803200,0.988460,1.562362,1.561903
1.000886,0.828235,1.562574,1.562362
0.799035,0.837403,1.562468,1.562574
0.813954,0.981580,1.561720,1.562468
1.058594,0.831482,1.560141,1.561720
0.914366,0.817572,1.561104,1.560141
0.942355,0.938030,1.563208,1.561104
1.067441,0.709064,1.564415,1.563208
0.757185,0.819967,1.564506,1.564415
0.825246,0.734211,1.564375,1.564506
0.738058,0.588246,1.564893,1.564375
0.546783,0.602171,1.565743,1.564893
0.620919,0.513960,1.566886,1.565743
0.446899,0.460832,1.567733,1.566886
0.490828,0.486425,1.568255,1.567733
0.478044,0.379548,1.568405,1.568255
0.359343,0.374950,1.568113,1.568405
0.354354,0.402574,1.567005,1.568113
0.314849,0.288547,1.566248,1.567005
0.228657,0.308744,1.564647,1.566248
0.324257,0.325791,1.557253,1.564647
0.501234,0.251129,1.538722,1.557253
0.399512,0.269724,1.508684,1.538722
0.351813,0.287221,1.456284,1.508684
0.374623,0.252925,1.378702,1.456284
0.294389,0.285809,1.301518,1.378702
0.284027,0.380008,1.216406,1.301518
0.225343,0.331767,1.116083,1.216406
0.134805,0.413871,1.028358,1.116083
0.153177,0.537404,0.920373,1.028358
0.299629,0.544594,0.776429,0.920373
0.345263,0.626506,0.642733,0.776429
0.531752,0.803196,0.503329,0.642733
0.813771,0.779871,0.359442,0.503329
0.782646,0.766432,0.258787,0.359442
0.909307,0.936735,0.179012,0.258787
1.111903,0.812807,0.117182,0.179012
0.821673,0.808385,0.081301,0.117182
0.754795,0.925637,0.060756,0.081301
0.885127,0.774092,0.060192,0.060756
0.685071,0.818156,0.069280,0.060192
0.699831,0.919420,0.075991,0.069280
0.893818,0.784513,0.077669,0.075991
0.733679,0.832205,0.075946,0.077669
0.910399,0.964747,0.074504,0.075946
0.989486,0.763834,0.074204,0.074504
0.797722,0.822073,0.074447,0.074204
0.851286,0.998303,0.073962,0.074447
1.002022,0.805123,0.072406,0.073962
0.798286,0.832182,0.070382,0.072406
0.799642,0.958644,0.068325,0.070382
0.995324,0.798414,0.066796,0.068325
0.780914,0.846262,0.066237,0.066796
0.768063,0.986893,0.065924,0.066237
0.966443,0.804892,0.065875,0.065924
0.774428,0.852131,0.066305,0.065875
0.779510,0.967410,0.066680,0.066305
0.972884,0.868033,0.066538,0.066680
0.777124,0.869698,0.065905,0.066538
0.925237,0.927221,0.065213,0.065905
0.982771,0.814040,0.064501,0.065213
0.801513,0.829701,0.064159,0.064501
0.846666,0.992400,0.063876,0.064159
0.999260,0.814443,0.063507,0.063876
0.796985,0.879270,0.063325,0.063507
0.793782,0.956047,0.063303,0.063325
0.981328,0.823520,0.063307,0.063303
0.778829,0.845562,0.063301,0.063307
0.781819,0.966323,0.063251,0.063301
0.979021,0.823246,0.063114,0.063251
0.788748,0.851976,0.062779,0.063114
0.782582,0.993205,0.062262,0.062779
0.960847,0.823049,0.050052,0.062262
0.781003,0.837121,0.010155,0.050052
0.996656,1.087550,0.066725,0.010155
1.116127,0.863339,0.114101,0.066725
0.835193,0.844046,0.128842,0.114101
0.806309,0.857509,0.132768,0.128842
0.844912,0.699841,0.130490,0.132768
0.610553,0.637689,0.125631,0.130490
0.543312,0.699568,0.119368,0.125631
0.611317,0.537776,0.111203,0.119368
0.451876,0.484680,0.104905,0.111203
0.425383,0.549095,0.099957,0.104905
0.475947,0.389222,0.096660,0.099957
0.347741,0.386452,0.095907,0.096660
0.319756,0.364806,0.088759,0.095907
0.300339,0.291137,0.084354,0.088759
0.232819,0.277262,0.120926,0.084354
0.369886,0.294154,0.180496,0.120926
0.426959,0.193058,0.260095,0.180496
0.315039,0.196510,0.289293,0.260095
0.302805,0.294337,0.270288,0.289293
0.450922,0.257088,0.206099,0.270288
0.483757,0.314376,0.200520,0.206099
0.465046,0.362038,0.274450,0.200520
0.309308,0.343118,0.402307,0.274450
0.124437,0.386388,0.520426,0.402307
0.120188,0.534054,0.641448,0.520426
0.361901,0.532648,0.780367,0.641448
0.439235,0.676637,0.897793,0.780367
0.616951,0.868241,1.018745,0.897793
0.921661,0.801059,1.150312,1.018745
0.906796,0.852436,1.242448,1.150312
1.132088,1.019056,1.319720,1.242448
1.165047,0.850984,1.393435,1.319720
0.851555,0.873324,1.444033,1.393435
0.831214,0.964964,1.487182,1.444033
0.915935,0.989905,1.528257,1.487182
0.857297,0.984516,1.560972,1.528257
0.785835,0.821237,1.583291,1.560972
0.697756,0.840307,1.593143,1.583291
0.704394,0.969677,1.593746,1.593143
0.917099,0.830594,1.583736,1.593746
0.741085,0.861034,1.571406,1.583736
0.751062,1.011332,1.559737,1.571406
0.938148,0.869888,1.551057,1.559737
0.753957,0.872822,1.548461,1.551057
0.760320,1.022969,1.549504,1.548461
0.963992,0.856547,1.553574,1.549504
0.773552,0.877554,1.557585,1.553574
0.910950,1.025211,1.561103,1.557585
0.808688,0.879421,1.563884,1.561103
0.894643,0.885374,1.565127,1.563884
0.803114,0.990033,1.565664,1.565127
0.903245,0.870247,1.565766,1.565664
0.807479,0.847194,1.565927,1.565766
0.755956,1.019824,1.566493,1.565927
0.931835,0.842068,1.567797,1.566493
0.739421,0.878343,1.569329,1.567797
0.738909,0.970713,1.571112,1.569329
0.932659,0.856636,1.573381,1.571112
0.740686,0.836355,1.575325,1.573381
0.735333,0.966044,1.577388,1.575325
0.907799,0.820830,1.579784,1.577388
0.733235,0.846315,1.581841,1.579784
0.884326,1.002692,1.584079,1.581841
0.789593,0.824798,1.586847,1.584079
0.873079,0.835467,1.589385,1.586847
0.780130,0.957077,1.592248,1.589385
0.864068,0.831348,1.595665,1.592248
0.828053,0.830696,1.598878,1.595665
0.872793,0.940676,1.604660,1.598878
1.113132,0.770015,1.612071,1.604660
0.809311,0.742896,1.616968,1.612071
0.709772,0.784898,1.621509,1.616968
0.754061,0.605520,1.627294,1.621509
0.539981,0.571490,1.633279,1.627294
0.483061,0.600251,1.640601,1.633279
0.523802,0.554409,1.650979,1.640601
0.462627,0.493464,1.663885,1.650979
0.407777,0.393329,1.679039,1.663885
0.293909,0.385482,1.694025,1.679039
0.276259,0.380350,1.711846,1.694025
0.322226,0.280386,1.735194,1.711846
0.205401,0.261713,1.756883,1.735194
0.293116,0.327665,1.776462,1.756883
0.438265,0.256446,1.787457,1.776462
0.350306,0.201621,1.782995,1.787457
0.336152,0.234393,1.759539,1.782995
0.307492,0.206339,1.712185,1.759539
0.282230,0.226511,1.659971,1.712185
0.422706,0.348271,1.594220,1.659971
0.523043,0.288587,1.506068,1.594220
0.303213,0.324833,1.429125,1.506068
0.232649,0.475853,1.351753,1.429125
0.223236,0.447633,1.246579,1.351753
0.269836,0.543926,1.141754,1.246579
0.441128,0.760282,1.010115,1.141754
0.872192,0.724513,0.831122,1.010115
0.899374,0.841646,0.677127,0.831122
1.265418,0.991362,0.531550,0.677127
1.411970,0.877555,0.394631,0.531550
1.069813,0.865707,0.304405,0.394631
1.000030,1.022737,0.228555,0.304405
1.001431,0.821906,0.158273,0.228555
0.735514,0.847094,0.114256,0.158273
0.681867,0.986028,0.084865,0.114256
0.806009,0.827721,0.073299,0.084865
0.660517,0.860948,0.076957,0.073299
0.655438,1.020692,0.082885,0.076957
0.854211,0.836504,0.084958,0.082885
0.703121,0.851018,0.081001,0.084958
0.734943,0.968552,0.073798,0.081001
0.945257,0.872361,0.065999,0.073798
0.778251,0.866122,0.061597,0.065999
0.927200,1.055852,0.057942,0.061597
0.983233,0.866178,0.053498,0.057942
0.778788,0.903750,0.049189,0.053498
0.819431,1.010987,0.044918,0.049189
0.953476,0.847933,0.041489,0.044918
0.748400,0.879443,0.040150,0.041489
0.745296,1.037881,0.039816,0.040150
0.925074,0.855835,0.040182,0.039816
0.740707,0.872278,0.040781,0.040182
0.736499,1.009770,0.041656,0.040781
0.922338,0.836315,0.042949,0.041656
0.732589,0.848872,0.043945,0.042949
0.726235,1.002004,0.044753,0.043945
0.908290,0.849497,0.044880,0.044753
0.728315,0.883394,0.044266,0.044880
0.866445,0.991351,0.043455,0.044266
0.915216,0.823662,0.042623,0.043455
0.726624,0.825308,0.042015,0.042623
0.775782,1.010990,0.041871,0.042015
0.900570,0.799958,0.042432,0.041871
0.717480,0.872214,0.043524,0.042432
0.707928,0.996337,0.045228,0.043524
0.881749,0.995002,0.039317,0.045228
0.946195,0.951232,0.026447,0.039317
1.068294,0.811809,0.096972,0.026447
0.871272,0.912464,0.130848,0.096972
0.944830,0.795175,0.145151,0.130848
0.796410,0.653846,0.145520,0.145151
0.557969,0.677021,0.140604,0.145520
0.588653,0.526910,0.132853,0.140604
0.416003,0.463039,0.126365,0.132853
0.386361,0.509266,0.121020,0.126365
0.442275,0.409471,0.117444,0.121020
0.322734,0.381523,0.116748,0.117444
0.299533,0.367507,0.118119,0.116748
0.331108,0.270836,0.122017,0.118119
0.227778,0.300990,0.120364,0.122017
0.228580,0.284697,0.139048,0.120364
0.331065,0.217965,0.187537,0.139048
0.300968,0.231196,0.243353,0.187537
0.339962,0.186548,0.287644,0.243353
0.287127,0.207513,0.273714,0.287644
0.285481,0.230659,0.217523,0.273714
0.378865,0.289451,0.161722,0.217523
0.606198,0.283695,0.214651,0.161722
0.303204,0.314321,0.315488,0.214651
0.217233,0.407468,0.437570,0.315488
0.246412,0.391505,0.585902,0.437570
0.202332,0.478799,0.707373,0.585902
0.305587,0.688048,0.831671,0.707373
0.646353,0.670084,0.974747,0.831671
0.733471,0.766961,1.090041,0.974747
1.055083,0.971759,1.194906,1.090041
1.356775,0.855527,1.294272,1.194906
1.053867,0.885788,1.361646,1.294272
1.024150,1.023991,1.417959,1.361646
1.006426,1.029552,1.471545,1.417959
0.932135,0.967654,1.516730,1.471545
0.835156,0.823796,1.552961,1.516730
0.747837,0.853966,1.576294,1.552961
0.712934,0.982104,1.592228,1.576294
0.899237,0.804896,1.598690,1.592228
0.723215,0.845865,1.593812,1.598690
0.725805,1.035601,1.582326,1.593812
0.930713,0.857768,1.567209,1.582326
0.752510,0.854323,1.557344,1.567209
0.758923,1.027316,1.551942,1.557344
0.959877,0.859647,1.551333,1.551942
0.771304,0.891572,1.554041,1.551333
0.927651,1.010144,1.557953,1.554041
0.819170,0.857460,1.562174,1.557953
0.923691,0.891135,1.564651,1.562174
0.823910,1.014688,1.566129,1.564651
0.912567,0.859769,1.566709,1.566129
0.812866,0.859429,1.566827,1.566709
0.759697,0.991978,1.567040,1.566827
0.933261,0.839023,1.567719,1.567040
0.745737,0.852658,1.568680,1.567719
0.747572,0.994163,1.569993,1.568680
0.928610,0.832985,1.571640,1.569993
0.746260,0.885857,1.573029,1.571640
0.741800,0.964329,1.574370,1.573029
0.920972,0.821968,1.575817,1.574370
0.737380,0.840055,1.577150,1.575817
0.877814,1.019880,1.578628,1.577150
0.782650,0.845866,1.580768,1.578628
0.875244,0.856960,1.582972,1.580768
0.589397,0.954121,1.585776,1.582972
0.254048,0.808448,1.589579,1.585776
0.362376,0.986518,1.593153,1.589579
0.774097,0.986864,1.597532,1.593153
0.923109,0.831568,1.604242,1.597532
0.907832,0.922274,1.611435,1.604242
0.980739,0.725220,1.618488,1.611435
0.700039,0.687223,1.623795,1.618488
0.628882,0.743918,1.629323,1.623795
0.685780,0.583802,1.636565,1.629323
0.492089,0.534901,1.643666,1.636565
0.447120,0.561369,1.652033,1.643666
0.510848,0.427936,1.663144,1.652033
0.368258,0.398155,1.673790,1.663144
0.336175,0.422889,1.686140,1.673790
0.389675,0.308011,1.702624,1.686140
0.288709,0.303910,1.718341,1.702624
0.308378,0.324988,1.736248,1.718341
0.151249,0.250249,1.765474,1.736248
0.173365,0.232603,1.802949,1.765474
0.239532,0.261746,1.856785,1.802949
0.308890,0.212388,1.936063,1.856785
0.186167,0.230922,2.009690,1.936063
0.273739,0.337425,2.085564,2.009690
0.502116,0.271869,2.185642,2.085564
0.480032,0.311214,2.284778,2.185642
0.555676,0.342372,2.399234,2.284778
0.504154,0.292281,2.545554,2.399234
0.275979,0.344185,2.671343,2.545554
0.181413,0.440050,2.793858,2.671343
0.401108,0.402866,2.919647,2.793858
0.436231,0.505504,3.001783,2.919647
0.692820,0.656439,3.061240,3.001783
0.914116,0.617003,3.102842,3.061240
0.810481,0.677639,3.122922,3.102842
0.930550,0.844769,3.136121,3.122922
1.182802,0.857141,3.137316,3.136121
1.104037,0.858384,3.130400,3.137316
0.984570,0.692708,3.132403,3.130400
0.804128,0.855549,3.139601,3.132403
0.888447,0.830790,3.134834,3.139601
0.831226,0.720119,3.128148,3.134834
0.747602,0.812652,3.126009,3.128148
0.902573,0.701370,3.127214,3.126009
0.746548,0.714532,3.130069,3.127214
0.766584,0.898947,3.133608,3.130069
0.971782,0.704938,3.137161,3.133608
0.792613,0.739143,3.138964,3.137161
0.791936,0.833892,3.139644,3.138964
0.976372,0.729765,3.139421,3.139644
0.527187,0.754063,3.138892,3.139421
0.596856,0.897346,3.138274,3.138892
0.903175,0.698208,3.137794,3.138274
0.766011,0.775096,3.137816,3.137794
0.935632,0.850613,3.138122,3.137816
0.998423,0.755160,3.138717,3.138122
0.798576,0.741344,3.139451,3.138717
0.849546,0.925454,3.140167,3.139451
1.000708,0.760416,3.140736,3.140167
0.812049,0.773927,3.141061,3.140736
0.814127,0.884951,3.141354,3.141061
1.044010,0.743946,3.141808,3.141354
0.829905,0.771669,3.142232,3.141808
0.836908,0.913363,3.141878,3.142232
1.014271,0.751942,3.141011,3.141878
0.794930,0.778055,3.140287,3.141011
0.823106,0.936065,3.139542,3.140287
1.036838,0.742509,3.138485,3.139542
0.831293,0.784657,3.137418,3.138485
0.989981,0.898758,3.136039,3.137418
1.023648,0.768081,3.134167,3.136039
0.825201,0.764913,3.132413,3.134167
0.889019,0.876377,3.130473,3.132413
1.039128,0.781172,3.128333,3.130473
0.827986,0.770248,3.126503,3.128333
0.821723,0.921433,3.124323,3.126503
1.078509,0.697104,3.120861,3.124323
0.927476,0.772528,3.118474,3.120861
0.966912,0.859541,3.116690,3.118474
1.076794,0.663833,3.114256,3.116690
0.786914,0.742651,3.111476,3.114256
0.895881,0.724482,3.106630,3.111476
0.826606,0.563137,3.100113,3.106630
0.596030,0.606036,3.093389,3.100113
0.675036,0.472505,3.084678,3.093389
0.512749,0.461744,3.076880,3.084678
0.573938,0.469957,3.068509,3.076880
0.476789,0.397336,3.058356,3.068509
0.504677,0.395197,3.049579,3.058356
0.435572,0.413584,3.040190,3.049579
0.458069,0.335456,3.028844,3.040190
0.390182,0.300064,3.019056,3.028844
0.341106,0.340741,3.008782,3.019056
0.372514,0.233713,2.996478,3.008782
0.281950,0.257633,2.986408,2.996478
0.256778,0.264111,2.977260,2.986408
0.307073,0.214133,2.972714,2.977260
0.238574,0.209556,2.974804,2.972714
0.223413,0.212896,2.979869,2.974804
0.261502,0.198444,2.986533,2.979869
0.207320,0.222768,2.991608,2.986533
0.162792,0.148127,2.993759,2.991608
0.127635,0.158830,2.993547,2.993759
0.135797,0.126344,2.992140,2.993547
0.164643,0.113583,2.990048,2.992140
0.125633,0.121835,2.988561,2.990048
0.129526,0.116678,2.987608,2.988561
0.114588,0.091610,2.987253,2.987608
0.075949,0.040236,2.987394,2.987253
0.071629,0.058567,2.987795,2.987394
0.073305,0.064385,2.988246,2.987795
0.052738,0.032800,2.988521,2.988246
0.038026,0.045676,2.988601,2.988521
0.034203,0.065874,2.988553,2.988601
0.032581,0.025299,2.988430,2.988553
0.039162,0.053224,2.988258,2.988430
0.030264,0.058880,2.988171,2.988258
0.029551,0.032489,2.988099,2.988171
0.037349,0.002833,2.988069,2.988099
0.032877,0.046091,2.988094,2.988069
0.032227,0.020722,2.988116,2.988094
0.042241,0.041627,2.988215,2.988116
0.037182,0.037664,2.988268,2.988215
0.040126,0.050120,2.988238,2.988268
0.031109,0.046675,2.988206,2.988238
0.032698,0.006418,2.988101,2.988206
0.000000,0.019634,2.988158,2.988101
0.024933,0.018824,2.987804,2.988158
0.000000,0.003076,2.987874,2.987804
0.000000,0.000000,0.000000,0.000000
0.000000,0.017796,2.048179,0.000000
0.023125,0.047388,2.044778,2.048179
0.026011,0.040867,2.042976,2.044778
0.034679,0.038102,2.047190,2.042976
0.026193,0.042418,2.055991,2.047190
0.000000,0.017388,2.059400,2.055991
0.000000,0.012894,2.061194,2.059400
0.000000,0.025650,2.060274,2.061194
0.000000,0.023982,2.059999,2.060274
0.000000,0.023266,2.060039,2.059999
0.000000,0.042450,2.060225,2.060039
0.000000,0.027278,2.060619,2.060225
0.000000,0.028246,2.060716,2.060619
0.000000,0.035384,2.060081,2.060716
0.051060,0.014780,2.053778,2.060081
0.043983,0.036259,2.053791,2.053778
0.034156,0.035277,2.053256,2.053791
0.035061,0.037524,2.054041,2.053256
0.063545,0.009965,2.054896,2.054041
0.109483,0.061949,2.055974,2.054896
0.135272,0.030338,2.056904,2.055974
0.092868,0.041212,2.057728,2.056904
0.116419,0.035908,2.058457,2.057728
0.085395,0.024854,2.058607,2.058457
0.080117,0.059829,2.058489,2.058607
0.087980,0.025189,2.058766,2.058489
0.063739,0.021002,2.058247,2.058766
0.070281,0.062899,2.057532,2.058247
0.089420,0.021873,2.055897,2.057532
0.070276,0.018415,2.053523,2.055897
0.092242,0.042757,2.050907,2.053523
0.031175,0.014335,2.048744,2.050907
0.146763,0.018338,2.033015,2.048744
0.192732,0.038272,2.005375,2.033015
0.144694,0.128345,1.958961,2.005375
0.060176,0.196223,1.879014,1.958961
0.167840,0.279589,1.749966,1.879014
0.291395,0.361544,1.636385,1.749966
0.330554,0.530300,1.538652,1.636385
0.453313,0.661091,1.451332,1.538652
0.593108,0.721052,1.374500,1.451332
0.591957,0.700584,1.270993,1.374500
0.522720,0.713464,1.149772,1.270993
0.722982,0.942047,0.999322,1.149772
0.653676,0.820288,0.809749,0.999322
0.734563,0.847695,0.658659,0.809749
0.957024,0.951396,0.519430,0.658659
1.130381,0.838925,0.383927,0.519430
0.947787,0.779023,0.295296,0.383927
0.829774,0.932474,0.225932,0.295296
0.935250,0.925831,0.165665,0.225932
0.867394,0.918089,0.122199,0.165665
0.831845,0.788329,0.096678,0.122199
0.657766,0.794635,0.088338,0.096678
0.662676,0.936932,0.087338,0.088338
0.850276,0.814456,0.088036,0.087338
0.705832,0.812318,0.085884,0.088036
0.737889,0.971735,0.079124,0.085884
0.975154,0.834376,0.067478,0.079124
0.792667,0.859804,0.059857,0.067478
0.807273,0.965352,0.056101,0.059857
0.980976,0.801790,0.056411,0.056101
0.789710,0.828109,0.057329,0.056411
0.942042,0.979001,0.057681,0.057329
1.009937,0.836632,0.058485,0.057681
0.807606,0.808456,0.059376,0.058485
0.849896,0.996842,0.059988,0.059376
1.002689,0.816026,0.059683,0.059988
0.801033,0.984339,0.059131,0.059683
0.993059,1.014230,0.058135,0.059131
1.004911,0.838225,0.057323,0.058135
0.800346,0.961634,0.056577,0.057323
0.992991,0.789275,0.056528,0.056577
0.789694,0.992844,0.057188,0.056528
0.980416,0.994045,0.059108,0.057188
0.980295,0.845473,0.061768,0.059108
0.783678,0.967771,0.063645,0.061768
0.982827,0.812494,0.064233,0.063645
0.787324,0.828367,0.063638,0.064233
0.787469,0.971100,0.062656,0.063638
1.019872,0.837677,0.061482,0.062656
0.798796,0.837547,0.060217,0.061482
0.797759,0.968117,0.036308,0.060217
1.071163,0.814529,0.034770,0.036308
0.926762,0.818336,0.090967,0.034770
1.054589,0.881396,0.118382,0.090967
1.006494,0.728296,0.127199,0.118382
0.716141,0.687512,0.124969,0.127199
0.681254,0.710708,0.118471,0.124969
0.720313,0.588726,0.108867,0.118471
0.526001,0.529132,0.101174,0.108867
0.483791,0.552738,0.094977,0.101174
0.557654,0.463327,0.089533,0.094977
0.420123,0.424844,0.086149,0.089533
0.390963,0.426755,0.083864,0.086149
0.450634,0.355300,0.082570,0.083864
0.332743,0.337272,0.066107,0.082570
0.279651,0.345794,0.048186,0.066107
0.263012,0.284776,0.069756,0.048186
0.308790,0.278025,0.135990,0.069756
0.466585,0.307588,0.215594,0.135990
0.481524,0.239379,0.293400,0.215594
0.302076,0.245743,0.305160,0.293400
0.232130,0.294930,0.268270,0.305160
0.439406,0.262917,0.244643,0.268270
0.380931,0.317134,0.301780,0.244643
0.320170,0.365722,0.395706,0.301780
0.353658,0.359846,0.535831,0.395706
0.306285,0.442493,0.654486,0.535831
0.375401,0.636848,0.775685,0.654486
0.560397,0.631502,0.919307,0.775685
0.610768,0.667437,1.036963,0.919307
0.752625,0.883757,1.148839,1.036963
1.135465,0.765614,1.259798,1.148839
0.941742,0.788818,1.334883,1.259798
1.057720,0.948558,1.397838,1.334883
0.995280,0.774050,1.456890,1.397838
0.706399,0.800792,1.497030,1.456890
0.672867,0.883654,1.531105,1.497030
0.775774,0.799402,1.562127,1.531105
0.627977,0.777213,1.580315,1.562127
0.669095,0.947503,1.590828,1.580315
0.881028,0.762780,1.591193,1.590828
0.740312,0.819595,1.582033,1.591193
0.764458,0.988545,1.568562,1.582033
0.976619,0.766176,1.554344,1.568562
0.784758,0.830402,1.546840,1.554344
0.789168,0.968317,1.543878,1.546840
0.896045,0.804048,1.544972,1.543878
0.760993,0.868971,1.547900,1.544972
0.933062,0.958959,1.551940,1.547900
0.995686,0.839654,1.556312,1.551940
0.801574,0.825724,1.558612,1.556312
0.850869,0.989770,1.559612,1.558612
1.023004,0.806593,1.559138,1.559612
0.816838,0.850261,1.558143,1.559138
0.817797,0.993622,1.557097,1.558143
1.018079,0.818021,1.556323,1.557097
0.820109,0.814274,1.556238,1.556323
0.808397,0.993916,1.556546,1.556238
1.013354,0.830221,1.557108,1.556546
0.805261,1.009986,1.557584,1.557108
1.005070,0.967317,1.558093,1.557584
0.998663,0.842338,1.558473,1.558093
0.800624,1.000007,1.558692,1.558473
1.005393,1.017649,1.558857,1.558692
1.012963,0.961726,1.558934,1.558857
0.998863,0.845422,1.558950,1.558934
0.798357,0.840612,1.558863,1.558950
0.794072,0.964916,1.558905,1.558863
1.005524,0.812028,1.559254,1.558905
0.803223,0.848958,1.559090,1.559254
1.003182,0.981717,1.559643,1.559090
1.149884,0.790601,1.563323,1.559643
0.926905,0.774445,1.565870,1.563323
0.859192,0.861872,1.566895,1.565870
0.874822,0.792821,1.567334,1.566895
0.772290,0.700461,1.567723,1.567334
0.656671,0.523730,1.568314,1.567723
0.534537,0.505826,1.568821,1.568314
0.469967,0.555632,1.569306,1.568821
0.537066,0.418159,1.569755,1.569306
0.398757,0.426299,1.570058,1.569755
0.377717,0.467246,1.570155,1.570058
0.445447,0.341941,1.569744,1.570155
0.316047,0.369123,1.568398,1.569744
0.269432,0.358878,1.567499,1.568398
0.356620,0.286391,1.561635,1.567499
0.390719,0.308514,1.549294,1.561635
0.503803,0.255537,1.522748,1.549294
0.349822,0.220481,1.478803,1.522748
0.329775,0.275630,1.417917,1.478803
0.353993,0.271043,1.329977,1.417917
0.300823,0.310761,1.247666,1.329977
0.254043,0.380000,1.159229,1.247666
0.179872,0.442048,1.056221,1.159229
0.256245,0.499986,0.936817,1.056221
0.418902,0.532860,0.797985,0.936817
0.704927,0.612961,0.671047,0.797985
0.757361,0.802789,0.532709,0.671047
0.931629,0.722846,0.384287,0.532709
0.889857,0.818619,0.278876,0.384287
0.891564,0.942101,0.191606,0.278876
1.129050,0.783293,0.122716,0.191606
0.845069,0.821567,0.082588,0.122716
0.772179,0.942152,0.060054,0.082588
0.916330,0.772206,0.061222,0.060054
0.694979,0.819541,0.071306,0.061222
0.707777,0.924177,0.078605,0.071306
0.913819,0.752398,0.080295,0.078605
0.736205,0.812609,0.077730,0.080295
0.892142,0.926993,0.075251,0.077730
0.821861,0.798205,0.074876,0.075251
0.937254,0.837910,0.075700,0.074876
0.839670,0.933019,0.075797,0.075700
0.946122,0.778896,0.074499,0.075797
0.850442,0.822197,0.072857,0.074499
0.797772,0.966322,0.071445,0.072857
0.997879,0.805051,0.070157,0.071445
0.797129,0.860074,0.069015,0.070157
0.796625,0.962720,0.067876,0.069015
0.984596,0.815563,0.067254,0.067876
0.790281,0.877879,0.067101,0.067254
0.790841,1.002558,0.066725,0.067101
0.988002,0.808205,0.065635,0.066725
0.792751,0.984218,0.064713,0.065635
0.992123,0.972319,0.063725,0.064713
1.007075,0.842239,0.063399,0.063725
0.808262,0.994711,0.063100,0.063399
1.008130,0.800450,0.062775,0.063100
0.798510,0.855242,0.062597,0.062775
0.934993,1.024567,0.062365,0.062597
0.987903,0.820873,0.061725,0.062365
0.781534,1.012442,0.061043,0.061725
0.976862,1.001671,0.060456,0.061043
0.981529,0.855371,0.060039,0.060456
0.831424,0.969779,0.059740,0.060039
0.936846,0.830863,0.059479,0.059740
0.834647,0.997550,0.059505,0.059479
0.941342,0.969647,0.039687,0.059505
1.024231,0.860929,0.028838,0.039687
0.936847,1.020490,0.089743,0.028838
1.791287,0.825996,0.122522,0.089743
0.837721,0.779175,0.130097,0.122522
0.667882,0.890622,0.129527,0.130097
0.766261,0.657530,0.124127,0.129527
0.565256,0.659984,0.118408,0.124127
0.520510,0.691423,0.112526,0.118408
0.595553,0.654980,0.106422,0.112526
0.537612,0.531649,0.101377,0.106422
0.490868,0.425918,0.097402,0.101377
0.364769,0.398086,0.094407,0.097402
0.329013,0.402048,0.088520,0.094407
0.325035,0.302655,0.060369,0.088520
0.220900,0.276870,0.087097,0.060369
0.352716,0.285786,0.146355,0.087097
0.360087,0.242433,0.231918,0.146355
0.374395,0.201344,0.286421,0.231918
0.306764,0.282708,0.294291,0.286421
0.380038,0.243698,0.261079,0.294291
0.448216,0.297196,0.256735,0.261079
0.448077,0.378821,0.324332,0.256735
0.387863,0.327793,0.449098,0.324332
0.266283,0.365753,0.567253,0.449098
0.234892,0.521222,0.695413,0.567253
0.434402,0.528537,0.845561,0.695413
0.475800,0.620706,0.972357,0.845561
0.629219,0.829668,1.095962,0.972357
0.971439,0.796157,1.222128,1.095962
0.857028,0.813551,1.304983,1.222128
1.128916,1.008782,1.370335,1.304983
1.014403,0.861942,1.430213,1.370335
1.052907,0.875049,1.470679,1.430213
0.849007,0.983782,1.505901,1.470679
0.875625,0.987392,1.540736,1.505901
0.880078,0.979575,1.568661,1.540736
0.872959,0.822600,1.585976,1.568661
0.702056,0.832461,1.590846,1.585976
0.763794,0.978702,1.586479,1.590846
0.931710,0.832993,1.574123,1.586479
0.764808,0.844152,1.562917,1.574123
0.775841,1.017081,1.554164,1.562917
0.964214,0.879538,1.549404,1.554164
0.766260,0.874263,1.549759,1.549404
0.772409,1.012496,1.552769,1.549759
0.971085,0.868909,1.557570,1.552769
0.776058,0.894518,1.561386,1.557570
0.775749,1.032351,1.564340,1.561386
0.973803,0.861365,1.566517,1.564340
0.772110,0.875473,1.567284,1.566517
0.912855,1.016839,1.567508,1.567284
0.960089,0.836444,1.567637,1.567508
0.765108,0.864389,1.567916,1.567637
0.810725,1.013299,1.568495,1.567916
0.943572,1.054193,1.569384,1.568495
0.930565,0.978036,1.570634,1.569384
0.878045,0.825687,1.572055,1.570634
0.788308,0.857803,1.573328,1.572055
0.735033,0.982692,1.574669,1.573328
0.915059,0.826791,1.576205,1.574669
0.723391,0.816905,1.577631,1.576205
0.726239,1.002336,1.579312,1.577631
0.915171,0.839487,1.581690,1.579312
0.735895,0.839009,1.584018,1.581690
0.731859,0.968909,1.586768,1.584018
0.918460,0.838057,1.590479,1.586768
0.730938,0.839896,1.593768,1.590479
0.910886,0.961879,1.597333,1.593768
0.921349,0.805413,1.604724,1.597333
1.043482,0.957172,1.611947,1.604724
1.017384,0.814166,1.619290,1.611947
0.748482,0.683185,1.626002,1.619290
0.711546,0.703908,1.632370,1.626002
0.631183,0.552980,1.641405,1.632370
0.458823,0.512626,1.650785,1.641405
0.426809,0.550423,1.662120,1.650785
0.454532,0.395414,1.677190,1.662120
0.334677,0.384262,1.690822,1.677190
0.298253,0.417049,1.705548,1.690822
0.346747,0.306869,1.723834,1.705548
0.253254,0.317049,1.739679,1.723834
0.186233,0.337508,1.756733,1.739679
0.299539,0.250293,1.773481,1.756733
0.320355,0.238370,1.778327,1.773481
0.339376,0.236288,1.771398,1.778327
0.385874,0.187013,1.740578,1.771398
0.251500,0.212879,1.697890,1.740578
0.318485,0.264796,1.642952,1.697890
0.531240,0.250908,1.563162,1.642952
0.450854,0.283303,1.486727,1.563162
0.354242,0.357682,1.404667,1.486727
0.300167,0.408718,1.311036,1.404667
0.214465,0.454458,1.220980,1.311036
0.272437,0.633952,1.112724,1.220980
0.541910,0.640605,0.955557,1.112724
0.710783,0.728242,0.803321,0.955557
0.902042,0.940983,0.645760,0.803321
1.381654,0.843212,0.480129,0.645760
1.138155,0.905229,0.370048,0.480129
1.061274,1.037708,0.282286,0.370048
1.102488,0.812870,0.201319,0.282286
0.738337,0.853364,0.148215,0.201319
0.823219,1.009249,0.107917,0.148215
0.812616,0.816135,0.081952,0.107917
0.633786,0.805256,0.077450,0.081952
0.669476,0.993223,0.081819,0.077450
0.815259,0.825041,0.087524,0.081819
0.683945,0.859729,0.086655,0.087524
0.715800,1.065988,0.080044,0.086655
0.953287,0.853229,0.069993,0.080044
0.792422,0.887992,0.063287,0.069993
0.805873,1.014816,0.058898,0.063287
0.989660,0.865738,0.054539,0.058898
0.789328,0.878409,0.050431,0.054539
0.778982,1.074144,0.045732,0.050431
0.967244,0.836221,0.040642,0.045732
0.769691,0.890515,0.037891,0.040642
0.897434,1.053676,0.036816,0.037891
0.929130,0.861793,0.037225,0.036816
0.737406,0.879342,0.038369,0.037225
0.775628,1.010410,0.039566,0.038369
0.906333,0.834327,0.040777,0.039566
0.727269,0.848208,0.041752,0.040777
0.731073,1.004442,0.042626,0.041752
0.909512,0.836806,0.043208,0.042626
0.723561,0.876588,0.043475,0.043208
0.724790,0.975629,0.043418,0.043475
0.907329,0.982467,0.043448,0.043418
0.906094,1.006524,0.043712,0.043448
0.904309,0.835488,0.044416,0.043712
0.718699,0.818808,0.044927,0.044416
0.713285,0.968690,0.045556,0.044927
0.884190,0.813722,0.047223,0.045556
0.706756,0.840665,0.049467,0.047223
0.843628,1.006826,0.042371,0.049467
0.790650,0.812690,0.024484,0.042371
0.984372,0.826884,0.083274,0.024484
0.917731,0.865821,0.122090,0.083274
0.901970,0.699230,0.139146,0.122090
0.701987,0.684847,0.141240,0.139146
0.580335,0.698372,0.137677,0.141240
0.627953,0.568841,0.130546,0.137677
0.442177,0.512891,0.124196,0.130546
0.413143,0.541305,0.118798,0.124196
0.472176,0.416325,0.115686,0.118798
0.339913,0.456355,0.116073,0.115686
0.368189,0.383906,0.120029,0.116073
0.342882,0.330322,0.127316,0.120029
0.242625,0.331852,0.131145,0.127316
0.284732,0.251047,0.153694,0.131145
0.271849,0.216169,0.194274,0.153694
0.301462,0.224752,0.250068,0.194274
0.367240,0.165948,0.295919,0.250068
0.219706,0.196962,0.279848,0.295919
0.300338,0.272112,0.217751,0.279848
0.474217,0.290158,0.137411,0.217751
0.429463,0.291562,0.172200,0.137411
0.269907,0.346467,0.268972,0.172200
0.113851,0.321162,0.410939,0.268972
0.049358,0.403645,0.535276,0.410939
0.030109,0.550095,0.659104,0.535276
0.141057,0.550806,0.802028,0.659104
0.257809,0.658658,0.920341,0.802028
0.474664,0.860819,1.040470,0.920341
0.373352,0.801736,1.168843,1.040470
0.168063,0.840172,1.257408,1.168843
0.629624,1.001915,1.331604,1.257408
0.983531,0.876325,1.401848,1.331604
0.748002,0.876033,1.450209,1.401848
0.864537,0.977664,1.492441,1.450209
0.886262,0.818112,1.533970,1.492441
0.685030,0.838093,1.561906,1.533970
0.711978,1.009743,1.582927,1.561906
0.866504,0.843999,1.595925,1.582927
0.712822,0.848052,1.596527,1.595925
0.726358,0.990537,1.588720,1.596527
0.925049,0.848659,1.574411,1.588720
0.742211,0.870579,1.563201,1.574411
0.764139,1.038213,1.555322,1.563201
0.963783,0.850106,1.552086,1.555322
0.785892,0.876960,1.553392,1.552086
0.782434,1.018280,1.556869,1.553392
0.965173,0.859238,1.561690,1.556869
0.772927,0.865395,1.565097,1.561690
0.916501,1.016774,1.567459,1.565097
0.953457,0.840452,1.568603,1.567459
0.749086,0.840412,1.568637,1.568603
0.793118,1.017310,1.568321,1.568637
0.926601,1.022701,1.568169,1.568321
0.922238,1.003275,1.568540,1.568169
0.870010,0.816465,1.569461,1.568540
0.777104,0.867967,1.570618,1.569461
0.737053,0.987506,1.571864,1.570618
0.932202,0.814692,1.573339,1.571864
0.741780,0.843399,1.574546,1.573339
0.734917,0.985495,1.575845,1.574546
0.911611,0.826173,1.577546,1.575845
0.735189,0.847650,1.579127,1.577546
0.733602,0.967818,1.580970,1.579127
0.937489,0.806806,1.583417,1.580970
0.742395,0.825672,1.585810,1.583417
0.873017,0.985421,1.588675,1.585810
0.784863,0.839280,1.591956,1.588675
0.955163,0.828427,1.596290,1.591956
0.950227,0.937007,1.603640,1.596290
1.022655,0.737957,1.611776,1.603640
0.804455,0.701738,1.617614,1.611776
0.656067,0.778188,1.623454,1.617614
0.705820,0.575176,1.631275,1.623454
0.506542,0.548095,1.639183,1.631275
0.447201,0.585076,1.648704,1.639183
0.504872,0.461840,1.661485,1.648704
0.378730,0.431317,1.673426,1.661485
0.359784,0.451449,1.686725,1.673426
0.404588,0.324247,1.703787,1.686725
0.307809,0.333366,1.719533,1.703787
0.354273,0.307895,1.736399,1.719533
0.239732,0.270602,1.759240,1.736399
0.297796,0.261299,1.786576,1.759240
0.307076,0.293488,1.827176,1.786576
0.334652,0.188002,1.893460,1.827176
0.259502,0.234195,1.961195,1.893460
0.212238,0.313002,2.036595,1.961195
0.392326,0.292269,2.125822,2.036595
0.435176,0.310087,2.212336,2.125822
0.577928,0.375366,2.315700,2.212336
0.551106,0.290365,2.452405,2.315700
0.228766,0.314422,2.576716,2.452405
0.223309,0.429616,2.706350,2.576716
0.459372,0.387343,2.848763,2.706350
0.509299,0.557660,2.947327,2.848763
0.789488,0.658123,3.034948,2.947327
0.855636,0.748145,3.087191,3.034948
1.032709,0.808285,3.116823,3.087191
1.106435,0.743009,3.134017,3.116823
0.918962,0.856375,3.139262,3.134017
1.179227,0.706477,3.129979,3.139262
0.865292,0.707522,3.128714,3.129979
0.922191,0.832008,3.134130,3.128714
0.769353,0.660755,3.139851,3.134130
0.849226,0.845386,3.132026,3.139851
0.898467,0.836144,3.126633,3.132026
0.765973,0.717820,3.126356,3.126633
0.864697,0.846137,3.128933,3.126356
0.947201,0.689184,3.133147,3.128933
0.765629,0.705023,3.136420,3.133147
0.809703,0.868100,3.138880,3.136420
0.956882,0.733129,3.140336,3.138880
0.766197,0.756767,3.140570,3.140336
0.787095,0.870474,3.140328,3.140570
0.984035,0.724003,3.139808,3.140328
0.789701,0.747639,3.139455,3.139808
0.787106,0.880206,3.139382,3.139455
0.988956,0.738074,3.139753,3.139382
0.802848,0.760860,3.140442,3.139753
0.806313,0.872790,3.141298,3.140442
1.005926,0.734929,3.142226,3.141298
0.804185,0.773971,3.141985,3.142226
0.970038,0.910018,3.141491,3.141985
1.025246,0.731507,3.141213,3.141491
0.834223,0.746224,3.141077,3.141213
0.893589,0.931447,3.140993,3.141077
1.025100,0.751878,3.140658,3.140993
0.809088,0.769676,3.140133,3.140658
0.792494,0.926297,3.139474,3.140133
1.004668,0.741932,3.138625,3.139474
0.819751,0.756250,3.137830,3.138625
0.843601,0.900780,3.137113,3.137830
1.066972,0.747276,3.136082,3.137113
0.850497,0.788056,3.134810,3.136082
0.847000,0.924462,3.133249,3.134810
1.039231,0.750023,3.131016,3.133249
0.827921,0.762298,3.128987,3.131016
0.977052,0.906661,3.126753,3.128987
1.033617,0.777482,3.123960,3.126753
0.839789,0.770844,3.120963,3.123960
0.962868,0.889465,3.118218,3.120963
1.156941,0.877439,3.115773,3.118218
1.065484,0.796573,3.112741,3.115773
0.913104,0.619923,3.108842,3.112741
0.755492,0.607857,3.104638,3.108842
0.670357,0.670424,3.099409,3.104638
0.742812,0.549584,3.092361,3.099409
0.561775,0.497311,3.086106,3.092361
0.527330,0.552462,3.079624,3.086106
0.614035,0.409910,3.071964,3.079624
0.456549,0.389839,3.065456,3.071964
0.436266,0.478405,3.058509,3.065456
0.519600,0.351607,3.049874,3.058509
0.390938,0.355263,3.042241,3.049874
0.438270,0.361268,3.033953,3.042241
0.365733,0.268367,3.023290,3.033953
0.366326,0.253164,3.013409,3.023290
0.306737,0.315496,3.002315,3.013409
0.315375,0.240879,2.988786,3.002315
0.261866,0.208514,2.981029,2.988786
0.236733,0.213563,2.979917,2.981029
0.275954,0.196446,2.984609,2.979917
0.208204,0.199098,2.990552,2.984609
0.187902,0.239897,2.996323,2.990552
0.203673,0.127740,3.000860,2.996323
0.134484,0.106768,3.002324,3.000860
0.129713,0.121478,3.001941,3.002324
0.147188,0.124542,3.000057,3.001941
0.105133,0.134950,2.998196,3.000057
0.108762,0.136592,2.996625,2.998196
0.083688,0.065442,2.995647,2.996625
0.086392,0.076095,2.995481,2.995647
0.071418,0.076121,2.995668,2.995481
0.077478,0.044832,2.996129,2.995668
0.062138,0.043597,2.996535,2.996129
0.043980,0.073251,2.996801,2.996535
0.039376,0.052828,2.996851,2.996801
0.025772,0.040140,2.996820,2.996851
0.033772,0.068580,2.996733,2.996820
0.046078,0.014853,2.996489,2.996733
0.040542,0.037594,2.996315,2.996489
0.043927,0.048876,2.996180,2.996315
0.048352,0.033122,2.996092,2.996180
0.053069,0.040917,2.996034,2.996092
0.049093,0.009335,2.996081,2.996034
0.036855,0.056566,2.996182,2.996081
0.042800,0.025539,2.996256,2.996182
0.038427,0.021254,2.996275,2.996256
0.000000,0.010429,2.996045,2.996275
0.000000,0.004993,2.996114,2.996045
0.000000,0.043073,2.998697,2.996114
0.000000,0.000000,0.000000,0.000000
0.000000,0.008259,2.049788,0.000000
0.000000,0.054738,2.047474,2.049788
0.025939,0.048749,2.036358,2.047474
0.031917,0.043128,2.031101,2.036358
0.027705,0.015040,2.029948,2.031101
0.000000,0.032721,2.041637,2.029948
0.000000,0.040532,2.057610,2.041637
0.000000,0.022279,2.072923,2.057610
0.000000,0.044157,2.071674,2.072923
0.000000,0.029147,2.071280,2.071674
0.000000,0.025266,2.071664,2.071280
0.000000,0.007845,2.072499,2.071664
0.000000,0.072742,2.073471,2.072499
0.000000,0.009407,2.074350,2.073471
0.000000,0.029491,2.074214,2.074350
0.029483,0.008352,2.062580,2.074214
0.024445,0.014626,2.059779,2.062580
0.055484,0.038070,2.060431,2.059779
0.043298,0.010283,2.067498,2.060431
0.031129,0.029048,2.072778,2.067498
0.042684,0.034642,2.072349,2.072778
0.064382,0.026461,2.070413,2.072349
0.058672,0.034791,2.068968,2.070413
0.062213,0.054848,2.068173,2.068968
0.101520,0.025672,2.068648,2.068173
0.081409,0.030871,2.070140,2.068648
0.081643,0.055571,2.071290,2.070140
0.084841,0.017856,2.072667,2.071290
0.060369,0.018533,2.073654,2.072667
0.074318,0.049236,2.073604,2.073654
0.064251,0.022695,2.072173,2.073604
0.049006,0.008129,2.070967,2.072173
0.044418,0.065383,2.069551,2.070967
0.038119,0.033102,2.068933,2.069551
0.152204,0.017763,2.043323,2.068933
0.182473,0.049138,2.012339,2.043323
0.134645,0.116102,1.946076,2.012339
0.042588,0.210694,1.852647,1.946076
0.174911,0.350898,1.733172,1.852647
0.456007,0.395526,1.601705,1.733172
0.333322,0.489147,1.517681,1.601705
0.443584,0.656085,1.448869,1.517681
0.655194,0.607312,1.368412,1.448869
0.563068,0.717014,1.277420,1.368412
0.585967,0.872499,1.156755,1.277420
0.820838,0.790974,0.985735,1.156755
0.732878,0.815156,0.829324,0.985735
0.714799,0.988113,0.674061,0.829324
1.141405,0.809067,0.510278,0.674061
0.934787,0.849609,0.395133,0.510278
1.055785,0.981010,0.300777,0.395133
1.062840,0.786010,0.216549,0.300777
0.786606,0.796681,0.163354,0.216549
0.774595,0.937876,0.124680,0.163354
0.874113,0.775563,0.098551,0.124680
0.676208,0.812656,0.088865,0.098551
0.672191,0.936154,0.085777,0.088865
0.851837,0.774998,0.085309,0.085777
0.677533,0.811541,0.083867,0.085309
0.695956,0.974386,0.079435,0.083867
0.941778,0.800643,0.071957,0.079435
0.756184,0.820368,0.066078,0.071957
0.776953,0.967811,0.061767,0.066078
0.951287,0.826277,0.059963,0.061767
0.773033,0.842160,0.060048,0.059963
0.921135,0.969906,0.060106,0.060048
0.964222,0.827267,0.060361,0.060106
0.784221,0.841315,0.060452,0.060361
0.841397,0.999269,0.060106,0.060452
0.990936,0.837846,0.058669,0.060106
0.804225,0.830572,0.057159,0.058669
0.814396,0.964130,0.055743,0.057159
1.023289,0.840431,0.054421,0.055743
0.803364,0.856533,0.054039,0.054421
0.797420,0.969567,0.054353,0.054039
0.988942,0.820366,0.055443,0.054353
0.786533,0.820188,0.056587,0.055443
0.783420,0.999783,0.057599,0.056587
0.984689,0.804004,0.058374,0.057599
0.784585,0.808300,0.058945,0.058374
0.931865,0.981938,0.059532,0.058945
0.982670,0.810425,0.060266,0.059532
0.777880,0.814988,0.060744,0.060266
0.827879,1.007609,0.061296,0.060744
0.980328,0.796766,0.058175,0.061296
0.808251,0.826169,0.022073,0.058175
0.865214,1.001319,0.045484,0.022073
1.161080,0.748845,0.104232,0.045484
0.878773,0.748884,0.124014,0.104232
0.799113,0.827431,0.129681,0.124014
0.854349,0.626816,0.126743,0.129681
0.622318,0.598608,0.120151,0.126743
0.560915,0.669958,0.111759,0.120151
0.631376,0.487569,0.101227,0.111759
0.462645,0.460849,0.092719,0.101227
0.512905,0.482156,0.085280,0.092719
0.496612,0.382875,0.079236,0.085280
0.367574,0.389943,0.076997,0.079236
0.354198,0.398572,0.075374,0.076997
0.353722,0.298799,0.054499,0.075374
0.189662,0.305607,0.060154,0.054499
0.228164,0.353882,0.090372,0.060154
0.475719,0.276799,0.175678,0.090372
0.402191,0.245006,0.252165,0.175678
0.344241,0.286700,0.300502,0.252165
0.332177,0.294942,0.284783,0.300502
0.341983,0.319633,0.228293,0.284783
0.444543,0.288714,0.260508,0.228293
0.316477,0.311427,0.340696,0.260508
0.296051,0.404064,0.452207,0.340696
0.383273,0.427750,0.594632,0.452207
0.360976,0.500625,0.709594,0.594632
0.585736,0.645321,0.829905,0.709594
0.644433,0.676741,0.969991,0.829905
0.855206,0.709612,1.083214,0.969991
0.942801,0.896628,1.187696,1.083214
1.197062,0.786722,1.290093,1.187696
1.042794,0.818378,1.361170,1.290093
0.856499,0.949777,1.420032,1.361170
0.887304,0.782113,1.473475,1.420032
0.666059,0.774241,1.509654,1.473475
0.557403,0.931321,1.540837,1.509654
0.744863,0.770754,1.569273,1.540837
0.630011,0.805605,1.585417,1.569273
0.673543,0.922274,1.593205,1.585417
0.896074,0.771139,1.589498,1.593205
0.748728,0.813675,1.578487,1.589498
0.915186,0.947352,1.565313,1.578487
0.828901,0.812046,1.553057,1.565313
0.935106,0.843080,1.547379,1.553057
0.839652,0.985949,1.545937,1.547379
0.954272,0.822322,1.548269,1.545937
0.848764,0.833915,1.551855,1.548269
0.800029,0.994056,1.555539,1.551855
1.001003,0.805448,1.558631,1.555539
0.802406,0.836905,1.559781,1.558631
0.807215,0.977728,1.559729,1.559781
1.005522,0.818847,1.558720,1.559729
0.804303,0.861264,1.557755,1.558720
0.803175,1.010498,1.557110,1.557755
1.013070,0.810983,1.556682,1.557110
0.800961,1.007610,1.556693,1.556682
1.005936,0.996007,1.556873,1.556693
0.989560,0.832491,1.557180,1.556873
0.781910,0.984770,1.557508,1.557180
0.969476,0.813249,1.557680,1.557508
0.780837,0.827348,1.557770,1.557680
0.920555,0.989848,1.557830,1.557770
0.911774,0.805615,1.557358,1.557830
0.725381,1.001013,1.557052,1.557358
0.855122,0.985455,1.557324,1.557052
0.933710,0.823381,1.557840,1.557324
0.828942,0.991930,1.558310,1.557840
0.955801,0.835362,1.558560,1.558310
0.892839,0.825264,1.558758,1.558560
0.906068,0.965783,1.561548,1.558758
1.167309,0.764147,1.566058,1.561548
0.841578,0.746504,1.568732,1.566058
0.749813,0.801561,1.570490,1.568732
0.828137,0.624915,1.572008,1.570490
0.605677,0.573099,1.573149,1.572008
0.550243,0.643796,1.574457,1.573149
0.615068,0.484205,1.576312,1.574457
0.454422,0.445311,1.577954,1.576312
0.496673,0.505099,1.579588,1.577954
0.413114,0.378582,1.581283,1.579588
0.427569,0.366258,1.582577,1.581283
0.362353,0.400896,1.583116,1.582577
0.351087,0.306487,1.582326,1.583116
0.232248,0.301548,1.580757,1.582326
0.297124,0.330923,1.573646,1.580757
0.500427,0.273494,1.556054,1.573646
0.402477,0.276792,1.530237,1.556054
0.367786,0.309181,1.482068,1.530237
0.371931,0.231417,1.407533,1.482068
0.250110,0.284074,1.331984,1.407533
0.269554,0.329623,1.247811,1.331984
0.193693,0.316422,1.146531,1.247811
0.061322,0.388561,1.060177,1.146531
0.087144,0.527021,0.957129,1.060177
0.178272,0.512205,0.814840,0.957129
0.427864,0.576100,0.684027,0.814840
0.529850,0.777859,0.542230,0.684027
0.765749,0.764878,0.390908,0.542230
0.855720,0.932503,0.284200,0.390908
1.129640,0.961376,0.183889,0.284200
1.024697,0.844905,0.121649,0.183889
0.831077,0.949549,0.084757,0.121649
0.880386,0.746765,0.062299,0.084757
0.674819,0.813295,0.062759,0.062299
0.665109,0.923935,0.071483,0.062759
0.853330,0.781303,0.079194,0.071483
0.705051,0.818334,0.080497,0.079194
0.725106,0.927752,0.077847,0.080497
0.950269,0.771380,0.075335,0.077847
0.789121,0.842901,0.075451,0.075335
0.796503,0.963446,0.076154,0.075451
1.007474,0.807315,0.075240,0.076154
0.804649,0.825622,0.073017,0.075240
0.951102,0.991092,0.070227,0.073017
0.989103,0.802223,0.067498,0.070227
0.794029,0.821112,0.065986,0.067498
0.840286,0.972314,0.065085,0.065986
0.974589,0.787710,0.065039,0.065085
0.779271,0.847025,0.065372,0.065039
0.785667,0.963108,0.065671,0.065372
0.978395,0.811150,0.065688,0.065671
0.780665,0.847532,0.065521,0.065688
0.783022,0.977173,0.065643,0.065521
0.976139,0.816068,0.066096,0.065643
0.787670,0.835871,0.066398,0.066096
0.797341,0.976385,0.066542,0.066398
0.996935,0.840980,0.066150,0.066542
0.797964,0.839153,0.065308,0.066150
0.943459,0.997459,0.064425,0.065308
0.992542,0.994458,0.063736,0.064425
0.988457,1.017066,0.063369,0.063736
0.833558,0.832369,0.062535,0.063369
0.932563,0.839946,0.061512,0.062535
0.830477,0.987364,0.060826,0.061512
0.934055,0.805418,0.060591,0.060826
0.836480,0.841733,0.060408,0.060591
0.776756,1.031602,0.045940,0.060408
1.096140,0.804376,0.019301,0.045940
0.881042,0.879279,0.080430,0.019301
0.910272,1.000612,0.115133,0.080430
1.014608,0.792058,0.129036,0.115133
0.720506,0.780975,0.130068,0.129036
0.655181,0.824640,0.126602,0.130068
0.748314,0.615104,0.120593,0.126602
0.537330,0.600013,0.115662,0.120593
0.586951,0.637062,0.110523,0.115662
0.481688,0.501471,0.104787,0.110523
0.492370,0.438753,0.100869,0.104787
0.398497,0.472482,0.098187,0.100869
0.401813,0.353383,0.097176,0.098187
0.327948,0.338798,0.082931,0.097176
0.219971,0.361815,0.080097,0.082931
0.344478,0.280802,0.129546,0.080097
0.361465,0.277801,0.191717,0.129546
0.362692,0.246185,0.261529,0.191717
0.382145,0.180752,0.292426,0.261529
0.277626,0.221715,0.264916,0.292426
0.319761,0.305362,0.212376,0.264916
0.586893,0.297533,0.227072,0.212376
0.450327,0.335527,0.310962,0.227072
0.421208,0.423186,0.421004,0.310962
0.321963,0.383501,0.563023,0.421004
0.334053,0.519886,0.680424,0.563023
0.439154,0.687446,0.801402,0.680424
0.648504,0.777273,0.942880,0.801402
0.837478,0.919438,1.084272,0.942880
1.095553,0.798513,1.204917,1.084272
0.929212,1.006369,1.286827,1.204917
1.198616,1.012017,1.368560,1.286827
1.073801,0.866156,1.433069,1.368560
0.850498,0.996117,1.478371,1.433069
0.867300,0.819773,1.521606,1.478371
0.744600,0.838539,1.550178,1.521606
0.691668,0.989615,1.572304,1.550178
0.876743,0.818766,1.588066,1.572304
0.704924,0.847619,1.592060,1.588066
0.726972,1.001804,1.587067,1.592060
0.929686,1.027368,1.573876,1.587067
0.938527,0.996731,1.559925,1.573876
0.936612,0.850655,1.551002,1.559925
0.750236,0.882185,1.548411,1.551002
0.773785,1.031669,1.549748,1.548411
0.969260,1.042038,1.554212,1.549748
0.979996,1.031796,1.559502,1.554212
0.972712,0.855361,1.563518,1.559502
0.766958,0.859647,1.565531,1.563518
0.764192,1.035300,1.566378,1.565531
0.952818,0.848864,1.566477,1.566378
0.789435,0.888608,1.566331,1.566477
0.914671,1.001387,1.566298,1.566331
0.808974,0.839107,1.566648,1.566298
0.889178,0.881627,1.567462,1.566648
0.787369,0.989841,1.568768,1.567462
0.873156,0.866078,1.570761,1.568768
0.784171,0.849319,1.572710,1.570761
0.734382,0.999157,1.574893,1.572710
0.913501,0.821655,1.577624,1.574893
0.727492,0.818787,1.579950,1.577624
0.731383,0.980759,1.582240,1.579950
0.912760,0.817216,1.584838,1.582240
0.731175,0.839084,1.586952,1.584838
0.728451,0.984438,1.589169,1.586952
0.915807,0.837216,1.591947,1.589169
0.732889,0.819733,1.594314,1.591947
0.903789,0.953148,1.596769,1.594314
0.954522,0.816304,1.603078,1.596769
0.557352,0.792708,1.609769,1.603078
0.707379,0.863765,1.615814,1.609769
0.779989,0.647936,1.622684,1.615814
0.624747,0.645859,1.629103,1.622684
0.532337,0.657125,1.636567,1.629103
0.564905,0.521680,1.646894,1.636567
0.413771,0.482376,1.656944,1.646894
0.383285,0.489315,1.668561,1.656944
0.398615,0.406267,1.683738,1.668561
0.299038,0.364662,1.697955,1.683738
0.277600,0.380228,1.714196,1.697955
0.327354,0.320109,1.735384,1.714196
0.238016,0.279000,1.754605,1.735384
0.235577,0.304258,1.774128,1.754605
0.339314,0.258257,1.787397,1.774128
0.413589,0.224466,1.786297,1.787397
0.363908,0.190950,1.769516,1.786297
0.294429,0.211700,1.726162,1.769516
0.280921,0.223442,1.677433,1.726162
0.368667,0.287838,1.614893,1.677433
0.538509,0.266496,1.529109,1.614893
0.332974,0.312869,1.451721,1.529109
0.234688,0.406915,1.374615,1.451721
0.292748,0.449825,1.273613,1.374615
0.275694,0.519793,1.172407,1.273613
0.393405,0.739392,1.046414,1.172407
0.822513,0.700226,0.870455,1.046414
0.839415,0.808915,0.716324,0.870455
1.217300,1.011298,0.567197,0.716324
1.213875,0.867300,0.422078,0.567197
1.308449,0.860316,0.326661,0.422078
1.003151,1.038041,0.246471,0.326661
1.001159,0.847406,0.172236,0.246471
0.818551,0.813788,0.125606,0.172236
0.711331,0.996653,0.093529,0.125606
0.800062,0.812929,0.077808,0.093529
0.661708,0.824380,0.078666,0.077808
0.688156,0.971884,0.083672,0.078666
0.883509,0.844395,0.086504,0.083672
0.727922,0.878396,0.084007,0.086504
0.742454,0.996514,0.077579,0.084007
0.952391,0.884237,0.069358,0.077579
0.779307,0.884775,0.064322,0.069358
0.931158,1.038185,0.060294,0.064322
0.827586,0.869406,0.055263,0.060294
0.926723,1.043228,0.050309,0.055263
0.963574,1.070333,0.044413,0.050309
0.815625,0.890234,0.040837,0.044413
0.898252,0.995351,0.039505,0.040837
0.927400,0.826329,0.039273,0.039505
0.738949,0.876171,0.039857,0.039273
0.719049,1.026520,0.040957,0.039857
0.888746,0.844279,0.043131,0.040957
0.717803,0.892347,0.044782,0.043131
0.724720,1.050229,0.045541,0.044782
0.908979,0.818528,0.045198,0.045541
0.732020,0.868317,0.044287,0.045198
0.733549,1.012049,0.042873,0.044287
0.905573,0.841988,0.041229,0.042873
0.737062,0.830327,0.040584,0.041229
0.730752,1.025430,0.040901,0.040584
0.904344,0.808494,0.042454,0.040901
0.719561,0.860334,0.044363,0.042454
0.853495,0.980084,0.046374,0.044363
0.892519,0.799180,0.048250,0.046374
0.718236,0.997302,0.044287,0.048250
0.934448,0.908361,0.024126,0.044287
1.042270,0.835345,0.091051,0.024126
0.912739,0.896362,0.128004,0.091051
0.893172,0.713335,0.142785,0.128004
0.695035,0.653331,0.143120,0.142785
0.563069,0.719846,0.137922,0.143120
0.594315,0.542148,0.129446,0.137922
0.434133,0.491841,0.122949,0.129446
0.408211,0.555665,0.118171,0.122949
0.467729,0.383101,0.115861,0.118171
0.356267,0.458441,0.116837,0.115861
0.393581,0.409015,0.121602,0.116837
0.355456,0.345478,0.130213,0.121602
0.259830,0.342740,0.133535,0.130213
0.270952,0.223540,0.156935,0.133535
0.259338,0.225658,0.195294,0.156935
0.320807,0.199549,0.248446,0.195294
0.392012,0.175695,0.296475,0.248446
0.245430,0.183170,0.283243,0.296475
0.293854,0.273037,0.224915,0.283243
0.404855,0.251309,0.142076,0.224915
0.384163,0.280804,0.171492,0.142076
0.278245,0.387063,0.268955,0.171492
0.127413,0.321840,0.412175,0.268955
0.029428,0.392145,0.534283,0.412175
0.062006,0.563519,0.652805,0.534283
0.216785,0.581284,0.790326,0.652805
0.312174,0.691758,0.906284,0.790326
0.558370,0.893167,1.026202,0.906284
1.049232,0.820084,1.155713,1.026202
0.908708,0.843247,1.246139,1.155713
0.918948,1.027976,1.322904,1.246139
1.024729,0.845681,1.395587,1.322904
0.712542,0.859201,1.445609,1.395587
0.827723,1.007368,1.489393,1.445609
0.868972,0.818928,1.532192,1.489393
0.680734,0.980103,1.561099,1.532192
0.857495,0.998678,1.586613,1.561099
0.880091,0.867885,1.599054,1.586613
0.777225,1.003059,1.598476,1.599054
0.888025,1.019898,1.587015,1.598476
0.968352,1.043918,1.571065,1.587015
0.978627,0.855917,1.558244,1.571065
0.779698,0.885861,1.552284,1.558244
0.824743,1.003634,1.550982,1.552284
0.965714,0.873630,1.553815,1.550982
0.780994,0.885029,1.557894,1.553815
0.774795,1.023647,1.561982,1.557894
0.968246,0.873560,1.565609,1.561982
0.779589,0.852459,1.567356,1.565609
0.769823,0.998750,1.568051,1.567356
0.948844,0.853706,1.568147,1.568051
0.748416,0.855918,1.568257,1.568147
0.743158,1.012373,1.568662,1.568257
0.931643,0.837134,1.569657,1.568662
0.741116,0.829401,1.570809,1.569657
0.861090,0.965982,1.572335,1.570809
0.903271,0.835863,1.574259,1.572335
0.733542,0.827610,1.575672,1.574259
0.774014,0.953133,1.576846,1.575672
0.915849,0.831384,1.577957,1.576846
0.741915,0.845377,1.578899,1.577957
0.743281,0.993256,1.580047,1.578899
0.916601,0.825781,1.581679,1.580047
0.735558,0.820879,1.583446,1.581679
0.735721,0.951988,1.585744,1.583446
0.913058,0.818843,1.588990,1.585744
0.739985,0.844446,1.592052,1.588990
0.831209,0.952172,1.597763,1.592052
1.096395,0.772350,1.606141,1.597763
0.814578,0.739451,1.612051,1.606141
0.839036,0.791130,1.617608,1.612051
0.776374,0.631990,1.624664,1.617608
0.564336,0.589821,1.631755,1.624664
0.526648,0.622497,1.640285,1.631755
0.549517,0.482045,1.651849,1.640285
0.400236,0.443331,1.662919,1.651849
0.368764,0.520450,1.675696,1.662919
0.418734,0.373514,1.692508,1.675696
0.320986,0.316849,1.708393,1.692508
0.299067,0.359507,1.726554,1.708393
0.311402,0.317071,1.749751,1.726554
0.230648,0.264126,1.776083,1.749751
0.264171,0.274136,1.814648,1.776083
0.284423,0.225573,1.878555,1.814648
0.208484,0.213005,1.947031,1.878555
0.282678,0.271980,2.025478,1.947031
0.396966,0.290693,2.120287,2.025478
0.389585,0.292330,2.204935,2.120287
0.654830,0.381612,2.305007,2.204935
0.812662,0.312885,2.438322,2.305007
0.454090,0.310755,2.560627,2.438322
0.249885,0.378329,2.687701,2.560627
0.429538,0.381213,2.830029,2.687701
0.469516,0.465234,2.932287,2.830029
0.552509,0.579115,3.013642,2.932287
0.834732,0.564569,3.076516,3.013642
0.754489,0.626776,3.107518,3.076516
0.825939,0.805709,3.126601,3.107518
1.100639,0.727845,3.140548,3.126601
0.922154,0.716034,3.135191,3.140548
1.091630,0.858424,3.129917,3.135191
1.041857,0.711153,3.131988,3.129917
0.771237,0.698589,3.139148,3.131988
0.775855,0.840825,3.136717,3.139148
0.899870,0.732299,3.129056,3.136717
0.725184,0.672204,3.126013,3.129056
0.730020,0.837346,3.126153,3.126013
0.914938,0.722637,3.129198,3.126153
0.747420,0.719206,3.132693,3.129198
0.755299,0.851390,3.135963,3.132693
0.950483,0.733214,3.138588,3.135963
0.769897,0.725631,3.139791,3.138588
0.773643,0.847708,3.140191,3.139791
0.975349,0.714404,3.139901,3.140191
0.778382,0.761971,3.139500,3.139901
0.927382,0.874388,3.139156,3.139500
0.988842,0.726981,3.139074,3.139156
0.802749,0.734298,3.139334,3.139074
0.858644,0.924983,3.139740,3.139334
1.017816,0.748610,3.140157,3.139740
0.818195,0.754704,3.140543,3.140157
0.816068,0.881722,3.141030,3.140543
1.005593,0.775987,3.141562,3.141030
0.803213,0.756583,3.141975,3.141562
0.821496,0.865174,3.142383,3.141975
1.050994,0.776239,3.142021,3.142383
0.842587,0.786634,3.141722,3.142021
0.839479,0.885789,3.141286,3.141722
1.033027,0.742724,3.140593,3.141286
0.813809,0.792898,3.139865,3.140593
0.972885,0.894260,3.139035,3.139865
1.018540,0.941842,3.137910,3.139035
1.040435,0.902457,3.136606,3.137910
0.878884,0.744802,3.135151,3.136606
0.984511,0.897375,3.133842,3.135151
1.031885,0.903516,3.131927,3.133842
0.868481,0.770228,3.129545,3.131927
0.977500,0.911982,3.127126,3.129545
1.036380,0.754026,3.123793,3.127126
0.869229,0.780495,3.120500,3.123793
1.004924,0.887631,3.118007,3.120500
1.184964,0.850130,3.115987,3.118007
1.038991,0.797637,3.113656,3.115987
0.890856,0.594644,3.110368,3.113656
0.736892,0.721399,3.106476,3.110368
0.772655,0.652823,3.100182,3.106476
0.666984,0.480701,3.092900,3.100182
0.551998,0.595427,3.086056,3.092900
0.618391,0.475184,3.077652,3.086056
0.468111,0.414612,3.070359,3.077652
0.439135,0.434602,3.062557,3.070359
0.531736,0.355602,3.052839,3.062557
0.395930,0.377108,3.044121,3.052839
0.373393,0.393806,3.034896,3.044121
0.440314,0.309148,3.024024,3.034896
0.323438,0.302863,3.015168,3.024024
0.301491,0.287012,3.006203,3.015168
0.353420,0.252329,2.995539,3.006203
0.267241,0.240081,2.988120,2.995539
0.299176,0.241158,2.985787,2.988120
0.287884,0.183054,2.988759,2.985787
0.217881,0.172988,2.993516,2.988759
0.200339,0.168170,2.998554,2.993516
0.190776,0.161224,3.002831,2.998554
0.135892,0.144978,3.004548,3.002831
0.113407,0.156185,3.004511,3.004548
0.129847,0.103981,3.003095,3.004511
0.108891,0.128139,3.001550,3.003095
0.119787,0.132037,3.000115,3.001550
0.136956,0.091480,2.999046,3.000115
0.095446,0.075957,2.998696,2.999046
0.082093,0.103535,2.998781,2.998696
0.092128,0.052401,2.999144,2.998781
0.055022,0.058261,2.999537,2.999144
0.052886,0.029866,2.999864,2.999537
0.054076,0.083118,2.999995,2.999864
0.042350,0.043983,2.999922,2.999995
0.050700,0.047595,2.999786,2.999922
0.037458,0.029543,2.999634,2.999786
0.025453,0.052909,2.999524,2.999634
0.030093,0.043088,2.999552,2.999524
0.032216,0.022866,2.999616,2.999552
0.027284,0.066428,2.999606,2.999616
0.031236,0.045325,2.999462,2.999606
0.025430,0.005405,2.999305,2.999462
0.024781,0.041817,2.999213,2.999305
0.033960,0.013042,2.999187,2.999213
0.000000,0.012027,2.998927,2.999187
0.021884,0.009871,2.999182,2.998927
0.000000,0.016509,2.999444,2.999182
0.000000,0.000000,0.000000,0.000000
0.000000,0.011919,2.051918,0.000000
0.000000,0.050754,2.048550,2.051918
0.017157,0.058259,2.043880,2.048550
0.034442,0.033038,2.033138,2.043880
0.032094,0.042554,2.024509,2.033138
0.026340,0.041373,2.025399,2.024509
0.000000,0.032738,2.043627,2.025399
0.019674,0.031747,2.064417,2.043627
0.017744,0.029239,2.062025,2.064417
0.000000,0.009655,2.060194,2.062025
0.000000,0.018028,2.059314,2.060194
0.000000,0.065572,2.059305,2.059314
0.000000,0.021913,2.060010,2.059305
0.000000,0.033347,2.060437,2.060010
0.000000,0.052743,2.060744,2.060437
0.000000,0.008386,2.061305,2.060744
0.000000,0.013763,2.061922,2.061305
0.000000,0.053725,2.061842,2.061922
0.000000,0.009066,2.058672,2.061842
0.021206,0.019361,2.052836,2.058672
0.023057,0.036264,2.046285,2.052836
0.036968,0.021196,2.042032,2.046285
0.030824,0.035240,2.041966,2.042032
0.048102,0.017596,2.049174,2.041966
0.037708,0.028790,2.053222,2.049174
0.046509,0.028821,2.055629,2.053222
0.072597,0.024593,2.055097,2.055629
0.056284,0.019304,2.052698,2.055097
0.069169,0.030259,2.049968,2.052698
0.095900,0.060057,2.048756,2.049968
0.073726,0.040783,2.049603,2.048756
0.074146,0.023064,2.051867,2.049603
0.092258,0.031030,2.055889,2.051867
0.064931,0.015700,2.059108,2.055889
0.061442,0.039382,2.061246,2.059108
0.063006,0.058662,2.061932,2.061246
0.044109,0.048975,2.061113,2.061932
0.041032,0.038610,2.059496,2.061113
0.049236,0.011434,2.057483,2.059496
0.044724,0.042718,2.056332,2.057483
0.050834,0.024703,2.056067,2.056332
0.054829,0.003213,2.056321,2.056067
0.211239,0.010499,2.024518,2.056321
0.133715,0.086219,1.986421,2.024518
0.077242,0.178733,1.905105,1.986421
0.120397,0.275917,1.782650,1.905105
0.271226,0.379107,1.666391,1.782650
0.519058,0.432893,1.555670,1.666391
0.407758,0.512692,1.484500,1.555670
0.542928,0.686501,1.417706,1.484500
0.464635,0.645157,1.320305,1.417706
0.567207,0.722691,1.207081,1.320305
0.643168,0.898398,1.064613,1.207081
0.817102,0.802567,0.879091,1.064613
0.483377,0.859199,0.726920,0.879091
0.778994,0.990958,0.585027,0.726920
1.184862,0.804122,0.441237,0.585027
0.913098,0.779890,0.341451,0.441237
0.877445,0.953330,0.258283,0.341451
1.013942,0.739814,0.182702,0.258283
0.738817,0.787674,0.137496,0.182702
0.691470,0.936944,0.108971,0.137496
0.836730,0.809027,0.093900,0.108971
0.673913,0.802369,0.089802,0.093900
0.682996,0.945393,0.087643,0.089802
0.864396,0.771045,0.084586,0.087643
0.823390,0.804960,0.080559,0.084586
0.753324,0.957663,0.074512,0.080559
0.883422,0.831725,0.067665,0.074512
0.833189,1.011287,0.064113,0.067665
1.029644,0.985657,0.061078,0.064113
0.956084,0.859301,0.058951,0.061078
0.857157,0.978667,0.057850,0.058951
0.945450,0.827808,0.057175,0.057850
0.840467,0.866497,0.057119,0.057175
0.783856,0.989952,0.057566,0.057119
0.983901,0.793888,0.058170,0.057566
0.791149,0.844387,0.058297,0.058170
0.803542,0.962431,0.058523,0.058297
0.996295,0.816469,0.058861,0.058523
0.802587,0.829891,0.059229,0.058861
0.797674,0.980414,0.059162,0.059229
0.992715,0.853467,0.058823,0.059162
0.784550,0.819497,0.058643,0.058823
0.940324,0.984160,0.058821,0.058643
0.843385,0.827922,0.058989,0.058821
0.942986,0.813199,0.058973,0.058989
0.763442,0.969536,0.059098,0.058973
0.894821,0.841773,0.059716,0.059098
0.817013,0.853468,0.060110,0.059716
0.787690,0.960275,0.060154,0.060110
0.983956,0.820931,0.060303,0.060154
0.798923,0.811756,0.038938,0.060303
0.856947,0.978684,0.020682,0.038938
1.160933,0.783758,0.092293,0.020682
0.897815,0.779532,0.121314,0.092293
0.832046,0.847071,0.130737,0.121314
0.913484,0.661460,0.128900,0.130737
0.651028,0.616648,0.122169,0.128900
0.702368,0.649315,0.113583,0.122169
0.554277,0.523427,0.103325,0.113583
0.571777,0.509295,0.095565,0.103325
0.463535,0.518062,0.089414,0.095565
0.487356,0.397967,0.085369,0.089414
0.410077,0.395525,0.084792,0.085369
0.357380,0.424361,0.086279,0.084792
0.407869,0.299090,0.071655,0.086279
0.244041,0.299832,0.063062,0.071655
0.213861,0.311368,0.083870,0.063062
0.426844,0.277198,0.161965,0.083870
0.389430,0.256918,0.237238,0.161965
0.365329,0.275631,0.296807,0.237238
0.343384,0.220434,0.297986,0.296807
0.243850,0.236756,0.251269,0.297986
0.392037,0.322021,0.233623,0.251269
0.389799,0.296194,0.307108,0.233623
0.311175,0.345420,0.405140,0.307108
0.239113,0.466362,0.527720,0.405140
0.276332,0.455719,0.669156,0.527720
0.345225,0.559799,0.788193,0.669156
0.344589,0.716286,0.909611,0.788193
0.516826,0.687699,1.047529,0.909611
0.585384,0.751216,1.153448,1.047529
0.815755,0.916909,1.246709,1.153448
1.135502,0.801964,1.335857,1.246709
0.903660,0.819813,1.396987,1.335857
0.834998,0.960206,1.448344,1.396987
0.991225,0.763234,1.496706,1.448344
0.730429,0.788543,1.529964,1.496706
0.818837,0.912175,1.557651,1.529964
0.850656,0.793822,1.580698,1.557651
0.702486,0.814037,1.590945,1.580698
0.771720,0.952434,1.591897,1.590945
0.936899,0.779327,1.581834,1.591897
0.768332,0.814156,1.569155,1.581834
0.777746,0.947528,1.557159,1.569155
0.977130,0.807705,1.547979,1.557159
0.783798,0.805915,1.545117,1.547979
0.793958,0.994907,1.546103,1.545117
1.007482,0.835890,1.550091,1.546103
0.803411,0.989416,1.553824,1.550091
0.998833,0.975333,1.557191,1.553824
1.002192,0.829198,1.558864,1.557191
0.803978,0.979087,1.559094,1.558864
1.000574,0.837155,1.558336,1.559094
0.796627,0.834827,1.557515,1.558336
0.952178,0.973455,1.556823,1.557515
0.857076,0.805082,1.556397,1.556823
0.810849,0.833793,1.556389,1.556397
0.969180,1.002125,1.556766,1.556389
1.017327,0.827263,1.557320,1.556766
0.808934,1.013359,1.557698,1.557320
1.002994,0.977396,1.558003,1.557698
0.994506,0.843077,1.558253,1.558003
0.844513,0.961401,1.558462,1.558253
0.946652,0.824283,1.558542,1.558462
0.846601,0.847757,1.558641,1.558542
0.794603,0.988415,1.558902,1.558641
0.992519,0.807213,1.559374,1.558902
0.792792,0.832122,1.559862,1.559374
0.806669,1.000797,1.560413,1.559862
1.023341,0.802929,1.560060,1.560413
0.875392,0.843419,1.560898,1.560060
0.997159,0.971728,1.563550,1.560898
1.141842,0.760678,1.565298,1.563550
0.816664,0.705537,1.565503,1.565298
0.846228,0.783246,1.565353,1.565503
0.681839,0.575841,1.565515,1.565353
0.687803,0.560884,1.566549,1.565515
0.558705,0.620024,1.568713,1.566549
0.568580,0.458454,1.572430,1.568713
0.473855,0.453216,1.576336,1.572430
0.408798,0.479634,1.580784,1.576336
0.466231,0.362138,1.586088,1.580784
0.348201,0.344000,1.590380,1.586088
0.313708,0.373619,1.593252,1.590380
0.263943,0.301185,1.596222,1.593252
0.223850,0.362373,1.594311,1.596222
0.460377,0.326693,1.581547,1.594311
0.513902,0.261495,1.555922,1.581547
0.375912,0.265579,1.513350,1.555922
0.426445,0.256199,1.442935,1.513350
0.311383,0.279930,1.370952,1.442935
0.309690,0.326766,1.288528,1.370952
0.251621,0.320540,1.186977,1.288528
0.119661,0.367716,1.101753,1.186977
0.186925,0.494139,1.006904,1.101753
0.303606,0.472318,0.872520,1.006904
0.414986,0.577965,0.748070,0.872520
0.569576,0.788935,0.607663,0.748070
0.755917,0.708959,0.448947,0.607663
0.694262,0.756652,0.333765,0.448947
0.826092,0.947787,0.234429,0.333765
1.146913,0.796910,0.151760,0.234429
0.854728,0.803423,0.104372,0.151760
0.784338,0.942232,0.071288,0.104372
0.905855,0.950043,0.057940,0.071288
0.855217,0.893759,0.066306,0.057940
0.845156,0.785273,0.076301,0.066306
0.703198,0.944032,0.079699,0.076301
0.903178,0.913452,0.078300,0.079699
0.937395,0.815072,0.075816,0.078300
0.753402,0.970865,0.075636,0.075816
0.985198,0.815448,0.076642,0.075636
0.795199,0.787987,0.076900,0.076642
0.804863,0.954065,0.075837,0.076900
0.996899,0.834915,0.074112,0.075837
0.795407,0.835211,0.072573,0.074112
0.941023,0.966840,0.070934,0.072573
0.988224,0.822421,0.069313,0.070934
0.793321,0.841210,0.068379,0.069313
0.851123,0.990500,0.067637,0.068379
1.002047,0.818199,0.066762,0.067637
0.795606,0.858044,0.065780,0.066762
0.794060,0.977184,0.064470,0.065780
1.001306,0.818827,0.063062,0.064470
0.796687,0.850965,0.062072,0.063062
0.803154,0.943994,0.061478,0.062072
1.009259,1.013913,0.061650,0.061478
1.001913,0.959564,0.062530,0.061650
0.998549,0.825079,0.063701,0.062530
0.794426,0.835424,0.064347,0.063701
0.788735,0.980644,0.064899,0.064347
0.973542,0.845607,0.065014,0.064899
0.783678,0.866700,0.065059,0.065014
0.931610,0.998994,0.065570,0.065059
0.981876,0.826081,0.064285,0.065570
0.784657,0.836267,0.062575,0.064285
0.837014,0.971787,0.060659,0.062575
0.975409,0.835355,0.044296,0.060659
0.838330,0.835852,0.012184,0.044296
1.303919,1.053979,0.074213,0.012184
1.117586,0.855199,0.116522,0.074213
0.807390,0.833008,0.129250,0.116522
0.716039,0.872906,0.131932,0.129250
0.785777,0.690021,0.128250,0.131932
0.577192,0.627178,0.122337,0.128250
0.529867,0.713672,0.114938,0.122337
0.598067,0.504140,0.106229,0.114938
0.440575,0.525589,0.099758,0.106229
0.485438,0.514978,0.094494,0.099758
0.475213,0.425033,0.090847,0.094494
0.359944,0.346659,0.090163,0.090847
0.343758,0.405843,0.083104,0.090163
0.297024,0.340398,0.065115,0.083104
0.219343,0.287748,0.097448,0.065115
0.333180,0.303915,0.159470,0.097448
0.461483,0.254740,0.242456,0.159470
0.363999,0.233028,0.289515,0.242456
0.305377,0.262701,0.285046,0.289515
0.415655,0.241191,0.226392,0.285046
0.434865,0.274944,0.209688,0.226392
0.441298,0.371749,0.272402,0.209688
0.486140,0.337919,0.388195,0.272402
0.306442,0.402166,0.505984,0.388195
0.413184,0.538155,0.627108,0.505984
0.591159,0.545556,0.765923,0.627108
0.534209,0.645642,0.881112,0.765923
0.746465,0.846243,1.000526,0.881112
1.077791,0.780133,1.132329,1.000526
0.957763,0.813777,1.225646,1.132329
1.005939,0.994390,1.305467,1.225646
1.167669,0.837401,1.382582,1.305467
0.866270,0.850447,1.435937,1.382582
0.825099,0.990082,1.481748,1.435937
0.974294,0.828284,1.525407,1.481748
0.741582,0.986686,1.554187,1.525407
0.895302,0.990928,1.579488,1.554187
0.898230,0.877298,1.592957,1.579488
0.718071,0.975561,1.594588,1.592957
0.932380,0.838565,1.585537,1.594588
0.748887,0.849202,1.573300,1.585537
0.893710,1.016727,1.561339,1.573300
0.806726,0.858551,1.552042,1.561339
0.898488,0.899333,1.549183,1.552042
0.825929,0.997531,1.550166,1.549183
0.921043,0.845438,1.554329,1.550166
0.831898,0.892250,1.558676,1.554329
0.778260,1.020752,1.562734,1.558676
0.960293,0.855849,1.565901,1.562734
0.767453,0.893648,1.567298,1.565901
0.765851,1.013464,1.567954,1.567298
0.956990,0.861626,1.568390,1.567954
0.759280,0.876047,1.568851,1.568390
0.759007,0.982356,1.569663,1.568851
0.946824,0.828491,1.571055,1.569663
0.749884,0.861873,1.572457,1.571055
0.890606,0.970038,1.573794,1.572457
0.807256,0.855936,1.575243,1.573794
0.897475,0.873631,1.576175,1.575243
0.803989,0.995594,1.576982,1.576175
0.890671,0.824835,1.578054,1.576982
0.791452,1.016914,1.579340,1.578054
0.935681,0.987988,1.581523,1.579340
0.882931,0.819116,1.584338,1.581523
0.790426,0.980249,1.587245,1.584338
0.918297,0.840706,1.591101,1.587245
0.736465,0.851036,1.594381,1.591101
0.451344,0.955983,1.598557,1.594381
0.089066,0.793169,1.606710,1.598557
0.081139,0.752988,1.613363,1.606710
0.467292,0.851398,1.618896,1.613363
0.713548,0.656726,1.624901,1.618896
0.564867,0.621875,1.630700,1.624901
0.545404,0.624479,1.637766,1.630700
0.602219,0.506767,1.647690,1.637766
0.452026,0.479270,1.657660,1.647690
0.472607,0.523950,1.669739,1.657660
0.419864,0.374504,1.686205,1.669739
0.290114,0.347181,1.701966,1.686205
0.278988,0.382581,1.720141,1.701966
0.325681,0.280466,1.743303,1.720141
0.208544,0.268402,1.764764,1.743303
0.271360,0.306894,1.783738,1.764764
0.438655,0.233275,1.794015,1.783738
0.363856,0.214978,1.789010,1.794015
0.317330,0.218662,1.764570,1.789010
0.303650,0.204456,1.716937,1.764570
0.287474,0.246482,1.664375,1.716937
0.407574,0.310774,1.598489,1.664375
0.527766,0.278871,1.510164,1.598489
0.298945,0.332741,1.432439,1.510164
0.343787,0.406137,1.355075,1.432439
0.354025,0.466411,1.250425,1.355075
0.323431,0.554345,1.145973,1.250425
0.504004,0.753082,1.014464,1.145973
0.873668,0.738941,0.835835,1.014464
0.902612,0.821427,0.682045,0.835835
1.064757,1.035535,0.536367,0.682045
1.395835,0.855096,0.398575,0.536367
1.055833,0.882175,0.307620,0.398575
0.941313,1.008053,0.231107,0.307620
1.024704,0.837092,0.160790,0.231107
0.736136,0.820112,0.117515,0.160790
0.688650,0.982659,0.088860,0.117515
0.832636,0.811220,0.076498,0.088860
0.668894,0.827791,0.078685,0.076498
0.828725,0.984095,0.083250,0.078685
0.915761,0.839367,0.084553,0.083250
0.736442,0.883915,0.080383,0.084553
0.799716,1.032766,0.072884,0.080383
0.955179,0.864348,0.065272,0.072884
0.782042,0.883165,0.061243,0.065272
0.781201,1.063629,0.057535,0.061243
0.985446,0.889401,0.052189,0.057535
0.781962,0.866910,0.047292,0.052189
0.780312,1.032015,0.042831,0.047292
0.962358,0.866398,0.039547,0.042831
0.757647,1.040006,0.038726,0.039547
0.923202,1.031326,0.039228,0.038726
0.918355,0.866650,0.040687,0.039228
0.735195,1.021045,0.042346,0.040687
0.919872,0.842438,0.044042,0.042346
0.736667,0.856834,0.045025,0.044042
0.871172,0.990528,0.045777,0.045025
0.779509,0.837283,0.046595,0.045777
0.859834,0.837105,0.047220,0.046595
0.767043,1.009433,0.047554,0.047220
0.868732,0.845779,0.047477,0.047554
0.778120,0.868786,0.046783,0.047477
0.732659,0.961532,0.045672,0.046783
0.918859,0.830734,0.044451,0.045672
0.734459,0.833797,0.043418,0.044451
0.727442,0.956145,0.043085,0.043418
0.915479,1.011631,0.043999,0.043085
0.910767,1.009094,0.022590,0.043999
1.019813,0.838828,0.059695,0.022590
0.886216,0.825037,0.112012,0.059695
0.849223,0.864478,0.136873,0.112012
0.923656,0.684186,0.144688,0.136873
0.629105,0.643127,0.142555,0.144688
0.545099,0.682738,0.136248,0.142555
0.581878,0.481483,0.126975,0.136248
0.422540,0.495895,0.119532,0.126975
0.455171,0.521997,0.113715,0.119532
0.434466,0.381884,0.110739,0.113715
0.312363,0.375722,0.111930,0.110739
0.297854,0.381164,0.116632,0.111930
0.326818,0.251083,0.126418,0.116632
0.240961,0.297256,0.134512,0.126418
0.239181,0.301867,0.158298,0.134512
0.193562,0.233188,0.210439,0.158298
0.227684,0.180587,0.264808,0.210439
0.277009,0.188998,0.297070,0.264808
0.268521,0.166676,0.266652,0.297070
0.281037,0.248896,0.197218,0.266652
0.397227,0.311877,0.122489,0.197218
0.542982,0.284326,0.165293,0.122489
0.277616,0.291519,0.265795,0.165293
0.173305,0.410174,0.388347,0.265795
0.182764,0.394974,0.531330,0.388347
0.190374,0.475750,0.644496,0.531330
0.349148,0.697188,0.759177,0.644496
0.814142,0.675754,0.893496,0.759177
0.860030,0.767099,1.009303,0.893496
1.010772,0.969181,1.121994,1.009303
1.265089,0.861735,1.235071,1.121994
0.247293,0.860449,1.313660,1.235071
0.579953,0.999421,1.379856,1.313660
0.810864,0.822547,1.442288,1.379856
0.689736,0.849616,1.485309,1.442288
0.686102,0.965275,1.522430,1.485309
0.843556,0.825045,1.557706,1.522430
0.676792,0.805871,1.579956,1.557706
0.826218,1.005555,1.594576,1.579956
0.896287,0.810192,1.599213,1.594576
0.737291,0.862599,1.593153,1.599213
0.794262,1.010892,1.581310,1.593153
0.935116,0.852319,1.566476,1.581310
0.768832,0.882753,1.557209,1.566476
0.786329,1.048642,1.552532,1.557209
0.989259,0.843638,1.552617,1.552532
0.792930,0.888930,1.555700,1.552617
0.794473,1.024541,1.559798,1.555700
0.986972,0.864774,1.564094,1.559798
0.792744,0.893212,1.566430,1.564094
0.791207,1.027507,1.567498,1.566430
0.975081,0.853816,1.567516,1.567498
0.767788,0.876426,1.567021,1.567516
0.902034,0.996676,1.566562,1.567021
0.939087,0.851824,1.566586,1.566562
0.751145,0.844632,1.567247,1.566586
0.791944,0.979647,1.568453,1.567247
0.934267,0.829765,1.570333,1.568453
0.744551,0.843673,1.572167,1.570333
0.740816,0.989787,1.574134,1.572167
0.916613,0.812754,1.576450,1.574134
0.731560,0.841567,1.578351,1.576450
0.722839,0.984749,1.580323,1.578351
0.898267,0.967467,1.582756,1.580323
0.736240,0.991153,1.585386,1.582756
0.390627,0.815798,1.588129,1.585386
0.240899,0.846647,1.590545,1.588129
0.304214,0.965393,1.592532,1.590545
0.850551,0.802868,1.596699,1.592532
0.820738,0.819490,1.602786,1.596699
0.994638,0.895276,1.608494,1.602786
0.789217,0.687124,1.614399,1.608494
0.766281,0.625795,1.619524,1.614399
0.611949,0.715578,1.625560,1.619524
0.620535,0.538313,1.633798,1.625560
0.485512,0.523277,1.641913,1.633798
0.415460,0.535580,1.651421,1.641913
0.461462,0.380809,1.663945,1.651421
0.358319,0.374142,1.675845,1.663945
0.327416,0.388243,1.689766,1.675845
0.369639,0.315432,1.708874,1.689766
0.264384,0.285771,1.727984,1.708874
0.228321,0.317762,1.755521,1.727984
0.298485,0.243281,1.804906,1.755521
0.260215,0.205158,1.863209,1.804906
0.309991,0.294250,1.936091,1.863209
0.204142,0.235193,2.029444,1.936091
0.322622,0.252500,2.108135,2.029444
0.503354,0.357999,2.196896,2.108135
0.702049,0.310256,2.318424,2.196896
0.649556,0.299318,2.433710,2.318424
0.369719,0.362847,2.560884,2.433710
0.118657,0.311071,2.709886,2.560884
0.057867,0.355423,2.825019,2.709886
0.270980,0.503983,2.928095,2.825019
0.584667,0.480642,3.020992,2.928095
0.539297,0.536567,3.074203,3.020992
0.675045,0.743744,3.108150,3.074203
1.035052,0.788509,3.130594,3.108150
1.145684,0.878404,3.143441,3.130594
1.191367,0.720686,3.133154,3.143441
0.945527,0.740568,3.130652,3.133154
0.867878,0.846911,3.134183,3.130652
0.970436,0.676616,3.140320,3.134183
0.729694,0.707599,3.132307,3.140320
0.859896,0.834817,3.126592,3.132307
0.917482,0.676343,3.124261,3.126592
0.736283,0.736092,3.125443,3.124261
0.794769,0.854472,3.128376,3.125443
0.955514,0.691389,3.132449,3.128376
0.784084,0.729586,3.135364,3.132449
0.790438,0.887482,3.137431,3.135364
0.976297,0.694196,3.138580,3.137431
0.776682,0.730302,3.138682,3.138580
0.785444,0.841946,3.138360,3.138682
0.994085,0.752546,3.137718,3.138360
0.797523,0.739156,3.137289,3.137718
0.797422,0.883916,3.137095,3.137289
1.008847,0.732154,3.137297,3.137095
0.797684,0.749858,3.137779,3.137297
0.969032,0.907576,3.138450,3.137779
1.022703,0.740286,3.139472,3.138450
0.807044,0.759834,3.140409,3.139472
0.864652,0.918530,3.141342,3.140409
1.035474,0.778088,3.142143,3.141342
0.829661,0.755774,3.142265,3.142143
0.835300,0.887645,3.142045,3.142265
1.040184,0.724521,3.142023,3.142045
0.817366,0.783638,3.142300,3.142023
0.800208,0.850411,3.141831,3.142300
1.009830,0.784560,3.140878,3.141831
0.822498,0.787357,3.139910,3.140878
0.831292,0.898171,3.138856,3.139910
1.044860,0.779496,3.137602,3.138856
0.833025,0.771919,3.136540,3.137602
1.007194,0.928943,3.135375,3.136540
1.080149,0.743242,3.134060,3.135375
0.860745,0.774876,3.132892,3.134060
0.902364,0.891443,3.131468,3.132892
1.049512,0.777884,3.129364,3.131468
0.854350,0.769174,3.126616,3.129364
0.912145,0.888203,3.123550,3.126616
1.181049,0.754647,3.120767,3.123550
0.910018,0.689001,3.118450,3.120767
0.826237,0.760213,3.115592,3.118450
0.918894,0.618565,3.111204,3.115592
0.671443,0.649067,3.106261,3.111204
0.762002,0.626923,3.098740,3.106261
0.695912,0.498587,3.089942,3.098740
0.545028,0.574527,3.081425,3.089942
0.627381,0.424517,3.070946,3.081425
0.473983,0.434376,3.062177,3.070946
0.526076,0.464906,3.053340,3.062177
0.444331,0.342500,3.043285,3.053340
0.470502,0.319049,3.034933,3.043285
0.401494,0.399520,3.026411,3.034933
0.412479,0.286807,3.016602,3.026411
0.339591,0.315200,3.008681,3.016602
0.363666,0.270295,2.999377,3.008681
0.326576,0.224146,2.991062,2.999377
0.270710,0.253022,2.987550,2.991062
0.307788,0.210311,2.988606,2.987550
0.233332,0.195491,2.991927,2.988606
0.215820,0.236775,2.995984,2.991927
0.219766,0.164044,3.000010,2.995984
0.147224,0.104336,3.002002,3.000010
0.132266,0.195567,3.002556,3.002002
0.138961,0.120246,3.001715,3.002556
0.106384,0.155051,3.000449,3.001715
0.096579,0.114941,2.999137,3.000449
0.107529,0.106700,2.998029,2.999137
0.074513,0.046672,2.997616,2.998029
0.085330,0.065436,2.997611,2.997616
0.079167,0.078009,2.997879,2.997611
0.057999,0.052408,2.998180,2.997879
0.054729,0.078685,2.998445,2.998180
0.062421,0.070926,2.998568,2.998445
0.046420,0.057905,2.998528,2.998568
0.043148,0.021504,2.998380,2.998528
0.040652,0.044824,2.998321,2.998380
0.033941,0.029263,2.998331,2.998321
0.036083,0.056344,2.998354,2.998331
0.045960,0.046035,2.998361,2.998354
0.031838,0.041394,2.998303,2.998361
0.024432,0.041132,2.998203,2.998303
0.020616,0.048547,2.998126,2.998203
0.018080,0.026087,2.998084,2.998126
0.030411,0.041990,2.998095,2.998084
0.016768,0.025356,2.998049,2.998095
0.000000,0.010008,3.000039,2.998049
0.000000,0.000000,0.000000,0.000000
0.000000,0.031139,2.047190,0.000000
0.022246,0.028007,2.040034,2.047190
0.025195,0.037108,2.022566,2.040034
0.028566,0.023737,2.010439,2.022566
0.027992,0.052894,1.992381,2.010439
0.000000,0.023983,1.988576,1.992381
0.000000,0.040457,1.988365,1.988576
0.000000,0.031472,1.981526,1.988365
0.000000,0.020720,1.981418,1.981526
0.000000,0.023829,1.981125,1.981418
0.000000,0.023488,1.981475,1.981125
0.000000,0.060097,1.982175,1.981475
0.000000,0.024638,1.982938,1.982175
0.000000,0.033652,1.982083,1.982938
0.000000,0.024604,1.976890,1.982083
0.000000,0.007817,1.977998,1.976890
0.023488,0.045103,1.978343,1.977998
0.020499,0.021368,1.977669,1.978343
0.035288,0.063125,1.976660,1.977669
0.051121,0.027959,1.975469,1.976660
0.060868,0.052168,1.974360,1.975469
0.089269,0.054572,1.974339,1.974360
0.076645,0.025137,1.975399,1.974339
0.077032,0.031447,1.976925,1.975399
0.099273,0.041014,1.978687,1.976925
0.069647,0.058515,1.979595,1.978687
0.074334,0.030014,1.979751,1.979595
0.065727,0.032491,1.979223,1.979751
0.067015,0.014444,1.978487,1.979223
0.053662,0.041417,1.977736,1.978487
0.055801,0.023964,1.976870,1.977736
0.048984,0.006956,1.975904,1.976870
0.153847,0.030191,1.945949,1.975904
0.147267,0.087517,1.916294,1.945949
0.086643,0.134405,1.854717,1.916294
0.092421,0.223176,1.769649,1.854717
0.208660,0.371922,1.659006,1.769649
0.518699,0.507112,1.531593,1.659006
0.523147,0.641174,1.422669,1.531593
0.622255,0.581263,1.331208,1.422669
0.450413,0.675774,1.245738,1.331208
0.499150,0.846499,1.133795,1.245738
0.761266,0.755025,0.972169,1.133795
0.456942,0.809424,0.819785,0.972169
0.790746,0.945305,0.667926,0.819785
1.247533,0.819552,0.508728,0.667926
0.986702,0.970911,0.394871,0.508728
1.089410,0.962561,0.283703,0.394871
1.010546,0.798134,0.202054,0.283703
0.803285,0.938085,0.148801,0.202054
0.845792,0.754976,0.108351,0.148801
0.735093,0.938917,0.092217,0.108351
0.852450,0.951400,0.088186,0.092217
0.809158,0.806445,0.090156,0.088186
0.743766,0.944686,0.090301,0.090156
0.884485,0.956504,0.085843,0.090301
0.902068,0.949389,0.076581,0.085843
0.917091,0.826819,0.067153,0.076581
0.852086,0.854519,0.062483,0.067153
0.805445,0.978304,0.060055,0.062483
0.995302,0.840943,0.057934,0.060055
0.796245,0.853628,0.057375,0.057934
0.799302,0.979964,0.057257,0.057375
1.004703,0.848082,0.057378,0.057257
0.809629,0.827803,0.057807,0.057378
0.803912,0.969274,0.058132,0.057807
1.009383,0.850883,0.058182,0.058132
0.806370,0.830727,0.057941,0.058182
0.957424,0.949768,0.057558,0.057941
0.854259,0.786412,0.057030,0.057558
0.942755,0.842268,0.056920,0.057030
0.851379,0.985713,0.057731,0.056920
0.956785,0.818784,0.059084,0.057731
0.839016,0.869384,0.059815,0.059084
0.796037,0.964593,0.059804,0.059815
0.997762,0.809672,0.059073,0.059804
0.795088,0.822800,0.058380,0.059073
0.790361,1.014819,0.057911,0.058380
0.983354,0.838871,0.057605,0.057911
0.782418,0.835201,0.057325,0.057605
0.780593,0.980723,0.057119,0.057325
0.977956,0.827305,0.048300,0.057119
0.809776,0.841460,0.009009,0.048300
1.030849,0.916447,0.063558,0.009009
0.973947,0.766109,0.113431,0.063558
1.001922,0.759871,0.127256,0.113431
0.807268,0.799449,0.128542,0.127256
0.788924,0.637470,0.122503,0.128542
0.627990,0.682102,0.114734,0.122503
0.665524,0.583063,0.104610,0.114734
0.578359,0.511668,0.095456,0.104610
0.473283,0.557142,0.088991,0.095456
0.508308,0.409782,0.083571,0.088991
0.379027,0.379545,0.080938,0.083571
0.350777,0.380299,0.080050,0.080938
0.403392,0.315647,0.065761,0.080050
0.252872,0.297629,0.050248,0.065761
0.192701,0.363145,0.059237,0.050248
0.379974,0.259952,0.122629,0.059237
0.378578,0.260070,0.201771,0.122629
0.389623,0.302191,0.279099,0.201771
0.427091,0.244297,0.312290,0.279099
0.280147,0.217476,0.287514,0.312290
0.339021,0.309260,0.257007,0.287514
0.457706,0.299187,0.310307,0.257007
0.308059,0.335273,0.400397,0.310307
0.349575,0.422846,0.518834,0.400397
0.388418,0.422098,0.663424,0.518834
0.354627,0.524600,0.784522,0.663424
0.558821,0.712455,0.910084,0.784522
0.993970,0.674597,1.051189,0.910084
0.942852,0.742690,1.158279,1.051189
0.996262,0.930858,1.251473,1.158279
1.214450,0.770250,1.339163,1.251473
0.872993,0.966535,1.399382,1.339163
0.992583,0.942957,1.458483,1.399382
0.919999,0.804629,1.504828,1.458483
0.683661,0.894748,1.537625,1.504828
0.822876,0.786453,1.567803,1.537625
0.669915,0.790755,1.585105,1.567803
0.820261,0.920836,1.593913,1.585105
0.764170,0.794051,1.591404,1.593913
0.880468,0.826969,1.580831,1.591404
0.821203,0.941796,1.567355,1.580831
0.934541,0.807310,1.554138,1.567355
0.844131,0.839460,1.547641,1.554138
0.792405,0.961689,1.545568,1.547641
0.996889,0.786430,1.547690,1.545568
0.807741,0.820974,1.551238,1.547690
0.810275,0.988199,1.554935,1.551238
1.012901,0.833792,1.558197,1.554935
0.798898,0.848449,1.559444,1.558197
0.804763,1.010009,1.559600,1.559444
1.008183,0.838309,1.558739,1.559600
0.798804,0.822012,1.557775,1.558739
0.965481,0.992574,1.556893,1.557775
0.857845,0.801769,1.556383,1.556893
0.954586,0.828044,1.556527,1.556383
0.851937,1.006627,1.556978,1.556527
0.946546,0.838403,1.557842,1.556978
0.840027,0.822700,1.558607,1.557842
0.791062,1.019414,1.559325,1.558607
0.990366,0.846450,1.559939,1.559325
0.797869,0.846102,1.560184,1.559939
0.809411,0.969772,1.560338,1.560184
1.009459,0.803098,1.560370,1.560338
0.806528,0.837012,1.560506,1.560370
0.803390,0.984658,1.560836,1.560506
0.995136,0.828494,1.561569,1.560836
0.795775,0.848732,1.562456,1.561569
0.959791,0.969485,1.562931,1.562456
0.886110,0.822605,1.562976,1.562931
1.059765,0.818493,1.564999,1.562976
0.981570,0.926815,1.567481,1.564999
0.980839,0.695927,1.568678,1.567481
0.789720,0.652661,1.568631,1.568678
0.672752,0.745611,1.568176,1.568631
0.742565,0.575834,1.567515,1.568176
0.532977,0.582052,1.567068,1.567515
0.498813,0.591990,1.566847,1.567068
0.572265,0.474852,1.567015,1.566847
0.427761,0.442495,1.567463,1.567015
0.404728,0.468514,1.568131,1.567463
0.469386,0.351820,1.568955,1.568131
0.354814,0.376855,1.569327,1.568955
0.367230,0.354834,1.569319,1.569327
0.232451,0.270070,1.569687,1.569319
0.330430,0.363340,1.564901,1.569687
0.477034,0.305449,1.549158,1.564901
0.428245,0.262980,1.518384,1.549158
0.413780,0.276805,1.468413,1.518384
0.403243,0.258707,1.392402,1.468413
0.354038,0.298787,1.315670,1.392402
0.405985,0.355818,1.230906,1.315670
0.343289,0.312544,1.129862,1.230906
0.319724,0.397660,1.043572,1.129862
0.358699,0.548447,0.939440,1.043572
0.587171,0.507363,0.798168,0.939440
0.536367,0.631544,0.666764,0.798168
0.590841,0.799527,0.526200,0.666764
0.840174,0.740966,0.377694,0.526200
0.752954,0.784772,0.272700,0.377694
0.870609,0.951478,0.187498,0.272700
1.120673,0.813185,0.120984,0.187498
0.827193,0.823705,0.083415,0.120984
0.907184,0.897894,0.063210,0.083415
0.884917,0.762881,0.062580,0.063210
0.687286,0.775031,0.070846,0.062580
0.729722,0.949320,0.077319,0.070846
0.875050,0.797112,0.079451,0.077319
0.722533,0.770780,0.077616,0.079451
0.751805,0.964391,0.075387,0.077616
0.986730,0.816157,0.074402,0.075387
0.796768,0.820506,0.073705,0.074402
0.793521,0.966579,0.072624,0.073705
0.992061,0.801554,0.071104,0.072624
0.801627,0.831143,0.069779,0.071104
0.795696,0.958745,0.068381,0.069779
0.991687,0.847890,0.066969,0.068381
0.788873,0.823595,0.066286,0.066969
0.929882,0.946352,0.066008,0.066286
0.964836,0.817248,0.066282,0.066008
0.777549,0.830899,0.066872,0.066282
0.838432,0.984715,0.067564,0.066872
0.981124,0.830578,0.068102,0.067564
0.788782,0.851662,0.068020,0.068102
0.790489,1.005521,0.067553,0.068020
0.989025,0.818772,0.066115,0.067553
0.798678,0.843188,0.064080,0.066115
0.804340,0.990900,0.061953,0.064080
1.006037,0.848186,0.059698,0.061953
0.797753,0.820253,0.058125,0.059698
0.792352,0.966139,0.057263,0.058125
0.969723,0.816599,0.057554,0.057263
0.770739,0.823760,0.059007,0.057554
0.915475,0.967178,0.061126,0.059007
0.965554,0.818700,0.063431,0.061126
0.780506,0.839586,0.064745,0.063431
0.828076,0.992361,0.065518,0.064745
0.976370,0.841309,0.059581,0.065518
0.813321,0.861685,0.020636,0.059581
0.895502,1.000824,0.051256,0.020636
1.192077,0.844508,0.106335,0.051256
0.918075,0.860195,0.124731,0.106335
0.794973,0.905125,0.130547,0.124731
0.865756,0.712078,0.128748,0.130547
0.621014,0.665145,0.123412,0.128748
0.565990,0.740646,0.116423,0.123412
0.635708,0.514048,0.108761,0.116423
0.467610,0.527024,0.103644,0.108761
0.520040,0.578515,0.099637,0.103644
0.496983,0.409790,0.096996,0.099637
0.368633,0.346431,0.096534,0.096996
0.349449,0.373974,0.093408,0.096534
0.301876,0.350050,0.082112,0.093408
0.242540,0.312663,0.112412,0.082112
0.319075,0.304095,0.168444,0.112412
0.442596,0.203273,0.248164,0.168444
0.346110,0.194897,0.287205,0.248164
0.271801,0.288256,0.276155,0.287205
0.405117,0.266065,0.210357,0.276155
0.439912,0.283235,0.178398,0.210357
0.509885,0.373616,0.234925,0.178398
0.539517,0.333991,0.353876,0.234925
0.250785,0.377326,0.467676,0.353876
0.211387,0.515790,0.588665,0.467676
0.355552,0.546451,0.726504,0.588665
0.411474,0.636219,0.840790,0.726504
0.662574,0.853244,0.959467,0.840790
0.833542,0.762027,1.095485,0.959467
0.828528,0.810931,1.196469,1.095485
0.928536,1.031161,1.283064,1.196469
1.136055,0.863990,1.365266,1.283064
0.820006,0.865649,1.421037,1.365266
0.745910,0.973510,1.468095,1.421037
0.841723,0.980228,1.512787,1.468095
0.810119,0.976491,1.549021,1.512787
0.783606,0.825636,1.575085,1.549021
0.637105,0.818487,1.588562,1.575085
0.674547,1.008721,1.593200,1.588562
0.913428,0.835709,1.586910,1.593200
0.747991,0.859051,1.575494,1.586910
0.908681,1.036248,1.562968,1.575494
0.799330,0.825590,1.552050,1.562968
0.890230,0.883755,1.547591,1.552050
0.819048,1.061502,1.547322,1.547591
0.919962,0.859682,1.550851,1.547322
0.826783,0.867201,1.555009,1.550851
0.771801,1.031221,1.559085,1.555009
0.959531,0.861309,1.562505,1.559085
0.766393,0.882524,1.563994,1.562505
0.775393,0.980406,1.564591,1.563994
0.962084,0.878797,1.564654,1.564591
0.764285,0.863166,1.564657,1.564654
0.762046,0.964638,1.565081,1.564657
0.947228,0.800172,1.566299,1.565081
0.751114,0.866318,1.567827,1.566299
0.883832,1.008146,1.569809,1.567827
0.785017,0.842601,1.572498,1.569809
0.862089,0.843853,1.574922,1.572498
0.771730,1.005344,1.577341,1.574922
0.856809,0.825088,1.580023,1.577341
0.779495,0.852352,1.582094,1.580023
0.739271,0.965424,1.584108,1.582094
0.917726,0.834852,1.586402,1.584108
0.737000,0.830213,1.588329,1.586402
0.741744,0.962909,1.590493,1.588329
0.938765,0.804923,1.593293,1.590493
0.778168,0.858020,1.595867,1.593293
0.833917,0.975085,1.600931,1.595867
1.123802,0.785597,1.608950,1.600931
0.845088,0.755375,1.614760,1.608950
0.893936,0.784831,1.620133,1.614760
0.688372,0.608672,1.627168,1.620133
0.648046,0.593386,1.634567,1.627168
0.503609,0.600750,1.643764,1.634567
0.521342,0.470289,1.656238,1.643764
0.414223,0.460107,1.668089,1.656238
0.346956,0.468154,1.681337,1.668089
0.378728,0.382820,1.698128,1.681337
0.274594,0.336837,1.713547,1.698128
0.267091,0.368702,1.730794,1.713547
0.267354,0.271200,1.752856,1.730794
0.234532,0.249218,1.771254,1.752856
0.302551,0.292629,1.783356,1.771254
0.447835,0.189824,1.783146,1.783356
0.315760,0.197801,1.765055,1.783146
0.282781,0.247830,1.728541,1.765055
0.289214,0.225856,1.671162,1.728541
0.457945,0.300197,1.609563,1.671162
0.474386,0.326960,1.536371,1.609563
0.414775,0.313587,1.443682,1.536371
0.281187,0.462869,1.368499,1.443682
0.244085,0.532083,1.265443,1.368499
0.355888,0.528289,1.141984,1.265443
0.560481,0.765762,1.009523,1.141984
0.965458,0.740350,0.829994,1.009523
0.922784,0.817481,0.676126,0.829994
1.135744,0.987920,0.530766,0.676126
1.476079,0.877659,0.394402,0.530766
1.039030,0.882922,0.304299,0.394402
0.928229,1.000749,0.228411,0.304299
0.993405,0.828812,0.158314,0.228411
0.737404,0.830338,0.115347,0.158314
0.699727,0.984226,0.087889,0.115347
0.830746,0.816684,0.077616,0.087889
0.676421,0.869462,0.080310,0.077616
0.831497,0.974821,0.084733,0.080310
0.914254,0.856463,0.085689,0.084733
0.735198,0.856789,0.081515,0.085689
0.800397,1.050205,0.074381,0.081515
0.954636,0.851474,0.066799,0.074381
0.768545,0.877581,0.062410,0.066799
0.769217,1.072820,0.058289,0.062410
0.975592,0.876260,0.052532,0.058289
0.768521,0.899164,0.047473,0.052532
0.762582,1.039623,0.042844,0.047473
0.954200,0.897365,0.038705,0.042844
0.752866,0.858819,0.036401,0.038705
0.749456,1.043583,0.034878,0.036401
0.930133,0.858820,0.034434,0.034878
0.736682,0.863920,0.035262,0.034434
0.861936,1.010145,0.037091,0.035262
0.895643,0.977366,0.039493,0.037091
0.891714,1.009275,0.041476,0.039493
0.758656,0.839992,0.042954,0.041476
0.848001,0.854177,0.043715,0.042954
0.760578,0.966517,0.043921,0.043715
0.851145,0.801211,0.043846,0.043921
0.762196,1.037641,0.044133,0.043846
0.902359,0.992710,0.045327,0.044133
0.855251,0.805990,0.046981,0.045327
0.755172,0.978335,0.048455,0.046981
0.891543,0.820357,0.050121,0.048455
0.714031,0.822342,0.050139,0.050121
0.721255,0.991043,0.023555,0.050139
1.019330,0.807552,0.058310,0.023555
0.884962,0.780152,0.107444,0.058310
0.836265,0.877244,0.130863,0.107444
0.917360,0.672669,0.138913,0.130863
0.634958,0.640198,0.137481,0.138913
0.557068,0.690378,0.132204,0.137481
0.589932,0.519529,0.124599,0.132204
0.422395,0.472531,0.119536,0.124599
0.469942,0.536670,0.117181,0.119536
0.457938,0.404825,0.118528,0.117181
0.334550,0.373759,0.122361,0.118528
0.327195,0.386454,0.128345,0.122361
0.351311,0.292459,0.137119,0.128345
0.243153,0.289633,0.140106,0.137119
0.222286,0.297675,0.160894,0.140106
0.374613,0.239663,0.207857,0.160894
0.353030,0.214827,0.260492,0.207857
0.340747,0.201791,0.299287,0.260492
0.301027,0.179844,0.279323,0.299287
0.258515,0.295412,0.215599,0.279323
0.501587,0.298394,0.135470,0.215599
0.549789,0.368053,0.190286,0.135470
0.265944,0.377665,0.319522,0.190286
0.095580,0.367253,0.463367,0.319522
0.140124,0.530312,0.584068,0.463367
0.123584,0.545939,0.721397,0.584068
0.157373,0.616356,0.835300,0.721397
0.320916,0.884573,0.954592,0.835300
0.564787,0.764800,1.091087,0.954592
0.563557,0.858816,1.191874,1.091087
0.929737,1.052681,1.278913,1.191874
1.028251,0.838560,1.361831,1.278913
0.782907,0.855578,1.418043,1.361831
0.778999,0.987470,1.466143,1.418043
0.957718,0.997285,1.512708,1.466143
0.915182,0.992864,1.550974,1.512708
0.735730,0.844003,1.578666,1.550974
0.370482,1.029105,1.592737,1.578666
0.693566,0.988236,1.597477,1.592737
0.789248,0.860262,1.589699,1.597477
0.766510,1.002299,1.577606,1.589699
0.912158,0.834014,1.563820,1.577606
0.752006,0.879059,1.555921,1.563820
0.758771,1.023929,1.552389,1.555921
0.964137,0.860174,1.553199,1.552389
0.790961,0.878561,1.556390,1.553199
0.778655,1.015449,1.560326,1.556390
0.968830,0.852370,1.564390,1.560326
0.767978,0.853108,1.566672,1.564390
0.759035,1.024421,1.567911,1.566672
0.953068,0.868040,1.568279,1.567911
0.760490,0.866499,1.568204,1.568279
0.888833,0.988717,1.568292,1.568204
0.930429,0.818669,1.568853,1.568292
0.738664,0.837673,1.569794,1.568853
0.782262,0.979390,1.571079,1.569794
0.925775,0.862392,1.572693,1.571079
0.741515,0.833402,1.574103,1.572693
0.737094,0.981752,1.575490,1.574103
0.918348,0.805951,1.577093,1.575490
0.732169,0.834952,1.578551,1.577093
0.732652,0.972291,1.580087,1.578551
0.910549,0.988888,1.581974,1.580087
0.914009,0.985778,1.584203,1.581974
0.905007,0.802295,1.586980,1.584203
0.718047,0.844555,1.589781,1.586980
0.728960,0.968099,1.592484,1.589781
1.038369,0.829863,1.597848,1.592484
0.869211,0.795400,1.604118,1.597848
0.977494,0.890466,1.609837,1.604118
0.768405,0.675159,1.615882,1.609837
0.763800,0.658728,1.621280,1.615882
0.609625,0.663589,1.627785,1.621280
0.611493,0.526690,1.636810,1.627785
0.483055,0.505552,1.645407,1.636810
0.414548,0.531372,1.655147,1.645407
0.466809,0.411789,1.667882,1.655147
0.350919,0.377839,1.679942,1.667882
0.330984,0.399424,1.693788,1.679942
0.363300,0.286215,1.711799,1.693788
0.264371,0.274685,1.727393,1.711799
0.204812,0.325123,1.747470,1.727393
0.302740,0.243364,1.782926,1.747470
0.262978,0.226897,1.827810,1.782926
0.314601,0.245965,1.889305,1.827810
0.225017,0.223528,1.972992,1.889305
0.227020,0.281353,2.045238,1.972992
0.343349,0.326197,2.123210,2.045238
0.641450,0.310755,2.231833,2.123210
0.701545,0.387786,2.338160,2.231833
0.632739,0.384296,2.482892,2.338160
0.438502,0.325794,2.633863,2.482892
0.304375,0.464636,2.760414,2.633863
0.493178,0.394157,2.892884,2.760414
0.556244,0.486850,2.981058,2.892884
0.642746,0.641126,3.045825,2.981058
0.928324,0.648935,3.092348,3.045825
0.821568,0.657413,3.115563,3.092348
0.879823,0.850493,3.131257,3.115563
1.156201,0.706816,3.139714,3.131257
0.930674,0.866336,3.131620,3.139714
1.048602,0.860308,3.129799,3.131620
0.949207,0.731353,3.136488,3.129799
0.732038,0.840414,3.139579,3.136488
0.917047,0.690537,3.131260,3.139579
0.731969,0.704194,3.127461,3.131260
0.878370,0.846926,3.126906,3.127461
0.785245,0.687653,3.129501,3.126906
0.898904,0.748929,3.132962,3.129501
0.807098,0.829713,3.136465,3.132962
0.908825,0.704825,3.139424,3.136465
0.826873,0.741513,3.140747,3.139424
0.787094,0.860828,3.141029,3.140747
0.991298,0.731796,3.140449,3.141029
0.791359,0.753758,3.139703,3.140449
0.790997,0.891371,3.139015,3.139703
0.995812,0.751793,3.138514,3.139015
0.798757,0.747277,3.138354,3.138514
0.803290,0.897255,3.138508,3.138354
1.016865,0.750744,3.138972,3.138508
0.806076,0.785077,3.139386,3.138972
0.951407,0.890634,3.139801,3.139386
0.859333,0.762474,3.140569,3.139801
0.951568,0.771222,3.141214,3.140569
0.867112,0.889406,3.142008,3.141214
0.981023,0.780965,3.141543,3.142008
0.880511,0.738300,3.140307,3.141543
0.816583,0.892210,3.138968,3.140307
1.029062,0.752063,3.137760,3.138968
0.835904,0.771670,3.136894,3.137760
0.832993,0.904873,3.136282,3.136894
1.043512,0.762075,3.135664,3.136282
0.837366,0.769765,3.135071,3.135664
0.822165,0.914488,3.134248,3.135071
1.028627,0.754692,3.132806,3.134248
0.833459,0.726802,3.131265,3.132806
0.988954,0.888142,3.129575,3.131265
0.875093,0.795750,3.127501,3.129575
0.976411,0.735719,3.125609,3.127501
0.891773,0.930652,3.122917,3.125609
1.074118,0.726494,3.119995,3.122917
1.011189,0.754715,3.117960,3.119995
0.911043,0.822975,3.115376,3.117960
1.013337,0.629825,3.111288,3.115376
0.745222,0.589947,3.106711,3.111288
0.675234,0.678874,3.100771,3.106711
0.745860,0.528964,3.092655,3.100771
0.563225,0.497285,3.085538,3.092655
0.533859,0.564127,3.078433,3.085538
0.633999,0.445296,3.070987,3.078433
0.475811,0.410035,3.065542,3.070987
0.524646,0.493414,3.060489,3.065542
0.440442,0.359105,3.054499,3.060489
0.472835,0.337756,3.049028,3.054499
0.396126,0.343352,3.042450,3.049028
0.406354,0.326929,3.033082,3.042450
0.329845,0.299123,3.023612,3.033082
0.285920,0.291071,3.012119,3.023612
0.330349,0.251313,2.996679,3.012119
0.250327,0.286300,2.985312,2.996679
0.300260,0.248527,2.980818,2.985312
0.278476,0.182469,2.985901,2.980818
0.216996,0.189858,2.993374,2.985901
0.226353,0.139829,3.001785,2.993374
0.144918,0.144250,3.006588,3.001785
0.133714,0.171029,3.008718,3.006588
0.136443,0.158005,3.008109,3.008718
0.120136,0.104496,3.005642,3.008109
0.109592,0.097972,3.003053,3.005642
0.072888,0.093934,3.001416,3.003053
0.062081,0.100173,3.000476,3.001416
0.070541,0.046010,3.000286,3.000476
0.051575,0.067006,3.000603,3.000286
0.055603,0.057977,3.001216,3.000603
0.039285,0.069011,3.001926,3.001216
0.044147,0.061199,3.002245,3.001926
0.049478,0.100233,3.002318,3.002245
0.051635,0.044100,3.002141,3.002318
0.038962,0.014704,3.001948,3.002141
0.037367,0.049815,3.001637,3.001948
0.050850,0.061777,3.001263,3.001637
0.035544,0.036107,3.001136,3.001263
0.037074,0.023941,3.001098,3.001136
0.046998,0.038487,3.001133,3.001098
0.036718,0.030752,3.001218,3.001133
0.044593,0.024990,3.001350,3.001218
0.041630,0.018138,3.001520,3.001350
0.000000,0.032037,3.001252,3.001520
0.000000,0.014763,3.001343,3.001252
0.000000,0.000000,0.000000,0.000000
0.000000,0.011123,2.047851,0.000000
0.020702,0.026226,2.044009,2.047851
0.023692,0.042982,2.040911,2.044009
0.039347,0.073840,2.030977,2.040911
0.030518,0.019738,2.022010,2.030977
0.000000,0.024482,2.022949,2.022010
0.000000,0.029081,2.024398,2.022949
0.000000,0.044255,2.022000,2.024398
0.000000,0.038080,2.019764,2.022000
0.000000,0.008256,2.019368,2.019764
0.000000,0.029037,2.020070,2.019368
0.000000,0.046201,2.020719,2.020070
0.000000,0.025543,2.021095,2.020719
0.000000,0.023074,2.021422,2.021095
0.023343,0.032101,2.011196,2.021422
0.026365,0.009541,2.010515,2.011196
0.031702,0.013853,2.015464,2.010515
0.050129,0.043936,2.016907,2.015464
0.063180,0.025499,2.017174,2.016907
0.053457,0.022493,2.016871,2.017174
0.072851,0.046594,2.016164,2.016871
0.061931,0.016541,2.015107,2.016164
0.071752,0.050022,2.015334,2.015107
0.067778,0.044564,2.016714,2.015334
0.069324,0.028481,2.018556,2.016714
0.048274,0.037641,2.019769,2.018556
0.041386,0.025108,2.020403,2.019769
0.050163,0.015207,2.019010,2.020403
0.054337,0.028049,2.016332,2.019010
0.056669,0.032147,2.012630,2.016332
0.063258,0.046707,2.010550,2.012630
0.048604,0.041976,2.011453,2.010550
0.137986,0.036024,1.989976,2.011453
0.147097,0.112696,1.955356,1.989976
0.116328,0.129000,1.883147,1.955356
0.094237,0.222499,1.793347,1.883147
0.231819,0.352870,1.684274,1.793347
0.411830,0.419499,1.562870,1.684274
0.466660,0.482301,1.477200,1.562870
0.536037,0.636772,1.398853,1.477200
0.707116,0.637435,1.304976,1.398853
0.548066,0.732705,1.202589,1.304976
0.623573,0.864633,1.070361,1.202589
1.039941,0.787957,0.890660,1.070361
0.480129,0.848459,0.738247,0.890660
0.644525,0.960388,0.596494,0.738247
1.173688,0.820716,0.451756,0.596494
0.958452,0.819153,0.349515,0.451756
1.099213,0.925568,0.264186,0.349515
0.907755,0.759342,0.187660,0.264186
0.920711,0.793388,0.141938,0.187660
0.746767,0.907502,0.112170,0.141938
0.808897,0.764925,0.095654,0.112170
0.710717,0.801512,0.092275,0.095654
0.668738,0.953350,0.092450,0.092275
0.849377,0.804787,0.091265,0.092450
0.692562,0.819582,0.087001,0.091265
0.720413,0.962770,0.079102,0.087001
0.957290,0.792924,0.067663,0.079102
0.795996,0.835733,0.060655,0.067663
0.812585,1.007956,0.056703,0.060655
1.005692,0.824711,0.055444,0.056703
0.801747,0.836220,0.055095,0.055444
0.951809,0.984554,0.054999,0.055095
0.848814,0.825627,0.055206,0.054999
0.945612,0.854511,0.055848,0.055206
0.830257,0.970269,0.056484,0.055848
0.947760,0.800428,0.056727,0.056484
0.860839,0.848914,0.056391,0.056727
0.803197,0.990813,0.056003,0.056391
1.001286,0.824407,0.056426,0.056003
0.793113,0.846287,0.056967,0.056426
0.786673,0.955536,0.057675,0.056967
0.981621,0.795403,0.058892,0.057675
0.794378,0.868756,0.060069,0.058892
0.784846,0.999833,0.061123,0.060069
0.988700,0.809873,0.061540,0.061123
0.784647,0.832352,0.061154,0.061540
0.932417,0.979803,0.060630,0.061154
0.833541,0.824379,0.059809,0.060630
0.931912,0.847355,0.059304,0.059809
0.835592,0.954987,0.059286,0.059304
0.941095,0.780759,0.051748,0.059286
0.878970,0.831573,0.013071,0.051748
0.896742,0.968313,0.059217,0.013071
1.149267,0.801021,0.107786,0.059217
0.867507,0.750358,0.122638,0.107786
0.781106,0.785751,0.125814,0.122638
0.848320,0.630676,0.121784,0.125814
0.615225,0.579406,0.114909,0.121784
0.561364,0.664008,0.106435,0.114909
0.625712,0.528125,0.096344,0.106435
0.464050,0.478514,0.089008,0.096344
0.510913,0.528968,0.083566,0.089008
0.422743,0.384164,0.080262,0.083566
0.450956,0.357075,0.079685,0.080262
0.381574,0.390868,0.077468,0.079685
0.368854,0.296147,0.050197,0.077468
0.222070,0.306804,0.051764,0.050197
0.248118,0.327549,0.091857,0.051764
0.478959,0.304950,0.183491,0.091857
0.418760,0.212359,0.261739,0.183491
0.380139,0.329586,0.308844,0.261739
0.368205,0.207253,0.294501,0.308844
0.313288,0.251255,0.255401,0.294501
0.393060,0.333595,0.276363,0.255401
0.419067,0.357369,0.374083,0.276363
0.251280,0.403821,0.509948,0.374083
0.222865,0.450188,0.655478,0.509948
0.196068,0.532134,0.776787,0.655478
0.281848,0.694286,0.903105,0.776787
0.500689,0.682830,1.045562,0.903105
0.633092,0.747475,1.154406,1.045562
0.995532,0.928374,1.249049,1.154406
1.255517,0.783290,1.338187,1.249049
1.004959,0.795154,1.399089,1.338187
0.968673,0.939992,1.449939,1.399089
1.011755,0.754998,1.497143,1.449939
0.738464,0.778709,1.528938,1.497143
0.685219,0.928324,1.555694,1.528938
0.827199,0.773159,1.578654,1.555694
0.667401,0.795659,1.589556,1.578654
0.693844,0.944758,1.591278,1.589556
0.899668,0.782965,1.582129,1.591278
0.750141,0.813399,1.569914,1.582129
0.769318,0.971299,1.558135,1.569914
0.991986,0.780264,1.549139,1.558135
0.806964,0.866238,1.546368,1.549139
0.963796,0.979151,1.547258,1.546368
1.016017,0.801597,1.550802,1.547258
0.804987,0.829718,1.554284,1.550802
0.845618,0.984450,1.557210,1.554284
1.002763,0.990034,1.558997,1.557210
0.996698,0.984493,1.559111,1.558997
0.951510,0.985821,1.558232,1.559111
1.013334,0.972718,1.557148,1.558232
1.003879,0.822417,1.556349,1.557148
0.813432,0.829571,1.556059,1.556349
0.865663,1.011736,1.556103,1.556059
1.026120,0.833417,1.556459,1.556103
0.812827,0.837853,1.556901,1.556459
0.789380,1.009586,1.557451,1.556901
0.965877,0.828648,1.558060,1.557451
0.786127,0.833857,1.558573,1.558060
0.782651,0.988562,1.559027,1.558573
0.991895,0.996725,1.559369,1.559027
0.999937,0.972967,1.559467,1.559369
0.999684,0.838388,1.559585,1.559467
0.798975,0.860630,1.559831,1.559585
0.796202,0.993330,1.560158,1.559831
0.992144,0.820729,1.560501,1.560158
0.797653,0.835941,1.560088,1.560501
0.998272,0.967750,1.560309,1.560088
0.990015,0.793330,1.563253,1.560309
1.064441,0.767700,1.565316,1.563253
0.844267,0.823779,1.566573,1.565316
0.829238,0.646865,1.567880,1.566573
0.665262,0.598837,1.569486,1.567880
0.571490,0.676923,1.571875,1.569486
0.647714,0.499877,1.575676,1.571875
0.470487,0.490955,1.579303,1.575676
0.438723,0.514597,1.582982,1.579303
0.498825,0.415017,1.586941,1.582982
0.375419,0.409929,1.589631,1.586941
0.350983,0.389401,1.591838,1.589631
0.408057,0.339132,1.592839,1.591838
0.259901,0.298462,1.593947,1.592839
0.276432,0.319422,1.593743,1.593947
0.370845,0.277010,1.586006,1.593743
0.465768,0.315919,1.571099,1.586006
0.443861,0.266855,1.532914,1.571099
0.340341,0.261887,1.469657,1.532914
0.336711,0.318791,1.400921,1.469657
0.481960,0.290594,1.306858,1.400921
0.357829,0.310780,1.222463,1.306858
0.135549,0.415253,1.136189,1.222463
0.085846,0.397926,1.027820,1.136189
0.059388,0.479139,0.918480,1.027820
0.160915,0.630469,0.793634,0.918480
0.360657,0.646277,0.628512,0.793634
0.517342,0.721090,0.490622,0.628512
0.601980,0.904583,0.365443,0.490622
1.038255,0.780246,0.245441,0.365443
0.877834,0.816311,0.174447,0.245441
0.872128,0.973821,0.123983,0.174447
0.963878,0.766829,0.082561,0.123983
0.721484,0.796929,0.064399,0.082561
0.821737,0.913235,0.063262,0.064399
0.847907,0.792228,0.071432,0.063262
0.682468,0.805885,0.076839,0.071432
0.749977,0.957857,0.078110,0.076839
0.914789,0.767580,0.075484,0.078110
0.746347,0.799099,0.073626,0.075484
0.755469,0.966963,0.073890,0.073626
0.974623,0.796372,0.075343,0.073890
0.788927,0.831061,0.075813,0.075343
0.800882,0.951130,0.075052,0.075813
1.001585,0.990213,0.073312,0.075052
0.997956,0.943681,0.071621,0.073312
0.875270,0.816362,0.069974,0.071621
0.722996,0.853521,0.068918,0.069974
0.758989,0.999970,0.068343,0.068918
0.976483,0.808057,0.067959,0.068343
0.792133,0.849529,0.067591,0.067959
0.948842,0.981807,0.066704,0.067591
0.841847,0.823724,0.065253,0.066704
0.944439,0.839124,0.064084,0.065253
0.846061,0.986538,0.063072,0.064084
0.958626,0.834374,0.062359,0.063072
0.854535,0.824723,0.061900,0.062359
0.801784,1.027858,0.061338,0.061900
0.999842,0.861288,0.060405,0.061338
0.801135,0.821446,0.059479,0.060405
0.788953,0.960066,0.058764,0.059479
0.978321,0.806599,0.059114,0.058764
0.781780,0.857479,0.060423,0.059114
0.779243,1.010983,0.061977,0.060423
0.976912,0.829583,0.063064,0.061977
0.784822,0.800435,0.063058,0.063064
0.929041,0.986248,0.062201,0.063058
0.819585,0.820297,0.028117,0.062201
2.289337,0.840664,0.035585,0.028117
1.084531,1.044786,0.091508,0.035585
1.015127,0.857339,0.120121,0.091508
0.821301,0.811509,0.127674,0.120121
0.689215,0.856320,0.128537,0.127674
0.769284,0.654401,0.125223,0.128537
0.575009,0.629509,0.120752,0.125223
0.527476,0.689549,0.115539,0.120752
0.598702,0.508649,0.109074,0.115539
0.443114,0.490193,0.103609,0.109074
0.411166,0.498191,0.098430,0.103609
0.468741,0.386222,0.093356,0.098430
0.344142,0.363954,0.089452,0.093356
0.355457,0.369175,0.065481,0.089452
0.219897,0.291452,0.078224,0.065481
0.333452,0.254141,0.130131,0.078224
0.358895,0.298828,0.199326,0.130131
0.383511,0.193881,0.275014,0.199326
0.309676,0.227444,0.288355,0.275014
0.328647,0.293027,0.258869,0.288355
0.526499,0.276245,0.217476,0.258869
0.503690,0.309059,0.261450,0.217476
0.359189,0.355694,0.357011,0.261450
0.132254,0.359552,0.492309,0.357011
0.070733,0.410502,0.616121,0.492309
0.115103,0.578984,0.740481,0.616121
0.307162,0.585814,0.885465,0.740481
0.473361,0.698728,1.005565,0.885465
0.784484,0.892845,1.122990,1.005565
0.760088,0.805514,1.239751,1.122990
1.002115,0.860234,1.316219,1.239751
1.001233,1.028307,1.379550,1.316219
1.080903,0.868935,1.439563,1.379550
0.911310,0.866283,1.481013,1.439563
0.810140,0.994614,1.516955,1.481013
0.949774,0.803174,1.551175,1.516955
0.730877,0.829362,1.572805,1.551175
0.709591,0.965824,1.587259,1.572805
0.880153,0.824304,1.592587,1.587259
0.708809,0.817070,1.587434,1.592587
0.718609,1.005996,1.576408,1.587434
0.904417,0.840833,1.562718,1.576408
0.736567,0.847584,1.554437,1.562718
0.892527,1.014193,1.550427,1.554437
0.803514,0.849654,1.550866,1.550427
0.911742,0.854284,1.553788,1.550866
0.817578,1.048438,1.557755,1.553788
0.918838,0.872926,1.562072,1.557755
0.821868,0.881830,1.564673,1.562072
0.766237,1.014391,1.566241,1.564673
0.998036,0.871816,1.566943,1.566241
0.780825,0.879202,1.567179,1.566943
0.775157,1.030237,1.567490,1.567179
0.957824,0.850001,1.568209,1.567490
0.764944,0.840904,1.569137,1.568209
0.758215,1.027257,1.570363,1.569137
0.936722,0.819847,1.572051,1.570363
0.743525,0.842546,1.573440,1.572051
0.882270,0.989978,1.574776,1.573440
0.788836,0.826405,1.576244,1.574776
0.877777,0.833425,1.577554,1.576244
0.778602,0.967536,1.578928,1.577554
0.614020,0.836616,1.580748,1.578928
0.329179,0.859680,1.582676,1.580748
0.279589,0.979829,1.584955,1.582676
0.288937,0.798435,1.587975,1.584955
0.242730,0.865740,1.590870,1.587975
0.113392,0.972716,1.593788,1.590870
0.146736,0.825459,1.597595,1.593788
0.032269,0.859403,1.603515,1.597595
0.134719,0.941286,1.610178,1.603515
0.466137,0.724437,1.616484,1.610178
0.538157,0.681274,1.621427,1.616484
0.651453,0.747421,1.627298,1.621427
0.572744,0.566085,1.635843,1.627298
0.601653,0.532601,1.644748,1.635843
0.493819,0.553224,1.655642,1.644748
0.481398,0.409516,1.670887,1.655642
0.377972,0.407754,1.685598,1.670887
0.319130,0.427243,1.702535,1.685598
0.344911,0.303147,1.725138,1.702535
0.254618,0.307910,1.746048,1.725138
0.210962,0.307175,1.769439,1.746048
0.329343,0.241543,1.791330,1.769439
0.302843,0.227606,1.799088,1.791330
0.312085,0.208050,1.793106,1.799088
0.329219,0.187245,1.760825,1.793106
0.231969,0.211182,1.719756,1.760825
0.334305,0.245638,1.665290,1.719756
0.485924,0.266577,1.586669,1.665290
0.524280,0.288809,1.511742,1.586669
0.325070,0.381013,1.430876,1.511742
0.273646,0.377065,1.339910,1.430876
0.208708,0.459917,1.254750,1.339910
0.280789,0.629153,1.150352,1.254750
0.683589,0.628619,0.994521,1.150352
0.741553,0.748601,0.842807,0.994521
0.883328,0.967413,0.684115,0.842807
1.326055,0.847984,0.515146,0.684115
1.120183,0.878613,0.401476,0.515146
1.081059,1.002532,0.308043,0.401476
1.160293,0.857376,0.220849,0.308043
0.826598,0.994725,0.163515,0.220849
0.939086,0.998741,0.112294,0.163515
0.877354,0.870379,0.083941,0.112294
0.686124,0.993311,0.076915,0.083941
0.870540,0.807425,0.080088,0.076915
0.721635,0.867780,0.083580,0.080088
0.845104,0.972548,0.083000,0.083580
0.925431,0.872491,0.076768,0.083000
0.753478,0.896668,0.069742,0.076768
0.832613,1.052720,0.063846,0.069742
0.981310,0.866750,0.058915,0.063846
0.783229,0.887933,0.054986,0.058915
0.781354,1.013782,0.050592,0.054986
0.968441,0.880252,0.045408,0.050592
0.770986,0.893498,0.041748,0.045408
0.770281,1.017615,0.039237,0.041748
0.947797,0.827121,0.038213,0.039237
0.748683,0.915381,0.038614,0.038213
0.744404,1.029177,0.039663,0.038614
0.881775,0.852800,0.040919,0.039663
0.721952,0.879528,0.041770,0.040919
0.864731,0.983489,0.042441,0.041770
0.920321,0.837166,0.042667,0.042441
0.735342,0.874402,0.042580,0.042667
0.781207,0.959277,0.042204,0.042580
0.917640,0.813861,0.041970,0.042204
0.736182,0.844677,0.041999,0.041970
0.735966,1.010681,0.042312,0.041999
0.910225,0.802725,0.043018,0.042312
0.726475,0.825558,0.043849,0.043018
0.727149,0.975430,0.045161,0.043849
0.901367,1.003379,0.047155,0.045161
0.906313,0.992406,0.048846,0.047155
0.915103,0.806356,0.019961,0.048846
0.786982,0.861745,0.048845,0.019961
0.835951,0.936899,0.105604,0.048845
1.021663,0.722793,0.134449,0.105604
0.737373,0.683644,0.140484,0.134449
0.761278,0.769837,0.138493,0.140484
0.591833,0.581965,0.131816,0.138493
0.562728,0.612284,0.125789,0.131816
0.519662,0.562769,0.120211,0.125789
0.405972,0.419630,0.117865,0.120211
0.411916,0.468233,0.118691,0.117865
0.395642,0.361390,0.123639,0.118691
0.298698,0.325418,0.131020,0.123639
0.283233,0.308228,0.139211,0.131020
0.291700,0.269404,0.154213,0.139211
0.256573,0.262226,0.184666,0.154213
0.309520,0.258195,0.233052,0.184666
0.410469,0.199171,0.293828,0.233052
0.283394,0.171351,0.299385,0.293828
0.237118,0.262631,0.254942,0.299385
0.414844,0.265211,0.159768,0.254942
0.452953,0.283724,0.117466,0.159768
0.436117,0.342909,0.181893,0.117466
0.247550,0.301853,0.311045,0.181893
0.058591,0.343348,0.435491,0.311045
0.165237,0.489273,0.560858,0.435491
0.243347,0.487416,0.700297,0.560858
0.190088,0.599206,0.815848,0.700297
0.194973,0.846146,0.934752,0.815848
0.369874,0.762178,1.072435,0.934752
0.449694,0.821935,1.176240,1.072435
0.782001,1.022055,1.266082,1.176240
0.498034,0.870300,1.352309,1.266082
0.561999,0.880822,1.410109,1.352309
0.667447,1.025936,1.458646,1.410109
0.876759,0.855941,1.505426,1.458646
0.708961,0.836016,1.537950,1.505426
0.709234,0.998786,1.565004,1.537950
0.895036,0.802154,1.587198,1.565004
0.718759,0.853471,1.596638,1.587198
0.860620,0.975111,1.596857,1.596638
0.906661,0.848856,1.586687,1.596857
0.736005,0.889686,1.574450,1.586687
0.790990,1.003815,1.563112,1.574450
0.954455,0.832570,1.554901,1.563112
0.769414,0.862622,1.552914,1.554901
0.775878,1.034392,1.554559,1.552914
0.970331,0.836041,1.558959,1.554559
0.765928,0.891092,1.563042,1.558959
0.767141,1.019921,1.566438,1.563042
0.965353,1.024385,1.568609,1.566438
0.951976,0.987990,1.569027,1.568609
0.940409,0.830214,1.568375,1.569027
0.746915,0.856254,1.567795,1.568375
0.734235,1.009445,1.567557,1.567795
0.919437,0.831411,1.567937,1.567557
0.727058,0.837184,1.568889,1.567937
0.858162,0.993170,1.570225,1.568889
0.763103,0.837359,1.572054,1.570225
0.875845,1.013570,1.573598,1.572054
0.930336,0.965292,1.575250,1.573598
0.787240,0.837464,1.576563,1.575250
0.879999,0.973073,1.577686,1.576563
0.929932,0.798113,1.579197,1.577686
0.739421,0.870268,1.580781,1.579197
0.778531,0.969300,1.582896,1.580781
0.917012,0.800160,1.586189,1.582896
0.728243,0.842378,1.589283,1.586189
0.776676,0.976929,1.593205,1.589283
1.101838,0.796231,1.601225,1.593205
0.886744,0.763970,1.608415,1.601225
0.797057,0.855307,1.614469,1.608415
0.849711,0.645692,1.620606,1.614469
0.618881,0.602162,1.625752,1.620606
0.543202,0.676664,1.631724,1.625752
0.593823,0.509318,1.640116,1.631724
0.431937,0.470658,1.648634,1.640116
0.451138,0.525490,1.659137,1.648634
0.450906,0.385446,1.673657,1.659137
0.334179,0.343001,1.687985,1.673657
0.331148,0.410638,1.704898,1.687985
0.362807,0.283506,1.726776,1.704898
0.238624,0.271051,1.747258,1.726776
0.221330,0.304907,1.774922,1.747258
0.294220,0.248126,1.822038,1.774922
0.247971,0.214188,1.877000,1.822038
0.231941,0.268992,1.946029,1.877000
0.295276,0.259530,2.035274,1.946029
0.333693,0.267871,2.110812,2.035274
0.477397,0.350175,2.198267,2.110812
0.762180,0.276324,2.319404,2.198267
0.518495,0.277897,2.433783,2.319404
0.343871,0.373508,2.560081,2.433783
0.160358,0.319948,2.709216,2.560081
0.226544,0.381527,2.827790,2.709216
0.396107,0.501815,2.932626,2.827790
0.522338,0.502671,3.024978,2.932626
0.545616,0.580507,3.075904,3.024978
0.733961,0.742125,3.107419,3.075904
1.077124,0.689210,3.128340,3.107419
0.914928,0.726130,3.139577,3.128340
0.950913,0.909400,3.135727,3.139577
1.178024,0.722711,3.130133,3.135727
0.858694,0.741595,3.132073,3.130133
0.779873,0.827369,3.139052,3.132073
0.906653,0.694264,3.135689,3.139052
0.721766,0.698500,3.129717,3.135689
0.860804,0.840534,3.126811,3.129717
0.912185,0.831798,3.127378,3.126811
0.924441,0.828449,3.130676,3.127378
0.806321,0.728726,3.134707,3.130676
0.915274,0.723642,3.137548,3.134707
0.822502,0.846033,3.139390,3.137548
0.938454,0.877883,3.140206,3.139390
0.994045,0.850463,3.140031,3.140206
1.001231,0.751011,3.139452,3.140031
0.796519,0.755934,3.138823,3.139452
0.855860,0.855569,3.138438,3.138823
0.996365,0.752393,3.138466,3.138438
0.795440,0.762407,3.138740,3.138466
0.807745,0.864994,3.139385,3.138740
1.028386,0.749067,3.140282,3.139385
0.824558,0.769664,3.141046,3.140282
0.814906,0.884315,3.141880,3.141046
1.016271,0.762108,3.142034,3.141880
0.827023,0.750306,3.141557,3.142034
0.821714,0.934414,3.141062,3.141557
1.033148,0.734554,3.140482,3.141062
0.819126,0.774990,3.139814,3.140482
0.950205,0.907998,3.139266,3.139814
0.999189,0.740494,3.138756,3.139266
0.809174,0.755449,3.138505,3.138756
0.885586,0.917141,3.138273,3.138505
1.048579,0.754197,3.137931,3.138273
0.851865,0.766031,3.137386,3.137931
0.845594,0.940463,3.136512,3.137386
1.063991,0.727538,3.135188,3.136512
0.850659,0.776737,3.133849,3.135188
0.850566,0.903608,3.132301,3.133849
1.060015,0.929731,3.130196,3.132301
1.052998,0.890831,3.126935,3.130196
1.140303,0.761634,3.123344,3.126935
0.951621,0.748479,3.120923,3.123344
0.925900,0.822169,3.118322,3.120923
1.021122,0.651598,3.114471,3.118322
0.736267,0.640405,3.110461,3.114471
0.800893,0.683240,3.105443,3.110461
0.653096,0.525240,3.098187,3.105443
0.671154,0.524894,3.091109,3.098187
0.572378,0.573976,3.083127,3.091109
0.603874,0.448343,3.073311,3.083127
0.502862,0.426943,3.065074,3.073311
0.441320,0.457583,3.056859,3.065074
0.519151,0.385070,3.047718,3.056859
0.400266,0.361345,3.040181,3.047718
0.385415,0.388799,3.032114,3.040181
0.455651,0.291527,3.021457,3.032114
0.344975,0.258657,3.011132,3.021457
0.332542,0.319328,2.999027,3.011132
0.377041,0.251130,2.983552,2.999027
0.282793,0.230293,2.971900,2.983552
0.323202,0.267075,2.966187,2.971900
0.262455,0.192908,2.968574,2.966187
0.265549,0.226721,2.974545,2.968574
0.253385,0.213055,2.982788,2.974545
0.175657,0.139324,2.989037,2.982788
0.156260,0.143821,2.991698,2.989037
0.140010,0.133144,2.991754,2.991698
0.097653,0.093354,2.990139,2.991754
0.093756,0.086198,2.987941,2.990139
0.104650,0.092345,2.985676,2.987941
0.075283,0.112226,2.984447,2.985676
0.069794,0.117158,2.983894,2.984447
0.079298,0.082662,2.983922,2.983894
0.062107,0.094135,2.984434,2.983922
0.061276,0.071129,2.985104,2.984434
0.044457,0.065832,2.985482,2.985104
0.043812,0.089552,2.985638,2.985482
0.053339,0.032955,2.985623,2.985638
0.043091,0.031691,2.985490,2.985623
0.038032,0.037155,2.985292,2.985490
0.055474,0.058000,2.985093,2.985292
0.045304,0.031315,2.985000,2.985093
0.046416,0.047717,2.985015,2.985000
0.029201,0.028464,2.985106,2.985015
0.031837,0.017222,2.985286,2.985106
0.027161,0.032334,2.985421,2.985286
0.023224,0.019351,2.985538,2.985421
0.020490,0.009113,2.985551,2.985538
0.020163,0.012947,2.985418,2.985551
0.027434,0.025700,2.985196,2.985418
0.020318,0.013762,2.984986,2.985196
0.000000,0.000000,0.000000,0.000000
0.000000,0.010447,2.043511,0.000000
0.000000,0.066535,2.026484,2.043511
0.026965,0.080264,1.994837,2.026484
0.029425,0.036532,1.980383,1.994837
0.000000,0.047871,1.990780,1.980383
0.000000,0.036394,2.000343,1.990780
0.000000,0.046744,2.005060,2.000343
0.021974,0.016707,2.009091,2.005060
0.017218,0.021458,2.010939,2.009091
0.000000,0.042035,2.009706,2.010939
0.000000,0.027976,2.009108,2.009706
0.000000,0.048878,2.008718,2.009108
0.000000,0.025546,2.008677,2.008718
0.000000,0.064030,2.008792,2.008677
0.000000,0.040848,2.008918,2.008792
0.000000,0.035050,2.009323,2.008918
0.000000,0.016131,2.009862,2.009323
0.000000,0.031589,2.010050,2.009862
0.000000,0.031873,2.009024,2.010050
0.021006,0.007630,2.006570,2.009024
0.029476,0.008404,1.999031,2.006570
0.035705,0.023396,1.999960,1.999031
0.022721,0.035228,2.000635,1.999960
0.000000,0.036317,2.000536,2.000635
0.000000,0.022450,2.000246,2.000536
0.045917,0.045857,1.999510,2.000246
0.058960,0.045922,1.998113,1.999510
0.068079,0.054696,1.996623,1.998113
0.086021,0.046650,1.994628,1.996623
0.080272,0.044777,1.994436,1.994628
0.102655,0.036691,1.995839,1.994436
0.110712,0.037109,1.999524,1.995839
0.095285,0.052789,2.003126,1.999524
0.096708,0.063267,2.005975,2.003126
0.096256,0.026516,2.007189,2.005975
0.067928,0.012496,2.006639,2.007189
0.072115,0.051961,2.004506,2.006639
0.074269,0.090405,2.000108,2.004506
0.081934,0.034705,1.996558,2.000108
0.083968,0.056824,1.995542,1.996558
0.117952,0.023104,1.992273,1.995542
0.175676,0.032025,1.980751,1.992273
0.225249,0.079265,1.951137,1.980751
0.138941,0.110583,1.906156,1.951137
0.037215,0.239895,1.830558,1.906156
0.254436,0.289083,1.710974,1.830558
0.330022,0.372180,1.606913,1.710974
0.355005,0.525171,1.511341,1.606913
0.327031,0.519055,1.410630,1.511341
0.525784,0.615958,1.328771,1.410630
0.509008,0.819168,1.227577,1.328771
0.630478,0.727563,1.077839,1.227577
0.695595,0.785609,0.932428,1.077839
0.427849,0.942790,0.777248,0.932428
0.793840,0.792752,0.608929,0.777248
0.835708,0.839108,0.482767,0.608929
0.906911,0.945558,0.371939,0.482767
1.055248,0.809341,0.270489,0.371939
0.794566,0.811140,0.206381,0.270489
0.762559,0.935842,0.155052,0.206381
0.905765,0.779764,0.111637,0.155052
0.708284,0.831845,0.090780,0.111637
0.826836,0.951251,0.082551,0.090780
0.739827,0.768882,0.083756,0.082551
0.842155,0.806616,0.085795,0.083756
0.770956,0.953559,0.084532,0.085795
0.887824,0.799431,0.077667,0.084532
0.819557,0.989757,0.069693,0.077667
1.007754,0.951968,0.063031,0.069693
0.961302,0.838728,0.059951,0.063031
0.850835,0.984702,0.059143,0.059951
0.984800,1.006941,0.059096,0.059143
0.997185,0.979727,0.058874,0.059096
0.947955,0.784765,0.058888,0.058874
0.853736,0.855112,0.059348,0.058888
0.805862,0.985126,0.060104,0.059348
0.992139,0.838459,0.060442,0.060104
0.791516,0.800225,0.060440,0.060442
0.788410,0.981858,0.060353,0.060440
0.990580,0.843506,0.060291,0.060353
0.792196,0.837520,0.060276,0.060291
0.791461,0.991325,0.060078,0.060276
0.984784,0.836517,0.060028,0.060078
0.793095,0.825129,0.059820,0.060028
0.957764,0.985685,0.059679,0.059820
0.852570,0.825528,0.059639,0.059679
0.941623,0.827749,0.059861,0.059639
0.838537,0.988054,0.060220,0.059861
0.933240,0.823399,0.060711,0.060220
0.837570,0.864188,0.060917,0.060711
0.789295,0.995601,0.060703,0.060917
0.993915,0.813569,0.049138,0.060703
0.840814,0.844640,0.006466,0.049138
0.897624,0.952694,0.067671,0.006466
1.164541,0.755369,0.117450,0.067671
0.866313,0.744405,0.131874,0.117450
0.773140,0.805943,0.133675,0.131874
0.834876,0.570102,0.127339,0.133675
0.610518,0.611771,0.118692,0.127339
0.643197,0.651718,0.108742,0.118692
0.524176,0.509401,0.097766,0.108742
0.528118,0.456850,0.090760,0.097766
0.437801,0.515411,0.086032,0.090760
0.465029,0.368805,0.083738,0.086032
0.393380,0.353627,0.084271,0.083738
0.348260,0.414110,0.079975,0.084271
0.347480,0.265402,0.056468,0.079975
0.208894,0.324313,0.064850,0.056468
0.283025,0.311457,0.119980,0.064850
0.491900,0.253041,0.211627,0.119980
0.403617,0.253905,0.283918,0.211627
0.351235,0.254128,0.311358,0.283918
0.383361,0.266393,0.279924,0.311358
0.359399,0.263102,0.250554,0.279924
0.487779,0.339913,0.294885,0.250554
0.369775,0.311376,0.404531,0.294885
0.284228,0.381908,0.522470,0.404531
0.244110,0.515967,0.649345,0.522470
0.417151,0.508336,0.795590,0.649345
0.488328,0.596758,0.919437,0.795590
0.478404,0.806520,1.041703,0.919437
0.911069,0.718704,1.170915,1.041703
0.896240,0.790325,1.261280,1.170915
0.984292,0.940645,1.336822,1.261280
1.174463,0.756542,1.408072,1.336822
0.820239,0.815945,1.454829,1.408072
0.718991,0.924714,1.493495,1.454829
0.794276,0.762805,1.531079,1.493495
0.474471,0.777895,1.557224,1.531079
0.675879,0.933452,1.577673,1.557224
0.670269,0.791552,1.591136,1.577673
0.814304,0.812334,1.592057,1.591136
0.774602,0.945516,1.583806,1.592057
0.909361,0.797572,1.568688,1.583806
0.834052,0.817639,1.556858,1.568688
0.789465,0.964552,1.548728,1.556858
1.008119,0.818031,1.545231,1.548728
0.813921,0.833584,1.546058,1.545231
0.813903,0.981167,1.549195,1.546058
1.013280,0.798437,1.553473,1.549195
0.807944,0.855057,1.556259,1.553473
0.797682,0.976829,1.557932,1.556259
0.982818,0.817243,1.558440,1.557932
0.787965,0.863124,1.558039,1.558440
0.944649,0.984214,1.557382,1.558039
0.848062,0.798064,1.556679,1.557382
0.963126,0.814524,1.556362,1.556679
0.857390,1.002326,1.556364,1.556362
0.965158,0.824286,1.556713,1.556364
0.861804,1.026512,1.557187,1.556713
0.994742,0.982000,1.557675,1.557187
0.942088,0.833562,1.557919,1.557675
0.839694,0.978212,1.557794,1.557919
0.988661,0.829201,1.557538,1.557794
0.793749,0.815086,1.557467,1.557538
0.799542,0.994725,1.557513,1.557467
1.017443,0.810376,1.557747,1.557513
0.803300,0.862074,1.558168,1.557747
0.798315,0.992826,1.558823,1.558168
1.008830,0.843917,1.559795,1.558823
0.797412,0.818266,1.560290,1.559795
0.816418,0.977348,1.560529,1.560290
1.130095,0.793930,1.563555,1.560529
0.949184,0.790520,1.566419,1.563555
1.037344,0.868513,1.567981,1.566419
0.934924,0.677850,1.568641,1.567981
0.667191,0.631055,1.568865,1.568641
0.632545,0.727195,1.569250,1.568865
0.667254,0.652095,1.570006,1.569250
0.582977,0.558398,1.570827,1.570006
0.508551,0.443559,1.571448,1.570827
0.426990,0.421085,1.571767,1.571448
0.389094,0.453004,1.571872,1.571767
0.453810,0.361498,1.571881,1.571872
0.340856,0.350100,1.571129,1.571881
0.273178,0.351776,1.570273,1.571129
0.284084,0.275104,1.568351,1.570273
0.329000,0.304269,1.561175,1.568351
0.389519,0.315963,1.546478,1.561175
0.515662,0.231076,1.514149,1.546478
0.349040,0.228003,1.464031,1.514149
0.380072,0.301629,1.399307,1.464031
0.336435,0.238529,1.307122,1.399307
0.344343,0.314779,1.221893,1.307122
0.156515,0.389967,1.131930,1.221893
0.071701,0.338232,1.026803,1.131930
0.086417,0.412827,0.927109,1.026803
0.160582,0.600012,0.808069,0.927109
0.479514,0.578178,0.657106,0.808069
0.490666,0.652102,0.522472,0.657106
0.604875,0.867717,0.395324,0.522472
0.961149,0.802558,0.270522,0.395324
0.855823,0.809119,0.186968,0.270522
0.942781,0.950199,0.128429,0.186968
1.091553,0.807180,0.080676,0.128429
0.779011,0.831933,0.056564,0.080676
0.860141,0.901412,0.053072,0.056564
0.741682,0.794064,0.065407,0.053072
0.813991,0.796334,0.074585,0.065407
0.756648,0.928608,0.078785,0.074585
0.862829,0.797471,0.077764,0.078785
0.789814,0.809768,0.075825,0.077764
0.768285,0.941240,0.074921,0.075825
0.979157,0.795727,0.075382,0.074921
0.789756,0.831142,0.075669,0.075382
0.788757,0.914267,0.075090,0.075669
0.997456,0.794429,0.073458,0.075090
0.790713,0.841119,0.071954,0.073458
0.791047,0.977468,0.070650,0.071954
0.971739,0.818563,0.069393,0.070650
0.780251,0.857480,0.068447,0.069393
0.923142,0.988754,0.067429,0.068447
0.609256,0.828524,0.066068,0.067429
0.698484,0.860786,0.064744,0.066068
0.768014,0.976685,0.063569,0.064744
0.911914,0.819006,0.062340,0.063569
0.837700,0.848103,0.061616,0.062340
0.793361,0.988890,0.061071,0.061616
0.996439,0.809002,0.060953,0.061071
0.802532,0.833628,0.061409,0.060953
0.799237,0.981801,0.062052,0.061409
0.994265,0.820887,0.062865,0.062052
0.791161,0.839387,0.063477,0.062865
0.783176,0.995058,0.064033,0.063477
0.968945,0.813101,0.063891,0.064033
0.779142,0.829963,0.063503,0.063891
0.928507,1.009606,0.062897,0.063503
0.831784,0.806671,0.062116,0.062897
0.939597,0.823381,0.061632,0.062116
0.844400,0.995814,0.060436,0.061632
0.954860,0.838470,0.023472,0.060436
0.942577,0.904284,0.043792,0.023472
0.904715,1.032591,0.097946,0.043792
1.062724,0.815583,0.125295,0.097946
0.772835,0.781600,0.132113,0.125295
0.698259,0.836000,0.131494,0.132113
0.761536,0.677008,0.125706,0.131494
0.558544,0.636121,0.118928,0.125706
0.507575,0.652769,0.111922,0.118928
0.576405,0.489756,0.104934,0.111922
0.434868,0.459292,0.100233,0.104934
0.475538,0.514167,0.096701,0.100233
0.392009,0.373926,0.094818,0.096701
0.400573,0.381446,0.094129,0.094818
0.312462,0.381613,0.075851,0.094129
0.265618,0.265997,0.092185,0.075851
0.333442,0.286549,0.143085,0.092185
0.358145,0.302605,0.209202,0.143085
0.456383,0.202462,0.280683,0.209202
0.302294,0.222785,0.289687,0.280683
0.311608,0.272662,0.250460,0.289687
0.524455,0.286860,0.197517,0.250460
0.496429,0.299252,0.237804,0.197517
0.442223,0.398785,0.328290,0.237804
0.334395,0.371725,0.462746,0.328290
0.285289,0.390459,0.585093,0.462746
0.388707,0.622230,0.705797,0.585093
0.616829,0.594259,0.846624,0.705797
0.594107,0.713397,0.964361,0.846624
0.820807,0.903355,1.082207,0.964361
1.103177,0.802260,1.202850,1.082207
0.940021,0.858222,1.284667,1.202850
1.045789,1.038263,1.354404,1.284667
1.090856,0.840205,1.421175,1.354404
0.774824,0.845081,1.467438,1.421175
0.775315,0.975059,1.507693,1.467438
0.941769,0.821431,1.545839,1.507693
0.725233,0.842879,1.569857,1.545839
0.721707,0.987116,1.586231,1.569857
0.905256,0.823288,1.593955,1.586231
0.746515,0.865968,1.590738,1.593955
0.745948,1.009810,1.580631,1.590738
0.946822,0.841829,1.566168,1.580631
0.756225,0.873868,1.556281,1.566168
0.902444,1.031567,1.550567,1.556281
0.946669,0.855135,1.549577,1.550567
0.773759,0.873570,1.552182,1.549577
0.821077,1.037907,1.556401,1.552182
0.966902,0.875286,1.561481,1.556401
0.774903,0.848815,1.564732,1.561481
0.764816,1.004734,1.566671,1.564732
0.951266,0.848701,1.567484,1.566671
0.755379,0.860529,1.567493,1.567484
0.755218,1.032620,1.567396,1.567493
0.940078,0.820663,1.567677,1.567396
0.754342,0.879547,1.568424,1.567677
0.748620,0.999354,1.569776,1.568424
0.932750,0.856298,1.571920,1.569776
0.742633,0.862719,1.573956,1.571920
0.881227,0.988188,1.576127,1.573956
0.926949,0.834183,1.578568,1.576127
0.736139,0.999544,1.580413,1.578568
0.915886,0.981713,1.582414,1.580413
0.941834,0.856402,1.584252,1.582414
0.783535,0.961426,1.585843,1.584252
0.869414,0.820821,1.587858,1.585843
0.776155,0.852898,1.589798,1.587858
0.730141,0.972757,1.592283,1.589798
0.929941,0.824774,1.595439,1.592283
0.816835,0.837779,1.599924,1.595439
0.877745,0.972627,1.607394,1.599924
1.072510,0.745299,1.615431,1.607394
0.774527,0.700837,1.620952,1.615431
0.675108,0.736859,1.626294,1.620952
0.707268,0.577392,1.633325,1.626294
0.496931,0.539478,1.640563,1.633325
0.528473,0.582433,1.649575,1.640563
0.427954,0.444906,1.662257,1.649575
0.434466,0.430890,1.674414,1.662257
0.357133,0.416920,1.688322,1.674414
0.364707,0.344092,1.706428,1.688322
0.295274,0.303260,1.723449,1.706428
0.246623,0.345719,1.741953,1.723449
0.266592,0.280617,1.765036,1.741953
0.294490,0.208581,1.778630,1.765036
0.348077,0.260311,1.781931,1.778630
0.405824,0.183263,1.766926,1.781931
0.248018,0.208495,1.733464,1.766926
0.228650,0.244359,1.687658,1.733464
0.403052,0.238992,1.617982,1.687658
0.462465,0.258481,1.548241,1.617982
0.479614,0.395039,1.469394,1.548241
0.323417,0.323333,1.377161,1.469394
0.296623,0.418949,1.298307,1.377161
0.313535,0.575333,1.201939,1.298307
0.582823,0.574409,1.064165,1.201939
0.760023,0.689010,0.921005,1.064165
0.877247,0.923806,0.762233,0.921005
1.300726,0.814541,0.583760,0.762233
1.142583,0.863911,0.455794,0.583760
1.136849,1.061473,0.351632,0.455794
1.255102,0.843488,0.254376,0.351632
0.885664,0.862927,0.189525,0.254376
0.767178,0.980814,0.137309,0.189525
0.895289,0.800740,0.094915,0.137309
0.677532,0.837996,0.077179,0.094915
0.797111,0.997026,0.074831,0.077179
0.716781,0.850951,0.081312,0.074831
0.813555,0.860549,0.085880,0.081312
0.752329,1.002841,0.085686,0.085880
0.864127,0.860389,0.079216,0.085686
0.795838,0.862205,0.071645,0.079216
0.768787,1.035774,0.065123,0.071645
0.971371,0.853000,0.059288,0.065123
0.778178,0.888644,0.054737,0.059288
0.780242,1.073582,0.049757,0.054737
0.961618,0.870601,0.043973,0.049757
0.762978,0.890240,0.039991,0.043973
0.764073,1.031080,0.037126,0.039991
0.942676,0.875641,0.035702,0.037126
0.754147,1.043075,0.036018,0.035702
0.928591,1.029629,0.037716,0.036018
0.923635,0.847157,0.039995,0.037716
0.732712,1.007116,0.041936,0.039995
0.909002,0.836566,0.043383,0.041936
0.727780,0.870244,0.043751,0.043383
0.868832,1.005556,0.043575,0.043751
0.913360,0.826412,0.043066,0.043575
0.733555,0.836449,0.042824,0.043066
0.775253,0.992310,0.042976,0.042824
0.903625,0.812696,0.043591,0.042976
0.724522,0.877635,0.044132,0.043591
0.724105,0.967717,0.044651,0.044132
0.896771,0.828232,0.045181,0.044651
0.715588,1.036451,0.045911,0.045181
0.892457,0.946546,0.043484,0.045911
0.940066,0.799007,0.011659,0.043484
0.827888,0.945768,0.072265,0.011659
1.076343,0.746567,0.124626,0.072265
0.776484,0.877743,0.139945,0.124626
0.824324,0.769556,0.141405,0.139945
0.688726,0.604901,0.134604,0.141405
0.478031,0.629462,0.126882,0.134604
0.521085,0.493537,0.118808,0.126882
0.389025,0.467455,0.114805,0.118808
0.368014,0.516421,0.114014,0.114805
0.415617,0.353806,0.116758,0.114014
0.306243,0.340490,0.121317,0.116758
0.339249,0.359319,0.127874,0.121317
0.320571,0.285324,0.129788,0.127874
0.208800,0.267470,0.144601,0.129788
0.281769,0.264442,0.179063,0.144601
0.397035,0.198106,0.239800,0.179063
0.322772,0.156384,0.289785,0.239800
0.259546,0.217375,0.291440,0.289785
0.326155,0.238902,0.233918,0.291440
0.389158,0.227929,0.159331,0.233918
0.487862,0.353968,0.159248,0.159331
0.402405,0.306659,0.262584,0.159248
0.158840,0.338864,0.379687,0.262584
0.070814,0.439529,0.505583,0.379687
0.093196,0.472981,0.647395,0.505583
0.115295,0.565228,0.763858,0.647395
0.297428,0.764151,0.882548,0.763858
0.627169,0.741686,1.022329,0.882548
0.776502,0.784636,1.132518,1.022329
1.012052,1.013627,1.229262,1.132518
1.068091,0.858404,1.321422,1.229262
0.786634,0.903148,1.384247,1.321422
0.756557,1.007259,1.437236,1.384247
0.942143,0.841512,1.488106,1.437236
0.763112,0.813534,1.523481,1.488106
0.731052,0.969603,1.553367,1.523481
0.891654,0.800242,1.579555,1.553367
0.700619,0.845419,1.592960,1.579555
0.697038,0.989333,1.597410,1.592960
0.868860,0.839562,1.590887,1.597410
0.705153,0.862395,1.579631,1.590887
0.860171,0.990235,1.567666,1.579631
0.931574,0.838076,1.557549,1.567666
0.762541,0.867850,1.553831,1.557549
0.822322,1.039250,1.554008,1.553831
0.966235,0.848796,1.557343,1.554008
0.775643,0.875396,1.561005,1.557343
0.776414,1.040141,1.564350,1.561005
0.964932,0.861481,1.566836,1.564350
0.775223,0.871980,1.567657,1.566836
0.760408,1.006771,1.567747,1.567657
0.942050,0.864086,1.567527,1.567747
0.752057,0.846668,1.567490,1.567527
0.745497,0.988312,1.567730,1.567490
0.922061,0.849887,1.568489,1.567730
0.730807,0.847404,1.569499,1.568489
0.863684,0.986835,1.570787,1.569499
0.914691,0.802208,1.572521,1.570787
0.733162,0.856313,1.574110,1.572521
0.783838,1.007335,1.575839,1.574110
0.919047,0.823404,1.577945,1.575839
0.734282,0.840692,1.579836,1.577945
0.731545,0.975320,1.581980,1.579836
0.920383,0.827439,1.584650,1.581980
0.745264,0.853564,1.586950,1.584650
0.740311,0.969857,1.589491,1.586950
0.926448,0.816904,1.592581,1.589491
0.775734,0.833953,1.595905,1.592581
0.852878,0.946204,1.602311,1.595905
1.081087,0.761905,1.610137,1.602311
0.785731,0.735340,1.615428,1.610137
0.809141,0.791360,1.620470,1.615428
0.750040,0.587580,1.626757,1.620470
0.531314,0.554994,1.632833,1.626757
0.495670,0.611302,1.640188,1.632833
0.499550,0.457445,1.650511,1.640188
0.369557,0.420751,1.660787,1.650511
0.343394,0.459104,1.672988,1.660787
0.410639,0.365140,1.689288,1.672988
0.314799,0.349003,1.704548,1.689288
0.299568,0.354843,1.721339,1.704548
0.308987,0.256241,1.743026,1.721339
0.228564,0.280132,1.768743,1.743026
0.256417,0.295763,1.807707,1.768743
0.363616,0.209000,1.872921,1.807707
0.277582,0.221976,1.941368,1.872921
0.256732,0.291210,2.018694,1.941368
0.358875,0.273936,2.109184,2.018694
0.450774,0.321107,2.194028,2.109184
0.651331,0.326266,2.295835,2.194028
0.534501,0.325709,2.431186,2.295835
0.222243,0.278957,2.555126,2.431186
0.145239,0.366042,2.684624,2.555126
0.195357,0.405394,2.829281,2.684624
0.353759,0.464324,2.931651,2.829281
0.561724,0.568306,3.012108,2.931651
0.742678,0.565716,3.073937,3.012108
0.693463,0.690277,3.104667,3.073937
0.800527,0.820743,3.124145,3.104667
1.096990,0.678775,3.139009,3.124145
0.927807,0.726010,3.135633,3.139009
1.084140,0.864577,3.129638,3.135633
1.032507,0.683768,3.130751,3.129638
0.766246,0.740298,3.137796,3.130751
0.770706,0.841789,3.137378,3.137796
0.894522,0.695295,3.128686,3.137378
0.727236,0.707067,3.125009,3.128686
0.720362,0.851037,3.124797,3.125009
0.922017,0.682104,3.127765,3.124797
0.749138,0.739581,3.131343,3.127765
0.762690,0.854917,3.134800,3.131343
0.963295,0.694346,3.137560,3.134800
0.777263,0.747383,3.138694,3.137560
0.779590,0.882590,3.138938,3.138694
0.989302,0.703575,3.138456,3.138938
0.783180,0.746934,3.137797,3.138456
0.933247,0.903512,3.137261,3.137797
0.991470,0.735585,3.137019,3.137261
0.804389,0.758642,3.137169,3.137019
0.865059,0.868854,3.137590,3.137169
1.011319,0.745443,3.138259,3.137590
0.811251,0.766540,3.138863,3.138259
0.818703,0.903974,3.139593,3.138863
1.024204,0.770016,3.140560,3.139593
0.810764,0.778474,3.141334,3.140560
0.813896,0.882745,3.142096,3.141334
1.021741,0.772964,3.141690,3.142096
0.827047,0.764092,3.140784,3.141690
0.821284,0.888824,3.139849,3.140784
1.024488,0.739192,3.138961,3.139849
0.825365,0.776912,3.138376,3.138961
0.982201,0.910538,3.137808,3.138376
1.040691,0.745864,3.136930,3.137808
0.834422,0.769573,3.135980,3.136930
0.890956,0.906455,3.134765,3.135980
1.047000,0.768874,3.133047,3.134765
0.840726,0.771577,3.131346,3.133047
0.844558,0.911449,3.129472,3.131346
1.049758,0.761430,3.127300,3.129472
0.834402,0.769276,3.125326,3.127300
0.843046,0.911942,3.122508,3.125326
1.144279,0.739037,3.119583,3.122508
0.940237,0.691141,3.117877,3.119583
0.912357,0.820664,3.115814,3.117877
1.000798,0.636688,3.112729,3.115814
0.733781,0.620635,3.109308,3.112729
0.798428,0.652767,3.104882,3.109308
0.745884,0.526345,3.098496,3.104882
0.560386,0.519215,3.092180,3.098496
0.551576,0.566130,3.084746,3.092180
0.601697,0.415255,3.075085,3.084746
0.463725,0.414775,3.066110,3.075085
0.443116,0.436762,3.056212,3.066110
0.513729,0.356797,3.044134,3.056212
0.382682,0.381196,3.034072,3.044134
0.363066,0.374920,3.024082,3.034072
0.422572,0.301985,3.013040,3.024082
0.315503,0.273920,3.004111,3.013040
0.295110,0.325181,2.994656,3.004111
0.333964,0.246899,2.983071,2.994656
0.251652,0.230489,2.974938,2.983071
0.293393,0.239316,2.972585,2.974938
0.289955,0.201014,2.976645,2.972585
0.220329,0.182082,2.982465,2.976645
0.226433,0.190683,2.988259,2.982465
0.240698,0.159201,2.993001,2.988259
0.173993,0.143923,2.994645,2.993001
0.144136,0.166836,2.994406,2.994645
0.153514,0.105693,2.992616,2.994406
0.112996,0.060878,2.990844,2.992616
0.094312,0.106421,2.989344,2.990844
0.108082,0.086561,2.988191,2.989344
0.081606,0.046930,2.987915,2.988191
0.085012,0.114395,2.988070,2.987915
0.113617,0.075974,2.988466,2.988070
0.079225,0.073404,2.988844,2.988466
0.086781,0.034477,2.989160,2.988844
0.083906,0.070138,2.989347,2.989160
0.053770,0.061772,2.989294,2.989347
0.063977,0.043792,2.989022,2.989294
0.056344,0.048045,2.988729,2.989022
0.050367,0.043980,2.988588,2.988729
0.048782,0.060090,2.988474,2.988588
0.036432,0.025180,2.988543,2.988474
0.027367,0.031992,2.988699,2.988543
0.024081,0.036556,2.989035,2.988699
0.022817,0.050017,2.989118,2.989035
0.032048,0.006733,2.989148,2.989118
0.027518,0.017024,2.989017,2.989148
0.000000,0.021858,2.988672,2.989017
0.021636,0.029590,2.988603,2.988672
0.000000,0.028558,2.988578,2.988603
0.000000,0.007588,2.988577,2.988578
0.000000,0.016383,2.988591,2.988577
0.000000,0.000000,0.000000,0.000000
0.000000,0.017299,2.043617,0.000000
0.018388,0.015978,2.034308,2.043617
0.024664,0.065942,2.020532,2.034308
0.038240,0.056432,2.004879,2.020532
0.024463,0.046389,2.006355,2.004879
0.000000,0.029918,2.019594,2.006355
0.000000,0.023956,2.032625,2.019594
0.000000,0.009949,2.032309,2.032625
0.000000,0.005799,2.032567,2.032309
0.000000,0.041669,2.032743,2.032567
0.000000,0.045507,2.032668,2.032743
0.000000,0.016960,2.032331,2.032668
0.000000,0.035572,2.031652,2.032331
0.000000,0.024327,2.030633,2.031652
0.030752,0.014547,2.023340,2.030633
0.026245,0.028981,2.021291,2.023340
0.027299,0.020623,2.018657,2.021291
0.033709,0.016846,2.016354,2.018657
0.029315,0.064891,2.016431,2.016354
0.044544,0.028612,2.018000,2.016431
0.055956,0.029169,2.021815,2.018000
0.058927,0.025363,2.024708,2.021815
0.060967,0.037436,2.026580,2.024708
0.081979,0.009864,2.027524,2.026580
0.078954,0.042428,2.028413,2.027524
0.079868,0.037878,2.030028,2.028413
0.106077,0.033451,2.032187,2.030028
0.084030,0.032957,2.034175,2.032187
0.067280,0.048422,2.036012,2.034175
0.073699,0.007171,2.035926,2.036012
0.054309,0.037848,2.034060,2.035926
0.046608,0.041691,2.030914,2.034060
0.065355,0.051025,2.026594,2.030914
0.064514,0.054789,2.022768,2.026594
0.050502,0.016601,2.021907,2.022768
0.062054,0.029623,2.022242,2.021907
0.095073,0.022839,2.019145,2.022242
0.171991,0.023743,2.004565,2.019145
0.165327,0.040414,1.977884,2.004565
0.101353,0.124793,1.928587,1.977884
0.029434,0.216253,1.830983,1.928587
0.147688,0.286378,1.722250,1.830983
0.320410,0.426686,1.612549,1.722250
0.453850,0.443523,1.506176,1.612549
0.414748,0.541881,1.431819,1.506176
0.469518,0.718621,1.360080,1.431819
0.601330,0.835863,1.251580,1.360080
0.644796,0.889741,1.100924,1.251580
0.820757,0.812192,0.920921,1.100924
0.454289,0.794027,0.764915,0.920921
0.742344,0.967650,0.617647,0.764915
1.200475,0.805181,0.468055,0.617647
0.949093,0.837917,0.363119,0.468055
0.906506,0.932688,0.274801,0.363119
1.057539,0.769895,0.194354,0.274801
0.779165,0.777781,0.144488,0.194354
0.852987,0.958043,0.111257,0.144488
0.721650,0.794844,0.092487,0.111257
0.799660,0.798644,0.087437,0.092487
0.712562,0.921071,0.086333,0.087437
0.817083,0.800562,0.085558,0.086333
0.741410,0.808243,0.082919,0.085558
0.707816,0.969685,0.077000,0.082919
0.942677,0.795526,0.068372,0.077000
0.788009,0.837260,0.063572,0.068372
0.793516,0.950389,0.060917,0.063572
0.994384,0.822992,0.059197,0.060917
0.785785,0.857635,0.058765,0.059197
0.774569,0.993235,0.058799,0.058765
0.986884,0.849400,0.059159,0.058799
0.799514,0.821976,0.059422,0.059159
0.945257,0.969862,0.059990,0.059422
0.843740,0.836033,0.060286,0.059990
0.946992,0.807459,0.060076,0.060286
0.844229,0.957848,0.059375,0.060076
0.953455,0.799010,0.058364,0.059375
0.856903,0.837200,0.057757,0.058364
0.804365,1.002580,0.057392,0.057757
0.995341,0.830930,0.057564,0.057392
0.790224,0.851904,0.058065,0.057564
0.784456,1.000295,0.058719,0.058065
0.982990,0.823354,0.059537,0.058719
0.785768,0.851735,0.060040,0.059537
0.780417,0.959099,0.060326,0.060040
0.978388,0.977189,0.060655,0.060326
0.972800,0.962444,0.061000,0.060655
0.982803,0.830526,0.060877,0.061000
0.790498,0.851966,0.049764,0.060877
0.820822,0.958564,0.007894,0.049764
1.118281,0.828372,0.075205,0.007894
0.924290,0.770705,0.111046,0.075205
1.000141,0.853096,0.125086,0.111046
0.922144,0.660868,0.126662,0.125086
0.662387,0.660972,0.122162,0.126662
0.634053,0.683085,0.114997,0.122162
0.670438,0.529914,0.105703,0.114997
0.492144,0.503827,0.097987,0.105703
0.449106,0.539576,0.090832,0.097987
0.509192,0.380568,0.084463,0.090832
0.384628,0.391922,0.080810,0.084463
0.362028,0.428544,0.078818,0.080810
0.417399,0.362462,0.070476,0.078818
0.288226,0.308735,0.048488,0.070476
0.214872,0.317843,0.053383,0.048488
0.340509,0.310354,0.111144,0.053383
0.393319,0.263466,0.190627,0.111144
0.465308,0.303428,0.271553,0.190627
0.420173,0.246020,0.314820,0.271553
0.300098,0.242732,0.293026,0.314820
0.348931,0.314845,0.252372,0.293026
0.532073,0.290117,0.288491,0.252372
0.322676,0.308409,0.373957,0.288491
0.258710,0.425280,0.488875,0.373957
0.418135,0.425469,0.637383,0.488875
0.441855,0.492015,0.758677,0.637383
0.562813,0.675147,0.885030,0.758677
0.850145,0.657203,1.028272,0.885030
0.711502,0.726287,1.138717,1.028272
0.821351,0.885329,1.235846,1.138717
1.116635,0.782311,1.326978,1.235846
0.953438,0.824156,1.389680,1.326978
1.042255,0.949173,1.442606,1.389680
0.948024,0.934763,1.491464,1.442606
0.852726,0.942762,1.530774,1.491464
0.704866,0.759268,1.561237,1.530774
0.785259,0.775293,1.579772,1.561237
0.715625,0.957736,1.590626,1.579772
0.842988,0.786949,1.591087,1.590626
0.779921,0.791078,1.582454,1.591087
0.762666,0.950314,1.569950,1.582454
0.981366,0.812993,1.556714,1.569950
0.791738,0.849406,1.549684,1.556714
0.795737,0.975098,1.546874,1.549684
1.000704,0.807614,1.548203,1.546874
0.802672,0.863351,1.551344,1.548203
0.808931,0.945531,1.554959,1.551344
1.014438,0.817718,1.558293,1.554959
0.810018,0.832682,1.559836,1.558293
0.955864,0.984213,1.560260,1.559836
0.856824,0.776874,1.559641,1.560260
0.955584,0.837238,1.558794,1.559641
0.858168,0.980894,1.557911,1.558794
0.960051,0.826228,1.557105,1.557911
0.861711,0.843348,1.556729,1.557105
0.807601,0.991842,1.556740,1.556729
1.006617,0.828464,1.556955,1.556740
0.787078,0.848568,1.557256,1.556955
0.785733,0.986041,1.557632,1.557256
0.996626,0.836088,1.558168,1.557632
0.787972,0.845387,1.558621,1.558168
0.790343,0.980275,1.559014,1.558621
0.995895,0.813665,1.559349,1.559014
0.804261,0.836329,1.559417,1.559349
0.950295,0.962282,1.559372,1.559417
0.850127,0.832948,1.559385,1.559372
0.956810,0.879970,1.559474,1.559385
0.853573,0.974687,1.559458,1.559474
0.971029,0.829368,1.558771,1.559458
0.946751,0.978962,1.560079,1.558771
1.177935,0.916237,1.563813,1.560079
1.006721,0.740568,1.566023,1.563813
0.788645,0.817198,1.566979,1.566023
0.804580,0.751900,1.567830,1.566979
0.709369,0.665126,1.568677,1.567830
0.614493,0.531929,1.569439,1.568677
0.515172,0.480420,1.570101,1.569439
0.441039,0.520225,1.571123,1.570101
0.501485,0.422945,1.573352,1.571123
0.379398,0.377845,1.576473,1.573352
0.362542,0.429671,1.581132,1.576473
0.422693,0.328103,1.587702,1.581132
0.246871,0.311598,1.594535,1.587702
0.209143,0.369275,1.601153,1.594535
0.419018,0.265431,1.600706,1.601153
0.400221,0.280236,1.591034,1.600706
0.460960,0.281121,1.567963,1.591034
0.377366,0.222516,1.514418,1.567963
0.343023,0.272239,1.455579,1.514418
0.349402,0.308024,1.382117,1.455579
0.426767,0.319423,1.286782,1.382117
0.229083,0.308538,1.204312,1.286782
0.206994,0.467716,1.118390,1.204312
0.289782,0.443656,1.001784,1.118390
0.363421,0.501582,0.887115,1.001784
0.495697,0.716613,0.755620,0.887115
0.816730,0.668076,0.586400,0.755620
0.787045,0.752147,0.452732,0.586400
0.812940,0.938298,0.334653,0.452732
1.092229,0.991186,0.226071,0.334653
1.103879,0.948570,0.149664,0.226071
1.004930,0.797181,0.096700,0.149664
0.731959,0.784768,0.071783,0.096700
0.711683,0.939764,0.066220,0.071783
0.857162,0.776427,0.072568,0.066220
0.686413,0.786369,0.078201,0.072568
0.849099,0.934878,0.080547,0.078201
0.924375,0.771648,0.078787,0.080547
0.759926,0.808232,0.076432,0.078787
0.827862,0.951109,0.075208,0.076432
0.984767,0.831365,0.075809,0.075208
0.788416,0.818465,0.076512,0.075809
0.793898,0.949184,0.076405,0.076512
0.992527,0.810463,0.074830,0.076405
0.791066,0.828929,0.072697,0.074830
0.796270,0.995463,0.070230,0.072697
0.984791,0.824997,0.067107,0.070230
0.792245,0.863129,0.065226,0.067107
0.793227,0.990833,0.064295,0.065226
0.990152,0.838133,0.063990,0.064295
0.790881,0.847463,0.063720,0.063990
0.940301,0.961570,0.063093,0.063720
0.990547,0.839435,0.061845,0.063093
0.791353,1.006859,0.060744,0.061845
0.529081,0.943758,0.059804,0.060744
0.328455,0.843094,0.059721,0.059804
0.299116,0.985424,0.060185,0.059721
0.699601,0.844809,0.060883,0.060185
0.756174,0.995830,0.061435,0.060883
0.937670,0.966922,0.062054,0.061435
0.913223,0.846757,0.062502,0.062054
0.819784,0.989900,0.062879,0.062502
0.975301,1.014590,0.063371,0.062879
0.982462,0.942141,0.063921,0.063371
0.930248,0.848291,0.064130,0.063921
0.826496,0.834204,0.058776,0.064130
0.811884,0.986518,0.019092,0.058776
1.124560,0.819059,0.060968,0.019092
0.940463,0.901739,0.103421,0.060968
0.848873,0.995071,0.122382,0.103421
0.907098,0.747793,0.128395,0.122382
0.656153,0.724834,0.126665,0.128395
0.614951,0.770747,0.121615,0.126665
0.695990,0.600918,0.114299,0.121615
0.511634,0.542106,0.108292,0.114299
0.553234,0.622471,0.102802,0.108292
0.445926,0.428987,0.097905,0.102802
0.472296,0.471995,0.095679,0.097905
0.380592,0.449819,0.095512,0.095679
0.385018,0.341298,0.093746,0.095512
0.270086,0.321833,0.080258,0.093746
0.196180,0.357808,0.104048,0.080258
0.399111,0.270311,0.167498,0.104048
0.350726,0.240171,0.233877,0.167498
0.342268,0.266049,0.288323,0.233877
0.345857,0.232241,0.283374,0.288323
0.304057,0.237220,0.231708,0.283374
0.398723,0.341553,0.181595,0.231708
0.629917,0.292476,0.231336,0.181595
0.472506,0.330209,0.326110,0.231336
0.534850,0.439252,0.439447,0.326110
0.393739,0.443218,0.578536,0.439447
0.506699,0.512153,0.691811,0.578536
0.580784,0.750345,0.807051,0.691811
0.802913,0.687253,0.943942,0.807051
0.925219,0.783891,1.059154,0.943942
0.970079,0.973402,1.166070,1.059154
1.248125,0.857266,1.269912,1.166070
0.951339,0.866335,1.341708,1.269912
0.868050,0.993336,1.403156,1.341708
0.974550,0.798327,1.462698,1.403156
0.726914,0.845711,1.504037,1.462698
0.523982,0.963096,1.538563,1.504037
0.435699,0.809299,1.567836,1.538563
0.550222,0.843644,1.583720,1.567836
0.767333,0.997445,1.592011,1.583720
0.750268,0.830333,1.590426,1.592011
0.872428,0.845788,1.581062,1.590426
0.790634,0.988165,1.568536,1.581062
0.892391,0.885074,1.555885,1.568536
0.807679,0.852375,1.549579,1.555885
0.762301,1.036862,1.547650,1.549579
0.966424,0.858103,1.549954,1.547650
0.776269,0.889713,1.553879,1.549954
0.782495,1.008727,1.558175,1.553879
0.974952,0.862881,1.562064,1.558175
0.768835,0.872952,1.563999,1.562064
0.767274,1.032231,1.564869,1.563999
0.948941,0.841812,1.565020,1.564869
0.755774,0.857300,1.565143,1.565020
0.894844,1.028393,1.565607,1.565143
0.807800,0.822515,1.566794,1.565607
0.904424,0.846097,1.568291,1.566794
0.807096,1.005235,1.570063,1.568291
0.901208,0.839064,1.572194,1.570063
0.804904,0.849643,1.573899,1.572194
0.755734,0.989673,1.575603,1.573899
0.933698,0.836673,1.577489,1.575603
0.742455,0.836761,1.578971,1.577489
0.737837,1.006091,1.580418,1.578971
0.916227,0.828499,1.582298,1.580418
0.737731,0.829874,1.584184,1.582298
0.736402,0.975543,1.586677,1.584184
0.918702,0.833149,1.590278,1.586677
0.735957,0.848252,1.593423,1.590278
0.946336,0.985863,1.598274,1.593423
0.941626,0.779633,1.607306,1.598274
1.008903,0.764547,1.614414,1.607306
0.809674,0.830513,1.620844,1.614414
0.795042,0.647127,1.628384,1.620844
0.620492,0.577836,1.635458,1.628384
0.525155,0.650627,1.643897,1.635458
0.560352,0.487839,1.655305,1.643897
0.399841,0.476709,1.666326,1.655305
0.356423,0.488223,1.678875,1.666326
0.407685,0.337509,1.694909,1.678875
0.293821,0.384127,1.709657,1.694909
0.270285,0.361946,1.726358,1.709657
0.297841,0.288814,1.747272,1.726358
0.184786,0.279167,1.766541,1.747272
0.311293,0.302737,1.781788,1.766541
0.360620,0.214622,1.786952,1.781788
0.378085,0.198213,1.776732,1.786952
0.279648,0.215340,1.746016,1.776732
0.264823,0.196062,1.693766,1.746016
0.345666,0.266385,1.636578,1.693766
0.442657,0.300765,1.566741,1.636578
0.450265,0.277387,1.474868,1.566741
0.253211,0.350546,1.396795,1.474868
0.192681,0.457750,1.317489,1.396795
0.235792,0.464127,1.207155,1.317489
0.275477,0.577349,1.096570,1.207155
0.519937,0.822536,0.956074,1.096570
1.031890,0.949078,0.772615,0.956074
1.238696,0.940118,0.589055,0.772615
1.428881,0.855639,0.436411,0.589055
1.144194,0.867955,0.337880,0.436411
1.011519,1.013167,0.256099,0.337880
1.031130,0.851764,0.180116,0.256099
0.733118,0.826927,0.131925,0.180116
0.837810,0.966607,0.098086,0.131925
0.884164,1.007186,0.080175,0.098086
0.867852,0.988248,0.080394,0.080175
0.746579,0.825439,0.086451,0.080394
0.850761,0.894800,0.088537,0.086451
0.783710,1.026665,0.083984,0.088537
0.889236,1.035975,0.074986,0.083984
0.952489,1.054792,0.066582,0.074986
0.965678,0.873599,0.061429,0.066582
0.778153,0.919367,0.058182,0.061429
0.837208,1.007923,0.054322,0.058182
0.964200,1.062050,0.048708,0.054322
0.963984,1.042490,0.042878,0.048708
0.903181,0.840600,0.038583,0.042878
0.798343,0.902616,0.036484,0.038583
0.748058,1.036487,0.035824,0.036484
0.924061,0.830762,0.036620,0.035824
0.645847,0.854089,0.037893,0.036620
0.677438,1.017506,0.039241,0.037893
0.884486,0.826477,0.040220,0.039241
0.720968,0.865934,0.040855,0.040220
0.726145,0.989163,0.041977,0.040855
0.897224,0.807194,0.043360,0.041977
0.712223,0.855792,0.044727,0.043360
0.845789,0.994048,0.046139,0.044727
0.762504,0.825881,0.047295,0.046139
0.858798,0.865129,0.047683,0.047295
0.764793,0.980130,0.048050,0.047683
0.852065,0.972664,0.048808,0.048050
0.893678,0.990019,0.049706,0.048808
0.900081,0.834661,0.049982,0.049706
0.721113,0.867837,0.027014,0.049982
0.839987,0.948718,0.042662,0.027014
1.077142,0.769205,0.108130,0.042662
0.832802,0.756800,0.133669,0.108130
0.733698,0.842119,0.142431,0.133669
0.773706,0.618371,0.141300,0.142431
0.537033,0.566465,0.135611,0.141300
0.470180,0.653522,0.128185,0.135611
0.517206,0.475631,0.119901,0.128185
0.391014,0.412453,0.114973,0.119901
0.361248,0.453690,0.112731,0.114973
0.396076,0.384746,0.114323,0.112731
0.290527,0.339858,0.119382,0.114323
0.320898,0.354563,0.128233,0.119382
0.302273,0.254246,0.139214,0.128233
0.229705,0.255940,0.162801,0.139214
0.303041,0.296965,0.206529,0.162801
0.417967,0.183957,0.272138,0.206529
0.321109,0.211299,0.301915,0.272138
0.220209,0.217468,0.278633,0.301915
0.321700,0.236554,0.196433,0.278633
0.436321,0.282158,0.115380,0.196433
0.505242,0.343650,0.133884,0.115380
0.362823,0.292864,0.246479,0.133884
0.152609,0.346177,0.365682,0.246479
0.155211,0.444141,0.494757,0.365682
0.253091,0.435655,0.631315,0.494757
0.239798,0.548605,0.744257,0.631315
0.359407,0.781893,0.860174,0.744257
0.763767,0.749896,1.000113,0.860174
0.834790,0.801414,1.113129,1.000113
1.029357,0.972878,1.214351,1.113129
1.258477,0.840061,1.311788,1.214351
0.916287,0.873568,1.377213,1.311788
0.807657,0.977320,1.431840,1.377213
0.925099,0.829552,1.484227,1.431840
0.715605,0.860398,1.520670,1.484227
0.697719,0.982398,1.551620,1.520670
0.870519,0.849546,1.578941,1.551620
0.707670,0.824884,1.593260,1.578941
0.716152,0.983969,1.598654,1.593260
0.923016,0.831559,1.592762,1.598654
0.743904,0.895227,1.581263,1.592762
0.889663,1.006632,1.568299,1.581263
0.950347,1.039091,1.556668,1.568299
0.961327,1.014433,1.551276,1.556668
0.816006,0.856000,1.551800,1.551276
0.769304,0.878596,1.554814,1.551800
0.735073,1.043695,1.558787,1.554814
0.879810,0.879562,1.562808,1.558787
0.817304,0.904116,1.565076,1.562808
0.778634,1.027794,1.566375,1.565076
0.958643,0.856667,1.567124,1.566375
0.763367,0.882675,1.567541,1.567124
0.759116,1.002649,1.568054,1.567541
0.944029,0.840154,1.568834,1.568054
0.757148,0.857519,1.569726,1.568834
0.752611,0.970434,1.570830,1.569726
0.932309,0.823442,1.572089,1.570830
0.755701,0.862224,1.573108,1.572089
0.884086,0.988574,1.574169,1.573108
0.790286,0.838005,1.575506,1.574169
0.881966,0.823567,1.576836,1.575506
0.779665,0.981079,1.578455,1.576836
0.868195,0.831342,1.580765,1.578455
0.775943,0.822828,1.583028,1.580765
0.727401,0.988410,1.585515,1.583028
0.921380,0.800382,1.588656,1.585515
0.758236,0.853444,1.591094,1.588656
0.833841,0.974955,1.595385,1.591094
1.116733,0.795093,1.603693,1.595385
0.858890,0.749853,1.610186,1.603693
0.748111,0.777622,1.616221,1.610186
0.788059,0.627373,1.623487,1.616221
0.557540,0.603733,1.630469,1.623487
0.577783,0.639762,1.638860,1.630469
0.473818,0.459155,1.650571,1.638860
0.476140,0.453937,1.661973,1.650571
0.393273,0.476472,1.675002,1.661973
0.421780,0.388312,1.691766,1.675002
0.346301,0.369789,1.707001,1.691766
0.317133,0.394050,1.723694,1.707001
0.357543,0.296178,1.744641,1.723694
0.240627,0.255062,1.768026,1.744641
0.219629,0.286044,1.803524,1.768026
0.320330,0.241481,1.864850,1.803524
0.252413,0.210216,1.932290,1.864850
0.195542,0.272903,2.010498,1.932290
0.373685,0.244267,2.104258,2.010498
0.373679,0.298733,2.188220,2.104258
0.584703,0.376550,2.287452,2.188220
0.649659,0.331004,2.420513,2.287452
0.449661,0.301853,2.542671,2.420513
0.211822,0.350300,2.670616,2.542671
0.251401,0.359088,2.811173,2.670616
0.359902,0.417172,2.914275,2.811173
0.455468,0.565506,2.999812,2.914275
0.790736,0.551713,3.069651,2.999812
0.699594,0.630109,3.104642,3.069651
0.821365,0.793101,3.125705,3.104642
1.114073,0.701882,3.140179,3.125705
0.953315,0.742547,3.136558,3.140179
0.962819,0.821410,3.130624,3.136558
1.104172,0.719746,3.131888,3.130624
0.810170,0.719744,3.138888,3.131888
0.895380,0.843045,3.136432,3.138888
0.771420,0.707046,3.128438,3.136432
0.847439,0.727382,3.125501,3.128438
0.767816,0.862483,3.126041,3.125501
0.883044,0.684014,3.129502,3.126041
0.817737,0.737895,3.133162,3.129502
0.780744,0.831236,3.136491,3.133162
0.990447,0.712454,3.138944,3.136491
0.789567,0.747913,3.139783,3.138944
0.782653,0.834616,3.139866,3.139783
0.929166,0.706801,3.139317,3.139866
0.712489,0.740437,3.138859,3.139317
0.753506,0.873644,3.138500,3.138859
0.969845,0.757796,3.138424,3.138500
0.787877,0.906049,3.138448,3.138424
1.000021,0.908266,3.138544,3.138448
1.018795,0.905249,3.138814,3.138544
0.992504,0.885905,3.139269,3.138814
1.015565,0.767426,3.139843,3.139269
0.806230,0.904941,3.140512,3.139843
1.027890,0.732417,3.141295,3.140512
0.836344,0.769613,3.141712,3.141295
0.983796,0.898651,3.142098,3.141712
0.883631,0.751354,3.141734,3.142098
0.972155,0.756488,3.141027,3.141734
0.877439,0.904792,3.140312,3.141027
0.974401,0.788281,3.139545,3.140312
0.862210,0.768490,3.138941,3.139545
0.812983,0.882130,3.138186,3.138941
1.028073,0.907724,3.137072,3.138186
1.041861,0.907378,3.135636,3.137072
1.055744,0.763314,3.133958,3.135636
0.838734,0.793722,3.132184,3.133958
0.860044,0.894692,3.130117,3.132184
1.064158,0.753854,3.127414,3.130117
0.841149,0.764885,3.124668,3.127414
0.874793,0.878751,3.121326,3.124668
1.163481,0.755234,3.118134,3.121326
0.933344,0.702957,3.116014,3.118134
0.864269,0.796992,3.113545,3.116014
0.962277,0.647276,3.109903,3.113545
0.712258,0.612729,3.105997,3.109903
0.782843,0.664073,3.100965,3.105997
0.742347,0.530521,3.093706,3.100965
0.553024,0.484307,3.086640,3.093706
0.549523,0.552236,3.078630,3.086640
0.607222,0.445932,3.068784,3.078630
0.461328,0.409359,3.060232,3.068784
0.438701,0.459771,3.051220,3.060232
0.511894,0.362111,3.040344,3.051220
0.393220,0.298844,3.030859,3.040344
0.368608,0.372737,3.020693,3.030859
0.415545,0.282359,3.008385,3.020693
0.307506,0.265346,2.997672,3.008385
0.290617,0.290837,2.986006,2.997672
0.330744,0.206947,2.972378,2.986006
0.247677,0.218617,2.965248,2.972378
0.281878,0.251339,2.965133,2.965248
0.277573,0.177960,2.970929,2.965133
0.195659,0.172015,2.977482,2.970929
0.184410,0.176368,2.983578,2.977482
0.182356,0.154827,2.988122,2.983578
0.130970,0.133423,2.989289,2.988122
0.129576,0.171389,2.988572,2.989289
0.156050,0.126126,2.986348,2.988572
0.117931,0.101781,2.984309,2.986348
0.110728,0.104571,2.982699,2.984309
0.120893,0.098741,2.981771,2.982699
0.083156,0.085038,2.981674,2.981771
0.064453,0.063146,2.981952,2.981674
0.077738,0.049788,2.982392,2.981952
0.053187,0.060254,2.982779,2.982392
0.059791,0.045512,2.983103,2.982779
0.060367,0.037130,2.983265,2.983103
0.051414,0.030709,2.983270,2.983265
0.055600,0.061764,2.983171,2.983270
0.056847,0.008611,2.983076,2.983171
0.047082,0.034973,2.982990,2.983076
0.048019,0.043323,2.982813,2.982990
0.050537,0.017627,2.982661,2.982813
0.037019,0.032782,2.982597,2.982661
0.030601,0.035576,2.982566,2.982597
0.021218,0.029513,2.982534,2.982566
0.021913,0.044214,2.982465,2.982534
0.026392,0.018231,2.982358,2.982465
0.000000,0.032570,2.982382,2.982358
0.000000,0.013199,2.982583,2.982382
0.000000,0.000000,0.000000,0.000000
0.000000,0.025576,2.046943,0.000000
0.024958,0.041362,2.036911,2.046943
0.027459,0.016053,2.027112,2.036911
0.040955,0.061937,2.017041,2.027112
0.029143,0.040410,2.023578,2.017041
0.000000,0.025810,2.042256,2.023578
0.000000,0.013454,2.060616,2.042256
0.000000,0.009707,2.072885,2.060616
0.022409,0.040332,2.067987,2.072885
0.000000,0.030643,2.059423,2.067987
0.000000,0.040221,2.058625,2.059423
0.000000,0.017180,2.059384,2.058625
0.000000,0.051953,2.060494,2.059384
0.000000,0.052210,2.062104,2.060494
0.000000,0.020152,2.063914,2.062104
0.000000,0.016831,2.064826,2.063914
0.024924,0.045303,2.056271,2.064826
0.024428,0.019993,2.052981,2.056271
0.048904,0.032063,2.049510,2.052981
0.066766,0.025718,2.047092,2.049510
0.059536,0.025012,2.047597,2.047092
0.070739,0.035876,2.050360,2.047597
0.092940,0.048201,2.054686,2.050360
0.069225,0.055648,2.057307,2.054686
0.071858,0.022404,2.058565,2.057307
0.096874,0.051251,2.058303,2.058565
0.084486,0.027577,2.057300,2.058303
0.091969,0.031670,2.056762,2.057300
0.088914,0.022546,2.057230,2.056762
0.111494,0.075652,2.058794,2.057230
0.103584,0.036089,2.061039,2.058794
0.069860,0.049601,2.063042,2.061039
0.067014,0.018834,2.064011,2.063042
0.071523,0.029283,2.063289,2.064011
0.047781,0.017079,2.062116,2.063289
0.053328,0.045319,2.060877,2.062116
0.035928,0.058783,2.060197,2.060877
0.039066,0.024631,2.060206,2.060197
0.150778,0.027541,2.043023,2.060206
0.208202,0.054269,2.010424,2.043023
0.140218,0.112343,1.961092,2.010424
0.053340,0.238375,1.878963,1.961092
0.190991,0.273587,1.745638,1.878963
0.302483,0.381247,1.629417,1.745638
0.242661,0.542508,1.533851,1.629417
0.449678,0.516583,1.453839,1.533851
0.487156,0.612136,1.393225,1.453839
0.592432,0.759804,1.310036,1.393225
0.605209,0.727946,1.172196,1.310036
0.703808,0.766736,1.029363,1.172196
0.508520,0.972499,0.868782,1.029363
0.822917,0.828572,0.685020,0.868782
1.044991,0.838818,0.545988,0.685020
0.990808,0.947536,0.424275,0.545988
1.130590,0.805233,0.311854,0.424275
0.855654,0.802924,0.238852,0.311854
0.805525,0.914169,0.179276,0.238852
0.903813,0.809706,0.130432,0.179276
0.688423,0.782545,0.106810,0.130432
0.672679,0.949032,0.094985,0.106810
0.835965,0.774841,0.089171,0.094985
0.674166,0.791423,0.086479,0.089171
0.812029,0.987009,0.083724,0.086479
0.739969,0.815976,0.077679,0.083724
0.882446,0.859147,0.070700,0.077679
0.843495,1.009915,0.063305,0.070700
0.957736,0.790970,0.057952,0.063305
0.839783,0.833056,0.056997,0.057952
0.805379,0.937414,0.057117,0.056997
0.999099,0.824316,0.056848,0.057117
0.792132,0.821546,0.056526,0.056848
0.782847,0.993611,0.056752,0.056526
0.987178,0.792352,0.057557,0.056752
0.786187,1.006549,0.058079,0.057557
0.985858,0.976599,0.058635,0.058079
0.992520,0.830815,0.059187,0.058635
0.790530,0.988535,0.059331,0.059187
0.984029,0.822588,0.059411,0.059331
0.797709,0.815847,0.059434,0.059411
0.793943,0.977464,0.059258,0.059434
1.001103,0.824337,0.058891,0.059258
0.799892,0.846406,0.058478,0.058891
0.947888,0.991500,0.058120,0.058478
0.991233,0.821692,0.058138,0.058120
0.786924,0.839252,0.058746,0.058138
0.824800,0.984885,0.059205,0.058746
0.975030,0.827918,0.059318,0.059205
0.771307,0.867188,0.059470,0.059318
0.781500,0.968361,0.057053,0.059470
1.030681,0.795805,0.014178,0.057053
0.900398,0.839330,0.053690,0.014178
0.922030,0.936290,0.102988,0.053690
1.089526,0.880364,0.125762,0.102988
0.953018,0.793384,0.129157,0.125762
0.833254,0.615975,0.123999,0.129157
0.604755,0.575967,0.117224,0.123999
0.555900,0.675083,0.109550,0.117224
0.626733,0.480122,0.100779,0.109550
0.462404,0.474929,0.094494,0.100779
0.509836,0.474567,0.089702,0.094494
0.430244,0.368611,0.085995,0.089702
0.441479,0.366438,0.084506,0.085995
0.356895,0.413425,0.077840,0.084506
0.333839,0.295453,0.055925,0.077840
0.191562,0.292304,0.063870,0.055925
0.257253,0.326711,0.106406,0.063870
0.482216,0.244430,0.196452,0.106406
0.407199,0.256755,0.271815,0.196452
0.369310,0.288908,0.309024,0.271815
0.374711,0.235017,0.282902,0.309024
0.300072,0.319847,0.238566,0.282902
0.466218,0.333875,0.274515,0.238566
0.366197,0.316263,0.376204,0.274515
0.284699,0.446428,0.493950,0.376204
0.395900,0.425583,0.635165,0.493950
0.371836,0.535833,0.752117,0.635165
0.448410,0.707997,0.873842,0.752117
0.685430,0.682950,1.014025,0.873842
0.647559,0.740398,1.124221,1.014025
0.878274,0.932030,1.222573,1.124221
1.095792,0.792960,1.316812,1.222573
0.863851,0.818774,1.381632,1.316812
0.843374,0.927373,1.436557,1.381632
0.873793,0.778738,1.488863,1.436557
0.666140,0.789772,1.524494,1.488863
0.651763,0.914953,1.553980,1.524494
0.808290,0.781251,1.579046,1.553980
0.659557,0.810146,1.591293,1.579046
0.695652,0.937111,1.594662,1.591293
0.923781,0.789823,1.587012,1.594662
0.757076,0.791792,1.575034,1.587012
0.769196,0.970246,1.562590,1.575034
0.970148,0.791196,1.552140,1.562590
0.782074,0.843278,1.547986,1.552140
0.933999,0.958863,1.547695,1.547986
1.002371,0.821236,1.550417,1.547695
0.799078,0.821370,1.553473,1.550417
0.846348,0.950065,1.556234,1.553473
1.004879,0.828348,1.558100,1.556234
0.800518,0.825609,1.558517,1.558100
0.802478,1.019884,1.558110,1.558517
1.010640,0.828006,1.557149,1.558110
0.812337,0.809585,1.556412,1.557149
0.808694,0.972734,1.555915,1.556412
1.018781,0.828168,1.555919,1.555915
0.804089,0.841827,1.556289,1.555919
0.808844,0.992883,1.556727,1.556289
1.004581,0.832238,1.557248,1.556727
0.797702,0.836147,1.557576,1.557248
0.940922,1.001252,1.557786,1.557576
0.972014,0.818921,1.557838,1.557786
0.799127,0.843600,1.557801,1.557838
0.852605,0.962302,1.557616,1.557801
1.004810,0.815619,1.557392,1.557616
0.798317,0.841518,1.557211,1.557392
0.796229,1.011057,1.557135,1.557211
0.993135,0.804154,1.557315,1.557135
0.793523,0.848834,1.557618,1.557315
0.798249,0.978496,1.557312,1.557618
1.104250,0.802488,1.558975,1.557312
0.930720,0.816944,1.562131,1.558975
0.932632,0.868213,1.564216,1.562131
0.947459,0.653072,1.565566,1.564216
0.680137,0.657120,1.566445,1.565566
0.726208,0.687439,1.567685,1.566445
0.693635,0.560299,1.569907,1.567685
0.508123,0.505171,1.572371,1.569907
0.489141,0.560267,1.575415,1.572371
0.521144,0.424528,1.579595,1.575415
0.390462,0.421699,1.583451,1.579595
0.366698,0.428956,1.587540,1.583451
0.440975,0.347876,1.592051,1.587540
0.309714,0.336806,1.594966,1.592051
0.244519,0.344642,1.598693,1.594966
0.343204,0.276899,1.598278,1.598693
0.365688,0.276496,1.590349,1.598278
0.405898,0.318676,1.573086,1.590349
0.453393,0.230316,1.529729,1.573086
0.315391,0.212448,1.476057,1.529729
0.318523,0.305883,1.407246,1.476057
0.346115,0.281492,1.314463,1.407246
0.215989,0.391732,1.231296,1.314463
0.117778,0.454766,1.129842,1.231296
0.097695,0.446831,1.015334,1.129842
0.159959,0.614451,0.897496,1.015334
0.335928,0.582989,0.742993,0.897496
0.496385,0.639659,0.600675,0.742993
0.599767,0.867391,0.462278,0.600675
0.971961,0.777748,0.323200,0.462278
0.946246,0.789659,0.230707,0.323200
0.988433,0.949621,0.164727,0.230707
1.139177,0.787050,0.109690,0.164727
0.835531,0.824219,0.078568,0.109690
0.750096,0.922851,0.064698,0.078568
0.870931,0.765908,0.068095,0.064698
0.687310,0.789704,0.075392,0.068095
0.821013,0.934375,0.080819,0.075392
0.760481,0.763538,0.081912,0.080819
0.870636,0.813695,0.080120,0.081912
0.813231,0.925464,0.078900,0.080120
0.930262,0.800977,0.079257,0.078900
0.839753,0.833913,0.079368,0.079257
0.792564,0.999186,0.078255,0.079368
0.993120,0.832618,0.075635,0.078255
0.793214,0.854740,0.072638,0.075635
0.793177,0.962868,0.069595,0.072638
0.999068,0.790879,0.066690,0.069595
0.806046,0.828021,0.065022,0.066690
0.788702,0.987664,0.064317,0.065022
0.993619,0.821705,0.064372,0.064317
0.785573,0.828317,0.064495,0.064372
0.933030,0.990692,0.064377,0.064495
0.832615,0.816147,0.064032,0.064377
0.943047,0.819952,0.064018,0.064032
0.849358,0.989779,0.064081,0.064018
0.950028,0.797310,0.064298,0.064081
0.844794,0.867303,0.064441,0.064298
0.794779,0.966581,0.064578,0.064441
0.992234,0.851733,0.064854,0.064578
0.791156,0.846242,0.065297,0.064854
0.785204,1.013745,0.065791,0.065297
0.976336,0.798918,0.065543,0.065791
0.781897,0.839525,0.064622,0.065543
0.782987,0.963262,0.063353,0.064622
0.982344,0.814467,0.061604,0.063353
0.786700,0.844447,0.060576,0.061604
0.932391,1.001845,0.059696,0.060576
0.841479,0.856425,0.024533,0.059696
1.019074,1.004141,0.039759,0.024533
1.191086,1.028474,0.102873,0.039759
0.987692,0.873341,0.127705,0.102873
0.931978,0.931382,0.134502,0.127705
0.838741,0.678244,0.133594,0.134502
0.598507,0.662023,0.128660,0.133594
0.564897,0.707989,0.121670,0.128660
0.606330,0.554491,0.112876,0.121670
0.439984,0.498992,0.106122,0.112876
0.409416,0.541811,0.100545,0.106122
0.468130,0.408974,0.096442,0.100545
0.349330,0.381329,0.095406,0.096442
0.328636,0.409204,0.093382,0.095406
0.328839,0.318610,0.085130,0.093382
0.236658,0.273731,0.116237,0.085130
0.309252,0.313803,0.172572,0.116237
0.418632,0.238038,0.251993,0.172572
0.327326,0.217572,0.289783,0.251993
0.309073,0.271701,0.274590,0.289783
0.397379,0.246330,0.204369,0.274590
0.436377,0.291788,0.167848,0.204369
0.577396,0.358771,0.224068,0.167848
0.533069,0.318198,0.345201,0.224068
0.313572,0.388180,0.460926,0.345201
0.275034,0.506499,0.581725,0.460926
0.443009,0.495743,0.720036,0.581725
0.454354,0.622284,0.836201,0.720036
0.577681,0.821470,0.956397,0.836201
0.881244,0.771419,1.093030,0.956397
0.849235,0.841273,1.193136,1.093030
0.913266,1.001518,1.278624,1.193136
1.166585,0.829746,1.360779,1.278624
0.885139,0.855284,1.417419,1.360779
0.959034,0.981449,1.466050,1.417419
0.930368,1.010451,1.512350,1.466050
0.901386,0.957152,1.549523,1.512350
0.749202,0.823813,1.575695,1.549523
0.852652,0.842942,1.588797,1.575695
0.774493,0.992335,1.592919,1.588797
0.893263,0.841871,1.585919,1.592919
0.809123,0.852124,1.574186,1.585919
0.768362,1.039805,1.561868,1.574186
0.961742,0.859579,1.551801,1.561868
0.767054,0.866308,1.548438,1.551801
0.764333,1.020303,1.549212,1.548438
0.965825,0.872848,1.553572,1.549212
0.774845,1.046109,1.558107,1.553572
0.973165,1.036835,1.562886,1.558107
0.959376,0.881037,1.565928,1.562886
0.760663,1.001530,1.567252,1.565928
0.949463,1.037401,1.567796,1.567252
0.968236,1.001142,1.567891,1.567796
0.957611,0.838866,1.568092,1.567891
0.758168,0.876318,1.568491,1.568092
0.753140,1.025918,1.569240,1.568491
0.935911,0.829258,1.570503,1.569240
0.744469,0.841594,1.571867,1.570503
0.891742,1.021986,1.573414,1.571867
0.790079,0.839087,1.575368,1.573414
0.874389,0.992114,1.577175,1.575368
0.916616,0.985071,1.579500,1.577175
0.608828,0.846736,1.581793,1.579500
0.337109,0.982697,1.583768,1.581793
0.601569,0.826581,1.586167,1.583768
0.627534,0.842531,1.588072,1.586167
0.735667,0.980750,1.590254,1.588072
0.910056,0.813153,1.592781,1.590254
0.818270,0.815083,1.596908,1.592781
0.510774,0.945278,1.604177,1.596908
0.568723,0.724740,1.612491,1.604177
0.564156,0.711333,1.619037,1.612491
0.589002,0.778184,1.626066,1.619037
0.694606,0.572971,1.635705,1.626066
0.502366,0.571797,1.645194,1.635705
0.463153,0.569816,1.656238,1.645194
0.511075,0.465478,1.671111,1.656238
0.368007,0.416401,1.685095,1.671111
0.412878,0.436821,1.700795,1.685095
0.381204,0.346269,1.720868,1.700795
0.274270,0.345500,1.739306,1.720868
0.269141,0.328086,1.759096,1.739306
0.284457,0.265744,1.782658,1.759096
0.300648,0.232219,1.795777,1.782658
0.339156,0.228841,1.798216,1.795777
0.414344,0.155470,1.781592,1.798216
0.253577,0.184448,1.747393,1.781592
0.233830,0.278906,1.701323,1.747393
0.451196,0.299733,1.631154,1.701323
0.612543,0.334237,1.544417,1.631154
0.452667,0.309217,1.450090,1.544417
0.232526,0.338803,1.371012,1.450090
0.189516,0.495005,1.288894,1.371012
0.306549,0.504679,1.173174,1.288894
0.334302,0.638553,1.053164,1.173174
0.703704,0.805670,0.904256,1.053164
0.870798,0.781548,0.718538,0.904256
1.196934,0.855027,0.570896,0.718538
1.213886,1.018759,0.441635,0.570896
1.321575,0.839285,0.325425,0.441635
1.054304,0.875644,0.247881,0.325425
0.842502,1.012628,0.183432,0.247881
0.928232,0.842749,0.125921,0.183432
0.722702,0.834697,0.093890,0.125921
0.685790,0.974311,0.078074,0.093890
0.824009,0.828472,0.077418,0.078074
0.670931,0.871547,0.082716,0.077418
0.705025,1.018061,0.085980,0.082716
0.903053,0.839232,0.082976,0.085980
0.744097,0.888825,0.075682,0.082976
0.904822,1.006552,0.067316,0.075682
0.823705,0.867185,0.059968,0.067316
0.937347,0.877434,0.055656,0.059968
0.840750,1.028916,0.051358,0.055656
0.932661,0.855337,0.045956,0.051358
0.823299,0.932854,0.041849,0.045956
0.768850,1.013586,0.039019,0.041849
0.942748,0.868026,0.037703,0.039019
0.742680,0.884018,0.037754,0.037703
0.741560,1.004576,0.038351,0.037754
0.917267,0.848595,0.039626,0.038351
0.730795,1.044966,0.040779,0.039626
0.913414,0.964711,0.041895,0.040779
0.910571,0.882729,0.042884,0.041895
0.723389,0.997692,0.044134,0.042884
0.908339,0.861558,0.045248,0.044134
0.720947,0.830204,0.045970,0.045248
0.716050,0.971778,0.046502,0.045970
0.890645,0.831796,0.046929,0.046502
0.710705,0.843495,0.047087,0.046929
0.848498,0.982498,0.047392,0.047087
0.907364,0.818663,0.048086,0.047392
0.726070,0.825958,0.048762,0.048086
0.755337,0.968285,0.049716,0.048762
0.895470,0.853627,0.044574,0.049716
0.741348,0.824953,0.015393,0.044574
0.823477,0.976842,0.067320,0.015393
1.092844,0.780061,0.121568,0.067320
0.810724,0.752768,0.139310,0.121568
0.718252,0.793782,0.144162,0.139310
0.754780,0.622643,0.141464,0.144162
0.527901,0.566887,0.135623,0.141464
0.458574,0.595120,0.128759,0.135623
0.502860,0.469127,0.122038,0.128759
0.366895,0.414598,0.118809,0.122038
0.402284,0.443153,0.118456,0.118809
0.375184,0.348208,0.122265,0.118456
0.280739,0.310836,0.128851,0.122265
0.279208,0.359464,0.136187,0.128851
0.265782,0.275186,0.146187,0.136187
0.247290,0.247818,0.173041,0.146187
0.311074,0.243060,0.217615,0.173041
0.433772,0.151347,0.281215,0.217615
0.318037,0.204065,0.300771,0.281215
0.237952,0.224213,0.270137,0.300771
0.370104,0.247290,0.183377,0.270137
0.391467,0.272809,0.132766,0.183377
0.483788,0.333126,0.187444,0.132766
0.313385,0.285222,0.313567,0.187444
0.109894,0.369917,0.434337,0.313567
0.034178,0.503591,0.558127,0.434337
0.086674,0.505333,0.696658,0.558127
0.178913,0.618143,0.811571,0.696658
0.383587,0.829851,0.930280,0.811571
0.729723,0.760155,1.067939,0.930280
0.736839,0.843920,1.171800,1.067939
0.940206,1.006324,1.261845,1.171800
1.175007,0.856320,1.348043,1.261845
0.855123,0.864075,1.406482,1.348043
0.782726,1.034929,1.456465,1.406482
0.927991,0.821217,1.504989,1.456465
0.717053,0.840054,1.538414,1.504989
0.703008,0.977385,1.565824,1.538414
0.883930,0.833427,1.587950,1.565824
0.710447,0.822424,1.597142,1.587950
0.846986,1.001791,1.597028,1.597142
0.904264,0.858722,1.586386,1.597028
0.730899,0.871892,1.573834,1.586386
0.792269,1.014309,1.562252,1.573834
0.943515,1.019437,1.553896,1.562252
0.952918,0.990123,1.551829,1.553896
0.908981,0.851319,1.554382,1.551829
0.819691,0.896223,1.558146,1.554382
0.760992,1.012706,1.561924,1.558146
0.955646,0.855208,1.565288,1.561924
0.760308,0.844030,1.566802,1.565288
0.751533,1.010093,1.567308,1.566802
0.939758,0.863631,1.567263,1.567308
0.748728,1.013981,1.567105,1.567263
0.932841,0.982148,1.567379,1.567105
0.934110,0.850411,1.568325,1.567379
0.752021,1.013212,1.569606,1.568325
0.941596,0.839912,1.571499,1.569606
0.746322,0.845429,1.573194,1.571499
0.743129,0.968631,1.574926,1.573194
0.926606,0.864642,1.576832,1.574926
0.738251,0.815758,1.578403,1.576832
0.869437,0.986766,1.580147,1.578403
0.902756,0.829348,1.582416,1.580147
0.729340,0.826758,1.584681,1.582416
0.785403,1.003258,1.587365,1.584681
0.926205,0.818974,1.590938,1.587365
0.741506,0.834993,1.594213,1.590938
0.779293,0.990302,1.598438,1.594213
1.104829,0.789204,1.606907,1.598438
0.884477,0.786297,1.614135,1.606907
0.794636,0.837775,1.619901,1.614135
0.861769,0.663738,1.625809,1.619901
0.609822,0.616229,1.630976,1.625809
0.544807,0.668258,1.637239,1.630976
0.600569,0.514232,1.646302,1.637239
0.433786,0.458794,1.655553,1.646302
0.475476,0.486436,1.666445,1.655553
0.460980,0.458743,1.680368,1.666445
0.422405,0.417415,1.695691,1.680368
0.330566,0.316894,1.711766,1.695691
0.335019,0.282857,1.725457,1.711766
0.224558,0.316396,1.742179,1.725457
0.276908,0.247860,1.772176,1.742179
0.277962,0.233139,1.811954,1.772176
0.283217,0.246266,1.868681,1.811954
0.308677,0.233538,1.948704,1.868681
0.259603,0.268451,2.020707,1.948704
0.332892,0.358391,2.096143,2.020707
0.591906,0.293136,2.199203,2.096143
0.601224,0.315868,2.300992,2.199203
0.561363,0.364255,2.417263,2.300992
0.454023,0.319651,2.565493,2.417263
0.257692,0.368344,2.691230,2.565493
0.451804,0.460557,2.814070,2.691230
0.541089,0.396213,2.935669,2.814070
0.702990,0.539437,3.012225,2.935669
0.666878,0.690060,3.065384,3.012225
0.873965,0.657404,3.103001,3.065384
0.886941,0.687043,3.122413,3.103001
0.914611,0.842215,3.136315,3.122413
1.196900,0.709209,3.135476,3.136315
0.898643,0.743064,3.129910,3.135476
0.820710,0.843566,3.130689,3.129910
0.941517,0.706599,3.138487,3.130689
0.738852,0.853131,3.137982,3.138487
0.909704,0.820728,3.130508,3.137982
0.911809,0.706687,3.127501,3.130508
0.735244,0.855458,3.128233,3.127501
0.941820,0.850028,3.131510,3.128233
0.953763,0.876825,3.135600,3.131510
0.963643,0.742794,3.138803,3.135600
0.774828,0.721883,3.140330,3.138803
0.788462,0.871774,3.140793,3.140330
1.004203,0.716518,3.140382,3.140793
0.811891,0.769979,3.139621,3.140382
0.960818,0.858731,3.138954,3.139621
0.855869,0.726948,3.138644,3.138954
0.955552,0.770542,3.138739,3.138644
0.847241,0.870145,3.139201,3.138739
0.953102,0.760674,3.139976,3.139201
0.844180,0.757456,3.140768,3.139976
0.799161,0.875061,3.141457,3.140768
1.012030,0.727284,3.142069,3.141457
0.793721,0.794935,3.141991,3.142069
0.807208,0.876098,3.141377,3.141991
1.018047,0.758414,3.140869,3.141377
0.819965,0.777221,3.140507,3.140869
0.814581,0.901922,3.140109,3.140507
1.012465,0.766595,3.139668,3.140109
0.813942,0.885291,3.139179,3.139668
1.016053,0.899735,3.138566,3.139179
1.018756,0.795250,3.137847,3.138566
0.827417,0.872466,3.137248,3.137847
1.047119,0.746581,3.136367,3.137248
0.834859,0.755813,3.135453,3.136367
0.994675,0.909771,3.134380,3.135453
1.033375,0.754232,3.132862,3.134380
0.830965,0.808135,3.131311,3.132862
0.878606,0.870670,3.129427,3.131311
1.067858,0.776005,3.126227,3.129427
0.912003,0.779001,3.123443,3.126227
0.962382,0.849384,3.120995,3.123443
1.145639,0.692655,3.117520,3.120995
0.816060,0.695490,3.113728,3.117520
0.745175,0.745349,3.108817,3.113728
0.841332,0.565382,3.101505,3.108817
0.631741,0.497775,3.094318,3.101505
0.582876,0.597973,3.086208,3.094318
0.672350,0.470252,3.076144,3.086208
0.512926,0.454246,3.067407,3.076144
0.570719,0.503055,3.058434,3.067407
0.550917,0.406873,3.048138,3.058434
0.423885,0.357085,3.039848,3.048138
0.422100,0.401490,3.031696,3.039848
0.467754,0.307744,3.022518,3.031696
0.347678,0.305545,3.015069,3.022518
0.326252,0.346690,3.007653,3.015069
0.371640,0.260282,2.999010,3.007653
0.279178,0.250764,2.991750,2.999010
0.257785,0.246798,2.986620,2.991750
0.302246,0.209410,2.985996,2.986620
0.233213,0.192317,2.988583,2.985996
0.212498,0.208486,2.992423,2.988583
0.252151,0.170364,2.996749,2.992423
0.169266,0.142854,2.999238,2.996749
0.198235,0.178336,3.000249,2.999238
0.179915,0.129658,2.999884,3.000249
0.141408,0.094703,2.998780,2.999884
0.134994,0.115833,2.997498,2.998780
0.142143,0.058843,2.996288,2.997498
0.101092,0.113961,2.995670,2.996288
0.083453,0.073326,2.995464,2.995670
0.094730,0.042814,2.995578,2.995464
0.070583,0.062185,2.995891,2.995578
0.038009,0.072662,2.996229,2.995891
0.046637,0.053392,2.996506,2.996229
0.038397,0.060705,2.996587,2.996506
0.038604,0.049612,2.996449,2.996587
0.047245,0.034607,2.996199,2.996449
0.037067,0.032581,2.996106,2.996199
0.042352,0.054957,2.996036,2.996106
0.046571,0.024870,2.995978,2.996036
0.036900,0.026830,2.995847,2.995978
0.035404,0.034951,2.995637,2.995847
0.033032,0.036916,2.995550,2.995637
0.027021,0.020247,2.995677,2.995550
0.026456,0.033630,2.995837,2.995677
0.020938,0.010172,2.995966,2.995837
0.000000,0.043476,2.995993,2.995966
0.016466,0.047857,2.996015,2.995993
0.022271,0.052964,2.996042,2.996015
0.016574,0.030345,2.995925,2.996042
0.016684,0.029580,2.995724,2.995925
0.030289,0.024528,2.995456,2.995724
0.024603,0.020144,2.995419,2.995456
0.021454,0.002473,2.995977,2.995419
0.000000,0.007689,2.996033,2.995977
0.000000,0.027772,2.995727,2.996033
0.000000,0.016061,2.995811,2.995727
0.000000,0.025891,3.001374,2.995811
0.000000,0.000000,0.000000,0.000000
0.000000,0.024467,2.048485,0.000000
0.027741,0.045002,2.037621,2.048485
0.032145,0.068864,2.026215,2.037621
0.040302,0.039086,2.021331,2.026215
0.028076,0.034970,2.028178,2.021331
0.000000,0.037389,2.036554,2.028178
0.000000,0.033852,2.040534,2.036554
0.000000,0.019390,2.038236,2.040534
0.000000,0.023137,2.037984,2.038236
0.000000,0.041345,2.038708,2.037984
0.000000,0.021986,2.039943,2.038708
0.000000,0.033098,2.040684,2.039943
0.000000,0.017610,2.040888,2.040684
0.050032,0.001750,2.029457,2.040888
0.054805,0.035440,2.027367,2.029457
0.055637,0.041731,2.026016,2.027367
0.064721,0.034120,2.024783,2.026016
0.054549,0.036385,2.025566,2.024783
0.056154,0.052527,2.027380,2.025566
0.071948,0.032079,2.030172,2.027380
0.063502,0.025013,2.033116,2.030172
0.065195,0.023102,2.036296,2.033116
0.081348,0.049327,2.039251,2.036296
0.061112,0.020784,2.039800,2.039251
0.060565,0.041103,2.039163,2.039800
0.072617,0.036695,2.038655,2.039163
0.064272,0.018479,2.038853,2.038655
0.071062,0.058498,2.038708,2.038853
0.070753,0.030529,2.038865,2.038708
0.056115,0.039790,2.039467,2.038865
0.060516,0.033686,2.040040,2.039467
0.063089,0.036086,2.040212,2.040040
0.034162,0.021183,2.040570,2.040212
0.060477,0.029106,2.040369,2.040570
0.066805,0.032819,2.038801,2.040369
0.098261,0.025720,2.027421,2.038801
0.194274,0.056356,2.004389,2.027421
0.131058,0.081963,1.967438,2.004389
0.057797,0.154906,1.906636,1.967438
0.077517,0.203878,1.797978,1.906636
0.199924,0.317161,1.685548,1.797978
0.408434,0.466013,1.576129,1.685548
0.503389,0.498518,1.477431,1.576129
0.458505,0.559137,1.416209,1.477431
0.458102,0.732673,1.349798,1.416209
0.583313,0.693881,1.235026,1.349798
0.554172,0.746228,1.105321,1.235026
0.652785,0.967847,0.947514,1.105321
0.761344,0.836825,0.755898,0.947514
0.949010,0.810801,0.609981,0.755898
1.019760,0.981993,0.479876,0.609981
1.163314,0.806776,0.355920,0.479876
0.875160,0.756730,0.273339,0.355920
0.826451,0.942633,0.205023,0.273339
0.952031,0.953661,0.145116,0.205023
0.880509,0.959183,0.108363,0.145116
0.851520,0.765177,0.092503,0.108363
0.675467,0.828026,0.088795,0.092503
0.806007,0.952329,0.087994,0.088795
0.733511,0.805986,0.085978,0.087994
0.837917,0.832375,0.081207,0.085978
0.769979,0.939743,0.073942,0.081207
0.905045,0.804480,0.065181,0.073942
0.834097,0.872315,0.059055,0.065181
0.794979,0.995844,0.056308,0.059055
1.004082,0.782529,0.055879,0.056308
0.804773,0.841241,0.055836,0.055879
0.799837,0.972926,0.055600,0.055836
0.992150,0.822551,0.055150,0.055600
0.786786,0.823754,0.054997,0.055150
0.784974,0.965836,0.055282,0.054997
0.980554,0.845865,0.056086,0.055282
0.790553,0.846856,0.056713,0.056086
0.931373,1.016769,0.057047,0.056713
0.848348,0.780885,0.057144,0.057047
0.936203,0.836795,0.056552,0.057144
0.848042,0.958099,0.056202,0.056552
0.946310,0.818473,0.056118,0.056202
0.856288,0.824155,0.056660,0.056118
0.802877,0.992833,0.058124,0.056660
0.985649,0.793749,0.060522,0.058124
0.778045,0.837711,0.062504,0.060522
0.775925,0.958974,0.064241,0.062504
0.970883,0.832929,0.065443,0.064241
0.775419,0.867552,0.065472,0.065443
0.783936,1.002627,0.064878,0.065472
0.996693,0.829798,0.046586,0.064878
0.838625,0.864474,0.010935,0.046586
1.069602,0.942649,0.076166,0.010935
0.984739,0.732020,0.120002,0.076166
1.001143,0.737171,0.132470,0.120002
0.781082,0.798889,0.133945,0.132470
0.777311,0.626444,0.128279,0.133945
0.622262,0.680337,0.120750,0.128279
0.658751,0.635238,0.110935,0.120750
0.575156,0.457497,0.101996,0.110935
0.467315,0.525604,0.095581,0.101996
0.501894,0.474235,0.089804,0.095581
0.462675,0.423067,0.086458,0.089804
0.403466,0.291270,0.082178,0.086458
0.313014,0.311210,0.058531,0.082178
0.207718,0.364450,0.053847,0.058531
0.306804,0.301636,0.093276,0.053847
0.368604,0.285389,0.168345,0.093276
0.435208,0.272389,0.249571,0.168345
0.491438,0.220540,0.308892,0.249571
0.293191,0.273183,0.300933,0.308892
0.228511,0.291527,0.260846,0.300933
0.480758,0.282531,0.275595,0.260846
0.363612,0.311853,0.353502,0.275595
0.290926,0.395685,0.462170,0.353502
0.196437,0.407483,0.612404,0.462170
0.221449,0.454858,0.736335,0.612404
0.246053,0.627375,0.864539,0.736335
0.348336,0.640592,1.011062,0.864539
0.434224,0.868031,1.124382,1.011062
0.824980,0.899402,1.240506,1.124382
0.926649,0.810224,1.327721,1.240506
0.867226,0.946502,1.388060,1.327721
1.000883,0.794759,1.447513,1.388060
0.724963,0.797103,1.489500,1.447513
0.674226,0.951110,1.525528,1.489500
0.820148,0.786705,1.558656,1.525528
0.649760,0.783913,1.578294,1.558656
0.669521,0.954853,1.589820,1.578294
0.861453,0.774130,1.591286,1.589820
0.728519,0.825396,1.583465,1.591286
0.759331,0.953221,1.571286,1.583465
0.972561,0.807434,1.557993,1.571286
0.788499,0.839593,1.550789,1.557993
0.943392,0.948617,1.547786,1.550789
0.997006,0.814739,1.548804,1.547786
0.803346,0.829101,1.551787,1.548804
0.850042,0.987863,1.555527,1.551787
0.990558,0.824073,1.559128,1.555527
0.792267,0.849320,1.560923,1.559128
0.791054,0.987696,1.561443,1.560923
0.999913,0.794948,1.561080,1.561443
0.808668,0.848740,1.560210,1.561080
0.803500,0.987478,1.559204,1.560210
1.006350,0.826347,1.558375,1.559204
0.810197,0.841833,1.557996,1.558375
0.808180,0.965635,1.557898,1.557996
1.017515,0.829535,1.557974,1.557898
0.810137,0.828463,1.558005,1.557974
0.959752,0.951671,1.558092,1.558005
1.010266,0.822523,1.558295,1.558092
0.809823,0.831210,1.558545,1.558295
0.858894,0.997215,1.558836,1.558545
1.007810,0.832204,1.559080,1.558836
0.803166,0.838455,1.559208,1.559080
0.795943,0.985866,1.559348,1.559208
0.998892,0.809894,1.559607,1.559348
0.791429,0.813957,1.559891,1.559607
0.795668,0.972701,1.560161,1.559891
1.008624,0.825106,1.559505,1.560161
0.852423,0.821991,1.559985,1.559505
0.916884,0.957727,1.562208,1.559985
1.121648,0.738397,1.563756,1.562208
0.794774,0.703553,1.564053,1.563756
0.829428,0.751234,1.564382,1.564053
0.773599,0.608758,1.565639,1.564382
0.569195,0.577103,1.567847,1.565639
0.550189,0.590482,1.571141,1.567847
0.591207,0.466543,1.575730,1.571141
0.438283,0.467662,1.579471,1.575730
0.402793,0.471699,1.582787,1.579471
0.465821,0.376083,1.585929,1.582787
0.345064,0.358221,1.588261,1.585929
0.315469,0.385072,1.589924,1.588261
0.279359,0.301702,1.593280,1.589924
0.236889,0.305651,1.593738,1.593280
0.333815,0.328322,1.587769,1.593738
0.493666,0.265265,1.569896,1.587769
0.394520,0.237181,1.538054,1.569896
0.391558,0.295804,1.485798,1.538054
0.380352,0.283791,1.408193,1.485798
0.393970,0.315302,1.330684,1.408193
0.384480,0.343773,1.245250,1.330684
0.294127,0.348678,1.144349,1.245250
0.260605,0.356674,1.056085,1.144349
0.226529,0.531366,0.949114,1.056085
0.353462,0.524802,0.806305,0.949114
0.384136,0.587476,0.672523,0.806305
0.503981,0.847653,0.530532,0.672523
0.814202,0.759225,0.381330,0.530532
0.762259,0.810472,0.276332,0.381330
0.878156,0.963693,0.191792,0.276332
1.152939,0.791301,0.126049,0.191792
0.843613,0.810868,0.088214,0.126049
0.914169,0.908645,0.065571,0.088214
0.881437,0.760522,0.061021,0.065571
0.702464,0.810010,0.068622,0.061021
0.736209,0.957821,0.076046,0.068622
0.891009,0.806637,0.078661,0.076046
0.730171,0.797865,0.076457,0.078661
0.750203,0.950738,0.073677,0.076457
0.956632,0.781933,0.073050,0.073677
0.771985,0.839420,0.073976,0.073050
0.777887,0.927318,0.074658,0.073976
0.981537,0.800357,0.074416,0.074658
0.786353,0.808856,0.073601,0.074416
0.787497,0.969522,0.071706,0.073601
0.996045,0.805982,0.069564,0.071706
0.795306,0.851219,0.068568,0.069564
0.943565,0.983872,0.067984,0.068568
0.992993,0.827723,0.067736,0.067984
0.785980,0.824818,0.067451,0.067736
0.835219,1.021046,0.066853,0.067451
0.975468,0.819283,0.065925,0.066853
0.792217,0.816095,0.065004,0.065925
0.799371,0.981217,0.064073,0.065004
1.000895,0.843234,0.062817,0.064073
0.800424,0.863681,0.061870,0.062817
0.797916,0.945003,0.061008,0.061870
1.005110,1.024263,0.060489,0.061008
0.995108,0.980244,0.060494,0.060489
0.983328,0.834504,0.060639,0.060494
0.784669,0.815597,0.060931,0.060639
0.781335,0.982590,0.061554,0.060931
0.972305,0.829424,0.062355,0.061554
0.779102,0.854888,0.063055,0.062355
0.930391,0.984186,0.063546,0.063055
0.838769,0.804403,0.063607,0.063546
0.929239,0.852842,0.047455,0.063607
0.893703,0.999027,0.013995,0.047455
1.076693,0.844773,0.083326,0.013995
0.941460,0.892751,0.115946,0.083326
0.784911,0.949044,0.128742,0.115946
0.869027,0.718865,0.131214,0.128742
0.647929,0.698604,0.128151,0.131214
0.599188,0.721907,0.122450,0.128151
0.657377,0.565584,0.114479,0.122450
0.480671,0.575869,0.107934,0.114479
0.441129,0.581107,0.102141,0.107934
0.515361,0.443227,0.097969,0.102141
0.386278,0.416935,0.097530,0.097969
0.437028,0.454118,0.099859,0.097530
0.356282,0.348234,0.090377,0.099859
0.321681,0.310237,0.091473,0.090377
0.299648,0.336605,0.128918,0.091473
0.412913,0.242273,0.198047,0.128918
0.369596,0.222184,0.263923,0.198047
0.324670,0.228636,0.292383,0.263923
0.367071,0.238036,0.260618,0.292383
0.337762,0.248237,0.199822,0.260618
0.448245,0.347675,0.193756,0.199822
0.556896,0.334309,0.285917,0.193756
0.325367,0.337424,0.394239,0.285917
0.336489,0.460251,0.514106,0.394239
0.416736,0.475936,0.651467,0.514106
0.486723,0.568150,0.766049,0.651467
0.684563,0.751207,0.884115,0.766049
0.770384,0.753534,1.023624,0.884115
0.970217,0.816070,1.133686,1.023624
0.990780,0.962409,1.230218,1.133686
1.129575,0.828681,1.322300,1.230218
0.954680,0.853700,1.385170,1.322300
0.786451,0.993458,1.438854,1.385170
0.910251,0.820150,1.490690,1.438854
0.691502,0.870358,1.526350,1.490690
0.685676,0.969347,1.555377,1.526350
0.885786,0.826194,1.579433,1.555377
0.726580,0.836668,1.590912,1.579433
0.743968,0.983689,1.593393,1.590912
0.928370,0.833597,1.585080,1.593393
0.743770,0.862614,1.573014,1.585080
0.878282,1.033996,1.560917,1.573014
0.789961,0.872601,1.551342,1.560917
0.894646,0.896002,1.548233,1.551342
0.816817,1.022975,1.549155,1.548233
0.913406,0.840496,1.553362,1.549155
0.824603,1.060891,1.557580,1.553362
0.967801,1.016270,1.562049,1.557580
0.910044,0.875038,1.564933,1.562049
0.811245,1.011406,1.566362,1.564933
0.948224,0.850326,1.567209,1.566362
0.762313,0.881315,1.567654,1.567209
0.756999,1.012805,1.568129,1.567654
0.945348,0.828437,1.568742,1.568129
0.754243,0.845358,1.569278,1.568742
0.753336,1.031132,1.569905,1.569278
0.935142,0.805718,1.570855,1.569905
0.741959,1.015308,1.571858,1.570855
0.919811,0.992240,1.573346,1.571858
0.919266,0.849305,1.575137,1.573346
0.732816,0.975898,1.576913,1.575137
0.918463,0.834152,1.579303,1.576913
0.731441,0.847154,1.581566,1.579303
0.887162,1.004446,1.584043,1.581566
0.797265,0.804536,1.587003,1.584043
0.883088,0.839772,1.589561,1.587003
0.782039,0.982925,1.592053,1.589561
0.940030,0.800333,1.596467,1.592053
0.922544,0.807968,1.603384,1.596467
0.869728,0.904816,1.610639,1.603384
0.911886,0.695768,1.618273,1.610639
0.630954,0.656493,1.624796,1.618273
0.556456,0.725024,1.632241,1.624796
0.618286,0.523457,1.642129,1.632241
0.432499,0.504947,1.651948,1.642129
0.409459,0.529853,1.663459,1.651948
0.454130,0.434175,1.678476,1.663459
0.333888,0.395104,1.692316,1.678476
0.347822,0.404016,1.707691,1.692316
0.280131,0.309184,1.727525,1.707691
0.298005,0.284963,1.744841,1.727525
0.192427,0.325493,1.764118,1.744841
0.311059,0.264459,1.782367,1.764118
0.385305,0.264545,1.787840,1.782367
0.370515,0.242867,1.780961,1.787840
0.375216,0.178090,1.749185,1.780961
0.254210,0.206111,1.706890,1.749185
0.297846,0.282653,1.651601,1.706890
0.560075,0.261525,1.572233,1.651601
0.419207,0.301172,1.496387,1.572233
0.289579,0.422230,1.415504,1.496387
0.173544,0.377866,1.323069,1.415504
0.179481,0.442049,1.232507,1.323069
0.378827,0.628928,1.123315,1.232507
0.602845,0.638780,0.962822,1.123315
0.910570,0.765403,0.809699,0.962822
1.009914,0.951911,0.652099,0.809699
1.315113,0.839269,0.487804,0.652099
1.236419,1.045415,0.379164,0.487804
1.285650,1.007044,0.274694,0.379164
1.040439,0.873895,0.194259,0.274694
0.793127,0.974129,0.141138,0.194259
0.856953,0.869442,0.098605,0.141138
0.662691,0.858921,0.080375,0.098605
0.659548,0.972167,0.076603,0.080375
0.857030,0.823312,0.081417,0.076603
0.707078,0.817529,0.084599,0.081417
0.713720,1.035190,0.083372,0.084599
0.914250,1.023335,0.076130,0.083372
0.941865,1.040409,0.067561,0.076130
0.958321,0.900062,0.062087,0.067561
0.782925,0.876590,0.058628,0.062087
0.780237,1.080729,0.054711,0.058628
0.980670,0.857136,0.049400,0.054711
0.782700,0.880754,0.044705,0.049400
0.918904,1.084045,0.040922,0.044705
0.813772,0.874938,0.039062,0.040922
0.884136,0.858885,0.038927,0.039062
0.788373,1.013449,0.039527,0.038927
0.876312,1.002419,0.040537,0.039527
0.913898,1.023624,0.041268,0.040537
0.920493,0.810231,0.041451,0.041268
0.734545,0.857161,0.041014,0.041451
0.778780,1.017987,0.040712,0.041014
0.908378,0.848055,0.041257,0.040712
0.724487,0.841402,0.041961,0.041257
0.722118,0.981255,0.042867,0.041961
0.906050,0.834038,0.043791,0.042867
0.719587,0.854578,0.044526,0.043791
0.731263,0.939808,0.045140,0.044526
0.903002,0.867054,0.045644,0.045140
0.718462,0.856337,0.045974,0.045644
0.717433,0.970498,0.046356,0.045974
0.899568,0.809283,0.043208,0.046356
0.722607,0.865157,0.015303,0.043208
0.932584,0.951559,0.062168,0.015303
1.074840,0.770658,0.119469,0.062168
0.794292,0.773544,0.138179,0.119469
0.738084,0.768246,0.142730,0.138179
0.706684,0.734668,0.139340,0.142730
0.607372,0.640583,0.132006,0.139340
0.520990,0.489030,0.124446,0.132006
0.426829,0.475914,0.119582,0.124446
0.372093,0.464540,0.116851,0.119582
0.419592,0.378145,0.116944,0.116851
0.306983,0.361515,0.119502,0.116944
0.279844,0.384308,0.124614,0.119502
0.321421,0.241534,0.128024,0.124614
0.204868,0.250840,0.139901,0.128024
0.232315,0.278313,0.170809,0.139901
0.383383,0.190684,0.228553,0.170809
0.301380,0.188272,0.281326,0.228553
0.333438,0.195891,0.290898,0.281326
0.266061,0.212124,0.241656,0.290898
0.355008,0.322517,0.166703,0.241656
0.567839,0.332940,0.156939,0.166703
0.352379,0.307920,0.261522,0.156939
0.200589,0.371998,0.381820,0.261522
0.088897,0.400300,0.528540,0.381820
0.043279,0.457277,0.646213,0.528540
0.125872,0.640206,0.765452,0.646213
0.362891,0.657224,0.903968,0.765452
0.485893,0.776897,1.020638,0.903968
0.652353,0.957730,1.133174,1.020638
1.142588,0.851292,1.244542,1.133174
0.971510,0.867857,1.320916,1.244542
0.931121,1.026440,1.385109,1.320916
0.984261,0.841425,1.445906,1.385109
0.737582,0.852255,1.488231,1.445906
0.721759,0.985753,1.524905,1.488231
0.889446,0.798134,1.559130,1.524905
0.702876,0.857125,1.580216,1.559130
0.834913,0.977862,1.593695,1.580216
0.884790,0.819994,1.597545,1.593695
0.722550,0.866828,1.591213,1.597545
0.801969,1.011326,1.579395,1.591213
0.951052,0.855802,1.565156,1.579395
0.769778,0.858694,1.556652,1.565156
0.776851,1.029965,1.552491,1.556652
0.971827,0.850586,1.552799,1.552491
0.784564,0.860842,1.555699,1.552799
0.775984,1.049295,1.559637,1.555699
0.974995,1.042276,1.563870,1.559637
0.965833,1.027977,1.566739,1.563870
0.965102,0.863972,1.568089,1.566739
0.766596,0.876833,1.568368,1.568089
0.775181,1.000379,1.568254,1.568368
0.950087,0.837221,1.568237,1.568254
0.748045,0.883036,1.568514,1.568237
0.880317,0.988672,1.569152,1.568514
0.791233,0.838613,1.570135,1.569152
0.886962,0.860594,1.571186,1.570135
0.789267,0.983696,1.572414,1.571186
0.873780,0.802776,1.574120,1.572414
0.777564,1.010475,1.575612,1.574120
0.904541,0.975464,1.577653,1.575612
0.859053,0.833656,1.579812,1.577653
0.763994,0.955815,1.581890,1.579812
0.923764,0.827150,1.584540,1.581890
0.734354,0.829730,1.586961,1.584540
0.731981,0.939702,1.589647,1.586961
0.945455,0.824780,1.592825,1.589647
0.835071,0.816513,1.597649,1.592825
0.884376,0.926476,1.604429,1.597649
1.014470,0.723996,1.611190,1.604429
0.715937,0.708007,1.616171,1.611190
0.642266,0.758647,1.621585,1.616171
0.715682,0.573030,1.629146,1.621585
0.506032,0.514451,1.636920,1.629146
0.535002,0.589294,1.646035,1.636920
0.514720,0.423804,1.657958,1.646035
0.380668,0.422608,1.668613,1.657958
0.367475,0.466369,1.680080,1.668613
0.408597,0.333142,1.694320,1.680080
0.305592,0.310612,1.707494,1.694320
0.279514,0.310498,1.721651,1.707494
0.274304,0.271870,1.743999,1.721651
0.258423,0.257583,1.773641,1.743999
0.269004,0.276978,1.819018,1.773641
0.352718,0.228163,1.891348,1.819018
0.247697,0.211300,1.961266,1.891348
0.223906,0.306756,2.035014,1.961266
0.447817,0.297952,2.126361,2.035014
0.436798,0.291757,2.217472,2.126361
0.551835,0.388246,2.324891,2.217472
0.325594,0.304714,2.465475,2.324891
0.241408,0.321559,2.591636,2.465475
0.250931,0.406057,2.721890,2.591636
0.451328,0.420075,2.861744,2.721890
0.460366,0.503364,2.956651,2.861744
0.532514,0.676399,3.028292,2.956651
0.860356,0.606286,3.081074,3.028292
0.831743,0.670930,3.107251,3.081074
0.865081,0.830005,3.124685,3.107251
1.172868,0.907536,3.139576,3.124685
1.177135,0.832479,3.132874,3.139576
1.040646,0.696396,3.129612,3.132874
0.763772,0.709863,3.134003,3.129612
0.729617,0.815264,3.142078,3.134003
0.885207,0.679282,3.132598,3.142078
0.716159,0.715634,3.127375,3.132598
0.855030,0.825778,3.125560,3.127375
0.775627,0.715561,3.127139,3.125560
0.892276,0.742822,3.130074,3.127139
0.818902,0.855986,3.133430,3.130074
0.922369,0.723593,3.136570,3.133430
0.830637,0.741040,3.138144,3.136570
0.785975,0.840552,3.138703,3.138144
0.983713,0.742940,3.138468,3.138703
0.790082,0.770542,3.138029,3.138468
0.792236,0.875222,3.137732,3.138029
0.987072,0.724214,3.137907,3.137732
0.800501,0.757946,3.138326,3.137907
0.802949,0.882873,3.138957,3.138326
1.031286,0.718831,3.139960,3.138957
0.820400,0.776994,3.140952,3.139960
0.963439,0.909526,3.141772,3.140952
0.868804,0.739365,3.142043,3.141772
0.967570,0.806326,3.141471,3.142043
0.867428,0.877497,3.140948,3.141471
0.970552,0.728758,3.140523,3.140948
0.846826,0.794340,3.140129,3.140523
0.796091,0.862582,3.139729,3.140129
1.001534,0.753700,3.139256,3.139729
0.795844,0.788942,3.138740,3.139256
0.806697,0.872868,3.138137,3.138740
1.012817,0.761987,3.137275,3.138137
0.822611,0.936906,3.136410,3.137275
1.048606,0.893517,3.135378,3.136410
1.043389,0.781487,3.134447,3.135378
0.828825,0.899616,3.133618,3.134447
1.039534,0.766046,3.132530,3.133618
0.824704,0.768393,3.131326,3.132530
0.820895,0.900274,3.129616,3.131326
1.050004,0.721968,3.126289,3.129616
0.904815,0.795500,3.123359,3.126289
1.104264,0.846810,3.120856,3.123359
1.070789,0.710969,3.117603,3.120856
0.787082,0.661871,3.114364,3.117603
0.756902,0.707412,3.110264,3.114364
0.819676,0.566118,3.104081,3.110264
0.611817,0.613875,3.097667,3.104081
0.699059,0.567020,3.088671,3.097667
0.641267,0.444442,3.079037,3.088671
0.491530,0.548648,3.070401,3.079037
0.567562,0.408056,3.060083,3.070401
0.428153,0.389889,3.051472,3.060083
0.414312,0.428308,3.042856,3.051472
0.480627,0.308815,3.033060,3.042856
0.356016,0.337708,3.024938,3.033060
0.342987,0.326724,3.016421,3.024938
0.400884,0.269812,3.005821,3.016421
0.295410,0.265155,2.996298,3.005821
0.325739,0.271154,2.986438,2.996298
0.277898,0.185464,2.979426,2.986438
0.293064,0.207351,2.979801,2.979426
0.256099,0.212278,2.983791,2.979801
0.256394,0.148549,2.990149,2.983791
0.188656,0.176278,2.994912,2.990149
0.139833,0.161973,2.998120,2.994912
0.166787,0.166974,2.999304,2.998120
0.122404,0.134126,2.998629,2.999304
0.102994,0.145419,2.997106,2.998629
0.114919,0.091879,2.995083,2.997106
0.083182,0.067171,2.993662,2.995083
0.077107,0.106078,2.992898,2.993662
0.086854,0.086963,2.992732,2.992898
0.063149,0.118412,2.992986,2.992732
0.051977,0.068660,2.993368,2.992986
0.047333,0.032302,2.993798,2.993368
0.053541,0.050920,2.994081,2.993798
0.048225,0.072293,2.994250,2.994081
0.043790,0.022164,2.994324,2.994250
0.037807,0.046915,2.994300,2.994324
0.039019,0.044862,2.994155,2.994300
0.049998,0.017067,2.993969,2.994155
0.038085,0.033775,2.993775,2.993969
0.037918,0.038276,2.993594,2.993775
0.043250,0.045566,2.993533,2.993594
0.029395,0.023716,2.993540,2.993533
0.028694,0.021851,2.993639,2.993540
0.030790,0.016641,2.993802,2.993639
0.024639,0.024088,2.993797,2.993802
0.025022,0.037589,2.993725,2.993797
0.000000,0.028705,2.993487,2.993725
0.000000,0.032067,2.993480,2.993487
0.018858,0.013497,2.993337,2.993480
0.000000,0.000000,0.000000,0.000000
0.000000,0.015162,2.049342,0.000000
0.000000,0.043244,2.039243,2.049342
0.021568,0.044969,2.020782,2.039243
0.027393,0.051157,2.015260,2.020782
0.032285,0.057288,2.020919,2.015260
0.000000,0.027689,2.031750,2.020919
0.000000,0.032163,2.041056,2.031750
0.023272,0.032193,2.045815,2.041056
0.020142,0.039864,2.042023,2.045815
0.000000,0.032278,2.038933,2.042023
0.000000,0.014760,2.036791,2.038933
0.000000,0.025111,2.036209,2.036791
0.000000,0.030429,2.036605,2.036209
0.000000,0.037305,2.037427,2.036605
0.000000,0.034113,2.038531,2.037427
0.000000,0.035852,2.039215,2.038531
0.032932,0.019238,2.027409,2.039215
0.032819,0.001891,2.025158,2.027409
0.039303,0.021750,2.023772,2.025158
0.033835,0.020812,2.023663,2.023772
0.047572,0.043333,2.025760,2.023663
0.042358,0.060012,2.028084,2.025760
0.075035,0.026273,2.029475,2.028084
0.081413,0.037485,2.030176,2.029475
0.086340,0.079866,2.030555,2.030176
0.124582,0.047837,2.031027,2.030555
0.103195,0.048779,2.031598,2.031027
0.106211,0.040436,2.032680,2.031598
0.112776,0.018881,2.034976,2.032680
0.090844,0.033305,2.038063,2.034976
0.071098,0.043608,2.041732,2.038063
0.067733,0.022538,2.041538,2.041732
0.045249,0.053328,2.037066,2.041538
0.045596,0.061190,2.031801,2.037066
0.036599,0.020897,2.027357,2.031801
0.046084,0.041536,2.026317,2.027357
0.063133,0.062348,2.027439,2.026317
0.070965,0.033495,2.027354,2.027439
0.187419,0.047757,2.004527,2.027354
0.182892,0.094619,1.964789,2.004527
0.081367,0.186736,1.902336,1.964789
0.050693,0.259618,1.805392,1.902336
0.330821,0.329803,1.671002,1.805392
0.318768,0.415507,1.569695,1.671002
0.379473,0.564771,1.487421,1.569695
0.616763,0.530829,1.405826,1.487421
0.417336,0.642747,1.330831,1.405826
0.442263,0.822713,1.225399,1.330831
0.713685,0.717099,1.064823,1.225399
0.683625,0.834326,0.909285,1.064823
0.494795,0.950276,0.749351,0.909285
0.907743,0.831816,0.580064,0.749351
0.923289,0.820468,0.457628,0.580064
0.945714,0.947430,0.353103,0.457628
1.010074,0.800569,0.257895,0.353103
0.766263,0.799622,0.196627,0.257895
0.734669,0.958569,0.148009,0.196627
0.876227,0.807503,0.108799,0.148009
0.682925,0.785910,0.090514,0.108799
0.678145,0.943422,0.084205,0.090514
0.857378,0.814950,0.085148,0.084205
0.700453,0.792550,0.085325,0.085148
0.719561,0.949673,0.081522,0.085325
0.925224,0.804590,0.073057,0.081522
0.767011,0.831043,0.066161,0.073057
0.955309,0.972075,0.060810,0.066161
1.012704,0.823187,0.058511,0.060810
0.792469,0.818013,0.058820,0.058511
0.840198,0.985283,0.059514,0.058820
0.996022,0.823806,0.060065,0.059514
0.799959,0.829264,0.060280,0.060065
0.801310,0.977056,0.060429,0.060280
0.998403,0.834022,0.060899,0.060429
0.796477,0.830280,0.061005,0.060899
0.796542,0.999351,0.060702,0.061005
1.000896,0.792481,0.060049,0.060702
0.799334,0.832930,0.059338,0.060049
0.805803,0.967498,0.058587,0.059338
0.990544,0.826344,0.057980,0.058587
0.789741,0.837828,0.057972,0.057980
0.945271,0.962708,0.058168,0.057972
0.984970,0.825196,0.058585,0.058168
0.790115,0.841238,0.059298,0.058585
0.835372,0.981318,0.060407,0.059298
0.984008,0.802388,0.061634,0.060407
0.775426,0.844020,0.062229,0.061634
0.776297,0.984821,0.062483,0.062229
0.973618,0.815289,0.062396,0.062483
0.789359,0.876377,0.054405,0.062396
0.818274,0.968234,0.011418,0.054405
1.143480,0.962927,0.068300,0.011418
1.161482,0.909881,0.112969,0.068300
1.050257,0.735321,0.127504,0.112969
0.751486,0.673758,0.128621,0.127504
0.668066,0.760739,0.124252,0.128621
0.737050,0.567106,0.115241,0.124252
0.531934,0.532431,0.106338,0.115241
0.582110,0.558756,0.097905,0.106338
0.468786,0.458493,0.090156,0.097905
0.486890,0.381095,0.085521,0.090156
0.408743,0.465534,0.082090,0.085521
0.422713,0.367525,0.080170,0.082090
0.348051,0.286751,0.069977,0.080170
0.266954,0.355545,0.049788,0.069977
0.251468,0.294541,0.065785,0.049788
0.312841,0.297389,0.126448,0.065785
0.403813,0.313697,0.205901,0.126448
0.497504,0.239548,0.288374,0.205901
0.333546,0.234050,0.305007,0.288374
0.272438,0.289505,0.269548,0.305007
0.405055,0.253351,0.227020,0.269548
0.407920,0.299183,0.273506,0.227020
0.367793,0.394572,0.366816,0.273506
0.299423,0.387471,0.503089,0.366816
0.398314,0.435577,0.621034,0.503089
0.387865,0.597918,0.740216,0.621034
0.494123,0.575198,0.881782,0.740216
0.547280,0.690496,0.998836,0.881782
0.780421,0.904299,1.112419,0.998836
1.105325,0.768387,1.226968,1.112419
0.932466,0.812955,1.306316,1.226968
0.969196,0.942310,1.375076,1.306316
1.007172,0.796858,1.439746,1.375076
0.715025,0.799724,1.482813,1.439746
0.657803,0.925130,1.519141,1.482813
0.788338,0.758114,1.553233,1.519141
0.626412,0.798324,1.574477,1.553233
0.784515,0.940411,1.588427,1.574477
0.736061,0.780851,1.592928,1.588427
0.866158,0.801896,1.586671,1.592928
0.805506,0.952309,1.574712,1.586671
0.917045,0.957811,1.560296,1.574712
0.984333,0.944154,1.549996,1.560296
0.984054,0.803462,1.545942,1.549996
0.794895,0.869576,1.546778,1.545942
0.853073,0.996715,1.549959,1.546778
0.998634,0.797991,1.554375,1.549959
0.797308,0.845384,1.557199,1.554375
0.798760,0.960006,1.558618,1.557199
0.992583,0.848402,1.558794,1.558618
0.802892,0.835001,1.558285,1.558794
0.809495,0.978733,1.557564,1.558285
1.019341,0.843287,1.556840,1.557564
0.827424,0.838059,1.556561,1.556840
0.825448,0.968502,1.556661,1.556561
1.037001,0.819630,1.556997,1.556661
0.826736,0.839955,1.557512,1.556997
0.964465,1.004375,1.557977,1.557512
1.004441,0.833473,1.558524,1.557977
0.798332,0.836818,1.558965,1.558524
0.844318,0.978368,1.559366,1.558965
1.003517,0.824028,1.559673,1.559366
0.805297,0.843971,1.559787,1.559673
0.801192,0.967868,1.559872,1.559787
0.998614,0.820613,1.560079,1.559872
0.794050,0.832408,1.560343,1.560079
0.794333,0.973298,1.560568,1.560343
0.987008,0.835968,1.560196,1.560568
0.827602,0.837680,1.559694,1.560196
0.907670,0.971284,1.561339,1.559694
1.146156,0.735228,1.563457,1.561339
0.834886,0.738935,1.563964,1.563457
0.873905,0.760154,1.563826,1.563964
0.817000,0.630309,1.563450,1.563826
0.600396,0.583104,1.563257,1.563450
0.578975,0.658516,1.563258,1.563257
0.627652,0.473041,1.563514,1.563258
0.455612,0.459014,1.564083,1.563514
0.426514,0.508074,1.565123,1.564083
0.501356,0.372595,1.566817,1.565123
0.379429,0.373314,1.568664,1.566817
0.356244,0.393470,1.570421,1.568664
0.349592,0.312576,1.572159,1.570421
0.215324,0.310009,1.573067,1.572159
0.274493,0.319749,1.567862,1.573067
0.490457,0.266315,1.551353,1.567862
0.401510,0.247773,1.525986,1.551353
0.408422,0.307818,1.477993,1.525986
0.381179,0.235464,1.403378,1.477993
0.314686,0.301975,1.327655,1.403378
0.447342,0.350394,1.243597,1.327655
0.314642,0.335120,1.142766,1.243597
0.110568,0.383298,1.057292,1.142766
0.096997,0.481657,0.955519,1.057292
0.355751,0.620066,0.815368,0.955519
0.523923,0.712577,0.655770,0.815368
0.714169,0.657836,0.492919,0.655770
0.721514,0.753843,0.371082,0.492919
0.857743,0.932575,0.264983,0.371082
1.197265,0.854984,0.171991,0.264983
0.920235,0.779972,0.121240,0.171991
0.833765,0.943216,0.084529,0.121240
0.930763,0.785583,0.063346,0.084529
0.702496,0.799406,0.064162,0.063346
0.814149,0.931813,0.071787,0.064162
0.732650,0.733807,0.078518,0.071787
0.840206,0.800278,0.079870,0.078518
0.771908,0.941483,0.077733,0.079870
0.912159,0.978071,0.075967,0.077733
0.969259,0.964210,0.076375,0.075967
0.977081,0.782511,0.077365,0.076375
0.779823,0.828102,0.077227,0.077365
0.840312,0.947406,0.075893,0.077227
0.993690,0.812916,0.073602,0.075893
0.798086,0.807980,0.071650,0.073602
0.789410,0.987389,0.069757,0.071650
0.985204,0.812798,0.068065,0.069757
0.780796,0.828361,0.066957,0.068065
0.789285,0.954411,0.066052,0.066957
0.990119,1.060714,0.065510,0.066052
1.001469,0.972669,0.065700,0.065510
0.994361,0.832118,0.065722,0.065700
0.792316,0.852032,0.065623,0.065722
0.798312,1.003086,0.065398,0.065623
1.008627,0.816831,0.064824,0.065398
0.810039,0.824014,0.063937,0.064824
0.957758,1.024676,0.062732,0.063937
0.855537,0.813419,0.061169,0.062732
0.953646,0.821608,0.059856,0.061169
0.843500,1.000568,0.059043,0.059856
0.936398,0.826132,0.059103,0.059043
0.835729,0.825108,0.059791,0.059103
0.786094,0.990461,0.060453,0.059791
0.979480,0.844819,0.061038,0.060453
0.784335,0.845433,0.061566,0.061038
0.787162,0.972806,0.062091,0.061566
0.980079,0.826393,0.037890,0.062091
0.849028,0.837335,0.023018,0.037890
0.912336,1.058903,0.084526,0.023018
1.105904,0.815208,0.119979,0.084526
0.780488,0.820462,0.129540,0.119979
0.811122,0.884614,0.130331,0.129540
0.673349,0.692888,0.125357,0.130331
0.686015,0.638888,0.119329,0.125357
0.544763,0.678752,0.113068,0.119329
0.558848,0.492305,0.106445,0.113068
0.467065,0.609900,0.101924,0.106445
0.506776,0.513353,0.098142,0.101924
0.444544,0.388934,0.097101,0.098142
0.363135,0.397731,0.096893,0.097101
0.357512,0.315219,0.084091,0.096893
0.244574,0.299599,0.108585,0.084091
0.291349,0.299663,0.160872,0.108585
0.414564,0.237220,0.238888,0.160872
0.321912,0.234625,0.284550,0.238888
0.258143,0.285405,0.278751,0.284550
0.389824,0.300264,0.218358,0.278751
0.597078,0.326529,0.183378,0.218358
0.595656,0.312413,0.263193,0.183378
0.443449,0.400693,0.368389,0.263193
0.436605,0.455286,0.509780,0.368389
0.399129,0.461977,0.648989,0.509780
0.436796,0.702421,0.767085,0.648989
0.696291,0.647918,0.904890,0.767085
0.666478,0.767460,1.021545,0.904890
0.874360,0.916815,1.134166,1.021545
1.244529,0.825410,1.244657,1.134166
0.999977,0.857635,1.320225,1.244657
1.113578,1.040690,1.384760,1.320225
1.004494,0.829730,1.446409,1.384760
0.766309,0.845371,1.488676,1.446409
0.808077,0.950881,1.524566,1.488676
0.903568,0.821629,1.557428,1.524566
0.708287,0.837533,1.576893,1.557428
0.705215,0.962499,1.588766,1.576893
0.893213,0.809255,1.591331,1.588766
0.731223,0.851302,1.584279,1.591331
0.739181,1.011060,1.572280,1.584279
0.936651,0.825300,1.558666,1.572280
0.752681,0.873857,1.550875,1.558666
0.750974,1.032023,1.547457,1.550875
0.954271,0.847063,1.548583,1.547457
0.765447,0.865537,1.552034,1.548583
0.928771,1.045894,1.556366,1.552034
0.970330,0.875020,1.560734,1.556366
0.767353,0.887845,1.563074,1.560734
0.826920,0.996939,1.564339,1.563074
0.959866,0.864815,1.564764,1.564339
0.768194,0.863139,1.564832,1.564764
0.761627,1.035352,1.565079,1.564832
0.953760,0.853206,1.565951,1.565079
0.755731,0.862942,1.567221,1.565951
0.749353,0.996693,1.568980,1.567221
0.931586,0.823758,1.571330,1.568980
0.750342,0.856064,1.573430,1.571330
0.749585,1.014321,1.575428,1.573430
0.933089,0.816403,1.577360,1.575428
0.743576,0.872385,1.578680,1.577360
0.876291,0.996225,1.579830,1.578680
0.920799,0.814441,1.581109,1.579830
0.740827,0.839075,1.582326,1.581109
0.791146,1.012123,1.583877,1.582326
0.945566,0.829209,1.586493,1.583877
0.747512,0.851374,1.589317,1.586493
0.805241,0.980842,1.592978,1.589317
1.164293,0.790734,1.601119,1.592978
0.926279,0.786192,1.609421,1.601119
0.829708,0.854239,1.616993,1.609421
0.884340,0.806182,1.625292,1.616993
0.752724,0.715481,1.634397,1.625292
0.663161,0.550519,1.644437,1.634397
0.479047,0.508952,1.654026,1.644437
0.443633,0.560163,1.665217,1.654026
0.494218,0.426802,1.679865,1.665217
0.348571,0.401329,1.693578,1.679865
0.376287,0.425725,1.709162,1.693578
0.303852,0.335064,1.729728,1.709162
0.307966,0.300675,1.748399,1.729728
0.225324,0.320660,1.769602,1.748399
0.308881,0.249134,1.790443,1.769602
0.362942,0.224106,1.798152,1.790443
0.350699,0.211628,1.792955,1.798152
0.344465,0.203665,1.762045,1.792955
0.249598,0.219952,1.721499,1.762045
0.307592,0.272212,1.667781,1.721499
0.578033,0.277654,1.589399,1.667781
0.471104,0.318669,1.513975,1.589399
0.365112,0.379679,1.431707,1.513975
0.359924,0.375227,1.337833,1.431707
0.244852,0.439757,1.252851,1.337833
0.396858,0.637225,1.149109,1.252851
0.530627,0.653975,0.995678,1.149109
0.889810,0.723795,0.844243,0.995678
0.984689,0.938167,0.684711,0.844243
1.279413,1.020517,0.514346,0.684711
1.412053,1.041046,0.377874,0.514346
1.262354,0.856043,0.275069,0.377874
0.913224,0.887255,0.206032,0.275069
0.862152,0.976575,0.149375,0.206032
0.914487,0.831943,0.101760,0.149375
0.697931,0.840058,0.079094,0.101760
0.702773,0.968461,0.072415,0.079094
0.869180,0.847518,0.077238,0.072415
0.708158,0.863208,0.082242,0.077238
0.711095,1.003988,0.083359,0.082242
0.918481,0.814280,0.078357,0.083359
0.752260,0.887455,0.071877,0.078357
0.766483,1.018095,0.066305,0.071877
0.980148,0.867135,0.061647,0.066305
0.785198,0.893819,0.058082,0.061647
0.940475,1.016718,0.053887,0.058082
0.970310,0.875336,0.048493,0.053887
0.763935,0.899415,0.044235,0.048493
0.813385,1.033208,0.041013,0.044235
0.943986,0.848268,0.038953,0.041013
0.748438,0.895569,0.038746,0.038953
0.744852,1.028697,0.039380,0.038746
0.925154,0.821491,0.040620,0.039380
0.736367,0.872244,0.041799,0.040620
0.738268,0.966037,0.043207,0.041799
0.922381,0.995284,0.044750,0.043207
0.913910,1.003422,0.046400,0.044750
0.908406,0.817060,0.047333,0.046400
0.722407,1.004262,0.047144,0.047333
0.909578,1.004440,0.046107,0.047144
0.917307,0.877473,0.045572,0.046107
0.731370,0.995001,0.045736,0.045572
0.907635,0.830896,0.046255,0.045736
0.724112,0.858532,0.046658,0.046255
0.718557,0.978446,0.046932,0.046658
0.894902,0.813263,0.043332,0.046932
0.729890,0.849855,0.016845,0.043332
0.950381,0.945848,0.064891,0.016845
1.089079,0.761003,0.121337,0.064891
0.803152,0.747322,0.139858,0.121337
0.735364,0.790644,0.143952,0.139858
0.720720,0.622282,0.139062,0.143952
0.500510,0.597441,0.131402,0.139062
0.444070,0.609802,0.123183,0.131402
0.493437,0.484330,0.115835,0.123183
0.365290,0.445135,0.112489,0.115835
0.338798,0.423210,0.112193,0.112489
0.385274,0.342084,0.116157,0.112193
0.288685,0.295825,0.122783,0.116157
0.265296,0.324688,0.130770,0.122783
0.284652,0.279483,0.142333,0.130770
0.234111,0.241453,0.169631,0.142333
0.338425,0.248513,0.215956,0.169631
0.379544,0.179325,0.280399,0.215956
0.279964,0.189255,0.296698,0.280399
0.249598,0.219506,0.262053,0.296698
0.406682,0.247133,0.174006,0.262053
0.462946,0.294029,0.126174,0.174006
0.458028,0.343450,0.183930,0.126174
0.264310,0.313537,0.310670,0.183930
0.081344,0.372690,0.431603,0.310670
0.033688,0.484742,0.555070,0.431603
0.083609,0.509651,0.693006,0.555070
0.169572,0.590087,0.807476,0.693006
0.329008,0.816661,0.925580,0.807476
0.701625,0.761164,1.063153,0.925580
0.688529,0.823776,1.167455,1.063153
0.998207,1.022714,1.257945,1.167455
1.109377,0.853080,1.344800,1.257945
0.810347,0.872408,1.403669,1.344800
0.781748,1.010617,1.454126,1.403669
0.883012,0.834494,1.503312,1.454126
0.695118,0.833869,1.537240,1.503312
0.700510,1.025501,1.565169,1.537240
0.894053,0.816499,1.587943,1.565169
0.723092,0.837485,1.597601,1.587943
0.719764,1.020630,1.597867,1.597601
0.906322,0.836985,1.587436,1.597867
0.738561,0.889793,1.574695,1.587436
0.746443,1.000382,1.562720,1.574695
0.944017,0.868075,1.553826,1.562720
0.764839,0.870900,1.551410,1.553826
0.916828,1.027112,1.552656,1.551410
0.972876,1.066382,1.556748,1.552656
0.960897,1.033092,1.561505,1.556748
0.811935,0.840732,1.565140,1.561505
0.910891,0.846236,1.566929,1.565140
0.813907,1.000989,1.567699,1.566929
0.898509,0.831551,1.567967,1.567699
0.798586,0.883575,1.568050,1.567967
0.747241,0.978885,1.568236,1.568050
0.933021,0.835028,1.568691,1.568236
0.742069,0.853048,1.569386,1.568691
0.739723,0.989789,1.570376,1.569386
0.917474,1.025419,1.571785,1.570376
0.919526,0.997630,1.573294,1.571785
0.920933,0.793978,1.574883,1.573294
0.739231,0.834704,1.576281,1.574883
0.739397,0.982995,1.577905,1.576281
0.917741,0.816308,1.579979,1.577905
0.740848,0.841338,1.581948,1.579979
0.372715,0.999300,1.584121,1.581948
0.249970,0.834041,1.587023,1.584121
0.509420,0.810753,1.589626,1.587023
0.810704,0.990652,1.592983,1.589626
1.033273,0.802097,1.600694,1.592983
0.850854,0.777376,1.607970,1.600694
0.838912,0.839173,1.614570,1.607970
0.867407,0.666283,1.621674,1.614570
0.630210,0.623362,1.627956,1.621674
0.556981,0.651655,1.635407,1.627956
0.591593,0.521885,1.645804,1.635407
0.432602,0.467470,1.656093,1.645804
0.395127,0.510807,1.668040,1.656093
0.453367,0.402902,1.683426,1.668040
0.334677,0.350099,1.697420,1.683426
0.317503,0.373685,1.712706,1.697420
0.359353,0.291710,1.731365,1.712706
0.243000,0.275510,1.749030,1.731365
0.273237,0.286433,1.774251,1.749030
0.310278,0.211219,1.820236,1.774251
0.229744,0.212050,1.875407,1.820236
0.258815,0.284360,1.944504,1.875407
0.369213,0.252442,2.032617,1.944504
0.409982,0.264711,2.107647,2.032617
0.516697,0.342599,2.195671,2.107647
0.834976,0.277740,2.317014,2.195671
0.633233,0.319484,2.431170,2.317014
0.427338,0.386628,2.557671,2.431170
0.323310,0.310178,2.706736,2.557671
0.368242,0.391348,2.825053,2.706736
0.470352,0.536142,2.929450,2.825053
0.538545,0.514807,3.021500,2.929450
0.531567,0.573389,3.072419,3.021500
0.805050,0.744249,3.104880,3.072419
1.015102,0.845760,3.127161,3.104880
1.115195,0.835748,3.141373,3.127161
1.024412,0.905898,3.132709,3.141373
1.128505,0.842152,3.129575,3.132709
1.001816,0.706172,3.135394,3.129575
0.746494,0.714382,3.140436,3.135394
0.856103,0.842545,3.132351,3.140436
0.901595,0.707525,3.126508,3.132351
0.725955,0.826059,3.125413,3.126508
0.918821,0.882327,3.127696,3.125413
0.949826,0.704725,3.131743,3.127696
0.814184,0.859630,3.135050,3.131743
0.912957,0.728388,3.137696,3.135050
0.824112,0.759799,3.138662,3.137696
0.774872,0.876757,3.138699,3.138662
0.986642,0.718570,3.138000,3.138699
0.802710,0.746973,3.137313,3.138000
0.802195,0.883031,3.136830,3.137313
1.006684,0.877461,3.136832,3.136830
1.007100,0.892486,3.137472,3.136832
1.017327,0.759108,3.138382,3.137472
0.810815,0.759418,3.139154,3.138382
0.811395,0.869099,3.139996,3.139154
1.020670,0.745454,3.140902,3.139996
0.824290,0.777372,3.141593,3.140902
0.823419,0.869497,3.142177,3.141593
1.050351,0.916161,3.142128,3.142177
1.051455,0.882959,3.141564,3.142128
1.033496,0.794961,3.140875,3.141564
0.820202,0.758496,3.140172,3.140875
0.968387,0.931270,3.139405,3.140172
0.866149,0.735350,3.138428,3.139405
0.993782,0.789036,3.137612,3.138428
0.899467,0.909214,3.136759,3.137612
1.004678,0.715006,3.135800,3.136759
0.898892,0.777735,3.134956,3.135800
0.842365,0.874291,3.133998,3.134956
1.046688,0.786460,3.132697,3.133998
0.840111,0.766177,3.131331,3.132697
0.835793,0.916675,3.129721,3.131331
1.044945,0.892549,3.127158,3.129721
1.111883,0.930349,3.123589,3.127158
1.217177,0.695138,3.120688,3.123589
0.923938,0.747033,3.118073,3.120688
0.830907,0.789328,3.114778,3.118073
0.920528,0.646564,3.109995,3.114778
0.687162,0.595367,3.105033,3.109995
0.626974,0.665164,3.099016,3.105033
0.710061,0.527288,3.091193,3.099016
0.534302,0.482762,3.084087,3.091193
0.608860,0.519488,3.076465,3.084087
0.592274,0.418794,3.067126,3.076465
0.452215,0.387504,3.058853,3.067126
0.453605,0.416043,3.049932,3.058853
0.508029,0.355950,3.039030,3.049932
0.383721,0.358703,3.029496,3.039030
0.366059,0.345141,3.019202,3.029496
0.414870,0.280469,3.006250,3.019202
0.309902,0.277853,2.994447,3.006250
0.283185,0.300169,2.981545,2.994447
0.312397,0.198661,2.968018,2.981545
0.253237,0.216280,2.963131,2.968018
0.232366,0.259736,2.965306,2.963131
0.275544,0.158553,2.972627,2.965306
0.203960,0.165570,2.979663,2.972627
0.245745,0.180862,2.985537,2.979663
0.215858,0.147568,2.989185,2.985537
0.133563,0.122301,2.989592,2.989185
0.119314,0.141542,2.988177,2.989592
0.122551,0.111848,2.985662,2.988177
0.109715,0.103250,2.983330,2.985662
0.093014,0.117979,2.981947,2.983330
0.071758,0.070973,2.981553,2.981947
0.048615,0.038772,2.981727,2.981553
0.047782,0.064156,2.982259,2.981727
0.029719,0.054233,2.982760,2.982259
0.022182,0.057160,2.983090,2.982760
0.022507,0.086325,2.983210,2.983090
0.025152,0.061857,2.983084,2.983210
0.024820,0.038405,2.982932,2.983084
0.034546,0.038004,2.982665,2.982932
0.037118,0.040726,2.982389,2.982665
0.047499,0.044748,2.982311,2.982389
0.043596,0.015255,2.982321,2.982311
0.039024,0.011181,2.982409,2.982321
0.027325,0.033093,2.982517,2.982409
0.031364,0.014718,2.982723,2.982517
0.022437,0.028063,2.982879,2.982723
0.019469,0.060382,2.982954,2.982879
0.030072,0.007858,2.982882,2.982954
0.024074,0.034040,2.982680,2.982882
0.000000,0.016777,2.982430,2.982680
0.000000,0.025251,2.982391,2.982430
0.000000,0.000000,0.000000,0.000000
0.000000,0.030982,2.038756,0.000000
0.021438,0.028742,2.024070,2.038756
0.027747,0.050672,2.005206,2.024070
0.034115,0.046999,1.996185,2.005206
0.018480,0.007666,2.003665,1.996185
0.000000,0.027467,2.014987,2.003665
0.000000,0.010495,2.016667,2.014987
0.000000,0.008169,2.014903,2.016667
0.000000,0.033133,2.013672,2.014903
0.000000,0.030857,2.013342,2.013672
0.000000,0.035499,2.013762,2.013342
0.000000,0.037696,2.014307,2.013762
0.000000,0.021928,2.014855,2.014307
0.023333,0.035155,2.005747,2.014855
0.031421,0.022621,2.006688,2.005747
0.033558,0.027055,2.007355,2.006688
0.046124,0.043878,2.006945,2.007355
0.050283,0.057711,2.005783,2.006945
0.064311,0.032475,2.005361,2.005783
0.067014,0.040240,2.006388,2.005361
0.070310,0.041680,2.007995,2.006388
0.082909,0.036586,2.009444,2.007995
0.084677,0.026929,2.010866,2.009444
0.065428,0.039042,2.011779,2.010866
0.067514,0.048265,2.012074,2.011779
0.062845,0.023503,2.011724,2.012074
0.044441,0.045757,2.011410,2.011724
0.045152,0.014953,2.010587,2.011410
0.081784,0.045135,2.009344,2.010587
0.058964,0.036175,2.008798,2.009344
0.051115,0.004957,2.010000,2.008798
0.059520,0.029073,2.011659,2.010000
0.040841,0.046057,2.009546,2.011659
0.186883,0.022942,1.976989,2.009546
0.143099,0.093209,1.942627,1.976989
0.091003,0.184847,1.882222,1.942627
0.105147,0.238434,1.765094,1.882222
0.226681,0.333803,1.646016,1.765094
0.406254,0.511353,1.535616,1.646016
0.614899,0.496425,1.437797,1.535616
0.576233,0.597109,1.372077,1.437797
0.570825,0.754576,1.298595,1.372077
0.686358,0.740061,1.177682,1.298595
0.674030,0.784171,1.045027,1.177682
0.734098,0.941579,0.887142,1.045027
0.737830,0.806312,0.701175,0.887142
0.873388,0.840362,0.561131,0.701175
0.959761,0.954135,0.437150,0.561131
1.122123,0.804210,0.319617,0.437150
0.830037,0.807922,0.243428,0.319617
0.905780,0.923031,0.182839,0.243428
0.876796,0.764766,0.132084,0.182839
0.676758,0.785360,0.106152,0.132084
0.707893,0.924536,0.092942,0.106152
0.837008,0.762480,0.088101,0.092942
0.686401,0.815288,0.086791,0.088101
0.695705,0.966927,0.084989,0.086791
0.884466,0.806124,0.080109,0.084989
0.733437,0.791696,0.073111,0.080109
0.764882,0.958805,0.066533,0.073111
0.998701,0.836825,0.062446,0.066533
0.800927,0.824794,0.060907,0.062446
0.796166,0.978951,0.059863,0.060907
1.002388,0.837752,0.059661,0.059863
0.809722,0.842520,0.059456,0.059661
0.946044,0.958597,0.059222,0.059456
0.999671,0.836099,0.058915,0.059222
0.789698,0.870437,0.058716,0.058915
0.836105,0.946024,0.058653,0.058716
0.989782,0.784793,0.058786,0.058653
0.801490,0.850937,0.059343,0.058786
0.800701,0.973518,0.059911,0.059343
0.997170,0.843070,0.060803,0.059911
0.810096,0.859682,0.060511,0.060803
0.806997,1.002379,0.059945,0.060511
1.001397,0.994029,0.059077,0.059945
1.000783,0.971347,0.058136,0.059077
0.990088,0.998685,0.057907,0.058136
0.989857,0.997496,0.057955,0.057907
0.983375,0.818676,0.057773,0.057955
0.780930,0.813238,0.057494,0.057773
0.780196,1.011976,0.057539,0.057494
0.980507,0.814151,0.055957,0.057539
0.794165,0.827828,0.023628,0.055957
0.864998,0.960269,0.040692,0.023628
1.157389,0.772469,0.100949,0.040692
0.889528,0.753943,0.120918,0.100949
0.950136,0.841729,0.125823,0.120918
0.859491,0.632309,0.121847,0.125823
0.627888,0.585481,0.115240,0.121847
0.605180,0.655824,0.107529,0.115240
0.643402,0.494967,0.099166,0.107529
0.472702,0.494792,0.093413,0.099166
0.439392,0.512970,0.089042,0.093413
0.504777,0.411859,0.085769,0.089042
0.384407,0.361426,0.084643,0.085769
0.358863,0.414548,0.084473,0.084643
0.413041,0.315460,0.062183,0.084473
0.244977,0.330039,0.056533,0.062183
0.226378,0.323448,0.086851,0.056533
0.443538,0.273897,0.173771,0.086851
0.385708,0.258803,0.251337,0.173771
0.369330,0.251930,0.303526,0.251337
0.288219,0.220173,0.294015,0.303526
0.276745,0.257479,0.245728,0.294015
0.461884,0.341230,0.247428,0.245728
0.535593,0.309502,0.336390,0.247428
0.343802,0.349860,0.442140,0.336390
0.328001,0.489153,0.565833,0.442140
0.514604,0.466592,0.706364,0.565833
0.556180,0.580419,0.825805,0.706364
0.668962,0.729869,0.947387,0.825805
1.032687,0.726507,1.084483,0.947387
0.942091,0.783744,1.187323,1.084483
0.943539,0.960344,1.275413,1.187323
1.091637,0.792743,1.358458,1.275413
0.764208,0.794285,1.414689,1.358458
0.820381,0.904850,1.462305,1.414689
0.806251,0.773548,1.508265,1.462305
0.634169,0.786065,1.540070,1.508265
0.677347,0.935221,1.565886,1.540070
0.823902,0.789703,1.586136,1.565886
0.700727,0.815005,1.593469,1.586136
0.726836,0.937487,1.590892,1.593469
0.950634,0.816915,1.577910,1.590892
0.785121,0.809900,1.564698,1.577910
0.797346,0.982518,1.553486,1.564698
0.999609,0.812402,1.546153,1.553486
0.804617,0.854625,1.544803,1.546153
0.813301,0.979106,1.546815,1.544803
1.018201,0.814294,1.551283,1.546815
0.805925,0.839627,1.554997,1.551283
0.951184,0.970906,1.557677,1.554997
0.991531,0.832611,1.558949,1.557677
0.786989,0.853634,1.558841,1.558949
0.839562,0.978590,1.558218,1.558841
0.985094,0.818612,1.557370,1.558218
0.806730,0.839044,1.556748,1.557370
0.810597,0.973519,1.556348,1.556748
1.015844,0.822431,1.556269,1.556348
0.812646,0.845336,1.556486,1.556269
0.815612,0.977476,1.556842,1.556486
1.009768,0.846459,1.557117,1.556842
0.805892,0.858348,1.557306,1.557117
0.791603,0.989661,1.557358,1.557306
0.998966,0.799264,1.557132,1.557358
0.802388,0.819677,1.556835,1.557132
0.954271,0.965271,1.556570,1.556835
0.999741,0.809745,1.556463,1.556570
0.800806,0.845649,1.556812,1.556463
0.841289,0.976493,1.557558,1.556812
0.989435,0.843184,1.558904,1.557558
0.802069,0.838528,1.559691,1.558904
0.865776,0.973951,1.561258,1.559691
1.180128,0.786479,1.565634,1.561258
0.893339,0.774160,1.568385,1.565634
0.800362,0.831447,1.569630,1.568385
0.881074,0.639144,1.570101,1.569630
0.644505,0.622143,1.570563,1.570101
0.593277,0.684312,1.571649,1.570563
0.667228,0.515512,1.573820,1.571649
0.484339,0.511778,1.576054,1.573820
0.512113,0.498718,1.578220,1.576054
0.502214,0.402115,1.580144,1.578220
0.383758,0.383087,1.581319,1.580144
0.383279,0.421350,1.582196,1.581319
0.413740,0.363328,1.581761,1.582196
0.246522,0.288584,1.581362,1.581761
0.215554,0.368400,1.579732,1.581362
0.424906,0.253768,1.570724,1.579732
0.395856,0.255809,1.555532,1.570724
0.386181,0.304839,1.528358,1.555532
0.437040,0.233026,1.468971,1.528358
0.336779,0.283665,1.405061,1.468971
0.363646,0.316547,1.326944,1.405061
0.400063,0.320567,1.226833,1.326944
0.250631,0.308436,1.141383,1.226833
0.321973,0.447039,1.052373,1.141383
0.443571,0.453297,0.929652,1.052373
0.479798,0.547869,0.810247,0.929652
0.649239,0.735617,0.675651,0.810247
0.835427,0.643590,0.511049,0.675651
0.711394,0.768791,0.386700,0.511049
0.842456,0.902628,0.278425,0.386700
1.120595,0.770602,0.181537,0.278425
0.863270,0.830539,0.127010,0.181537
0.829151,0.936793,0.087040,0.127010
0.963699,0.782300,0.064039,0.087040
0.718041,0.806286,0.064797,0.064039
0.691970,0.907843,0.072513,0.064797
0.864448,0.765493,0.079303,0.072513
0.709517,0.790709,0.080455,0.079303
0.868223,0.924242,0.077856,0.080455
0.936728,0.802870,0.074867,0.077856
0.769899,0.831954,0.074436,0.074867
0.835491,0.990957,0.075471,0.074436
0.992493,0.819046,0.076113,0.075471
0.792775,0.832835,0.074960,0.076113
0.789444,0.968806,0.072651,0.074960
0.983108,0.986243,0.069363,0.072651
0.986728,0.971371,0.066596,0.069363
0.987358,0.849007,0.064751,0.066596
0.786142,0.808692,0.063938,0.064751
0.792603,0.947713,0.063767,0.063938
0.989402,0.827934,0.064391,0.063767
0.790724,0.846204,0.065178,0.064391
0.786291,0.971629,0.065807,0.065178
0.988140,0.822374,0.066222,0.065807
0.788162,0.837124,0.066322,0.066222
0.955496,1.001827,0.066363,0.066322
0.853551,0.821261,0.065957,0.066363
0.954603,1.004774,0.065090,0.065957
0.999649,1.016488,0.063460,0.065090
0.849189,0.839753,0.061636,0.063460
0.946751,0.974975,0.060081,0.061636
0.988976,0.852984,0.058882,0.060081
0.787490,0.851317,0.058518,0.058882
0.837954,0.977143,0.058350,0.058518
0.984570,0.819775,0.058176,0.058350
0.788525,0.836768,0.058149,0.058176
0.788042,0.950156,0.058347,0.058149
0.968868,0.823449,0.038343,0.058347
0.842020,0.801159,0.019572,0.038343
0.897547,1.049055,0.082526,0.019572
1.141130,0.825295,0.119342,0.082526
0.846571,0.791000,0.128190,0.119342
0.743988,0.870638,0.128194,0.128190
0.800925,0.654771,0.123150,0.128194
0.584583,0.630829,0.117043,0.123150
0.643619,0.698749,0.109963,0.117043
0.610284,0.525256,0.101702,0.109963
0.449699,0.515239,0.096127,0.101702
0.438725,0.554913,0.092510,0.096127
0.473623,0.406269,0.091410,0.092510
0.345108,0.374591,0.093548,0.091410
0.323705,0.372239,0.082974,0.093548
0.241179,0.297379,0.075616,0.082974
0.214767,0.275008,0.116702,0.075616
0.324936,0.314076,0.182028,0.116702
0.428763,0.204041,0.264063,0.182028
0.328703,0.250070,0.297655,0.264063
0.273547,0.257627,0.278203,0.297655
0.401759,0.246776,0.206703,0.278203
0.433209,0.302308,0.201076,0.206703
0.565941,0.395160,0.274029,0.201076
0.526373,0.340746,0.395650,0.274029
0.331240,0.404610,0.514339,0.395650
0.330753,0.581398,0.632519,0.514339
0.531338,0.564843,0.768383,0.632519
0.537942,0.687666,0.881551,0.768383
0.636321,0.875656,1.000050,0.881551
0.972453,0.791051,1.130881,1.000050
0.886399,0.865208,1.225006,1.130881
0.940875,0.989200,1.306406,1.225006
1.114999,0.847226,1.384399,1.306406
0.834742,0.845474,1.437560,1.384399
0.787150,0.998792,1.483292,1.437560
0.846731,0.809333,1.527690,1.483292
0.656478,0.849988,1.556956,1.527690
0.809558,1.006191,1.578427,1.556956
0.897640,0.840264,1.592551,1.578427
0.749003,0.823623,1.595023,1.592551
0.799887,0.986331,1.588682,1.595023
0.944095,0.867081,1.574650,1.588682
0.753167,0.860190,1.562611,1.574650
0.757779,1.038010,1.553468,1.562611
0.940517,0.871568,1.548635,1.553468
0.765456,0.885806,1.549070,1.548635
0.776217,1.027216,1.552326,1.549070
0.975239,0.850600,1.557574,1.552326
0.773347,0.866414,1.561798,1.557574
0.768357,1.021739,1.565046,1.561798
0.952037,0.841674,1.567227,1.565046
0.771653,0.872900,1.567998,1.567227
0.906751,0.995443,1.568059,1.567998
0.950497,1.034113,1.568154,1.568059
0.949051,1.004125,1.568534,1.568154
0.793901,0.827563,1.569317,1.568534
0.880528,0.862864,1.570392,1.569317
0.783374,1.010854,1.571801,1.570392
0.886253,0.837670,1.573540,1.571801
0.787572,0.831821,1.575094,1.573540
0.742500,0.977726,1.576698,1.575094
0.924162,0.843387,1.578589,1.576698
0.742366,0.844274,1.580255,1.578589
0.749403,0.965524,1.582120,1.580255
0.930099,0.847641,1.584615,1.582120
0.745752,0.848392,1.587049,1.584615
0.744569,0.973916,1.590149,1.587049
0.925562,0.828779,1.594208,1.590149
0.778057,0.840608,1.598727,1.594208
1.006420,0.971368,1.606482,1.598727
0.921662,0.724761,1.615990,1.606482
0.922144,0.873954,1.622841,1.615990
0.833740,0.770707,1.630651,1.622841
0.617892,0.563387,1.639119,1.630651
0.615214,0.645906,1.647673,1.639119
0.576837,0.486172,1.659160,1.647673
0.419784,0.470108,1.670009,1.659160
0.381813,0.491034,1.682059,1.670009
0.403860,0.371485,1.697073,1.682059
0.289108,0.319855,1.710696,1.697073
0.270892,0.396034,1.726310,1.710696
0.306985,0.291828,1.746455,1.726310
0.185846,0.274502,1.765341,1.746455
0.248913,0.276244,1.780240,1.765341
0.418331,0.206010,1.784615,1.780240
0.349126,0.184230,1.773858,1.784615
0.302282,0.213133,1.742630,1.773858
0.306296,0.203587,1.689239,1.742630
0.301355,0.260611,1.631349,1.689239
0.513915,0.289065,1.560527,1.631349
0.506240,0.384625,1.467733,1.560527
0.323427,0.395431,1.373013,1.467733
0.200654,0.433180,1.275650,1.373013
0.274519,0.632021,1.176995,1.275650
0.504697,0.771844,1.028646,1.176995
0.703257,0.736121,0.850839,1.028646
0.986371,0.943539,0.691772,0.850839
1.261692,0.836098,0.520637,0.691772
1.096891,0.884374,0.403661,0.520637
1.088730,1.045564,0.308871,0.403661
1.139676,0.857824,0.220253,0.308871
0.830652,0.851142,0.162072,0.220253
0.750116,0.985038,0.117166,0.162072
0.909348,0.843156,0.084824,0.117166
0.710077,0.972064,0.074947,0.084824
0.894349,0.992941,0.077246,0.074947
0.896919,0.855278,0.082424,0.077246
0.722469,0.965359,0.083053,0.082424
0.910652,0.882635,0.077849,0.083053
0.750117,0.892968,0.071196,0.077849
0.775900,1.063462,0.065627,0.071196
0.992548,0.868715,0.060845,0.065627
0.792001,0.864270,0.056695,0.060845
0.935802,1.023415,0.051514,0.056695
0.830406,0.844959,0.045233,0.051514
0.914150,0.917522,0.041164,0.045233
0.814513,1.011326,0.038858,0.041164
0.891320,0.851178,0.037783,0.038858
0.790380,0.864921,0.037930,0.037783
0.737298,0.990893,0.038810,0.037930
0.913264,0.842947,0.040387,0.038810
0.731543,0.887664,0.042114,0.040387
0.732362,0.997025,0.043484,0.042114
0.913786,0.844840,0.043964,0.043484
0.726603,0.845893,0.044251,0.043964
0.731784,0.974017,0.044502,0.044251
0.911513,0.842372,0.045228,0.044502
0.729726,0.846014,0.046057,0.045228
0.866265,1.004990,0.046498,0.046057
0.771664,0.834550,0.046983,0.046498
0.860216,0.862728,0.047484,0.046983
0.767535,0.971677,0.047903,0.047484
0.859370,0.860122,0.048239,0.047903
0.763532,0.809834,0.048245,0.048239
0.719231,1.014538,0.042690,0.048245
0.958981,0.787344,0.022621,0.042690
0.851523,0.818518,0.083967,0.022621
0.863165,0.886324,0.129795,0.083967
0.976216,0.719969,0.148404,0.129795
0.673404,0.657420,0.149015,0.148404
0.588406,0.704152,0.142822,0.149015
0.607624,0.558703,0.132084,0.142822
0.435059,0.510461,0.123028,0.132084
0.475930,0.497874,0.116009,0.123028
0.398783,0.416478,0.111685,0.116009
0.416611,0.361597,0.111378,0.111685
0.333799,0.420660,0.113998,0.111378
0.336772,0.309554,0.120548,0.113998
0.276260,0.308211,0.124983,0.120548
0.231872,0.334657,0.138254,0.124983
0.343783,0.223861,0.179584,0.138254
0.324303,0.214135,0.233035,0.179584
0.318851,0.256276,0.289350,0.233035
0.340826,0.181782,0.294588,0.289350
0.250533,0.208430,0.247610,0.294588
0.292789,0.301036,0.165312,0.247610
0.546963,0.283797,0.129942,0.165312
0.394313,0.296556,0.206051,0.129942
0.252785,0.392029,0.320728,0.206051
0.069614,0.338503,0.471425,0.320728
0.086007,0.563610,0.590901,0.471425
0.168646,0.620221,0.727790,0.590901
0.284115,0.633903,0.863665,0.727790
0.504460,0.887130,0.983579,0.863665
0.766514,0.789777,1.119002,0.983579
0.807975,0.854023,1.217216,1.119002
1.076359,1.029885,1.300997,1.217216
1.231248,0.861791,1.380114,1.300997
0.859321,0.860981,1.433090,1.380114
0.781384,1.000252,1.477848,1.433090
0.923272,0.828615,1.520946,1.477848
0.706549,0.836126,1.550412,1.520946
0.692750,0.976944,1.574171,1.550412
0.872590,0.825105,1.592060,1.574171
0.705852,0.835883,1.597528,1.592060
0.726038,1.003243,1.593663,1.597528
0.922269,0.837663,1.581020,1.593663
0.738679,0.883710,1.569022,1.581020
0.879244,1.005739,1.559127,1.569022
0.950066,0.843920,1.553228,1.559127
0.769249,0.877674,1.552800,1.553228
0.827702,1.012921,1.555277,1.552800
0.985236,0.872591,1.559826,1.555277
0.776988,0.882473,1.563552,1.559826
0.775598,1.006723,1.566570,1.563552
0.961787,0.865240,1.568555,1.566570
0.763383,0.868589,1.569156,1.568555
0.765957,1.038050,1.569021,1.569156
0.962516,0.850070,1.568515,1.569021
0.761670,0.864157,1.568245,1.568515
0.752529,1.002147,1.568287,1.568245
0.937988,0.839192,1.568889,1.568287
0.749964,0.831801,1.569905,1.568889
0.896427,0.976689,1.571232,1.569905
0.931354,0.807243,1.573134,1.571232
0.740332,0.854753,1.575012,1.573134
0.778187,0.968508,1.577144,1.575012
0.900461,0.823742,1.579822,1.577144
0.713121,0.835892,1.582250,1.579822
0.712291,0.976344,1.584816,1.582250
0.902397,0.995095,1.587856,1.584816
0.910906,0.951504,1.591128,1.587856
0.918740,0.814112,1.594188,1.591128
0.811320,0.842718,1.597994,1.594188
0.865172,0.944730,1.604252,1.597994
1.069214,0.747561,1.611077,1.604252
0.759228,0.692661,1.616072,1.611077
0.669611,0.757099,1.621329,1.616072
0.725194,0.605116,1.628288,1.621329
0.531039,0.547638,1.635043,1.628288
0.569875,0.605774,1.642959,1.635043
0.456219,0.445919,1.653397,1.642959
0.478826,0.417016,1.663173,1.653397
0.387838,0.487389,1.674163,1.663173
0.396762,0.346442,1.688796,1.674163
0.342616,0.326258,1.702969,1.688796
0.295277,0.349510,1.718956,1.702969
0.275794,0.270605,1.741743,1.718956
0.237175,0.245850,1.769865,1.741743
0.240517,0.253962,1.812294,1.769865
0.240184,0.215960,1.881357,1.812294
0.187493,0.259028,1.950342,1.881357
0.169141,0.292504,2.025932,1.950342
0.403565,0.273533,2.116117,2.025932
0.410361,0.314892,2.204065,2.116117
0.654390,0.338030,2.309311,2.204065
0.624863,0.313881,2.447703,2.309311
0.484477,0.387548,2.573042,2.447703
0.380270,0.444212,2.726514,2.573042
0.481571,0.455888,2.865085,2.726514
0.656574,0.583658,2.961662,2.865085
0.817855,0.558077,3.041888,2.961662
0.691948,0.651695,3.083742,3.041888
0.878365,0.803114,3.110168,3.083742
1.023285,0.672375,3.128772,3.110168
1.025164,0.746347,3.140146,3.128772
0.960628,0.849708,3.134399,3.140146
1.084411,0.864915,3.129937,3.134399
0.966321,0.851816,3.133992,3.129937
0.907090,0.689020,3.141638,3.133992
0.710339,0.676800,3.134443,3.141638
0.707028,0.818542,3.129549,3.134443
0.896987,0.685246,3.127805,3.129549
0.728397,0.694612,3.129057,3.127805
0.745441,0.848726,3.131781,3.129057
0.953746,0.695152,3.135161,3.131781
0.776338,0.762651,3.137437,3.135161
0.917574,0.845266,3.138869,3.137437
0.966636,0.734341,3.139494,3.138869
0.783468,0.737747,3.139446,3.139494
0.842984,0.890048,3.139209,3.139446
0.991582,0.745089,3.138806,3.139209
0.794833,0.749934,3.138500,3.138806
0.804730,0.847341,3.138367,3.138500
1.011085,0.749925,3.138463,3.138367
0.815190,0.761786,3.138759,3.138463
0.809861,0.906972,3.139299,3.138759
1.000786,0.916478,3.140080,3.139299
1.027114,0.881599,3.140893,3.140080
1.025794,0.907661,3.141613,3.140893
1.057237,0.902788,3.142122,3.141613
1.049746,0.725230,3.142128,3.142122
0.831651,0.901239,3.141732,3.142128
1.020928,0.912622,3.141128,3.141732
1.018503,0.753905,3.140581,3.141128
0.802477,0.920516,3.140027,3.140581
1.024415,0.761254,3.139152,3.140027
0.833624,0.765631,3.138315,3.139152
0.832397,0.911968,3.137242,3.138315
1.052082,0.751409,3.135718,3.137242
0.842773,0.738562,3.134198,3.135718
0.992048,0.893195,3.132404,3.134198
0.886592,0.761592,3.130127,3.132404
0.990987,0.804211,3.127959,3.130127
0.886497,0.918486,3.124868,3.127959
1.048186,0.756562,3.120338,3.124868
1.017241,0.725701,3.117040,3.120338
0.960023,0.823369,3.113865,3.117040
1.031764,0.649689,3.109784,3.113865
0.755077,0.614656,3.105997,3.109784
0.707588,0.706227,3.101401,3.105997
0.774319,0.546321,3.095111,3.101401
0.578159,0.524753,3.089310,3.095111
0.547877,0.577264,3.082857,3.089310
0.643510,0.441620,3.074877,3.082857
0.484992,0.443948,3.067897,3.074877
0.536402,0.481776,3.060488,3.067897
0.445680,0.349942,3.051351,3.060488
0.479378,0.394248,3.043162,3.051351
0.415689,0.399038,3.034266,3.043162
0.435121,0.304164,3.023395,3.034266
0.366427,0.276870,3.014274,3.023395
0.311457,0.281212,3.005205,3.014274
0.350762,0.262282,2.994967,3.005205
0.262460,0.236831,2.986979,2.994967
0.255285,0.249058,2.982665,2.986979
0.295964,0.234905,2.984057,2.982665
0.230961,0.192182,2.988278,2.984057
0.242125,0.185704,2.993332,2.988278
0.242295,0.158162,2.998152,2.993332
0.172896,0.146516,3.000404,2.998152
0.165293,0.161591,3.000932,3.000404
0.122055,0.120753,2.999905,3.000932
0.132169,0.140642,2.998422,2.999905
0.111325,0.115443,2.996943,2.998422
0.110680,0.090308,2.995634,2.996943
0.107584,0.084461,2.995065,2.995634
0.097845,0.082722,2.994991,2.995065
0.104956,0.062602,2.995291,2.994991
0.073122,0.054855,2.995732,2.995291
0.050965,0.117468,2.996203,2.995732
0.053760,0.039214,2.996509,2.996203
0.036874,0.048045,2.996612,2.996509
0.042794,0.045603,2.996536,2.996612
0.050842,0.042975,2.996281,2.996536
0.042780,0.030119,2.996049,2.996281
0.052716,0.043581,2.995835,2.996049
0.030261,0.015045,2.995702,2.995835
0.030847,0.034356,2.995610,2.995702
0.036921,0.044092,2.995474,2.995610
0.030809,0.021220,2.995429,2.995474
0.031047,0.027903,2.995377,2.995429
0.020128,0.036940,2.995571,2.995377
0.017259,0.047014,2.995776,2.995571
0.000000,0.023623,2.995914,2.995776
0.000000,0.043511,2.995830,2.995914
0.022398,0.006882,2.995639,2.995830
0.029047,0.065987,2.995780,2.995639
0.000000,0.034850,2.995528,2.995780
0.000000,0.015763,2.995595,2.995528
0.000000,0.008633,2.995636,2.995595
0.000000,0.015371,2.995707,2.995636
0.000000,0.000000,0.000000,0.000000
0.000000,0.021426,2.044860,0.000000
0.022127,0.030579,2.038755,2.044860
0.024393,0.058509,2.024792,2.038755
0.035755,0.027212,2.022950,2.024792
0.023129,0.032518,2.033566,2.022950
0.000000,0.052501,2.047816,2.033566
0.000000,0.050357,2.067324,2.047816
0.000000,0.026993,2.065856,2.067324
0.000000,0.032267,2.065533,2.065856
0.000000,0.019715,2.066179,2.065533
0.000000,0.031668,2.066787,2.066179
0.000000,0.039228,2.067347,2.066787
0.000000,0.045948,2.068351,2.067347
0.036561,0.017295,2.055630,2.068351
0.037117,0.033987,2.053078,2.055630
0.071616,0.035266,2.050289,2.053078
0.063229,0.033448,2.050292,2.050289
0.068514,0.030957,2.052775,2.050292
0.089299,0.050630,2.056926,2.052775
0.068346,0.020113,2.060026,2.056926
0.084756,0.031483,2.062220,2.060026
0.078031,0.036389,2.064125,2.062220
0.098222,0.014878,2.065138,2.064125
0.088322,0.048478,2.065535,2.065138
0.107957,0.025804,2.065444,2.065535
0.089805,0.049303,2.065848,2.065444
0.078869,0.044124,2.066692,2.065848
0.076559,0.044203,2.067453,2.066692
0.051562,0.019306,2.067169,2.067453
0.045066,0.059326,2.065871,2.067169
0.057930,0.019084,2.064847,2.065871
0.041437,0.015873,2.064538,2.064847
0.042465,0.049444,2.064007,2.064538
0.063675,0.004969,2.063727,2.064007
0.044149,0.026171,2.062606,2.063727
0.071126,0.034662,2.058679,2.062606
0.136026,0.015406,2.045455,2.058679
0.170770,0.036320,2.023388,2.045455
0.162474,0.136573,1.983896,2.023388
0.111339,0.174505,1.901420,1.983896
0.059480,0.316359,1.800237,1.901420
0.314638,0.430612,1.662118,1.800237
0.449539,0.456676,1.547707,1.662118
0.477775,0.629327,1.473106,1.547707
0.631586,0.729293,1.396066,1.473106
0.606362,0.778104,1.291227,1.396066
0.624339,0.722578,1.144151,1.291227
0.605666,0.939352,0.995692,1.144151
0.565948,0.983120,0.806068,0.995692
0.617409,0.837486,0.633896,0.806068
0.881852,0.960938,0.502006,0.633896
1.130395,0.796463,0.372262,0.502006
0.880558,0.810063,0.285066,0.372262
0.857072,0.930106,0.213446,0.285066
0.970963,0.803543,0.151328,0.213446
0.735435,0.767283,0.117422,0.151328
0.703249,0.912405,0.097467,0.117422
0.850913,0.771960,0.087864,0.097467
0.679513,0.812903,0.086138,0.087864
0.686696,0.956970,0.085709,0.086138
0.870634,0.836880,0.082986,0.085709
0.709872,0.824529,0.077026,0.082986
0.889199,0.990022,0.068732,0.077026
0.981777,0.809098,0.060777,0.068732
0.794495,0.827391,0.056663,0.060777
0.846275,0.944322,0.055825,0.056663
0.993315,0.838065,0.055719,0.055825
0.795704,0.843177,0.055908,0.055719
0.806868,0.983992,0.056722,0.055908
1.010541,0.821183,0.058159,0.056722
0.798838,0.841199,0.059027,0.058159
0.790404,0.932729,0.059381,0.059027
0.990771,0.867173,0.059394,0.059381
0.802869,0.847590,0.059095,0.059394
0.807465,0.978564,0.058698,0.059095
1.003304,0.810842,0.058494,0.058698
0.794812,0.831782,0.058675,0.058494
0.931106,0.947317,0.059167,0.058675
0.991903,0.982478,0.059958,0.059167
1.003135,0.999195,0.060374,0.059958
0.849311,0.810075,0.060367,0.060374
0.942731,0.871868,0.060624,0.060367
0.838897,0.978339,0.060951,0.060624
0.936980,0.822213,0.061826,0.060951
0.825131,0.856316,0.062344,0.061826
0.781066,0.954749,0.062502,0.062344
0.987984,0.828074,0.046686,0.062502
0.850027,0.846816,0.009488,0.046686
0.924923,0.965708,0.073262,0.009488
1.162149,0.747876,0.117400,0.073262
0.859538,0.757752,0.130979,0.117400
0.757130,0.818203,0.133209,0.130979
0.822738,0.607004,0.127614,0.133209
0.602000,0.603876,0.119560,0.127614
0.647386,0.609237,0.110568,0.119560
0.524174,0.465739,0.100807,0.110568
0.539028,0.433401,0.093893,0.100807
0.445804,0.509637,0.088202,0.093893
0.465233,0.375713,0.082995,0.088202
0.383108,0.371381,0.079892,0.082995
0.337015,0.370062,0.069828,0.079892
0.334033,0.313510,0.039831,0.069828
0.212884,0.345832,0.055714,0.039831
0.296639,0.311063,0.122452,0.055714
0.496413,0.245432,0.217012,0.122452
0.400417,0.242493,0.286212,0.217012
0.333908,0.245705,0.306962,0.286212
0.291776,0.257871,0.272137,0.306962
0.291466,0.254050,0.250566,0.272137
0.461684,0.354478,0.304023,0.250566
0.319047,0.325884,0.416202,0.304023
0.311142,0.384587,0.533940,0.416202
0.267160,0.504290,0.660710,0.533940
0.271690,0.514152,0.807058,0.660710
0.262326,0.594414,0.931021,0.807058
0.355929,0.771583,1.052808,0.931021
0.628926,0.753677,1.180250,1.052808
0.648730,0.777164,1.269016,1.180250
0.766513,0.961202,1.342316,1.269016
1.075171,0.792004,1.411339,1.342316
0.797969,0.820312,1.457811,1.411339
0.718497,0.956025,1.497117,1.457811
0.439382,0.772630,1.534979,1.497117
0.499219,0.783135,1.559861,1.534979
0.722826,0.946612,1.578267,1.559861
0.714891,0.772113,1.589498,1.578267
0.845699,0.807617,1.589239,1.589498
0.791739,0.984110,1.580875,1.589239
0.913496,0.819870,1.566817,1.580875
0.830801,0.805735,1.556248,1.566817
0.784883,0.962755,1.549236,1.556248
0.983725,0.807995,1.546344,1.549236
0.808196,0.828159,1.547481,1.546344
0.815036,0.978465,1.550468,1.547481
1.007285,0.797490,1.554362,1.550468
0.799009,0.855634,1.556792,1.554362
0.798029,0.965201,1.558096,1.556792
0.978393,0.805547,1.558227,1.558096
0.782077,0.837724,1.557653,1.558227
0.923977,0.986272,1.556920,1.557653
0.839487,0.821243,1.556327,1.556920
0.946498,0.838593,1.556159,1.556327
0.851462,0.973322,1.556429,1.556159
0.958036,0.806462,1.556982,1.556429
0.856729,1.008237,1.557411,1.556982
0.995588,0.969866,1.557894,1.557411
0.940390,1.018181,1.558264,1.557894
0.988371,0.985371,1.558522,1.558264
0.991194,0.848778,1.558507,1.558522
0.851347,0.974090,1.558397,1.558507
0.953692,0.822076,1.558221,1.558397
0.850583,0.817180,1.558113,1.558221
0.805888,0.978613,1.558069,1.558113
1.008286,0.847743,1.557982,1.558069
0.804860,0.869448,1.558053,1.557982
0.807792,0.971438,1.557715,1.558053
1.095883,0.811069,1.558006,1.557715
0.942086,0.806421,1.560910,1.558006
0.944251,0.879897,1.563368,1.560910
1.051013,0.722565,1.564127,1.563368
0.736232,0.673806,1.563819,1.564127
0.773715,0.734535,1.563490,1.563819
0.610199,0.562194,1.563834,1.563490
0.633840,0.519157,1.565004,1.563834
0.516437,0.553762,1.566860,1.565004
0.538793,0.430971,1.569647,1.566860
0.440471,0.496904,1.572009,1.569647
0.466766,0.463873,1.574708,1.572009
0.417236,0.343345,1.577149,1.574708
0.335787,0.386092,1.578680,1.577149
0.269211,0.301133,1.581923,1.578680
0.246431,0.297606,1.582075,1.581923
0.364031,0.348063,1.575609,1.582075
0.510851,0.267411,1.556763,1.575609
0.393444,0.249950,1.523191,1.556763
0.343008,0.286085,1.469585,1.523191
0.305554,0.285445,1.390632,1.469585
0.283695,0.309273,1.313388,1.390632
0.254297,0.354910,1.227867,1.313388
0.136664,0.342466,1.126818,1.227867
0.094943,0.402736,1.037648,1.126818
0.106032,0.540126,0.929010,1.037648
0.372581,0.529287,0.784481,0.929010
0.409806,0.633459,0.649613,0.784481
0.578052,0.822614,0.509376,0.649613
0.864873,0.734156,0.363254,0.509376
0.826194,0.768957,0.260476,0.363254
0.906312,0.975484,0.180498,0.260476
1.079864,0.795964,0.118902,0.180498
0.798302,0.804221,0.083528,0.118902
0.750079,0.948513,0.064738,0.083528
0.879054,0.774041,0.064904,0.064738
0.682051,0.781038,0.072629,0.064904
0.685420,0.946145,0.078155,0.072629
0.880105,0.791045,0.079479,0.078155
0.730100,0.788865,0.077206,0.079479
0.898040,0.942809,0.074843,0.077206
0.979365,0.797053,0.074930,0.074843
0.792506,0.826346,0.075627,0.074930
0.849807,0.935419,0.075758,0.075627
1.003924,0.834281,0.074459,0.075758
0.797855,0.793251,0.073054,0.074459
0.790266,0.960524,0.071884,0.073054
0.993150,0.828735,0.070937,0.071884
0.794920,0.848643,0.070145,0.070937
0.791955,0.983290,0.069408,0.070145
0.985410,0.813591,0.068686,0.069408
0.794635,0.824695,0.067779,0.068686
0.785952,0.996990,0.066884,0.067779
0.992656,0.810962,0.065845,0.066884
0.791122,0.866145,0.065077,0.065845
0.948109,0.994417,0.064325,0.065077
1.014063,0.828515,0.063123,0.064325
0.809107,1.016471,0.062161,0.063123
1.009610,0.951633,0.061383,0.062161
1.011516,0.869149,0.061078,0.061383
0.849780,0.981129,0.061083,0.061078
0.938426,0.837755,0.061315,0.061083
0.835398,0.834117,0.061217,0.061315
0.781887,0.987248,0.060596,0.061217
0.985763,0.817388,0.059752,0.060596
0.789035,0.821385,0.059056,0.059752
0.801606,0.983318,0.058663,0.059056
0.985041,0.830851,0.058807,0.058663
0.766221,0.878715,0.037792,0.058807
0.826549,0.960149,0.022247,0.037792
1.162560,0.888177,0.090771,0.022247
0.911763,0.856731,0.118898,0.090771
0.977286,0.916452,0.129632,0.118898
0.784805,0.745589,0.130751,0.129632
0.794061,0.709502,0.126974,0.130751
0.615678,0.749224,0.121470,0.126974
0.632477,0.570987,0.114432,0.121470
0.521841,0.529163,0.108671,0.114432
0.451592,0.557726,0.103662,0.108671
0.499029,0.425271,0.099466,0.103662
0.364882,0.415908,0.097586,0.099466
0.338389,0.425655,0.097544,0.097586
0.374501,0.310578,0.081645,0.097544
0.210418,0.250896,0.082573,0.081645
0.251652,0.350337,0.125387,0.082573
0.458811,0.271910,0.200345,0.125387
0.347787,0.221498,0.268207,0.200345
0.376559,0.240741,0.296679,0.268207
0.325207,0.231384,0.265962,0.296679
0.450504,0.247480,0.214110,0.265962
0.554587,0.371424,0.227413,0.214110
0.598279,0.301811,0.326412,0.227413
0.406907,0.334758,0.433829,0.326412
0.248505,0.472941,0.558722,0.433829
0.370892,0.508330,0.704114,0.558722
0.411036,0.587715,0.825590,0.704114
0.536139,0.789197,0.948685,0.825590
0.875698,0.727555,1.087974,0.948685
0.858275,0.827965,1.190846,1.087974
0.934743,0.997004,1.276850,1.190846
1.197212,0.816248,1.357286,1.276850
0.926855,0.880819,1.412574,1.357286
1.002086,0.995303,1.460484,1.412574
0.826507,0.800512,1.507329,1.460484
0.879918,0.831626,1.539435,1.507329
0.769766,0.987194,1.565308,1.539435
0.851238,0.795829,1.585341,1.565308
0.759503,0.834627,1.592709,1.585341
0.732918,0.998227,1.590779,1.592709
0.935779,0.854453,1.579258,1.590779
0.751791,0.859534,1.567160,1.579258
0.742592,1.018505,1.556858,1.567160
0.921751,0.844621,1.550258,1.556858
0.745419,0.877291,1.549348,1.550258
0.766299,1.027295,1.551685,1.549348
0.972545,0.854335,1.556507,1.551685
0.784769,0.905643,1.560714,1.556507
0.931310,1.029151,1.564142,1.560714
0.824163,0.867479,1.566473,1.564142
0.916195,0.856785,1.567162,1.566473
0.820464,1.017357,1.567067,1.567162
0.916109,0.861023,1.566613,1.567067
0.816862,0.879165,1.566373,1.566613
0.765941,1.011016,1.566482,1.566373
0.944968,0.855985,1.567180,1.566482
0.750741,0.845395,1.568185,1.567180
0.746757,0.987180,1.569560,1.568185
0.943365,0.846581,1.571572,1.569560
0.744302,0.848511,1.573576,1.571572
0.739106,0.987491,1.575907,1.573576
0.914303,0.822826,1.578804,1.575907
0.728562,0.840130,1.581307,1.578804
0.874274,0.976904,1.583966,1.581307
0.790796,0.816098,1.587052,1.583966
0.882258,0.837192,1.589576,1.587052
0.788180,0.997977,1.592118,1.589576
0.878435,0.806066,1.595166,1.592118
0.821409,0.827275,1.598090,1.595166
0.724699,0.925832,1.603932,1.598090
0.494424,0.786526,1.612291,1.603932
0.610454,0.757969,1.618336,1.612291
0.659592,0.790603,1.624152,1.618336
0.744052,0.587383,1.631335,1.624152
0.540980,0.696735,1.638097,1.631335
0.572717,0.602370,1.647760,1.638097
0.510383,0.476636,1.659155,1.647760
0.372799,0.502647,1.670910,1.659155
0.420232,0.376501,1.687158,1.670910
0.311062,0.364018,1.703148,1.687158
0.285671,0.357430,1.721831,1.703148
0.322403,0.281165,1.745677,1.721831
0.199961,0.291013,1.767815,1.745677
0.270898,0.298064,1.787771,1.767815
0.411925,0.228213,1.799340,1.787771
0.333620,0.204940,1.795185,1.799340
0.313584,0.238461,1.771574,1.795185
0.300985,0.226353,1.724843,1.771574
0.301572,0.220063,1.672906,1.724843
0.442175,0.336540,1.607500,1.672906
0.505984,0.277259,1.519630,1.607500
0.299965,0.336363,1.443643,1.519630
0.252558,0.492552,1.366817,1.443643
0.333042,0.448221,1.261180,1.366817
0.391099,0.556947,1.156031,1.261180
0.519338,0.763502,1.023020,1.156031
0.954263,0.735883,0.845046,1.023020
0.945273,0.849546,0.692534,0.845046
1.281342,0.967130,0.547458,0.692534
1.428757,0.866136,0.409536,0.547458
1.062020,0.857800,0.316989,0.409536
0.969819,1.040325,0.239144,0.316989
0.947823,0.836637,0.167563,0.239144
0.703868,0.832400,0.123420,0.167563
0.678299,0.941382,0.093816,0.123420
0.846781,0.821663,0.079782,0.093816
0.693921,0.851823,0.079911,0.079782
0.708680,0.996199,0.082927,0.079911
0.917400,0.864424,0.083199,0.082927
0.740757,0.857480,0.078549,0.083199
0.743108,1.054247,0.070880,0.078549
0.985501,0.884362,0.063085,0.070880
0.786684,0.909695,0.058662,0.063085
0.930196,1.028365,0.055123,0.058662
0.990551,0.870047,0.050640,0.055123
0.782585,0.889435,0.046385,0.050640
0.813700,1.059727,0.042439,0.046385
0.950288,0.870171,0.038993,0.042439
0.749027,0.865187,0.037098,0.038993
0.746004,1.021865,0.036483,0.037098
0.926325,0.827827,0.037353,0.036483
0.729168,0.889959,0.038578,0.037353
0.731280,0.976032,0.040031,0.038578
0.914327,0.823823,0.042292,0.040031
0.729031,0.853753,0.044226,0.042292
0.721602,1.008415,0.045766,0.044226
0.897062,0.861028,0.046760,0.045766
0.721053,0.820760,0.047204,0.046760
0.854838,0.989763,0.047229,0.047204
0.906671,0.796462,0.046908,0.047229
0.726171,0.859899,0.046915,0.046908
0.769284,1.014146,0.047305,0.046915
0.918136,0.823121,0.048069,0.047305
0.731120,0.838677,0.048996,0.048069
0.728081,0.963017,0.049751,0.048996
0.909506,0.831350,0.034699,0.049751
0.784402,0.836830,0.026461,0.034699
0.853115,0.940675,0.087678,0.026461
1.061783,0.731571,0.128047,0.087678
0.764372,0.737017,0.140042,0.128047
0.675360,0.752286,0.141481,0.140042
0.708623,0.592620,0.136153,0.141481
0.497298,0.603626,0.129285,0.136153
0.523984,0.591243,0.122419,0.129285
0.505025,0.460568,0.116654,0.122419
0.376295,0.420595,0.114113,0.116654
0.361647,0.457720,0.114220,0.114113
0.374354,0.356866,0.118401,0.114220
0.277630,0.342046,0.125275,0.118401
0.260157,0.301998,0.129652,0.125275
0.262973,0.253643,0.145207,0.129652
0.269777,0.242022,0.178290,0.145207
0.331380,0.225981,0.228411,0.178290
0.410089,0.167834,0.290215,0.228411
0.271754,0.224459,0.295341,0.290215
0.321739,0.263979,0.239812,0.295341
0.424895,0.249606,0.149327,0.239812
0.441863,0.326796,0.156551,0.149327
0.380749,0.305131,0.263695,0.156551
0.249530,0.327030,0.381125,0.263695
0.268447,0.469383,0.504971,0.381125
0.249377,0.472223,0.643230,0.504971
0.384122,0.554930,0.757132,0.643230
0.474366,0.819398,0.874043,0.757132
0.858149,0.728781,1.013389,0.874043
0.934210,0.836335,1.123623,1.013389
0.942575,1.009705,1.221188,1.123623
1.222488,0.847486,1.314882,1.221188
0.888062,0.881050,1.378794,1.314882
0.739197,0.973193,1.433184,1.378794
0.876934,0.806821,1.486113,1.433184
0.692810,0.818919,1.523549,1.486113
0.679453,1.002174,1.555368,1.523549
0.869902,0.998809,1.583054,1.555368
0.804006,0.993342,1.598843,1.583054
0.888429,0.839995,1.600456,1.598843
0.740511,0.848191,1.592297,1.600456
0.764037,1.033071,1.579363,1.592297
0.978760,0.856983,1.564841,1.579363
0.788209,0.909094,1.556705,1.564841
0.934537,1.026742,1.553154,1.556705
0.975756,0.863910,1.553980,1.553154
0.778735,0.901550,1.557025,1.553980
0.826051,1.015643,1.560683,1.557025
0.960010,0.848985,1.564209,1.560683
0.769543,0.844515,1.566056,1.564209
0.765101,0.993069,1.566839,1.566056
0.941165,0.832702,1.566841,1.566839
0.755912,0.875007,1.566660,1.566841
0.746104,1.017297,1.566692,1.566660
0.929715,0.819929,1.567245,1.566692
0.747767,0.842236,1.568281,1.567245
0.744932,0.985160,1.569729,1.568281
0.931069,0.809969,1.571742,1.569729
0.743648,0.848008,1.573598,1.571742
0.878426,0.993675,1.575419,1.573598
0.926368,0.839545,1.577273,1.575419
0.738480,0.861907,1.578639,1.577273
0.781320,0.986168,1.579929,1.578639
0.936147,0.829129,1.581374,1.579929
0.753709,0.849384,1.582671,1.581374
0.747869,0.992546,1.584321,1.582671
0.935842,0.815680,1.586917,1.584321
0.759628,0.842446,1.589335,1.586917
0.828829,0.955461,1.593680,1.589335
1.130110,0.780499,1.602062,1.593680
0.842514,0.759826,1.608609,1.602062
0.754170,0.840338,1.614508,1.608609
0.786872,0.634116,1.621595,1.614508
0.544094,0.618123,1.628592,1.621595
0.570000,0.630161,1.637249,1.628592
0.535469,0.485315,1.648998,1.637249
0.401306,0.434351,1.659979,1.648998
0.395744,0.500783,1.671948,1.659979
0.443338,0.365111,1.686380,1.671948
0.339810,0.355189,1.699077,1.686380
0.321158,0.340902,1.713320,1.699077
0.355216,0.282174,1.731604,1.713320
0.229386,0.269626,1.751649,1.731604
0.254458,0.299645,1.781913,1.751649
0.352845,0.255683,1.835526,1.781913
0.279195,0.227435,1.896843,1.835526
0.248174,0.280106,1.969711,1.896843
0.203843,0.255246,2.060359,1.969711
0.346137,0.264603,2.137719,2.060359
0.431406,0.343852,2.229116,2.137719
0.588605,0.319543,2.354548,2.229116
0.316901,0.329233,2.472145,2.354548
0.149473,0.377987,2.600519,2.472145
0.085878,0.414512,2.748829,2.600519
0.243254,0.498379,2.885939,2.748829
0.511929,0.608043,2.990948,2.885939
0.724433,0.699791,3.063261,2.990948
0.896063,0.643982,3.104550,3.063261
0.804560,0.669655,3.124678,3.104550
0.937133,0.819746,3.137731,3.124678
1.167992,0.692783,3.136047,3.137731
0.941569,0.746470,3.130587,3.136047
0.859841,0.825131,3.130982,3.130587
0.971752,0.735989,3.138334,3.130982
0.736212,0.691399,3.137869,3.138334
0.714669,0.840902,3.131017,3.137869
0.890833,0.713348,3.126728,3.131017
0.724511,0.715409,3.126388,3.126728
0.732285,0.821177,3.128176,3.126388
0.944991,0.714238,3.131673,3.128176
0.759649,0.748486,3.134575,3.131673
0.905689,0.839660,3.136799,3.134575
0.979191,0.736205,3.138129,3.136799
0.783953,0.743699,3.138475,3.138129
0.835252,0.894727,3.138402,3.138475
0.991868,0.737131,3.138143,3.138402
0.802668,0.768631,3.138046,3.138143
0.800102,0.888904,3.138172,3.138046
1.010124,0.724206,3.138760,3.138172
0.813945,0.726037,3.139447,3.138760
0.815899,0.908892,3.140110,3.139447
1.024582,0.746943,3.140815,3.140110
0.829646,0.783158,3.141358,3.140815
0.831088,0.908793,3.141955,3.141358
1.024621,0.750582,3.142230,3.141955
0.822109,0.741966,3.141865,3.142230
0.987020,0.890541,3.141385,3.141865
1.039839,0.749329,3.140623,3.141385
0.823768,0.742230,3.140036,3.140623
0.860832,0.889190,3.139279,3.140036
1.003738,0.756234,3.138391,3.139279
0.808732,0.766024,3.137619,3.138391
0.827092,0.895886,3.136639,3.137619
1.058621,0.764925,3.135461,3.136639
0.842160,0.773403,3.134449,3.135461
0.839496,0.922329,3.133486,3.134449
1.050251,0.756896,3.132330,3.133486
0.829926,0.767767,3.131300,3.132330
0.831384,0.889130,3.130076,3.131300
1.022742,0.935114,3.128251,3.130076
1.047804,0.888274,3.124992,3.128251
1.153703,0.733939,3.121503,3.124992
0.938969,0.727657,3.119023,3.121503
1.046315,0.824210,3.116124,3.119023
0.843071,0.631897,3.111991,3.116124
0.853142,0.641586,3.107534,3.111991
0.691148,0.673986,3.101802,3.107534
0.706445,0.531283,3.093887,3.101802
0.598886,0.493242,3.086470,3.093887
0.538755,0.530229,3.078347,3.086470
0.626088,0.457238,3.068607,3.078347
0.473427,0.409477,3.060702,3.068607
0.448843,0.442383,3.052974,3.060702
0.531197,0.402214,3.044376,3.052974
0.401711,0.314054,3.037242,3.044376
0.383140,0.397118,3.029430,3.037242
0.428518,0.284100,3.018939,3.029430
0.324535,0.261005,3.008467,3.018939
0.349920,0.312216,2.995988,3.008467
0.286689,0.213600,2.979657,2.995988
0.297121,0.232430,2.968016,2.979657
0.260810,0.253097,2.963493,2.968016
0.276600,0.204205,2.968268,2.963493
0.226769,0.197442,2.976082,2.968268
0.194767,0.174774,2.984307,2.976082
0.217377,0.175932,2.991318,2.984307
0.146936,0.141571,2.993969,2.991318
0.125014,0.134331,2.993928,2.993969
0.144182,0.141320,2.991624,2.993928
0.117996,0.100821,2.989187,2.991624
0.106328,0.093096,2.987002,2.989187
0.122845,0.087285,2.985370,2.987002
0.089333,0.083241,2.984883,2.985370
0.090989,0.095639,2.985024,2.984883
0.065345,0.049458,2.985746,2.985024
0.056907,0.075054,2.986380,2.985746
0.054530,0.065576,2.986806,2.986380
0.062030,0.052741,2.987075,2.986806
0.039199,0.058020,2.987046,2.987075
0.032075,0.020438,2.986791,2.987046
0.035769,0.039083,2.986463,2.986791
0.031772,0.021010,2.986225,2.986463
0.050110,0.021936,2.986071,2.986225
0.037202,0.018647,2.986078,2.986071
0.029637,0.031895,2.986131,2.986078
0.030094,0.027297,2.986208,2.986131
0.024607,0.070538,2.986233,2.986208
0.034096,0.017759,2.986239,2.986233
0.021813,0.031134,2.986314,2.986239
0.017123,0.019401,2.986309,2.986314
0.000000,0.011295,2.986187,2.986309
0.000000,0.022873,2.986068,2.986187
0.000000,0.002543,2.985960,2.986068
0.000000,0.032318,2.985945,2.985960
0.000000,0.008697,2.985936,2.985945
0.000000,0.032962,2.986019,2.985936
0.000000,0.022202,2.986032,2.986019
0.000000,0.000000,0.000000,0.000000
0.000000,0.020932,2.047168,0.000000
0.024626,0.031081,2.034540,2.047168
0.027541,0.046723,2.019794,2.034540
0.030871,0.064406,2.013132,2.019794
0.025740,0.061219,2.012808,2.013132
0.000000,0.018617,2.015497,2.012808
0.000000,0.008130,2.018594,2.015497
0.000000,0.020062,2.018666,2.018594
0.000000,0.025157,2.016605,2.018666
0.000000,0.064328,2.015231,2.016605
0.000000,0.060525,2.015205,2.015231
0.000000,0.027166,2.015810,2.015205
0.000000,0.013103,2.016471,2.015810
0.000000,0.056407,2.016796,2.016471
0.000000,0.020935,2.016950,2.016796
0.000000,0.031880,2.016717,2.016950
0.000000,0.035244,2.015827,2.016717
0.035517,0.010183,2.006128,2.015827
0.028157,0.022048,2.003402,2.006128
0.035639,0.019378,2.002198,2.003402
0.028210,0.015990,2.003272,2.002198
0.056860,0.024676,2.004110,2.003272
0.087032,0.055002,2.004589,2.004110
0.070934,0.030348,2.005457,2.004589
0.071325,0.016277,2.006718,2.005457
0.067403,0.040749,2.008044,2.006718
0.063345,0.033789,2.009171,2.008044
0.077642,0.036876,2.011154,2.009171
0.092482,0.033656,2.013893,2.011154
0.079629,0.025144,2.015976,2.013893
0.072472,0.044903,2.017446,2.015976
0.085736,0.065009,2.018637,2.017446
0.065308,0.039338,2.018416,2.018637
0.061019,0.029828,2.017437,2.018416
0.068214,0.015031,2.015682,2.017437
0.047479,0.035616,2.014494,2.015682
0.044995,0.030738,2.014040,2.014494
0.122335,0.020347,1.993363,2.014040
0.179937,0.091634,1.966785,1.993363
0.164657,0.141141,1.910504,1.966785
0.022731,0.190183,1.829259,1.910504
0.128066,0.317613,1.717889,1.829259
0.391147,0.376327,1.588025,1.717889
0.365226,0.463463,1.499357,1.588025
0.382695,0.655829,1.425364,1.499357
0.574654,0.595250,1.342801,1.425364
0.458040,0.669361,1.251556,1.342801
0.528050,0.860010,1.128712,1.251556
0.652997,0.782352,0.955038,1.128712
0.404284,0.814844,0.800294,0.955038
0.628458,0.961346,0.651484,0.800294
1.120198,0.804015,0.495461,0.651484
0.932021,0.813607,0.384027,0.495461
0.937816,0.937068,0.289585,0.384027
1.048510,0.828354,0.202902,0.289585
0.791569,0.829373,0.148899,0.202902
0.736741,0.931825,0.112239,0.148899
0.877579,0.771152,0.092094,0.112239
0.689750,0.815013,0.087923,0.092094
0.686957,0.938801,0.088437,0.087923
0.868680,0.793678,0.087914,0.088437
0.694347,0.812151,0.084140,0.087914
0.701374,0.978949,0.077558,0.084140
0.918965,0.786409,0.069643,0.077558
0.761474,0.806050,0.064308,0.069643
0.946760,1.008723,0.060493,0.064308
0.989981,0.814665,0.058236,0.060493
0.782388,0.820048,0.057964,0.058236
0.836897,0.984087,0.057792,0.057964
0.998081,0.841688,0.057252,0.057792
0.800068,0.877960,0.056386,0.057252
0.801987,0.930663,0.055718,0.056386
0.999306,0.844924,0.055149,0.055718
0.802244,0.828945,0.055059,0.055149
0.797198,0.981086,0.055148,0.055059
1.001768,0.773150,0.055736,0.055148
0.803151,0.849517,0.056456,0.055736
0.798537,1.001303,0.057406,0.056456
0.994202,0.800405,0.058698,0.057406
0.788266,0.876732,0.059564,0.058698
0.944983,0.951939,0.060206,0.059564
0.988518,0.826253,0.059762,0.060206
0.785202,0.819578,0.059049,0.059762
0.836959,0.998197,0.058940,0.059049
0.980055,0.828508,0.059455,0.058940
0.775760,0.829463,0.060210,0.059455
0.791349,0.995188,0.061191,0.060210
0.982050,0.824495,0.059381,0.061191
0.805792,0.807637,0.025919,0.059381
0.865935,0.980859,0.039726,0.025919
1.152125,0.761371,0.099891,0.039726
0.876814,0.736326,0.121424,0.099891
0.814447,0.838717,0.128150,0.121424
0.885671,0.654594,0.125161,0.128150
0.633195,0.611465,0.118019,0.125161
0.678907,0.679454,0.109317,0.118019
0.644377,0.499421,0.099741,0.109317
0.474759,0.469668,0.093222,0.099741
0.461019,0.545189,0.088129,0.093222
0.505375,0.376318,0.084260,0.088129
0.369579,0.368567,0.082501,0.084260
0.347882,0.406804,0.081109,0.082501
0.384367,0.300647,0.056298,0.081109
0.228607,0.290877,0.050212,0.056298
0.223377,0.344630,0.080062,0.050212
0.449186,0.333551,0.167241,0.080062
0.523677,0.252076,0.261678,0.167241
0.439766,0.208064,0.306815,0.261678
0.249174,0.230597,0.286936,0.306815
0.274896,0.346193,0.244507,0.286936
0.485871,0.303639,0.277249,0.244507
0.329817,0.296756,0.363009,0.277249
0.240247,0.421553,0.475665,0.363009
0.234042,0.430970,0.620965,0.475665
0.273594,0.508739,0.740501,0.620965
0.284177,0.663805,0.865281,0.740501
0.406402,0.647824,1.007511,0.865281
0.516967,0.695090,1.119091,1.007511
0.607904,0.896333,1.219089,1.119091
1.009485,0.795224,1.314160,1.219089
0.888276,0.826662,1.378915,1.314160
0.789275,0.976286,1.432962,1.378915
0.911017,0.784218,1.482988,1.432962
0.687158,0.823073,1.517265,1.482988
0.654820,0.937197,1.547030,1.517265
0.816152,0.761690,1.574055,1.547030
0.669474,0.816949,1.588423,1.574055
0.826908,0.937029,1.593687,1.588423
0.770554,0.767311,1.587308,1.593687
0.892907,0.847294,1.575558,1.587308
0.815275,0.957792,1.562769,1.575558
0.922707,0.817278,1.551773,1.562769
0.826761,0.840608,1.547294,1.551773
0.784542,0.939097,1.546703,1.547294
1.005812,0.821449,1.549440,1.546703
0.800670,0.849647,1.552744,1.549440
0.801372,0.967656,1.555881,1.552744
0.995268,0.797807,1.558206,1.555881
0.796210,1.010227,1.558918,1.558206
1.006302,0.981770,1.558600,1.558918
1.009231,0.815344,1.557716,1.558600
0.813197,0.996718,1.556989,1.557716
1.023137,0.794011,1.556487,1.556989
0.829869,0.837848,1.556432,1.556487
0.826398,0.975099,1.556619,1.556432
1.032638,0.813390,1.557059,1.556619
0.808153,0.842817,1.557592,1.557059
0.944868,0.990181,1.558347,1.557592
0.992243,0.814778,1.559279,1.558347
0.776683,0.838756,1.560068,1.559279
0.841909,0.967302,1.560697,1.560068
0.994371,0.828811,1.561065,1.560697
0.797456,0.847494,1.561152,1.561065
0.795958,0.968923,1.561162,1.561152
0.990022,0.798952,1.561134,1.561162
0.803704,0.865415,1.561035,1.561134
0.810342,0.976881,1.560714,1.561035
1.036113,0.833811,1.559412,1.560714
0.878518,0.839205,1.560132,1.559412
0.948423,0.947083,1.562556,1.560132
1.114939,0.735633,1.563870,1.562556
0.780590,0.696255,1.563667,1.563870
0.819630,0.754607,1.563064,1.563667
0.764997,0.615332,1.562907,1.563064
0.563213,0.540712,1.563701,1.562907
0.539571,0.584912,1.565422,1.563701
0.540691,0.465255,1.568445,1.565422
0.441923,0.446572,1.571808,1.568445
0.392588,0.451077,1.576007,1.571808
0.460132,0.366194,1.581804,1.576007
0.349473,0.325410,1.586814,1.581804
0.312921,0.363843,1.590792,1.586814
0.250614,0.297245,1.594973,1.590792
0.260111,0.294599,1.592860,1.594973
0.378293,0.321780,1.582277,1.592860
0.529569,0.246782,1.557890,1.582277
0.394549,0.244062,1.518066,1.557890
0.375925,0.312178,1.459740,1.518066
0.212678,0.278089,1.375929,1.459740
0.297119,0.359120,1.295234,1.375929
0.242403,0.376015,1.190856,1.295234
0.119197,0.366863,1.088648,1.190856
0.251361,0.467631,0.992020,1.088648
0.362431,0.489795,0.856082,0.992020
0.441126,0.553890,0.730571,0.856082
0.621954,0.780989,0.589458,0.730571
0.921722,0.736172,0.432044,0.589458
0.827282,0.798947,0.319063,0.432044
0.898409,0.887423,0.222916,0.319063
1.158587,0.820211,0.145169,0.222916
0.862250,0.796951,0.099920,0.145169
0.793423,0.921768,0.069309,0.099920
0.901376,0.769536,0.059999,0.069309
0.688122,0.802185,0.067473,0.059999
0.677280,0.926227,0.075673,0.067473
0.856118,0.765648,0.080431,0.075673
0.711318,0.808104,0.079970,0.080431
0.871481,0.953366,0.077447,0.079970
0.943302,0.982774,0.075685,0.077447
0.976350,0.953529,0.076167,0.075685
0.842328,0.809237,0.076133,0.076167
0.945877,0.999284,0.075075,0.076133
0.999657,0.975609,0.072959,0.075075
0.854262,0.820095,0.070405,0.072959
0.955419,0.967639,0.068096,0.070405
1.019344,0.801087,0.065923,0.068096
0.806785,0.839608,0.064643,0.065923
0.843856,0.980644,0.063892,0.064643
0.989126,0.835547,0.063578,0.063892
0.791550,0.849178,0.063764,0.063578
0.793988,0.959822,0.063775,0.063764
1.000534,0.840501,0.063981,0.063775
0.797381,0.850536,0.064039,0.063981
0.801673,1.027177,0.064013,0.064039
0.998679,0.788897,0.064398,0.064013
0.792963,0.837317,0.064545,0.064398
0.792585,0.955921,0.064266,0.064545
0.941148,0.817867,0.063649,0.064266
0.770021,0.847224,0.062938,0.063649
0.919998,0.992335,0.062327,0.062938
0.968336,0.829747,0.062015,0.062327
0.781003,0.848086,0.062174,0.062015
0.837711,0.972841,0.062734,0.062174
0.982701,0.844919,0.063612,0.062734
0.786478,0.843952,0.063876,0.063612
0.787935,0.949121,0.058185,0.063876
1.035261,0.821939,0.013766,0.058185
0.849342,0.889943,0.064497,0.013766
0.909974,1.048119,0.110110,0.064497
1.049672,0.829472,0.130485,0.110110
0.742994,0.753483,0.134054,0.130485
0.662351,0.820655,0.131580,0.134054
0.739211,0.660613,0.124818,0.131580
0.543479,0.616709,0.117873,0.124818
0.592923,0.655298,0.110734,0.117873
0.577862,0.489774,0.103998,0.110734
0.426473,0.448097,0.100213,0.103998
0.404220,0.489008,0.098040,0.100213
0.435144,0.389561,0.097513,0.098040
0.318761,0.304655,0.093267,0.097513
0.262887,0.396090,0.079230,0.093267
0.284491,0.294793,0.113533,0.079230
0.312140,0.257256,0.169665,0.113533
0.347084,0.258624,0.237470,0.169665
0.417335,0.199684,0.289299,0.237470
0.289199,0.233130,0.277912,0.289299
0.313755,0.281820,0.224585,0.277912
0.559496,0.274147,0.191699,0.224585
0.502704,0.302363,0.255109,0.191699
0.370262,0.402674,0.360476,0.255109
0.234012,0.471298,0.499565,0.360476
0.246426,0.575285,0.643444,0.499565
0.425035,0.547797,0.779315,0.643444
0.598535,0.674359,0.896373,0.779315
0.710157,0.864320,1.017480,0.896373
1.099624,0.806486,1.149318,1.017480
0.954608,0.834020,1.241686,1.149318
0.996359,1.006466,1.319688,1.241686
1.159805,0.839162,1.393510,1.319688
0.787709,0.856910,1.444156,1.393510
0.779842,0.984543,1.487625,1.444156
0.935471,0.808945,1.529200,1.487625
0.701316,0.823863,1.556962,1.529200
0.681493,0.986399,1.578207,1.556962
0.865468,0.828492,1.592468,1.578207
0.701908,0.861365,1.594583,1.592468
0.865249,0.994097,1.587647,1.594583
0.928376,0.826547,1.573202,1.587647
0.749860,0.873536,1.561132,1.573202
0.798834,1.021687,1.552299,1.561132
0.941855,0.860954,1.548078,1.552299
0.770174,0.880323,1.549043,1.548078
0.772730,1.020387,1.552794,1.549043
0.973548,0.841479,1.558309,1.552794
0.773985,0.882298,1.562390,1.558309
0.765150,1.020424,1.565200,1.562390
0.945584,0.851371,1.566751,1.565200
0.749511,0.846695,1.567045,1.566751
0.752903,1.033291,1.567155,1.567045
0.949650,0.844081,1.567559,1.567155
0.762596,0.866449,1.568276,1.567559
0.902840,0.984622,1.569414,1.568276
0.943124,0.819783,1.571272,1.569414
0.752595,0.875155,1.573059,1.571272
0.793572,1.032204,1.574982,1.573059
0.927240,0.805616,1.577091,1.574982
0.739063,0.848009,1.578658,1.577091
0.735606,0.995556,1.580062,1.578658
0.914842,0.824090,1.581607,1.580062
0.739004,0.853700,1.582746,1.581607
0.734422,0.980111,1.583924,1.582746
0.924532,0.819683,1.585525,1.583924
0.741191,0.846325,1.587243,1.585525
0.734900,0.991798,1.589454,1.587243
0.967576,0.807659,1.592436,1.589454
0.845016,0.814220,1.597865,1.592436
1.047546,0.909459,1.605615,1.597865
1.027877,0.728460,1.613872,1.605615
0.723003,0.690389,1.620355,1.613872
0.669188,0.742813,1.627369,1.620355
0.690710,0.568716,1.636637,1.627369
0.483160,0.548331,1.645774,1.636637
0.430845,0.547202,1.656486,1.645774
0.475818,0.403888,1.670528,1.656486
0.349738,0.409737,1.683467,1.670528
0.326090,0.438911,1.697903,1.683467
0.370352,0.336800,1.716422,1.697903
0.281498,0.318263,1.733309,1.716422
0.244556,0.368421,1.751689,1.733309
0.282317,0.233363,1.772667,1.751689
0.304432,0.234246,1.782552,1.772667
0.388048,0.230282,1.780992,1.782552
0.385576,0.198449,1.757713,1.780992
0.232703,0.220967,1.718884,1.757713
0.297322,0.272767,1.668228,1.718884
0.527732,0.267688,1.593090,1.668228
0.456467,0.278815,1.519502,1.593090
0.360601,0.361238,1.438138,1.519502
0.348099,0.382963,1.345592,1.438138
0.228873,0.413489,1.262903,1.345592
0.260817,0.571441,1.161274,1.262903
0.559683,0.636312,1.015737,1.161274
0.640902,0.726919,0.867484,1.015737
0.765754,0.912323,0.707053,0.867484
1.267320,0.863468,0.531954,0.707053
1.120330,0.879100,0.411058,0.531954
1.316517,1.044850,0.314834,0.411058
1.177656,0.833189,0.226328,0.314834
0.779328,0.863978,0.168255,0.226328
0.747119,0.996198,0.122882,0.168255
0.831671,0.841752,0.088611,0.122882
0.634666,0.840603,0.076452,0.088611
0.653082,0.947295,0.076298,0.076452
0.872895,0.843250,0.081130,0.076298
0.702550,0.839326,0.082435,0.081130
0.724141,1.045922,0.079211,0.082435
0.936635,0.873128,0.071438,0.079211
0.768093,0.867878,0.065319,0.071438
0.773485,1.058339,0.061323,0.065319
0.982657,0.866928,0.057637,0.061323
0.783121,0.902162,0.053500,0.057637
0.923713,1.066687,0.048142,0.053500
0.962754,1.069883,0.042047,0.048142
0.959416,1.031205,0.037698,0.042047
0.805081,0.858089,0.035388,0.037698
0.888512,0.869955,0.034473,0.035388
0.783296,1.003947,0.034249,0.034473
0.871079,0.822882,0.035093,0.034249
0.777343,0.860800,0.036656,0.035093
0.727675,1.006638,0.038615,0.036656
0.900904,0.816576,0.041126,0.038615
0.718102,0.876380,0.043004,0.041126
0.713218,0.999451,0.044368,0.043004
0.898870,0.820763,0.045057,0.044368
0.715082,0.832876,0.045127,0.045057
0.716034,1.005776,0.045028,0.045127
0.895892,0.824203,0.045015,0.045028
0.722680,0.823226,0.045201,0.045015
0.851931,0.944191,0.045538,0.045201
0.756536,0.840861,0.046417,0.045538
0.836210,0.844980,0.047560,0.046417
0.749192,0.958694,0.043376,0.047560
0.868294,0.824310,0.016785,0.043376
0.893209,0.782468,0.076433,0.016785
0.876633,0.917188,0.120028,0.076433
0.968414,0.724925,0.138673,0.120028
0.664904,0.657467,0.141152,0.138673
0.571827,0.714255,0.137796,0.141152
0.610282,0.508051,0.130441,0.137796
0.451250,0.519355,0.123560,0.130441
0.404675,0.551827,0.117467,0.123560
0.450962,0.401448,0.113399,0.117467
0.337414,0.389340,0.113358,0.113399
0.367282,0.420820,0.116523,0.113358
0.294330,0.313435,0.124203,0.116523
0.306774,0.300606,0.130110,0.124203
0.242945,0.309633,0.142611,0.130110
0.306129,0.216259,0.181065,0.142611
0.349529,0.290589,0.232359,0.181065
0.418027,0.218039,0.296685,0.232359
0.284702,0.215366,0.295243,0.296685
0.253389,0.256334,0.239083,0.295243
0.423651,0.255664,0.141610,0.239083
0.439857,0.267861,0.138737,0.141610
0.317129,0.383247,0.223432,0.138737
0.144295,0.307483,0.361471,0.223432
0.056222,0.384259,0.483001,0.361471
0.171166,0.562635,0.601695,0.483001
0.313797,0.558632,0.735846,0.601695
0.282464,0.669914,0.847837,0.735846
0.307212,0.864968,0.966324,0.847837
0.537045,0.805038,1.101621,0.966324
0.593508,0.858440,1.201026,1.101621
0.939767,1.046107,1.286850,1.201026
1.081544,0.830124,1.368860,1.286850
0.747759,0.852966,1.424524,1.368860
0.779312,1.028044,1.472117,1.424524
0.904577,0.845135,1.518318,1.472117
0.708762,0.827858,1.549852,1.518318
0.721689,0.992465,1.574961,1.549852
0.898406,0.809600,1.593845,1.574961
0.726845,0.868275,1.599951,1.593845
0.743504,1.008458,1.596631,1.599951
0.945191,0.849155,1.583661,1.596631
0.751924,0.844515,1.570623,1.583661
0.765765,0.995441,1.559358,1.570623
0.958880,0.860339,1.551813,1.559358
0.765443,0.870978,1.550397,1.551813
0.917201,0.997635,1.552467,1.550397
0.955095,0.864324,1.557099,1.552467
0.763312,0.881395,1.561167,1.557099
0.812326,1.024497,1.564620,1.561167
0.951259,0.832036,1.567278,1.564620
0.763561,0.878897,1.568484,1.567278
0.756578,0.980740,1.569010,1.568484
0.942650,0.812490,1.569082,1.569010
0.748666,0.854728,1.568974,1.569082
0.741538,0.994736,1.569013,1.568974
0.913979,0.830687,1.569379,1.569013
0.719924,0.839529,1.570030,1.569379
0.722273,0.957335,1.570884,1.570030
0.912148,0.834150,1.572194,1.570884
0.732900,0.821510,1.573447,1.572194
0.861455,0.976401,1.574921,1.573447
0.909916,0.838467,1.576779,1.574921
0.718906,0.841446,1.578379,1.576779
0.758760,0.986219,1.580196,1.578379
0.922754,0.841755,1.582585,1.580196
0.738671,0.841158,1.584729,1.582585
0.739177,0.982021,1.586998,1.584729
1.001583,0.819798,1.590213,1.586998
0.876713,0.820849,1.596218,1.590213
0.885516,0.893137,1.603683,1.596218
0.995714,0.697408,1.611258,1.603683
0.695197,0.674075,1.617556,1.611258
0.624939,0.731505,1.624898,1.617556
0.676069,0.556670,1.635264,1.624898
0.470270,0.500957,1.645577,1.635264
0.504508,0.534733,1.657718,1.645577
0.470683,0.399904,1.673438,1.657718
0.357803,0.399257,1.687766,1.673438
0.357590,0.432571,1.703411,1.687766
0.396465,0.310729,1.722863,1.703411
0.281130,0.309935,1.740035,1.722863
0.244853,0.308096,1.759251,1.740035
0.307374,0.266619,1.791178,1.759251
0.273655,0.266865,1.831265,1.791178
0.284328,0.267691,1.887846,1.831265
0.331289,0.294786,1.970382,1.887846
0.268155,0.295438,2.064357,1.970382
0.464543,0.297467,2.159195,2.064357
0.554425,0.330793,2.249523,2.159195
0.608248,0.368671,2.356241,2.249523
0.677050,0.308781,2.496271,2.356241
0.367649,0.289267,2.620842,2.496271
0.339552,0.442891,2.747210,2.620842
0.432550,0.402185,2.882782,2.747210
0.651935,0.449676,2.974927,2.882782
0.682148,0.630205,3.044456,2.974927
0.797000,0.729160,3.094338,3.044456
1.000191,0.768994,3.122074,3.094338
1.100817,0.706831,3.137595,3.122074
0.910611,0.876951,3.137969,3.137595
1.174896,0.872884,3.130392,3.137969
1.058838,0.709217,3.131424,3.130392
0.817068,0.817806,3.138424,3.131424
0.869171,0.711802,3.135895,3.138424
0.762837,0.710031,3.129479,3.135895
0.722066,0.846910,3.126243,3.129479
0.916792,0.669534,3.126653,3.126243
0.740665,0.723633,3.129336,3.126653
0.756471,0.836710,3.132975,3.129336
0.955687,0.691551,3.136869,3.132975
0.771218,0.766749,3.139040,3.136869
0.782230,0.841661,3.140124,3.139040
0.977044,0.723582,3.140221,3.140124
0.787123,0.737203,3.139746,3.140221
0.946858,0.883201,3.139229,3.139746
0.856166,0.757715,3.138720,3.139229
0.952179,0.915765,3.138515,3.138720
1.014086,0.885780,3.138657,3.138515
0.866161,0.797129,3.139030,3.138657
0.977681,0.910908,3.139412,3.139030
1.035231,0.903412,3.140190,3.139412
1.038169,0.867139,3.141017,3.140190
0.871389,0.749804,3.141725,3.141017
0.965624,0.758108,3.142200,3.141725
0.866100,0.873261,3.142060,3.142200
0.981259,0.742839,3.141479,3.142060
0.879040,0.786400,3.140828,3.141479
0.819918,0.907124,3.140217,3.140828
1.014693,0.768231,3.139386,3.140217
0.820705,0.760361,3.138625,3.139386
0.830502,0.885069,3.137854,3.138625
1.043006,0.926116,3.136862,3.137854
1.050150,0.914241,3.135745,3.136862
1.039536,0.718871,3.134590,3.135745
0.830819,0.770524,3.133488,3.134590
0.829981,0.926763,3.132183,3.133488
1.033234,0.748998,3.130370,3.132183
0.824471,0.812150,3.128493,3.130370
0.824409,0.883854,3.125834,3.128493
0.373218,0.753141,3.122010,3.125834
0.548153,0.745624,3.119419,3.122010
0.918746,0.865010,3.116909,3.119419
0.988393,0.668040,3.113361,3.116909
0.751733,0.625272,3.109658,3.113361
0.744748,0.672972,3.104972,3.109658
0.787737,0.552247,3.098180,3.104972
0.590798,0.536321,3.091603,3.098180
0.543651,0.563617,3.083823,3.091603
0.644000,0.457969,3.073884,3.083823
0.477485,0.433653,3.065047,3.073884
0.458177,0.448578,3.055839,3.065047
0.528009,0.342682,3.045307,3.055839
0.408367,0.369358,3.036843,3.045307
0.400106,0.398498,3.028608,3.036843
0.466943,0.348139,3.019583,3.028608
0.347086,0.298464,3.012194,3.019583
0.380264,0.279925,3.004147,3.012194
0.317344,0.256583,2.993484,3.004147
0.331907,0.278930,2.984310,2.993484
0.320832,0.234066,2.978452,2.984310
0.251055,0.194770,2.980122,2.978452
0.263306,0.203574,2.984725,2.980122
0.256191,0.164092,2.990814,2.984725
0.175696,0.153998,2.994937,2.990814
0.157409,0.165748,2.997365,2.994937
0.164774,0.141508,2.997742,2.997365
0.111478,0.111646,2.996685,2.997742
0.102503,0.122485,2.994998,2.996685
0.111867,0.115026,2.993160,2.994998
0.081249,0.081544,2.992096,2.993160
0.083948,0.107280,2.991584,2.992096
0.103706,0.085385,2.991647,2.991584
0.063257,0.060499,2.992058,2.991647
0.052253,0.111327,2.992555,2.992058
0.063443,0.069655,2.992948,2.992555
0.047781,0.045490,2.993109,2.992948
0.046562,0.045690,2.993117,2.993109
0.039571,0.044855,2.992945,2.993117
0.027949,0.040277,2.992747,2.992945
0.028752,0.022181,2.992566,2.992747
0.036842,0.038770,2.992404,2.992566
0.021373,0.009372,2.992312,2.992404
0.017144,0.060676,2.992248,2.992312
0.022450,0.013640,2.992210,2.992248
0.023343,0.043775,2.992211,2.992210
0.026715,0.013320,2.992252,2.992211
0.000000,0.009935,2.992195,2.992252
0.000000,0.019959,2.992220,2.992195
0.000000,0.015919,2.992308,2.992220
0.000000,0.005922,2.992436,2.992308
0.000000,0.000000,0.000000,0.000000
0.000000,0.007580,2.047134,0.000000
0.000000,0.034293,2.039805,2.047134
0.023505,0.036671,2.033304,2.039805
0.029598,0.035490,2.043150,2.033304
0.034748,0.042745,2.045759,2.043150
0.017658,0.031070,2.038386,2.045759
0.000000,0.014629,2.019842,2.038386
0.000000,0.014642,2.019184,2.019842
0.000000,0.046677,2.019368,2.019184
0.000000,0.029446,2.019643,2.019368
0.000000,0.024556,2.019936,2.019643
0.000000,0.036270,2.020728,2.019936
0.000000,0.020195,2.021443,2.020728
0.025127,0.018668,2.013954,2.021443
0.031465,0.025168,2.007608,2.013954
0.029244,0.009455,2.006909,2.007608
0.039416,0.028693,2.007133,2.006909
0.052756,0.042420,2.008584,2.007133
0.060988,0.020232,2.010492,2.008584
0.038192,0.011719,2.013365,2.010492
0.055291,0.039516,2.016844,2.013365
0.056305,0.035507,2.018264,2.016844
0.055067,0.015892,2.018219,2.018264
0.077257,0.008324,2.017597,2.018219
0.059534,0.047376,2.017333,2.017597
0.057627,0.042285,2.017412,2.017333
0.070231,0.037501,2.017689,2.017412
0.055325,0.039535,2.018146,2.017689
0.051468,0.031829,2.019099,2.018146
0.060081,0.032787,2.019478,2.019099
0.072167,0.019412,2.018667,2.019478
0.064121,0.042178,2.017328,2.018667
0.065321,0.035106,2.015918,2.017328
0.077464,0.029831,2.014029,2.015918
0.095780,0.019062,2.012501,2.014029
0.081080,0.033717,2.001691,2.012501
0.183731,0.058157,1.978110,2.001691
0.184492,0.108676,1.940071,1.978110
0.109727,0.208463,1.875011,1.940071
0.139501,0.296530,1.755261,1.875011
0.374144,0.421835,1.613682,1.755261
0.493607,0.432759,1.497180,1.613682
0.496691,0.622158,1.422635,1.497180
0.599663,0.721785,1.345337,1.422635
0.553969,0.672740,1.244555,1.345337
0.580135,0.895563,1.124027,1.244555
0.831598,0.760564,0.952046,1.124027
0.572930,0.845835,0.797547,0.952046
0.530108,0.962340,0.646709,0.797547
1.001610,0.797992,0.487582,0.646709
0.871481,0.843166,0.375134,0.487582
0.838115,0.920873,0.282933,0.375134
0.998504,0.807515,0.200595,0.282933
0.777219,0.791647,0.149158,0.200595
0.736092,0.923217,0.113655,0.149158
0.868158,0.975293,0.093562,0.113655
0.854409,0.968431,0.088475,0.093562
0.856981,0.801832,0.087130,0.088475
0.703963,0.852828,0.084681,0.087130
0.846924,0.980123,0.079430,0.084681
0.767528,0.802811,0.071345,0.079430
0.896231,0.847842,0.064062,0.071345
0.827592,0.965749,0.059229,0.064062
0.923213,0.792309,0.058169,0.059229
0.819304,0.831408,0.058367,0.058169
0.791074,0.968038,0.058383,0.058367
1.004549,0.805143,0.057970,0.058383
0.811669,0.830051,0.057629,0.057970
0.805189,0.977303,0.057328,0.057629
0.985327,0.820348,0.057693,0.057328
0.797800,0.823930,0.058353,0.057693
0.792108,0.982852,0.058915,0.058353
0.986814,0.827704,0.059716,0.058915
0.785839,0.837146,0.060334,0.059716
0.931740,0.959173,0.060898,0.060334
0.830030,0.854180,0.061601,0.060898
0.948982,0.821523,0.062132,0.061601
0.841218,0.976684,0.062138,0.062132
0.940923,0.807680,0.061682,0.062138
0.847112,0.833735,0.060785,0.061682
0.793503,0.982354,0.059752,0.060785
0.986342,0.832766,0.059295,0.059752
0.792317,0.858997,0.059269,0.059295
0.782490,0.960645,0.059333,0.059269
0.982331,0.819114,0.059504,0.059333
0.797855,0.817779,0.052390,0.059504
0.819171,0.993762,0.011265,0.052390
1.126251,0.826380,0.068931,0.011265
0.921004,0.799600,0.109381,0.068931
1.025944,0.876800,0.126530,0.109381
0.836032,0.678396,0.130590,0.126530
0.821281,0.659103,0.126878,0.130590
0.651076,0.659217,0.119361,0.126878
0.648952,0.522516,0.108454,0.119361
0.520486,0.519382,0.098931,0.108454
0.453460,0.519542,0.090282,0.098931
0.513012,0.427805,0.082907,0.090282
0.383881,0.406229,0.079115,0.082907
0.367792,0.413439,0.077330,0.079115
0.418256,0.342930,0.070038,0.077330
0.289354,0.306960,0.042810,0.070038
0.223012,0.334095,0.043886,0.042810
0.332540,0.353402,0.098700,0.043886
0.491047,0.310448,0.196574,0.098700
0.492345,0.239580,0.286410,0.196574
0.306336,0.263618,0.315818,0.286410
0.236028,0.270744,0.295103,0.315818
0.315898,0.254193,0.268921,0.295103
0.365898,0.300019,0.320067,0.268921
0.329668,0.368720,0.413179,0.320067
0.322180,0.396730,0.554996,0.413179
0.252727,0.416143,0.679972,0.554996
0.209793,0.604108,0.807658,0.679972
0.210312,0.586402,0.957319,0.807658
0.193164,0.686760,1.075298,0.957319
0.310796,0.891852,1.182826,1.075298
0.744783,0.787158,1.284674,1.182826
0.724912,0.812995,1.351628,1.284674
0.816352,0.963290,1.408557,1.351628
0.994114,0.796631,1.463574,1.408557
0.743472,0.803607,1.502166,1.463574
0.690667,0.940308,1.535412,1.502166
0.816731,0.795718,1.565997,1.535412
0.647979,0.792507,1.583836,1.565997
0.808599,0.955041,1.593411,1.583836
0.890125,0.783091,1.591922,1.593411
0.741757,0.830936,1.582025,1.591922
0.808485,0.957236,1.568874,1.582025
0.970123,0.795663,1.555755,1.568874
0.777207,0.830548,1.549102,1.555755
0.779313,0.957533,1.546790,1.549102
0.993113,0.816598,1.548659,1.546790
0.794970,0.850270,1.552111,1.548659
0.796778,0.961020,1.555884,1.552111
0.990068,0.798840,1.559175,1.555884
0.788780,0.847756,1.560531,1.559175
0.797611,0.976524,1.560764,1.560531
1.013703,0.840475,1.559840,1.560764
0.815530,0.827733,1.558732,1.559840
0.965895,0.991889,1.557677,1.558732
1.017961,0.806221,1.557015,1.557677
0.813238,0.848165,1.556890,1.557015
0.858752,0.964291,1.557015,1.556890
0.993910,1.020840,1.557473,1.557015
0.929845,0.979106,1.558016,1.557473
0.904251,0.794663,1.558178,1.558016
0.828796,0.836187,1.558376,1.558178
0.798970,0.986444,1.558578,1.558376
0.994970,0.809258,1.558835,1.558578
0.795508,0.840791,1.558983,1.558835
0.799996,1.010477,1.559103,1.558983
0.995115,0.805260,1.559175,1.559103
0.793204,0.848681,1.559236,1.559175
0.798389,0.959946,1.559329,1.559236
1.002581,0.828826,1.558968,1.559329
0.822363,0.821772,1.558514,1.558968
1.063126,0.945181,1.560250,1.558514
0.984427,0.763157,1.562544,1.560250
0.976491,0.735262,1.562963,1.562544
0.775885,0.797441,1.562691,1.562963
0.765110,0.609478,1.562599,1.562691
0.613606,0.566484,1.563327,1.562599
0.536210,0.637411,1.564757,1.563327
0.605437,0.487080,1.567269,1.564757
0.448261,0.464789,1.569961,1.567269
0.425444,0.502336,1.573084,1.569961
0.491511,0.383937,1.576999,1.573084
0.370176,0.367275,1.580830,1.576999
0.345123,0.398978,1.584886,1.580830
0.343592,0.325197,1.590066,1.584886
0.214398,0.311494,1.594838,1.590066
0.329409,0.330454,1.594467,1.594838
0.423674,0.289986,1.583793,1.594467
0.464262,0.262313,1.564074,1.583793
0.382309,0.274780,1.523286,1.564074
0.330310,0.256969,1.456252,1.523286
0.223290,0.270876,1.386108,1.456252
0.272047,0.358910,1.306360,1.386108
0.308073,0.304990,1.209561,1.306360
0.221209,0.398920,1.126502,1.209561
0.150430,0.515163,1.027332,1.126502
0.461650,0.519769,0.889765,1.027332
0.564560,0.585778,0.760076,0.889765
0.621912,0.818327,0.614626,0.760076
0.899444,0.741590,0.453216,0.614626
0.798075,0.763196,0.336988,0.453216
1.022572,0.945081,0.241234,0.336988
0.907378,0.809892,0.163394,0.241234
0.945533,0.822315,0.115680,0.163394
0.772941,0.920842,0.082623,0.115680
0.825069,0.810049,0.068137,0.082623
0.720425,0.782165,0.070973,0.068137
0.669289,0.917515,0.076912,0.070973
0.859370,0.760733,0.080784,0.076912
0.721283,0.811798,0.080161,0.080784
0.749354,0.946659,0.077052,0.080161
0.971993,0.798281,0.073484,0.077052
0.795851,0.836656,0.072159,0.073484
0.793455,0.966918,0.071767,0.072159
0.990747,0.817779,0.071336,0.071767
0.794640,0.967264,0.070481,0.071336
1.003487,0.957384,0.069277,0.070481
0.995068,0.850172,0.068151,0.069277
0.795071,0.987897,0.067345,0.068151
0.979527,0.808364,0.066923,0.067345
0.764322,0.817132,0.067006,0.066923
0.902068,0.975995,0.067317,0.067006
0.977532,0.839583,0.067558,0.067317
0.790777,0.851618,0.066985,0.067558
0.845444,0.977536,0.065691,0.066985
0.994918,0.828551,0.063869,0.065691
0.805785,0.849019,0.062553,0.063869
0.808359,0.974254,0.061221,0.062553
1.001353,0.848963,0.060241,0.061221
0.802078,0.835616,0.059575,0.060241
0.798069,0.976321,0.059061,0.059575
0.990298,0.825587,0.059157,0.059061
0.782636,0.875046,0.059793,0.059157
0.779200,0.953888,0.060600,0.059793
0.978058,0.822766,0.061299,0.060600
0.783656,0.829433,0.061831,0.061299
0.935295,0.976460,0.062418,0.061831
0.987055,0.831152,0.063063,0.062418
0.786737,0.844752,0.055506,0.063063
0.838088,0.972327,0.013304,0.055506
1.113483,0.833276,0.066805,0.013304
0.928276,0.879560,0.105432,0.066805
0.874007,0.931912,0.122659,0.105432
0.973569,0.766947,0.128101,0.122659
0.701941,0.723422,0.126295,0.128101
0.628790,0.771081,0.121578,0.126295
0.693670,0.596230,0.114506,0.121578
0.510590,0.548291,0.108021,0.114506
0.473233,0.602215,0.102056,0.108021
0.540491,0.483944,0.096794,0.102056
0.401057,0.434101,0.094189,0.096794
0.439946,0.415089,0.093879,0.094189
0.422615,0.337643,0.089752,0.093879
0.282331,0.341893,0.077726,0.089752
0.238632,0.363860,0.107218,0.077726
0.397876,0.269336,0.174424,0.107218
0.347546,0.227267,0.241487,0.174424
0.349493,0.243897,0.290136,0.241487
0.353889,0.212019,0.277788,0.290136
0.313585,0.242155,0.222999,0.277788
0.415835,0.321913,0.182830,0.222999
0.587933,0.309457,0.247022,0.182830
0.435027,0.404205,0.345509,0.247022
0.409593,0.473801,0.485025,0.345509
0.443793,0.458057,0.623558,0.485025
0.447994,0.687552,0.740235,0.623558
0.743376,0.627304,0.875836,0.740235
0.724428,0.748411,0.991970,0.875836
1.010030,0.949527,1.107022,0.991970
0.999022,0.828734,1.222445,1.107022
1.128841,0.847603,1.302383,1.222445
0.975610,0.991213,1.370702,1.302383
0.966390,0.809903,1.435844,1.370702
0.821603,0.963607,1.480326,1.435844
0.923605,0.967701,1.524569,1.480326
0.851359,0.854933,1.558155,1.524569
0.744838,0.969185,1.578708,1.558155
0.873917,0.822398,1.592083,1.578708
0.720054,0.832544,1.593608,1.592083
0.737385,0.996764,1.586366,1.593608
0.938497,0.858773,1.572138,1.586366
0.751572,0.890258,1.560635,1.572138
0.758058,1.006317,1.552375,1.560635
0.942833,0.870218,1.548528,1.552375
0.765524,0.877506,1.549543,1.548528
0.775370,1.023750,1.553029,1.549543
0.971418,0.838189,1.557981,1.553029
0.773656,0.862892,1.561620,1.557981
0.929877,1.036564,1.564130,1.561620
0.816961,0.876771,1.565630,1.564130
0.913473,0.876691,1.566040,1.565630
0.812061,1.015039,1.566153,1.566040
0.910733,0.855220,1.566279,1.566153
0.820241,0.854924,1.566701,1.566279
0.768179,0.979375,1.567519,1.566701
0.953300,0.852420,1.568882,1.567519
0.753172,0.878017,1.570328,1.568882
0.745763,0.975042,1.572057,1.570328
0.922081,1.010072,1.574373,1.572057
0.921479,0.982931,1.576952,1.574373
0.911374,0.816577,1.579538,1.576952
0.736117,1.041412,1.581764,1.579538
0.912796,0.943868,1.584608,1.581764
0.925783,0.856307,1.587621,1.584608
0.733962,0.987665,1.590376,1.587621
0.915898,0.813577,1.593794,1.590376
0.734263,0.844911,1.596307,1.593794
0.788941,0.979353,1.600005,1.596307
1.118954,0.798715,1.607392,1.600005
0.891398,0.769564,1.613057,1.607392
0.935907,0.810699,1.618148,1.613057
0.716215,0.643476,1.624462,1.618148
0.674480,0.590172,1.630836,1.624462
0.536902,0.651116,1.638757,1.630836
0.516168,0.475822,1.650398,1.638757
0.406885,0.485977,1.662390,1.650398
0.346540,0.511869,1.676689,1.662390
0.385292,0.373600,1.696040,1.676689
0.284562,0.320678,1.714348,1.696040
0.265040,0.403560,1.735220,1.714348
0.297696,0.263026,1.760846,1.735220
0.183104,0.292236,1.783710,1.760846
0.250904,0.282991,1.802330,1.783710
0.435233,0.221983,1.810612,1.802330
0.361418,0.198267,1.803074,1.810612
0.333274,0.208678,1.776018,1.803074
0.252150,0.199086,1.726692,1.776018
0.362834,0.238251,1.672473,1.726692
0.455399,0.322942,1.605951,1.672473
0.444559,0.298100,1.518178,1.605951
0.253229,0.333849,1.444651,1.518178
0.227160,0.451534,1.365672,1.444651
0.329942,0.488882,1.254767,1.365672
0.350689,0.579818,1.143796,1.254767
0.492346,0.813712,1.005048,1.143796
0.899310,0.762056,0.825494,1.005048
0.858576,0.853905,0.674484,0.825494
0.979329,1.011501,0.532775,0.674484
1.352193,0.858127,0.398689,0.532775
0.978307,0.859910,0.308286,0.398689
1.036799,0.978395,0.232639,0.308286
0.810939,0.840305,0.163492,0.232639
0.859191,0.844317,0.120623,0.163492
0.726290,1.008906,0.091542,0.120623
0.824039,0.848626,0.076823,0.091542
0.769127,0.831759,0.075380,0.076823
0.745105,1.008451,0.076863,0.075380
0.930864,0.832191,0.076059,0.076863
0.761044,0.874339,0.071240,0.076059
0.768373,1.025085,0.064180,0.071240
0.977050,0.852654,0.058539,0.064180
0.783954,0.880414,0.056924,0.058539
0.771671,1.072591,0.055801,0.056924
0.958118,0.908071,0.052785,0.055801
0.762903,0.893094,0.049047,0.052785
0.903060,1.027716,0.045044,0.049047
0.810174,0.853225,0.041368,0.045044
0.899220,1.028052,0.039612,0.041368
0.934849,1.018550,0.038724,0.039612
0.792822,0.860307,0.038706,0.038724
0.876727,1.014916,0.039375,0.038706
0.919498,0.841454,0.040311,0.039375
0.727504,0.867075,0.040978,0.040311
0.773232,1.014485,0.041485,0.040978
0.914229,0.822921,0.041956,0.041485
0.734790,0.836465,0.042293,0.041956
0.724242,0.987670,0.042731,0.042293
0.906992,0.786955,0.043359,0.042731
0.724378,0.841373,0.044191,0.043359
0.723221,0.983133,0.045613,0.044191
0.900166,0.843983,0.047977,0.045613
0.713267,0.857438,0.050078,0.047977
0.707822,0.966704,0.052100,0.050078
0.890769,0.845305,0.053026,0.052100
0.714753,0.837281,0.027575,0.053026
0.941916,0.952645,0.042399,0.027575
1.079735,0.740503,0.108176,0.042399
0.824151,0.772753,0.133557,0.108176
0.776682,0.836410,0.142051,0.133557
0.779341,0.606986,0.140783,0.142051
0.542346,0.609514,0.135816,0.140783
0.477237,0.631312,0.129596,0.135816
0.524680,0.481082,0.123068,0.129596
0.390737,0.464368,0.119759,0.123068
0.363198,0.444749,0.119448,0.119759
0.402345,0.449569,0.123139,0.119448
0.365472,0.357169,0.130968,0.123139
0.335465,0.297557,0.139212,0.130968
0.231474,0.300509,0.147808,0.139212
0.330729,0.314299,0.180907,0.147808
0.409889,0.241014,0.236997,0.180907
0.321618,0.209230,0.290534,0.236997
0.337937,0.176389,0.296450,0.290534
0.230744,0.233065,0.250665,0.296450
0.284174,0.315559,0.170343,0.250665
0.551711,0.265273,0.143936,0.170343
0.364115,0.319662,0.221563,0.143936
0.190272,0.400686,0.336451,0.221563
0.058770,0.355235,0.482194,0.336451
0.041324,0.441270,0.599377,0.482194
0.080321,0.658040,0.716848,0.599377
0.236416,0.633666,0.853142,0.716848
0.321954,0.716174,0.969560,0.853142
0.472429,0.958176,1.086064,0.969560
0.782190,0.838108,1.205310,1.086064
0.769660,0.888956,1.288326,1.205310
0.770114,1.011901,1.359380,1.288326
0.887023,0.857694,1.426360,1.359380
0.700699,0.845758,1.472118,1.426360
0.745008,0.984313,1.511686,1.472118
0.916686,0.844074,1.549132,1.511686
0.706099,0.856925,1.573056,1.549132
0.421452,1.006987,1.589421,1.573056
0.360102,0.814748,1.596880,1.589421
0.544173,0.861692,1.593528,1.596880
0.709101,0.979324,1.583483,1.593528
0.896994,0.872794,1.569398,1.583483
0.752370,0.876149,1.559770,1.569398
0.773983,0.998839,1.553977,1.559770
0.967130,0.853922,1.552567,1.553977
0.776240,0.870808,1.554710,1.552567
0.779163,1.026748,1.558412,1.554710
0.970920,0.862296,1.562749,1.558412
0.774170,0.872692,1.565485,1.562749
0.771788,1.005414,1.566971,1.565485
0.942886,0.833070,1.567406,1.566971
0.754390,0.872064,1.567220,1.567406
0.888913,0.972513,1.566939,1.567220
0.934282,0.822231,1.566920,1.566939
0.745418,0.824251,1.567290,1.566920
0.790991,0.992067,1.568078,1.567290
0.928886,0.817205,1.569558,1.568078
0.738703,0.842588,1.571119,1.569558
0.734849,0.971887,1.572938,1.571119
0.924682,0.820484,1.575218,1.572938
0.734664,0.848851,1.577263,1.575218
0.729284,0.991932,1.579475,1.577263
0.919090,0.807045,1.582145,1.579475
0.742431,0.831219,1.584325,1.582145
0.741665,0.994772,1.586599,1.584325
0.920837,0.821574,1.589417,1.586599
0.735478,0.838502,1.591895,1.589417
0.902741,0.986016,1.594622,1.591895
1.042468,0.796168,1.601078,1.594622
0.875780,0.794863,1.607772,1.601078
0.876827,0.874199,1.613741,1.607772
0.864779,0.636776,1.620249,1.613741
0.599188,0.600437,1.626153,1.620249
0.545567,0.698446,1.633145,1.626153
0.597543,0.519514,1.642951,1.633145
0.419757,0.482722,1.652795,1.642951
0.391528,0.495454,1.664448,1.652795
0.431190,0.404639,1.679791,1.664448
0.334774,0.370282,1.693913,1.679791
0.328975,0.395706,1.709527,1.693913
0.378408,0.305664,1.728777,1.709527
0.270721,0.268329,1.745774,1.728777
0.267047,0.309074,1.769233,1.745774
0.323119,0.226396,1.811261,1.769233
0.278937,0.242563,1.862484,1.811261
0.282617,0.264179,1.929095,1.862484
0.247163,0.241374,2.017260,1.929095
0.335476,0.304187,2.091429,2.017260
0.426919,0.381932,2.175486,2.091429
0.761782,0.302814,2.291900,2.175486
0.594624,0.299427,2.403228,2.291900
0.402941,0.335167,2.527869,2.403228
0.326888,0.367863,2.677683,2.527869
0.383959,0.437230,2.823512,2.677683
0.612913,0.450143,2.944060,2.823512
0.593678,0.504654,3.020037,2.944060
0.652305,0.717835,3.072758,3.020037
0.995122,0.650310,3.109117,3.072758
0.855808,0.709495,3.127092,3.109117
1.063016,0.832944,3.139568,3.127092
1.019857,0.704685,3.133891,3.139568
1.101823,0.753173,3.129522,3.133891
0.888291,0.858898,3.131591,3.129522
0.907983,0.843347,3.140325,3.131591
0.907224,0.821465,3.134175,3.140325
0.890608,0.675175,3.127637,3.134175
0.710572,0.829499,3.125849,3.127637
0.902028,0.859697,3.127557,3.125849
0.941953,0.734293,3.131437,3.127557
0.817212,0.854795,3.135055,3.131437
0.921845,0.741677,3.138310,3.135055
0.836022,0.735372,3.139767,3.138310
0.785209,0.863183,3.140204,3.139767
0.986914,0.727963,3.139840,3.140204
0.798340,0.760935,3.139372,3.139840
0.792620,0.878978,3.138908,3.139372
0.998858,0.681651,3.138504,3.138908
0.806290,0.785575,3.138517,3.138504
0.814386,0.916676,3.138848,3.138517
1.016024,0.729989,3.139390,3.138848
0.800655,0.749868,3.139969,3.139390
0.953798,0.881691,3.140670,3.139969
0.849881,0.748621,3.141659,3.140670
0.956492,0.767935,3.142169,3.141659
0.871848,0.899142,3.141304,3.142169
0.981584,0.946079,3.140602,3.141304
1.037941,0.922658,3.140204,3.140602
1.045620,0.757518,3.139950,3.140204
0.828027,0.759962,3.139693,3.139950
0.866722,0.896108,3.139322,3.139693
1.011365,0.745887,3.138781,3.139322
0.816930,0.753635,3.138100,3.138781
0.832003,0.898757,3.137314,3.138100
1.037916,0.792036,3.136171,3.137314
0.841730,0.755095,3.134998,3.136171
0.847570,0.927195,3.133445,3.134998
1.054865,0.924678,3.131313,3.133445
1.054087,0.898509,3.128731,3.131313
1.048963,0.758358,3.125566,3.128731
0.853645,0.766340,3.122046,3.125566
0.904157,0.917988,3.118801,3.122046
1.182683,0.716203,3.115917,3.118801
0.898693,0.713549,3.113316,3.115917
0.954585,0.772618,3.110262,3.113316
0.783549,0.609841,3.105595,3.110262
0.801153,0.555525,3.100597,3.105595
0.644765,0.613163,3.094601,3.100597
0.669214,0.491531,3.086495,3.094601
0.570731,0.540211,3.078926,3.086495
0.624818,0.517085,3.069079,3.078926
0.551163,0.378170,3.059053,3.069079
0.462638,0.472616,3.050156,3.059053
0.516646,0.411653,3.039346,3.050156
0.402469,0.321757,3.029723,3.039346
0.375795,0.372670,3.019363,3.029723
0.425361,0.276405,3.006999,3.019363
0.301614,0.228334,2.996906,3.006999
0.281626,0.303632,2.986971,2.996906
0.328784,0.259428,2.976680,2.986971
0.249504,0.226456,2.972468,2.976680
0.237650,0.224530,2.973247,2.972468
0.280036,0.139122,2.978016,2.973247
0.227609,0.154829,2.982996,2.978016
0.241281,0.198100,2.987325,2.982996
0.202308,0.144669,2.990353,2.987325
0.150965,0.157550,2.990960,2.990353
0.134119,0.153267,2.990206,2.990960
0.138347,0.107356,2.988516,2.990206
0.094457,0.089088,2.987027,2.988516
0.085652,0.091865,2.985805,2.987027
0.098685,0.080670,2.985019,2.985805
0.072234,0.089019,2.984850,2.985019
0.057711,0.092312,2.985017,2.984850
0.060029,0.068233,2.985531,2.985017
0.039605,0.077044,2.985994,2.985531
0.030476,0.047372,2.986298,2.985994
0.049858,0.073270,2.986297,2.986298
0.040677,0.025517,2.986168,2.986297
0.044828,0.056373,2.986023,2.986168
0.045401,0.046845,2.985984,2.986023
0.034331,0.033249,2.985942,2.985984
0.034107,0.038557,2.985892,2.985942
0.033404,0.026992,2.986008,2.985892
0.022373,0.046161,2.986051,2.986008
0.026305,0.048726,2.986042,2.986051
0.027639,0.036512,2.985925,2.986042
0.024733,0.025721,2.985753,2.985925
0.024274,0.035498,2.985591,2.985753
0.022553,0.029735,2.985442,2.985591
0.018102,0.029008,2.985556,2.985442
0.000000,0.013595,2.985590,2.985556
0.000000,0.014943,2.985613,2.985590
0.000000,0.033131,2.987040,2.985613
0.000000,0.000000,0.000000,0.000000
0.000000,0.037427,2.049870,0.000000
0.019898,0.050596,2.045503,2.049870
0.036705,0.039390,2.042538,2.045503
0.028018,0.050999,2.039997,2.042538
0.020226,0.048548,2.047130,2.039997
0.000000,0.028560,2.059188,2.047130
0.000000,0.020477,2.058409,2.059188
0.000000,0.029641,2.057981,2.058409
0.000000,0.039053,2.057954,2.057981
0.020389,0.026679,2.058209,2.057954
0.000000,0.064735,2.059204,2.058209
0.000000,0.009331,2.061206,2.059204
0.000000,0.022572,2.063374,2.061206
0.023484,0.016910,2.046704,2.063374
0.031797,0.017067,2.043634,2.046704
0.027308,0.058082,2.045005,2.043634
0.052855,0.031078,2.047986,2.045005
0.060382,0.035806,2.048819,2.047986
0.069316,0.028779,2.048512,2.048819
0.096823,0.022321,2.048155,2.048512
0.076927,0.041491,2.048768,2.048155
0.113612,0.046360,2.049220,2.048768
0.130077,0.027896,2.049402,2.049220
0.103233,0.044362,2.050829,2.049402
0.138169,0.061088,2.053729,2.050829
0.102118,0.060976,2.055151,2.053729
0.086622,0.039994,2.056407,2.055151
0.087020,0.038492,2.057358,2.056407
0.063926,0.048785,2.057164,2.057358
0.073583,0.063259,2.055937,2.057164
0.063987,0.060719,2.052959,2.055937
0.053289,0.005814,2.050815,2.052959
0.054083,0.020429,2.049661,2.050815
0.072200,0.024291,2.049967,2.049661
0.053815,0.065969,2.050001,2.049967
0.092967,0.014044,2.045527,2.050001
0.178103,0.041549,2.027655,2.045527
0.120173,0.076458,1.994378,2.027655
0.073982,0.184933,1.935622,1.994378
0.089784,0.223291,1.829800,1.935622
0.215006,0.330683,1.720785,1.829800
0.363260,0.483588,1.613604,1.720785
0.454253,0.439444,1.511736,1.613604
0.424643,0.535555,1.440958,1.511736
0.541144,0.744581,1.364436,1.440958
0.622667,0.676828,1.243463,1.364436
0.548709,0.740156,1.114880,1.243463
0.681784,0.888039,0.963459,1.114880
0.664697,0.846898,0.778024,0.963459
0.772551,0.829697,0.632488,0.778024
0.958021,1.005594,0.499385,0.632488
1.190527,0.800494,0.369807,0.499385
0.906856,0.829917,0.283952,0.369807
0.855333,0.961136,0.213815,0.283952
0.980651,0.782820,0.152017,0.213815
0.736073,0.804200,0.116839,0.152017
0.699384,0.942994,0.096232,0.116839
0.849161,0.780117,0.087284,0.096232
0.675603,0.798268,0.086136,0.087284
0.813310,0.917370,0.085860,0.086136
0.865862,0.802569,0.082848,0.085860
0.696882,0.821190,0.076963,0.082848
0.794120,0.980881,0.070098,0.076963
0.973516,0.817385,0.064143,0.070098
0.787314,0.783399,0.061482,0.064143
0.789858,0.980635,0.059939,0.061482
0.987939,0.801766,0.059409,0.059939
0.784426,0.836696,0.059417,0.059409
0.783236,0.982375,0.059571,0.059417
0.977737,0.822725,0.060063,0.059571
0.785403,0.841233,0.060335,0.060063
0.782257,0.989465,0.060621,0.060335
0.980818,0.844285,0.060369,0.060621
0.794643,0.829911,0.060314,0.060369
0.956199,0.985111,0.059906,0.060314
1.004440,0.850274,0.058862,0.059906
0.805716,0.826974,0.057993,0.058862
0.856894,0.983052,0.057304,0.057993
1.005706,0.821785,0.056807,0.057304
0.801375,0.845410,0.056420,0.056807
0.803073,0.979823,0.055813,0.056420
0.996780,0.808917,0.055414,0.055813
0.792543,0.836968,0.056210,0.055414
0.785151,0.984195,0.057720,0.056210
0.965462,0.834191,0.060353,0.057720
0.767602,0.819695,0.062455,0.060353
0.771163,0.955201,0.060164,0.062455
1.015525,1.002823,0.014429,0.060164
1.103806,0.967745,0.065227,0.014429
1.126307,0.760668,0.108771,0.065227
0.845958,0.735439,0.122101,0.108771
0.885503,0.816666,0.124891,0.122101
0.711024,0.616890,0.120792,0.124891
0.719013,0.603958,0.114388,0.120792
0.578282,0.661490,0.106956,0.114388
0.595109,0.465309,0.098470,0.106956
0.489481,0.476573,0.092662,0.098470
0.428427,0.492727,0.088327,0.092662
0.497171,0.389653,0.085209,0.088327
0.374614,0.361763,0.083687,0.085209
0.345484,0.386977,0.077028,0.083687
0.341273,0.289775,0.046335,0.077028
0.203185,0.283935,0.048392,0.046335
0.229386,0.334466,0.091420,0.048392
0.446279,0.273080,0.186200,0.091420
0.405279,0.244728,0.266244,0.186200
0.411461,0.262987,0.313848,0.266244
0.255142,0.244915,0.304173,0.313848
0.241677,0.270491,0.275200,0.304173
0.347726,0.336048,0.306827,0.275200
0.383211,0.317927,0.407803,0.306827
0.308285,0.371342,0.521593,0.407803
0.293285,0.489913,0.649403,0.521593
0.464934,0.512425,0.797919,0.649403
0.475660,0.599338,0.923973,0.797919
0.577402,0.772253,1.047676,0.923973
0.923246,0.723350,1.177260,1.047676
0.840115,0.785323,1.267210,1.177260
0.921508,0.941755,1.342051,1.267210
1.131910,0.788983,1.412398,1.342051
0.828156,0.795367,1.459288,1.412398
0.864154,0.962368,1.498470,1.459288
0.716391,0.775579,1.535527,1.498470
0.775498,0.817957,1.560368,1.535527
0.697913,0.929182,1.579445,1.560368
0.820622,0.765184,1.591599,1.579445
0.756369,0.794602,1.591683,1.591599
0.733328,0.924868,1.583114,1.591683
0.947646,0.800784,1.568316,1.583114
0.769555,0.803413,1.557017,1.568316
0.779782,0.965842,1.549422,1.557017
0.980335,0.804079,1.546354,1.549422
0.785004,0.805868,1.547478,1.546354
0.790113,0.973890,1.550556,1.547478
0.982411,0.796289,1.554760,1.550556
0.784347,0.865734,1.557626,1.554760
0.936802,0.990166,1.559213,1.557626
0.838511,0.817689,1.559422,1.559213
0.940403,0.834609,1.558680,1.559422
0.840380,0.979066,1.557660,1.558680
0.947522,0.836657,1.556675,1.557660
0.849507,0.991341,1.556204,1.556675
1.005993,0.978922,1.556199,1.556204
0.958808,0.844109,1.556726,1.556199
0.859558,1.015028,1.557283,1.556726
1.010252,0.970546,1.558022,1.557283
1.002918,0.988156,1.558942,1.558022
0.952223,0.808911,1.559896,1.558942
0.852859,0.810001,1.560593,1.559896
0.805395,1.013891,1.561176,1.560593
1.006649,0.822076,1.561668,1.561176
0.801258,0.839860,1.562005,1.561668
0.801171,0.986853,1.562262,1.562005
1.001927,0.794663,1.562371,1.562262
0.794580,0.850859,1.562324,1.562371
0.788979,1.019365,1.561740,1.562324
1.026791,0.815078,1.560334,1.561740
0.902652,0.951611,1.561234,1.560334
1.141318,0.895115,1.562733,1.561234
1.017508,0.718538,1.562483,1.562733
0.731282,0.807004,1.561243,1.562483
0.812876,0.627918,1.559622,1.561243
0.594207,0.572509,1.558750,1.559622
0.640733,0.620088,1.558761,1.558750
0.592731,0.462091,1.560044,1.558761
0.440851,0.450247,1.562251,1.560044
0.434562,0.493177,1.565284,1.562251
0.480472,0.358097,1.569721,1.565284
0.363948,0.364189,1.574170,1.569721
0.333389,0.372509,1.578859,1.574170
0.306792,0.301755,1.585550,1.578859
0.213786,0.318921,1.590178,1.585550
0.300647,0.333687,1.588357,1.590178
0.517230,0.289764,1.575312,1.588357
0.391382,0.244763,1.551486,1.575312
0.369031,0.278376,1.505023,1.551486
0.215274,0.247380,1.433817,1.505023
0.294021,0.272066,1.360746,1.433817
0.454307,0.350814,1.279371,1.360746
0.256431,0.334590,1.182547,1.279371
0.108627,0.407137,1.097608,1.182547
0.081782,0.526941,0.994075,1.097608
0.241800,0.533803,0.853644,0.994075
0.289103,0.614496,0.719614,0.853644
0.435281,0.804156,0.573188,0.719614
0.800436,0.743709,0.416143,0.573188
0.805703,0.773114,0.305197,0.416143
0.901079,0.953358,0.215824,0.305197
1.121983,0.804452,0.145200,0.215824
0.839938,0.817945,0.102448,0.145200
0.788641,0.913332,0.073588,0.102448
0.895629,0.791069,0.062441,0.073588
0.700724,0.790148,0.067287,0.062441
0.835269,0.927648,0.073690,0.067287
0.892296,0.953154,0.077741,0.073690
0.913622,0.933615,0.077208,0.077741
0.785350,0.812429,0.075543,0.077208
0.898107,0.818903,0.075924,0.075543
0.815470,0.963581,0.077268,0.075924
0.926138,0.805459,0.077946,0.077268
0.828257,0.855320,0.077174,0.077946
0.780629,0.971565,0.075193,0.077174
0.981879,0.810238,0.072409,0.075193
0.790595,0.781871,0.069967,0.072409
0.790579,0.962271,0.068036,0.069967
0.975629,0.831733,0.066664,0.068036
0.785827,1.012357,0.065965,0.066664
0.995646,0.990620,0.065077,0.065965
0.993432,0.844951,0.064405,0.065077
0.794990,0.990448,0.063597,0.064405
0.990681,1.021499,0.062598,0.063597
1.001179,0.991150,0.061755,0.062598
0.997743,0.854702,0.060815,0.061755
0.806433,0.843411,0.060233,0.060815
0.802941,0.940431,0.059683,0.060233
0.998544,0.800039,0.059632,0.059683
0.790283,0.863499,0.060084,0.059632
0.931636,0.979335,0.061122,0.060084
0.825470,0.835085,0.062281,0.061122
0.927277,0.848707,0.063177,0.062281
0.825097,0.969199,0.063634,0.063177
0.924265,0.840999,0.064186,0.063634
0.823486,0.820874,0.064455,0.064186
0.768472,0.969384,0.063627,0.064455
1.095084,0.802289,0.027526,0.063627
0.838665,0.864607,0.037051,0.027526
0.924492,1.056402,0.093674,0.037051
1.061262,0.840742,0.122974,0.093674
0.720457,0.805912,0.130602,0.122974
0.680491,0.835807,0.130557,0.130602
0.767304,0.670974,0.125281,0.130557
0.570319,0.601559,0.118978,0.125281
0.612003,0.658892,0.112209,0.118978
0.501867,0.517502,0.105035,0.112209
0.513567,0.519163,0.100574,0.105035
0.421338,0.499446,0.098035,0.100574
0.445929,0.418147,0.097804,0.098035
0.358636,0.329042,0.099326,0.097804
0.288396,0.358542,0.087487,0.099326
0.304835,0.302441,0.112477,0.087487
0.318816,0.260975,0.161797,0.112477
0.364460,0.279778,0.226333,0.161797
0.426330,0.194995,0.286531,0.226333
0.273187,0.228678,0.281840,0.286531
0.285472,0.276708,0.231774,0.281840
0.506519,0.287618,0.172184,0.231774
0.484750,0.333676,0.214285,0.172184
0.432654,0.371236,0.310769,0.214285
0.345665,0.377368,0.445234,0.310769
0.376401,0.413779,0.564828,0.445234
0.414509,0.571341,0.683288,0.564828
0.566803,0.605876,0.820646,0.683288
0.648215,0.716535,0.936444,0.820646
0.736752,0.915181,1.055069,0.936444
1.130780,0.823500,1.179834,1.055069
0.961586,0.836823,1.266214,1.179834
0.948222,1.003850,1.340013,1.266214
1.075140,0.805758,1.409743,1.340013
0.794185,0.856996,1.457305,1.409743
0.749555,0.973790,1.498256,1.457305
0.886303,0.807117,1.537609,1.498256
0.690466,0.835498,1.563077,1.537609
0.827212,1.004083,1.581511,1.563077
0.762402,0.808401,1.592234,1.581511
0.874859,0.849207,1.591216,1.592234
0.802294,1.020238,1.582372,1.591216
0.916230,0.870766,1.568150,1.582372
0.823736,1.032160,1.557737,1.568150
0.977590,1.009384,1.550225,1.557737
0.924130,0.911699,1.549134,1.550225
0.830231,1.013913,1.551711,1.549134
0.968981,0.843949,1.556540,1.551711
0.778355,0.888419,1.560521,1.556540
0.777313,1.025154,1.563708,1.560521
0.963272,0.848703,1.566004,1.563708
0.778505,0.857637,1.566985,1.566004
0.765944,1.018070,1.567439,1.566985
0.958067,0.853344,1.567716,1.567439
0.760495,0.866384,1.568152,1.567716
0.756003,1.001870,1.568970,1.568152
0.948141,0.837178,1.570361,1.568970
0.758610,0.844477,1.571760,1.570361
0.891911,0.989874,1.573368,1.571760
0.932240,1.001091,1.575322,1.573368
0.921735,0.983227,1.577359,1.575322
0.776528,0.835832,1.579314,1.577359
0.867154,0.848661,1.580887,1.579314
0.785257,0.996280,1.582567,1.580887
0.871537,0.813990,1.584669,1.582567
0.772032,0.867526,1.586595,1.584669
0.733644,0.972157,1.589000,1.586595
0.922554,0.840485,1.592497,1.589000
0.770516,0.857497,1.595930,1.592497
0.846641,0.985038,1.602197,1.595930
1.093559,0.744819,1.611478,1.602197
0.831467,0.735228,1.618034,1.611478
0.815555,0.806977,1.624008,1.618034
0.822080,0.600464,1.631396,1.624008
0.561312,0.549089,1.638568,1.631396
0.567428,0.615269,1.647333,1.638568
0.439339,0.479508,1.659576,1.647333
0.442270,0.438970,1.671617,1.659576
0.355449,0.480152,1.685518,1.671617
0.369322,0.341039,1.703729,1.685518
0.287104,0.325432,1.720640,1.703729
0.255928,0.382708,1.739225,1.720640
0.267470,0.280925,1.761504,1.739225
0.204547,0.265740,1.779415,1.761504
0.320467,0.296772,1.790290,1.779415
0.460379,0.196343,1.788483,1.790290
0.333400,0.205198,1.771069,1.788483
0.265260,0.245558,1.733887,1.771069
0.308989,0.216916,1.675943,1.733887
0.333060,0.271902,1.614287,1.675943
0.519793,0.325843,1.540884,1.614287
0.385260,0.328656,1.447479,1.540884
0.382161,0.325940,1.371202,1.447479
0.318904,0.517517,1.285588,1.371202
0.444666,0.538868,1.165370,1.285588
0.526863,0.626637,1.042276,1.165370
0.721391,0.801476,0.892999,1.042276
1.102610,0.779308,0.708871,0.892999
1.019442,0.847076,0.563350,0.708871
1.104374,1.034682,0.436858,0.563350
1.317085,0.864884,0.321725,0.436858
0.944736,0.842866,0.244682,0.321725
0.844191,1.017984,0.181282,0.244682
0.972625,0.834396,0.125948,0.181282
0.728697,0.847247,0.095567,0.125948
0.828240,0.995100,0.080186,0.095567
0.745114,0.829422,0.078394,0.080186
0.842946,0.863816,0.081855,0.078394
0.782196,1.017189,0.083188,0.081855
0.879576,0.826807,0.078239,0.083188
0.797408,0.886243,0.070293,0.078239
0.759473,1.027414,0.062494,0.070293
0.963219,0.884343,0.057464,0.062494
0.781827,0.895562,0.055490,0.057464
0.773063,1.048254,0.053263,0.055490
0.961972,0.879568,0.049646,0.053263
0.769072,1.041420,0.046345,0.049646
0.950789,1.046136,0.042952,0.046345
0.951484,0.891627,0.040864,0.042952
0.746832,0.997385,0.040262,0.040864
0.923572,1.050073,0.040527,0.040262
0.916550,1.006173,0.041462,0.040527
0.905480,0.874603,0.042058,0.041462
0.732778,0.845014,0.042079,0.042058
0.733481,0.977577,0.041829,0.042079
0.914606,0.835349,0.041505,0.041829
0.731168,0.881034,0.041775,0.041505
0.866426,1.006098,0.042592,0.041775
0.767224,0.827565,0.043867,0.042592
0.861296,0.853731,0.044699,0.043867
0.772176,0.987283,0.045133,0.044699
0.868478,0.790262,0.045160,0.045133
0.778704,0.867408,0.045143,0.045160
0.733384,0.991377,0.045405,0.045143
0.902730,0.836485,0.046081,0.045405
0.712911,0.823311,0.034876,0.046081
0.759868,0.956942,0.022947,0.034876
1.058303,0.801272,0.093402,0.022947
0.853942,0.776686,0.127270,0.093402
0.778224,0.819635,0.140090,0.127270
0.829658,0.650289,0.141419,0.140090
0.564100,0.617859,0.136961,0.141419
0.577476,0.629514,0.130141,0.136961
0.452412,0.490183,0.122272,0.130141
0.458809,0.465304,0.117381,0.122272
0.372692,0.469499,0.114826,0.117381
0.389962,0.400490,0.115277,0.114826
0.305279,0.358795,0.118736,0.115277
0.271330,0.385145,0.125706,0.118736
0.311113,0.283069,0.134170,0.125706
0.233701,0.302969,0.152712,0.134170
0.367728,0.253542,0.200992,0.152712
0.433773,0.195276,0.266274,0.200992
0.324433,0.250640,0.300611,0.266274
0.294410,0.171767,0.275380,0.300611
0.294815,0.220775,0.205647,0.275380
0.410568,0.307884,0.123551,0.205647
0.634383,0.284782,0.152128,0.123551
0.335445,0.313934,0.247945,0.152128
0.185788,0.390821,0.369357,0.247945
0.096910,0.385111,0.520506,0.369357
0.089157,0.435593,0.635368,0.520506
0.203394,0.687179,0.751436,0.635368
0.371383,0.630993,0.888915,0.751436
0.413664,0.743785,1.006254,0.888915
0.637841,0.938363,1.120698,1.006254
1.074028,0.816841,1.234483,1.120698
0.948517,0.867335,1.312876,1.234483
0.908063,1.016163,1.379223,1.312876
1.020431,0.829170,1.441683,1.379223
0.761915,0.862363,1.484878,1.441683
0.736331,0.992114,1.522513,1.484878
0.872022,0.825523,1.558128,1.522513
0.692893,0.844771,1.580455,1.558128
0.692946,1.009332,1.594863,1.580455
0.904217,0.820899,1.599321,1.594863
0.746207,0.857076,1.593087,1.599321
0.895732,1.029950,1.581005,1.593087
0.933431,0.842388,1.566057,1.581005
0.753274,0.872382,1.556753,1.566057
0.819578,1.024295,1.551895,1.556753
0.973295,0.873623,1.551797,1.551895
0.769568,0.876988,1.554729,1.551797
0.772368,1.019190,1.558775,1.554729
0.962341,0.843661,1.562977,1.558775
0.765570,0.864742,1.565293,1.562977
0.761687,1.008979,1.566551,1.565293
0.936762,1.001325,1.566837,1.566551
0.936336,1.022502,1.566747,1.566837
0.930366,0.839576,1.567008,1.566747
0.745843,0.862360,1.567649,1.567008
0.744127,1.002744,1.568833,1.567649
0.921355,0.808988,1.570651,1.568833
0.738163,0.868951,1.572376,1.570651
0.877930,1.003678,1.573965,1.572376
0.793639,0.824552,1.575527,1.573965
0.883113,0.810317,1.576508,1.575527
0.796250,0.994552,1.577390,1.576508
0.883830,0.843581,1.578532,1.577390
0.783196,0.852080,1.579630,1.578532
0.746278,0.970178,1.581081,1.579630
0.921813,0.821200,1.583517,1.581081
0.732851,0.833129,1.586413,1.583517
0.734824,0.951776,1.589812,1.586413
1.022236,0.809277,1.595918,1.589812
0.858377,0.799117,1.603508,1.595918
0.837599,0.855230,1.610213,1.603508
0.912322,0.691777,1.616337,1.610213
0.639052,0.642525,1.621240,1.616337
0.664932,0.690627,1.626999,1.621240
0.529237,0.511678,1.635642,1.626999
0.529084,0.485705,1.644746,1.635642
0.429088,0.572834,1.655702,1.644746
0.443940,0.488185,1.670262,1.655702
0.427174,0.450893,1.686846,1.670262
0.409974,0.348048,1.704907,1.686846
0.302076,0.333098,1.721649,1.704907
0.303349,0.353905,1.739597,1.721649
0.276613,0.323013,1.767790,1.739597
0.349339,0.288473,1.812466,1.767790
0.351497,0.212785,1.877182,1.812466
0.329115,0.234702,1.946116,1.877182
0.274954,0.331754,2.024714,1.946116
0.540486,0.267367,2.118071,2.024714
0.523335,0.280892,2.202662,2.118071
0.602755,0.333732,2.303021,2.202662
0.568714,0.307108,2.437068,2.303021
0.221530,0.346692,2.560155,2.437068
0.161500,0.368961,2.688239,2.560155
0.443790,0.406651,2.830557,2.688239
0.454558,0.433719,2.932305,2.830557
0.729665,0.608980,3.013204,2.932305
0.722292,0.593473,3.075876,3.013204
0.929685,0.649681,3.107045,3.075876
0.910892,0.791957,3.126483,3.107045
1.049529,0.711274,3.140730,3.126483
1.025135,0.722974,3.134748,3.140730
0.937511,0.851234,3.129451,3.134748
1.034878,0.708650,3.131683,3.129451
0.758855,0.687853,3.139299,3.131683
0.717551,0.844463,3.136435,3.139299
0.873824,0.701318,3.129003,3.136435
0.708723,0.838987,3.126364,3.129003
0.894211,0.850661,3.127164,3.126364
0.929329,0.697373,3.130615,3.127164
0.766272,0.849899,3.134259,3.130615
0.963758,0.709305,3.137727,3.134259
0.773908,0.749528,3.139432,3.137727
0.777550,0.845218,3.140152,3.139432
0.959174,0.740306,3.139957,3.140152
0.783144,0.758313,3.139386,3.139957
0.945506,0.896831,3.138749,3.139386
0.991404,0.736666,3.138385,3.138749
0.803088,0.736177,3.138439,3.138385
0.855678,0.907727,3.138689,3.138439
1.011566,0.700405,3.139130,3.138689
0.806347,0.778102,3.139552,3.139130
0.802776,0.865866,3.139969,3.139552
0.994474,0.749761,3.140500,3.139969
0.795514,0.772473,3.141034,3.140500
0.789351,0.924616,3.141747,3.141034
1.013026,0.934802,3.142411,3.141747
1.026560,0.869787,3.141778,3.142411
1.020820,0.738075,3.140956,3.141778
0.808812,0.794527,3.140171,3.140956
0.803716,0.900382,3.139279,3.140171
0.995547,0.756710,3.137975,3.139279
0.815657,0.746432,3.136857,3.137975
0.971550,0.912010,3.135765,3.136857
0.873634,0.771034,3.134501,3.135765
0.993586,0.787841,3.133518,3.134501
0.891584,0.960870,3.132457,3.133518
0.990328,0.888826,3.131114,3.132457
1.042679,0.857150,3.129498,3.131114
1.044047,0.753348,3.127593,3.129498
0.829634,0.940974,3.125168,3.127593
1.096246,0.869210,3.121573,3.125168
1.165899,0.743841,3.118701,3.121573
0.971866,0.803939,3.115914,3.118701
0.961854,0.688730,3.111722,3.115914
0.784916,0.651784,3.107370,3.111722
0.685472,0.656297,3.102054,3.107370
0.759664,0.482287,3.094703,3.102054
0.557902,0.533555,3.087844,3.094703
0.525171,0.584818,3.080145,3.087844
0.623471,0.448114,3.070446,3.080145
0.471285,0.409387,3.061672,3.070446
0.446386,0.439969,3.052155,3.061672
0.531264,0.356255,3.040657,3.052155
0.405129,0.367640,3.031199,3.040657
0.456594,0.400991,3.021975,3.031199
0.372694,0.309417,3.012386,3.021975
0.376727,0.272825,3.005301,3.012386
0.316395,0.298317,2.998435,3.005301
0.331939,0.216644,2.990196,2.998435
0.276364,0.228578,2.984554,2.990196
0.249531,0.261218,2.983014,2.984554
0.295621,0.197352,2.985492,2.983014
0.221307,0.186361,2.989227,2.985492
0.202050,0.170618,2.993145,2.989227
0.207391,0.170309,2.996440,2.993145
0.139773,0.151385,2.997580,2.996440
0.114533,0.148497,2.997489,2.997580
0.129097,0.128409,2.996324,2.997489
0.095859,0.113085,2.995064,2.996324
0.116183,0.119963,2.993934,2.995064
0.105699,0.079864,2.993132,2.993934
0.104758,0.073726,2.992886,2.993132
0.076390,0.094813,2.993011,2.992886
0.064861,0.041438,2.993307,2.993011
0.048031,0.057913,2.993534,2.993307
0.044530,0.051431,2.993860,2.993534
0.037892,0.048044,2.993955,2.993860
0.028673,0.056988,2.993855,2.993955
0.030266,0.049700,2.993715,2.993855
0.020931,0.047371,2.993596,2.993715
0.024073,0.045814,2.993484,2.993596
0.044491,0.048731,2.993389,2.993484
0.033511,0.020921,2.993361,2.993389
0.032800,0.031310,2.993366,2.993361
0.039774,0.011740,2.993312,2.993366
0.033127,0.005388,2.993263,2.993312
0.025095,0.023935,2.993467,2.993263
0.000000,0.028518,2.993522,2.993467
0.023636,0.012051,2.993408,2.993522
0.000000,0.011014,2.993918,2.993408
0.000000,0.000000,0.000000,0.000000
0.000000,0.005127,2.044446,0.000000
0.018740,0.032598,2.036446,2.044446
0.029138,0.042929,2.024741,2.036446
0.035812,0.038722,2.025633,2.024741
0.020380,0.025305,2.031783,2.025633
0.000000,0.046091,2.036633,2.031783
0.000000,0.031641,2.041550,2.036633
0.020028,0.013800,2.047642,2.041550
0.000000,0.035473,2.046766,2.047642
0.000000,0.048766,2.045958,2.046766
0.000000,0.048191,2.045446,2.045958
0.000000,0.005642,2.045716,2.045446
0.000000,0.043549,2.046602,2.045716
0.000000,0.039207,2.048248,2.046602
0.000000,0.026996,2.049363,2.048248
0.000000,0.029540,2.050667,2.049363
0.000000,0.019208,2.051370,2.050667
0.027519,0.031407,2.035950,2.051370
0.030374,0.021255,2.033406,2.035950
0.042660,0.015357,2.031452,2.033406
0.039246,0.055341,2.031297,2.031452
0.035587,0.038470,2.033065,2.031297
0.058516,0.047908,2.035778,2.033065
0.068132,0.052501,2.038202,2.035778
0.062532,0.031095,2.040167,2.038202
0.066160,0.041871,2.041165,2.040167
0.082628,0.040672,2.041931,2.041165
0.074921,0.051876,2.042523,2.041931
0.085873,0.033509,2.042923,2.042523
0.078054,0.022594,2.043208,2.042923
0.078215,0.032284,2.043821,2.043208
0.064546,0.037782,2.044055,2.043821
0.059114,0.043553,2.044173,2.044055
0.072936,0.065369,2.045367,2.044173
0.057946,0.025442,2.046834,2.045367
0.049904,0.037297,2.047806,2.046834
0.058400,0.041608,2.047209,2.047806
0.044362,0.020010,2.046222,2.047209
0.040005,0.008221,2.045832,2.046222
0.039714,0.065397,2.045593,2.045832
0.136266,0.014915,2.031788,2.045593
0.178338,0.046310,2.004441,2.031788
0.174786,0.108826,1.963205,2.004441
0.108538,0.201822,1.894246,1.963205
0.084028,0.243195,1.778913,1.894246
0.266101,0.339336,1.672000,1.778913
0.372032,0.490028,1.570107,1.672000
0.507846,0.508889,1.470473,1.570107
0.495327,0.581408,1.398862,1.470473
0.449581,0.741413,1.317173,1.398862
0.585047,0.717312,1.189029,1.317173
0.527373,0.908497,1.055200,1.189029
0.615036,0.940328,0.868393,1.055200
0.724887,0.857519,0.688225,0.868393
0.827122,0.970112,0.547827,0.688225
1.132568,0.838872,0.408601,0.547827
0.863078,0.814984,0.314144,0.408601
0.829650,0.932854,0.236217,0.314144
0.977283,0.800776,0.166036,0.236217
0.735272,0.770951,0.124549,0.166036
0.830609,0.933138,0.098875,0.124549
0.852535,0.768454,0.085798,0.098875
0.678653,0.950040,0.083763,0.085798
0.855267,0.955053,0.084290,0.083763
0.874329,0.842887,0.082809,0.084290
0.745453,0.989372,0.078322,0.082809
0.882996,0.789444,0.069834,0.078322
0.827238,0.859408,0.063944,0.069834
0.785443,0.973090,0.060906,0.063944
0.985098,0.779149,0.059280,0.060906
0.792726,1.009880,0.058628,0.059280
0.996073,0.957672,0.058378,0.058628
1.015127,0.843047,0.059085,0.058378
0.809701,1.003043,0.059578,0.059085
0.995746,0.821600,0.060491,0.059578
0.803518,0.831803,0.061085,0.060491
0.789220,0.993432,0.060847,0.061085
1.002507,0.844286,0.059684,0.060847
0.805968,0.842539,0.058122,0.059684
0.809900,0.979052,0.056773,0.058122
1.001812,0.801838,0.056258,0.056773
0.799776,0.827229,0.056606,0.056258
0.959152,0.978213,0.057328,0.056606
0.993923,0.832771,0.058303,0.057328
0.788904,0.838821,0.059165,0.058303
0.839480,0.964215,0.059768,0.059165
0.978539,0.851561,0.059930,0.059768
0.780515,0.845803,0.060281,0.059930
0.784478,0.965325,0.060565,0.060281
0.979172,0.839265,0.060565,0.060565
0.793074,0.834143,0.051790,0.060565
0.813307,0.977348,0.010507,0.051790
1.126602,0.767451,0.072648,0.010507
0.921188,0.782876,0.112224,0.072648
0.865359,0.872978,0.128352,0.112224
0.967569,0.663027,0.130528,0.128352
0.679440,0.632593,0.125061,0.130528
0.726774,0.681022,0.116014,0.125061
0.678951,0.517887,0.104243,0.116014
0.497626,0.485554,0.095005,0.104243
0.475831,0.529898,0.086970,0.095005
0.516696,0.401182,0.079813,0.086970
0.384747,0.416109,0.075653,0.079813
0.362662,0.452761,0.073616,0.075653
0.418328,0.339968,0.065954,0.073616
0.285534,0.328633,0.041636,0.065954
0.221070,0.347426,0.046366,0.041636
0.328869,0.299277,0.090342,0.046366
0.359573,0.297567,0.169517,0.090342
0.410581,0.284889,0.251841,0.169517
0.448934,0.189389,0.311816,0.251841
0.280738,0.259750,0.303907,0.311816
0.256870,0.310426,0.267493,0.303907
0.372760,0.300283,0.295184,0.267493
0.296516,0.297794,0.372281,0.295184
0.280724,0.413026,0.480505,0.372281
0.417881,0.425320,0.624760,0.480505
0.391080,0.496860,0.744396,0.624760
0.495276,0.668262,0.869888,0.744396
0.760498,0.632816,1.013231,0.869888
0.750052,0.735935,1.125326,1.013231
0.836455,0.891159,1.225094,1.125326
1.148106,0.812668,1.319269,1.225094
0.899047,0.784391,1.383090,1.319269
0.803790,0.942076,1.436320,1.383090
0.849895,0.771369,1.486463,1.436320
0.640385,0.820221,1.520719,1.486463
0.740208,0.922078,1.549917,1.520719
0.777610,0.755684,1.575782,1.549917
0.648494,0.800034,1.589204,1.575782
0.737364,0.951940,1.593552,1.589204
0.918916,0.777377,1.586358,1.593552
0.757649,0.822546,1.574472,1.586358
0.779074,0.961284,1.561866,1.574472
1.005688,0.993744,1.551489,1.561866
0.997009,0.985806,1.547462,1.551489
1.004106,0.814987,1.548562,1.547462
0.808604,0.839945,1.551613,1.548562
0.806788,0.981783,1.555130,1.551613
0.998707,0.814844,1.558421,1.555130
0.799418,0.825835,1.560022,1.558421
0.791259,0.945727,1.560466,1.560022
1.002337,0.818420,1.559855,1.560466
0.804688,0.821794,1.558987,1.559855
0.955141,0.986345,1.558098,1.558987
0.854909,0.816089,1.557507,1.558098
0.960187,0.829542,1.557416,1.557507
0.862532,1.004020,1.557706,1.557416
0.969241,1.005453,1.558207,1.557706
1.019677,0.980362,1.558614,1.558207
1.016828,0.840455,1.558745,1.558614
0.810498,0.852792,1.558708,1.558745
0.847483,0.989032,1.558649,1.558708
1.004810,0.825931,1.558687,1.558649
0.808456,0.844994,1.558874,1.558687
0.806517,0.988463,1.559217,1.558874
0.998569,0.816228,1.559759,1.559217
0.789080,0.859567,1.560369,1.559759
0.795458,0.942473,1.561027,1.560369
1.000214,0.835036,1.561504,1.561027
0.819071,0.839486,1.561687,1.561504
0.895286,0.967449,1.564046,1.561687
1.161553,0.768649,1.567578,1.564046
0.853128,0.763013,1.569268,1.567578
0.882314,0.798802,1.570151,1.569268
0.819905,0.622903,1.571039,1.570151
0.587551,0.595009,1.572266,1.571039
0.551509,0.640772,1.574252,1.572266
0.597757,0.476830,1.577453,1.574252
0.454989,0.471615,1.580513,1.577453
0.422484,0.534194,1.583526,1.580513
0.483013,0.379470,1.586359,1.583526
0.363204,0.372515,1.587961,1.586359
0.344767,0.404345,1.588853,1.587961
0.359973,0.315449,1.589053,1.588853
0.219786,0.314213,1.589336,1.589053
0.258304,0.332134,1.584534,1.589336
0.482801,0.269759,1.569388,1.584534
0.401185,0.239831,1.546469,1.569388
0.428566,0.274524,1.502182,1.546469
0.403176,0.231132,1.430847,1.502182
0.315860,0.298920,1.357102,1.430847
0.366701,0.316947,1.273869,1.357102
0.206114,0.307444,1.172444,1.273869
0.020744,0.378532,1.087057,1.172444
0.076451,0.505931,0.987365,1.087057
0.189453,0.516382,0.848171,0.987365
0.257602,0.555359,0.719527,0.848171
0.327668,0.808743,0.576343,0.719527
0.725792,0.723073,0.420545,0.576343
0.736714,0.756940,0.309800,0.420545
0.877819,0.950529,0.216840,0.309800
1.143247,0.786622,0.143101,0.216840
0.857286,0.833550,0.100258,0.143101
0.925179,0.931977,0.071402,0.100258
0.908231,0.788912,0.060550,0.071402
0.701574,0.778540,0.065749,0.060550
0.734221,0.928881,0.072897,0.065749
0.880749,0.806345,0.077669,0.072897
0.721781,0.799034,0.077545,0.077669
0.734896,0.945723,0.075847,0.077545
0.959544,0.770794,0.074653,0.075847
0.793643,0.850946,0.075237,0.074653
0.793502,0.948085,0.075901,0.075237
0.996486,0.815546,0.075757,0.075901
0.797823,0.814565,0.074828,0.075757
0.803898,0.968369,0.073448,0.074828
1.002209,0.821117,0.071473,0.073448
0.792563,0.842240,0.069505,0.071473
0.937939,0.979148,0.067599,0.069505
0.974967,0.818323,0.065964,0.067599
0.784863,0.827515,0.064963,0.065964
0.839229,0.975658,0.064375,0.064963
0.988453,0.826721,0.064443,0.064375
0.789416,0.831795,0.064926,0.064443
0.783035,0.963191,0.065874,0.064926
0.993408,0.801675,0.067066,0.065874
0.795194,0.863042,0.067409,0.067066
0.799407,0.990590,0.066886,0.067409
0.990059,0.829111,0.065518,0.066886
0.793244,0.877424,0.064316,0.065518
0.795854,0.980769,0.063222,0.064316
0.982931,0.835705,0.062002,0.063222
0.782446,0.845063,0.060691,0.062002
0.933033,0.969891,0.059326,0.060691
0.987658,0.843538,0.057982,0.059326
0.788233,0.838666,0.057338,0.057982
0.846807,0.984214,0.057253,0.057338
0.980770,0.797320,0.057007,0.057253
0.786927,0.828487,0.032667,0.057007
0.858070,1.030049,0.033102,0.032667
1.155257,0.887322,0.097247,0.033102
0.965396,0.835955,0.121390,0.097247
0.854102,0.926512,0.129294,0.121390
0.919587,0.726007,0.128553,0.129294
0.651550,0.668701,0.124189,0.128553
0.596976,0.711039,0.118068,0.124189
0.657695,0.543244,0.110553,0.118068
0.477097,0.540278,0.104962,0.110553
0.522162,0.559027,0.100931,0.104962
0.501132,0.542296,0.098872,0.100931
0.456933,0.465165,0.099622,0.098872
0.347803,0.364426,0.099320,0.099622
0.337229,0.325363,0.089362,0.099320
0.243863,0.315768,0.113979,0.089362
0.347944,0.244954,0.175180,0.113979
0.365517,0.206635,0.239781,0.175180
0.336383,0.243584,0.287123,0.239781
0.331706,0.228483,0.273082,0.287123
0.323068,0.261792,0.215612,0.273082
0.456116,0.331297,0.163886,0.215612
0.677941,0.290285,0.221047,0.163886
0.393719,0.351862,0.321420,0.221047
0.379973,0.427177,0.440298,0.321420
0.399442,0.413990,0.582061,0.440298
0.362028,0.500899,0.697125,0.582061
0.560521,0.716784,0.815420,0.697125
0.640996,0.672888,0.954682,0.815420
0.894750,0.774801,1.070455,0.954682
1.052362,0.951799,1.176826,1.070455
1.222773,1.019669,1.278561,1.176826
1.228418,0.993725,1.361661,1.278561
1.061292,0.849912,1.426750,1.361661
0.797515,0.850725,1.471749,1.426750
0.780741,0.951585,1.510312,1.471749
0.892691,0.827852,1.546757,1.510312
0.709626,0.844982,1.570200,1.546757
0.709801,0.957125,1.586547,1.570200
0.893578,0.798871,1.594349,1.586547
0.728814,0.854084,1.591064,1.594349
0.751632,1.007865,1.580727,1.591064
0.947692,0.849338,1.566138,1.580727
0.753608,0.895644,1.556305,1.566138
0.756771,1.015104,1.550552,1.556305
0.942235,0.861121,1.549527,1.550552
0.772037,0.858230,1.552161,1.549527
0.923263,1.017188,1.556498,1.552161
0.975466,0.874746,1.561602,1.556498
0.776054,0.890929,1.564841,1.561602
0.818669,1.044562,1.566813,1.564841
0.636724,0.827238,1.567610,1.566813
0.651035,0.875331,1.567452,1.567610
0.720236,1.016050,1.567007,1.567452
0.934943,0.849391,1.566701,1.567007
0.751789,0.882262,1.566909,1.566701
0.747907,0.987029,1.567685,1.566909
0.933944,1.048029,1.569193,1.567685
0.936502,0.983662,1.571053,1.569193
0.925894,0.827638,1.573112,1.571053
0.739392,1.000805,1.574881,1.573112
0.908590,1.013893,1.577180,1.574881
0.923854,0.867986,1.579634,1.577180
0.742681,0.981855,1.581880,1.579634
0.925460,0.818661,1.584691,1.581880
0.741305,0.836205,1.587289,1.584691
0.738249,0.986681,1.590168,1.587289
0.918910,0.801734,1.593450,1.590168
0.763913,0.841684,1.596524,1.593450
1.032044,0.964656,1.602441,1.596524
1.045525,0.748928,1.610627,1.602441
0.802505,0.743072,1.616750,1.610627
0.755997,0.766726,1.622861,1.616750
0.753508,0.609091,1.630921,1.622861
0.546133,0.575765,1.639013,1.630921
0.487024,0.593515,1.648413,1.639013
0.531944,0.452588,1.660795,1.648413
0.371567,0.449914,1.672181,1.660795
0.332934,0.465515,1.684569,1.672181
0.371285,0.346226,1.699979,1.684569
0.278508,0.342227,1.714092,1.699979
0.252902,0.348434,1.729702,1.714092
0.241183,0.259857,1.749485,1.729702
0.203745,0.247677,1.764523,1.749485
0.353815,0.284994,1.771892,1.764523
0.418791,0.226412,1.765545,1.771892
0.318477,0.196572,1.742337,1.765545
0.271357,0.219817,1.700790,1.742337
0.332191,0.220684,1.637782,1.700790
0.401581,0.264475,1.572291,1.637782
0.436239,0.355437,1.495517,1.572291
0.390631,0.332680,1.401092,1.495517
0.269646,0.352224,1.323764,1.401092
0.264259,0.543642,1.232064,1.323764
0.489774,0.657361,1.104001,1.232064
0.735705,0.790720,0.939631,1.104001
1.002643,0.749816,0.756122,0.939631
1.013270,0.865869,0.605331,0.756122
1.125910,0.962125,0.468819,0.605331
1.414667,0.887450,0.345370,0.468819
1.041540,1.005977,0.264178,0.345370
1.084966,1.006876,0.185249,0.264178
0.949152,0.836036,0.127584,0.185249
0.717543,1.002977,0.095233,0.127584
0.881611,0.833976,0.079331,0.095233
0.712227,0.874888,0.080076,0.079331
0.818641,1.007658,0.084792,0.080076
0.879583,0.815071,0.085981,0.084792
0.736303,0.861664,0.081154,0.085981
0.802719,0.983319,0.072653,0.081154
0.966756,0.880763,0.063285,0.072653
0.780992,0.890094,0.058981,0.063285
0.792950,1.035043,0.056820,0.058981
0.968662,0.865229,0.054224,0.056820
0.772203,0.907049,0.051371,0.054224
0.759704,1.048418,0.048518,0.051371
0.944852,0.860910,0.046078,0.048518
0.754621,0.883517,0.044656,0.046078
0.745521,1.035082,0.043107,0.044656
0.941844,0.855692,0.041387,0.043107
0.755299,0.882376,0.040192,0.041387
0.889576,0.979818,0.038976,0.040192
0.928819,0.859422,0.037861,0.038976
0.743494,0.883035,0.037845,0.037861
0.781937,0.996522,0.038669,0.037845
0.917021,0.863926,0.039962,0.038669
0.732575,0.817857,0.040852,0.039962
0.726660,0.995786,0.041698,0.040852
0.910421,0.836811,0.042709,0.041698
0.718661,0.854180,0.043615,0.042709
0.720253,0.975354,0.044619,0.043615
0.897015,0.984519,0.045396,0.044619
0.898437,0.971091,0.046454,0.045396
0.890634,0.847872,0.048117,0.046454
0.715635,0.820418,0.048510,0.048117
0.707090,0.957546,0.022773,0.048510
1.000892,0.766881,0.060131,0.022773
0.872063,0.812765,0.111214,0.060131
0.995372,0.879699,0.134939,0.111214
0.765390,0.659694,0.142334,0.134939
0.737562,0.642761,0.139703,0.142334
0.555777,0.682626,0.133247,0.139703
0.537686,0.506259,0.125022,0.133247
0.423519,0.488678,0.119449,0.125022
0.368101,0.489919,0.116083,0.119449
0.437544,0.401569,0.116176,0.116083
0.321423,0.375527,0.119547,0.116176
0.299816,0.373776,0.125525,0.119547
0.344873,0.288387,0.133578,0.125525
0.244763,0.345181,0.139108,0.133578
0.313063,0.316853,0.169322,0.139108
0.395282,0.197351,0.223183,0.169322
0.308588,0.204342,0.278730,0.223183
0.370451,0.178495,0.295640,0.278730
0.242589,0.235519,0.258505,0.295640
0.295315,0.262865,0.184202,0.258505
0.601393,0.265184,0.145465,0.184202
0.421108,0.293159,0.216036,0.145465
0.268323,0.379592,0.328026,0.216036
0.118863,0.364317,0.473576,0.328026
0.066537,0.453800,0.591620,0.473576
0.101628,0.629941,0.709285,0.591620
0.304082,0.628697,0.846455,0.709285
0.482519,0.703500,0.963335,0.846455
0.775695,0.938539,1.081085,0.963335
1.168951,0.836797,1.202027,1.081085
1.032912,0.856316,1.285564,1.202027
1.011975,1.025452,1.356434,1.285564
1.070290,0.862043,1.422918,1.356434
0.773493,0.819181,1.468886,1.422918
0.766391,0.990583,1.508842,1.468886
0.906249,0.809909,1.547228,1.508842
0.715057,0.859470,1.572200,1.547228
0.851441,0.975284,1.589857,1.572200
0.905439,0.837755,1.598737,1.589857
0.731685,0.847632,1.595832,1.598737
0.784915,1.001140,1.585366,1.595832
0.934019,0.856922,1.570176,1.585366
0.749904,0.864158,1.559610,1.570176
0.766432,1.022844,1.553187,1.559610
0.971817,0.878420,1.551458,1.553187
0.781212,0.870025,1.553504,1.551458
0.792077,1.023625,1.557144,1.553504
0.988430,0.860772,1.561304,1.557144
0.789124,0.900135,1.563944,1.561304
0.774245,1.013925,1.565589,1.563944
0.958234,0.839810,1.566439,1.565589
0.762335,0.863916,1.566730,1.566439
0.896136,0.995193,1.566939,1.566730
0.933099,0.801759,1.567401,1.566939
0.740167,0.879324,1.568097,1.567401
0.785038,0.989952,1.569058,1.568097
0.918473,0.834189,1.570380,1.569058
0.727764,0.862466,1.571471,1.570380
0.736342,0.978578,1.572685,1.571471
0.922063,0.827791,1.574125,1.572685
0.747834,0.823343,1.575451,1.574125
0.745367,0.970333,1.577047,1.575451
0.929051,0.837449,1.579422,1.577047
0.743934,0.845875,1.581812,1.579422
0.758638,0.992938,1.584658,1.581812
0.933705,0.837670,1.588455,1.584658
0.740387,0.828161,1.591810,1.588455
0.886680,0.987988,1.595344,1.591810
1.042598,0.802184,1.602161,1.595344
0.881873,0.785584,1.609108,1.602161
0.873570,0.857309,1.614806,1.609108
0.862728,0.689254,1.620178,1.614806
0.620431,0.649939,1.624747,1.620178
0.560020,0.685816,1.630385,1.624747
0.601160,0.502093,1.638853,1.630385
0.432600,0.481079,1.647798,1.638853
0.395285,0.506464,1.658949,1.647798
0.452611,0.401833,1.674401,1.658949
0.363902,0.359342,1.689192,1.674401
0.339292,0.394889,1.705922,1.689192
0.382303,0.292991,1.726990,1.705922
0.279981,0.285573,1.745051,1.726990
0.192341,0.307739,1.768331,1.745051
0.158381,0.234669,1.808024,1.768331
0.203212,0.221709,1.856276,1.808024
0.283004,0.256463,1.920297,1.856276
0.236008,0.243114,2.006443,1.920297
0.310077,0.280296,2.080801,2.006443
0.435100,0.331173,2.163069,2.080801
0.773540,0.271350,2.276968,2.163069
0.729913,0.315262,2.386206,2.276968
0.577209,0.377375,2.509007,2.386206
0.485575,0.347069,2.658272,2.509007
0.303468,0.352691,2.780917,2.658272
0.380321,0.506676,2.893750,2.780917
0.648728,0.485368,2.997327,2.893750
0.629224,0.562872,3.057177,2.997327
0.841391,0.748035,3.095915,3.057177
1.015074,0.688661,3.122266,3.095915
0.857700,0.699164,3.135764,3.122266
1.001578,0.863402,3.138884,3.135764
1.186649,0.728240,3.131137,3.138884
0.862447,0.694388,3.130756,3.131137
0.789023,0.833365,3.136015,3.130756
0.933181,0.707758,3.139131,3.136015
0.734989,0.691655,3.132463,3.139131
0.736866,0.821241,3.128247,3.132463
0.921294,0.706162,3.127216,3.128247
0.735331,0.719603,3.128858,3.127216
0.760375,0.829673,3.131824,3.128858
0.970890,0.713616,3.135463,3.131824
0.780227,0.725705,3.137749,3.135463
0.927570,0.852038,3.139229,3.137749
0.971910,0.719137,3.139731,3.139229
0.787554,0.758122,3.139496,3.139731
0.835367,0.858020,3.139026,3.139496
0.983220,0.732528,3.138357,3.139026
0.800798,0.753743,3.138132,3.138357
0.806184,0.904468,3.138283,3.138132
1.015890,0.748344,3.138651,3.138283
0.812467,0.764304,3.139228,3.138651
0.807647,0.882963,3.139843,3.139228
1.006344,0.773439,3.140612,3.139843
0.817280,0.782152,3.141285,3.140612
0.820313,0.884802,3.141950,3.141285
1.043805,0.753082,3.142061,3.141950
0.819520,0.781311,3.141611,3.142061
0.977144,0.899149,3.141303,3.141611
1.032666,0.753049,3.140930,3.141303
0.814371,0.762598,3.140451,3.140930
0.849280,0.934318,3.139731,3.140451
1.014341,0.745215,3.138622,3.139731
0.818009,0.764298,3.137541,3.138622
0.841147,0.899572,3.136431,3.137541
1.057717,0.771751,3.135249,3.136431
0.847260,0.745149,3.134455,3.135249
0.848524,0.920602,3.133772,3.134455
1.071048,0.756848,3.132942,3.133772
0.839427,0.776338,3.131870,3.132942
0.982492,0.929238,3.130188,3.131870
0.881067,0.745585,3.126674,3.130188
1.031906,0.770189,3.123044,3.126674
0.997157,0.835450,3.119870,3.123044
1.083887,0.710208,3.116130,3.119870
0.864544,0.705348,3.112615,3.116130
0.736419,0.751140,3.108566,3.112615
0.837641,0.595267,3.102815,3.108566
0.620545,0.546452,3.097009,3.102815
0.588866,0.564656,3.090131,3.097009
0.675502,0.434347,3.081140,3.090131
0.519971,0.463392,3.073072,3.081140
0.488324,0.499088,3.064455,3.073072
0.557225,0.462207,3.054163,3.064455
0.519183,0.404591,3.043766,3.054163
0.496542,0.366421,3.034095,3.043766
0.372709,0.371275,3.026664,3.034095
0.421484,0.327848,3.018447,3.026664
0.391762,0.248541,3.011004,3.018447
0.299047,0.323281,3.004293,3.011004
0.343024,0.248213,2.995336,3.004293
0.257100,0.214190,2.989817,2.995336
0.285412,0.212381,2.988519,2.989817
0.249125,0.188651,2.991120,2.988519
0.270172,0.152634,2.994819,2.991120
0.231371,0.191393,2.998597,2.994819
0.218680,0.146772,3.001733,2.998597
0.153531,0.140017,3.002865,3.001733
0.130151,0.180100,3.002718,3.002865
0.160892,0.130610,3.001580,3.002718
0.123546,0.090703,3.000410,3.001580
0.117408,0.149654,2.999385,3.000410
0.123178,0.068295,2.998619,2.999385
0.081985,0.095660,2.998418,2.998619
0.062365,0.080686,2.998519,2.998418
0.051147,0.052333,2.998816,2.998519
0.039585,0.043847,2.999087,2.998816
0.032998,0.042996,2.999314,2.999087
0.030013,0.069171,2.999407,2.999314
0.033696,0.057812,2.999352,2.999407
0.023091,0.028240,2.999280,2.999352
0.000000,0.018942,2.999172,2.999280
0.026095,0.034568,2.999076,2.999172
0.030219,0.016469,2.998881,2.999076
0.029154,0.037227,2.998648,2.998881
0.026897,0.055899,2.998579,2.998648
0.030037,0.030471,2.998585,2.998579
0.030743,0.034649,2.998711,2.998585
0.027427,0.041698,2.998843,2.998711
0.000000,0.015457,2.998940,2.998843
0.000000,0.020415,2.998902,2.998940
0.000000,0.019198,2.998833,2.998902
0.024509,0.028505,2.998898,2.998833
0.020283,0.034373,2.998904,2.998898
0.022392,0.011505,2.998699,2.998904
0.000000,0.058278,3.003435,2.998699
0.000000,0.000000,0.000000,0.000000
0.000000,0.022448,2.046339,0.000000
0.019474,0.039723,2.041597,2.046339
0.025651,0.025913,2.041059,2.041597
0.033055,0.051644,2.048527,2.041059
0.018189,0.027965,2.058339,2.048527
0.000000,0.015913,2.067807,2.058339
0.021412,0.017764,2.065352,2.067807
0.000000,0.016667,2.062140,2.065352
0.000000,0.033172,2.059639,2.062140
0.000000,0.010948,2.058513,2.059639
0.000000,0.036189,2.058608,2.058513
0.000000,0.041715,2.059214,2.058608
0.000000,0.037678,2.059684,2.059214
0.000000,0.011282,2.059550,2.059684
0.000000,0.045900,2.059501,2.059550
0.000000,0.026389,2.059153,2.059501
0.033177,0.036629,2.054254,2.059153
0.039701,0.034104,2.049727,2.054254
0.036917,0.033601,2.044763,2.049727
0.039247,0.017138,2.042846,2.044763
0.045394,0.055480,2.043170,2.042846
0.043465,0.025450,2.046345,2.043170
0.059470,0.037827,2.049607,2.046345
0.075052,0.010135,2.051615,2.049607
0.072529,0.025551,2.052524,2.051615
0.063716,0.053277,2.053650,2.052524
0.098777,0.042065,2.055280,2.053650
0.083821,0.013149,2.056289,2.055280
0.084686,0.040494,2.057000,2.056289
0.100577,0.039843,2.057349,2.057000
0.075303,0.036784,2.057959,2.057349
0.068883,0.015410,2.059105,2.057959
0.076471,0.043566,2.059037,2.059105
0.051264,0.011091,2.057944,2.059037
0.034602,0.040766,2.056695,2.057944
0.038634,0.026142,2.055896,2.056695
0.033390,0.020224,2.055342,2.055896
0.058547,0.035387,2.054591,2.055342
0.082422,0.029618,2.053297,2.054591
0.199649,0.031960,2.024162,2.053297
0.178955,0.091424,1.988183,2.024162
0.115173,0.171870,1.922525,1.988183
0.108139,0.251129,1.802764,1.922525
0.248270,0.333801,1.689686,1.802764
0.303482,0.498982,1.588666,1.689686
0.438867,0.484323,1.497197,1.588666
0.497809,0.570230,1.432799,1.497197
0.460908,0.743693,1.360244,1.432799
0.555878,0.717205,1.238788,1.360244
0.561524,0.757700,1.106087,1.238788
0.717313,0.939792,0.949415,1.106087
0.538160,0.972451,0.760161,0.949415
0.862587,0.998120,0.584055,0.760161
0.978438,0.790364,0.438021,0.584055
1.089780,0.796116,0.338557,0.438021
0.907890,0.945331,0.257927,0.338557
0.938535,0.771701,0.186485,0.257927
0.790347,0.831909,0.142690,0.186485
0.707145,0.913724,0.112333,0.142690
0.852129,0.803945,0.093322,0.112333
0.671580,0.824153,0.088116,0.093322
0.672461,0.925612,0.087046,0.088116
0.851368,0.822061,0.085686,0.087046
0.693797,0.830252,0.082093,0.085686
0.736469,0.937174,0.074901,0.082093
0.961934,0.828858,0.064909,0.074901
0.789455,0.859403,0.059621,0.064909
0.939193,0.957109,0.056903,0.059621
0.862980,0.820396,0.056623,0.056903
0.959456,0.835285,0.056843,0.056623
0.858485,0.961565,0.056492,0.056843
0.946448,0.806196,0.055662,0.056492
0.852688,0.854532,0.055051,0.055662
0.790282,0.963117,0.054609,0.055051
0.989935,0.837761,0.054814,0.054609
0.797284,0.853633,0.055745,0.054814
0.792227,0.947280,0.057234,0.055745
0.983035,0.837703,0.059355,0.057234
0.779568,0.857804,0.060936,0.059355
0.774576,0.946476,0.061946,0.060936
0.971634,0.849404,0.062658,0.061946
0.783704,0.992732,0.062837,0.062658
0.994545,0.973245,0.062371,0.062837
0.993026,0.843583,0.061485,0.062371
0.789064,0.982231,0.060237,0.061485
0.985565,0.805838,0.059183,0.060237
0.788800,0.838326,0.058640,0.059183
0.929589,0.981946,0.058529,0.058640
0.984593,0.827777,0.057943,0.058529
0.799438,0.853307,0.029294,0.057943
0.937337,0.931511,0.033400,0.029294
1.158734,0.781846,0.095159,0.033400
0.880703,0.761826,0.116756,0.095159
0.803802,0.842549,0.123599,0.116756
0.876486,0.624347,0.122118,0.123599
0.637195,0.624229,0.116865,0.122118
0.584433,0.669376,0.109722,0.116865
0.656932,0.502827,0.101023,0.109722
0.486620,0.476973,0.094895,0.101023
0.452305,0.545904,0.090241,0.094895
0.520407,0.451708,0.086815,0.090241
0.390833,0.381228,0.085295,0.086815
0.424847,0.435444,0.084602,0.085295
0.407514,0.313911,0.062432,0.084602
0.261250,0.275705,0.046893,0.062432
0.229783,0.336292,0.068482,0.046893
0.434822,0.259138,0.154705,0.068482
0.429730,0.267566,0.234933,0.154705
0.421117,0.271669,0.301378,0.234933
0.401865,0.220201,0.310870,0.301378
0.293835,0.242202,0.272691,0.310870
0.378506,0.322683,0.258627,0.272691
0.556975,0.279984,0.334950,0.258627
0.348829,0.351833,0.436586,0.334950
0.300803,0.432903,0.562843,0.436586
0.401953,0.469818,0.712237,0.562843
0.334518,0.540335,0.836886,0.712237
0.425910,0.712984,0.964115,0.836886
0.567908,0.652370,1.103222,0.964115
0.613977,0.740063,1.205158,1.103222
0.859577,0.924593,1.291142,1.205158
1.208643,0.788387,1.371438,1.291142
0.919437,0.820495,1.426546,1.371438
0.809860,0.966945,1.472677,1.426546
0.870865,0.991458,1.515640,1.472677
0.818781,0.911210,1.549597,1.515640
0.817860,0.775525,1.573994,1.549597
0.672548,0.803226,1.586771,1.573994
0.703420,0.944620,1.591261,1.586771
0.913724,0.790276,1.584806,1.591261
0.750157,0.823690,1.573193,1.584806
0.774286,0.920588,1.560602,1.573193
0.983452,0.802178,1.549573,1.560602
0.788889,0.846686,1.545059,1.549573
0.936434,0.979655,1.544559,1.545059
0.841411,0.824614,1.547722,1.544559
0.942071,0.828024,1.551547,1.547722
0.839029,0.985933,1.555312,1.551547
0.944375,0.810857,1.558181,1.555312
0.841606,0.838030,1.559131,1.558181
0.793235,0.994164,1.559092,1.559131
1.001579,0.832564,1.558321,1.559092
0.803126,0.827392,1.557613,1.558321
0.810557,0.947782,1.557099,1.557613
1.016357,0.843714,1.556980,1.557099
0.811311,0.863934,1.557239,1.556980
0.816007,1.012838,1.557755,1.557239
1.013358,0.792438,1.558316,1.557755
0.806554,0.825212,1.558706,1.558316
0.940506,0.995895,1.559044,1.558706
0.842220,0.832959,1.559366,1.559044
0.942079,0.832858,1.559479,1.559366
0.842558,0.975086,1.559401,1.559479
0.940828,0.833885,1.559341,1.559401
0.838943,0.843196,1.559274,1.559341
0.786910,0.944038,1.559213,1.559274
1.000346,0.823545,1.559334,1.559213
0.802911,0.827491,1.559612,1.559334
0.800204,0.957877,1.559588,1.559612
1.058499,0.834100,1.559901,1.559588
0.905039,0.838552,1.562910,1.559901
0.928061,0.893862,1.566132,1.562910
1.009379,0.711130,1.568282,1.566132
0.718931,0.659344,1.569166,1.568282
0.763092,0.746991,1.569551,1.569166
0.613616,0.552816,1.569785,1.569551
0.632495,0.621887,1.570167,1.569785
0.605820,0.575596,1.571163,1.570167
0.475651,0.438934,1.572673,1.571163
0.496540,0.484241,1.574151,1.572673
0.486042,0.380787,1.575904,1.574151
0.359727,0.361864,1.577325,1.575904
0.349629,0.379934,1.578089,1.577325
0.290343,0.318220,1.580186,1.578089
0.226629,0.300033,1.580304,1.580186
0.340560,0.353323,1.574052,1.580304
0.532126,0.280745,1.556559,1.574052
0.397039,0.225256,1.528641,1.556559
0.356342,0.311020,1.477989,1.528641
0.425946,0.243628,1.401169,1.477989
0.283952,0.285620,1.324969,1.401169
0.257975,0.359279,1.240811,1.324969
0.231114,0.312598,1.141139,1.240811
0.215240,0.403282,1.053516,1.141139
0.234477,0.563968,0.945413,1.053516
0.273228,0.659947,0.800738,0.945413
0.511476,0.748881,0.634527,0.800738
0.694430,0.690140,0.471380,0.634527
0.909849,0.957345,0.352086,0.471380
1.092831,0.964998,0.233861,0.352086
0.983441,0.836379,0.154949,0.233861
1.009935,0.951521,0.107097,0.154949
1.005560,0.960152,0.069757,0.107097
0.952612,0.915902,0.059739,0.069757
0.755685,0.780047,0.068536,0.059739
0.823677,0.780886,0.076273,0.068536
0.744864,0.904567,0.079681,0.076273
0.853631,0.789714,0.078251,0.079681
0.803046,0.801108,0.075684,0.078251
0.774037,0.951857,0.074346,0.075684
1.001987,0.800262,0.075014,0.074346
0.796340,0.805475,0.075183,0.075014
0.791611,0.959850,0.074415,0.075183
0.993154,0.816277,0.071921,0.074415
0.797642,0.859855,0.069620,0.071921
0.794273,0.985796,0.067797,0.069620
0.976131,0.820899,0.066295,0.067797
0.775325,0.834866,0.065758,0.066295
0.921648,0.958074,0.066092,0.065758
0.841154,0.846243,0.066825,0.066092
0.942142,0.809847,0.067120,0.066825
0.837177,0.983912,0.067166,0.067120
0.927322,0.843221,0.066471,0.067166
0.848136,0.882439,0.065589,0.066471
0.660444,0.976066,0.064413,0.065589
0.944230,0.809601,0.062544,0.064413
0.780094,0.831311,0.061326,0.062544
0.785035,1.008022,0.060595,0.061326
0.990201,0.839764,0.060521,0.060595
0.794903,0.841785,0.060553,0.060521
0.788435,0.953398,0.060449,0.060553
0.978359,0.824994,0.060573,0.060449
0.782159,0.839586,0.060720,0.060573
0.926167,0.979674,0.060792,0.060720
0.834540,0.818585,0.060863,0.060792
0.942706,0.872114,0.060888,0.060863
0.837492,0.926647,0.058906,0.060888
0.914056,0.833625,0.017533,0.058906
0.920639,0.888062,0.050078,0.017533
0.931356,1.019581,0.102717,0.050078
1.089188,0.822175,0.126799,0.102717
0.763747,0.778682,0.131108,0.126799
0.691235,0.852203,0.128793,0.131108
0.772524,0.643919,0.122134,0.128793
0.568199,0.613237,0.115489,0.122134
0.511917,0.645341,0.108668,0.115489
0.580921,0.499025,0.101480,0.108668
0.436521,0.466851,0.096971,0.101480
0.485239,0.519436,0.094591,0.096971
0.397315,0.498679,0.094691,0.094591
0.393060,0.390485,0.091446,0.094691
0.330038,0.303104,0.079147,0.091446
0.228459,0.268573,0.112523,0.079147
0.365646,0.329807,0.171069,0.112523
0.402872,0.214264,0.251247,0.171069
0.324209,0.226498,0.291346,0.251247
0.303335,0.275910,0.279060,0.291346
0.430471,0.246754,0.210630,0.279060
0.469399,0.279130,0.180669,0.210630
0.470586,0.367570,0.240958,0.180669
0.393223,0.340716,0.363151,0.240958
0.218553,0.485715,0.478635,0.363151
0.317373,0.540038,0.618950,0.478635
0.566227,0.571161,0.753126,0.618950
0.568698,0.783556,0.868981,0.753126
0.861649,0.708596,1.007764,0.868981
0.762721,0.810936,1.118812,1.007764
0.943739,1.008026,1.217431,1.118812
1.240671,0.851593,1.312079,1.217431
0.903961,0.845220,1.376851,1.312079
0.946696,1.007906,1.432586,1.376851
0.800752,0.823297,1.486771,1.432586
0.816401,0.832324,1.523825,1.486771
0.694629,0.984241,1.553685,1.523825
0.791807,0.824312,1.578323,1.553685
0.745770,0.845712,1.590478,1.578323
0.722224,0.976788,1.594339,1.590478
0.919453,0.851454,1.587570,1.594339
0.758767,0.848311,1.575957,1.587570
0.769941,1.031650,1.563541,1.575957
0.958566,0.845475,1.552886,1.563541
0.763283,0.868921,1.548670,1.552886
0.764495,1.045601,1.548548,1.548670
0.951871,0.870507,1.552092,1.548548
0.771074,0.883131,1.556448,1.552092
0.912072,1.015768,1.560825,1.556448
0.815008,0.843772,1.564790,1.560825
0.898708,1.025052,1.566840,1.564790
0.942955,1.033408,1.568112,1.566840
0.803973,0.846324,1.568515,1.568112
0.901876,1.042774,1.568755,1.568515
0.939687,0.829777,1.569386,1.568755
0.749018,0.854496,1.570271,1.569386
0.803921,1.002222,1.571357,1.570271
0.937856,0.815482,1.572653,1.571357
0.745576,0.855008,1.573551,1.572653
0.742046,1.006819,1.574368,1.573551
0.921670,0.832787,1.575236,1.574368
0.732419,0.850946,1.576040,1.575236
0.736606,0.990947,1.577173,1.576040
0.926591,0.812531,1.579045,1.577173
0.741956,0.864707,1.581139,1.579045
0.743085,0.974927,1.583714,1.581139
0.927452,0.804452,1.587195,1.583714
0.742920,0.856974,1.590338,1.587195
0.913662,0.987143,1.594128,1.590338
1.052885,0.772614,1.602204,1.594128
0.879741,0.781018,1.609624,1.602204
0.870715,0.854250,1.615785,1.609624
0.865828,0.642923,1.622280,1.615785
0.610974,0.619889,1.628422,1.622280
0.519283,0.635519,1.635962,1.628422
0.552231,0.493292,1.646672,1.635962
0.411409,0.487822,1.657234,1.646672
0.376371,0.513725,1.669604,1.657234
0.417159,0.376712,1.686103,1.669604
0.299304,0.361993,1.701727,1.686103
0.283534,0.395087,1.719714,1.701727
0.313431,0.292015,1.742756,1.719714
0.199688,0.284717,1.764156,1.742756
0.272372,0.264530,1.783813,1.764156
0.394218,0.215266,1.795351,1.783813
0.325411,0.221284,1.791509,1.795351
0.330219,0.199027,1.768574,1.791509
0.291584,0.207647,1.721613,1.768574
0.305752,0.257889,1.669794,1.721613
0.444510,0.281085,1.604516,1.669794
0.502038,0.281744,1.516739,1.604516
0.278746,0.323338,1.439960,1.516739
0.232396,0.449624,1.364347,1.439960
0.284384,0.459724,1.261219,1.364347
0.323785,0.538841,1.157151,1.261219
0.504894,0.785885,1.023578,1.157151
1.012141,0.755011,0.843321,1.023578
0.956199,0.833025,0.689496,0.843321
1.139025,1.001723,0.544265,0.689496
1.368855,0.862658,0.406334,0.544265
1.022358,0.872476,0.313815,0.406334
0.961622,1.006709,0.235826,0.313815
0.983197,0.817136,0.164588,0.235826
0.741967,0.832692,0.121402,0.164588
0.696184,0.949887,0.093305,0.121402
0.861724,0.817988,0.081282,0.093305
0.697291,0.834002,0.082937,0.081282
0.697597,1.012632,0.086975,0.082937
0.887081,0.855360,0.086779,0.086975
0.728822,0.890919,0.082114,0.086779
0.743221,1.020564,0.074374,0.082114
0.980535,0.891341,0.065608,0.074374
0.786581,0.873067,0.060455,0.065608
0.939456,1.037212,0.056612,0.060455
0.983132,0.884513,0.052555,0.056612
0.781524,0.871549,0.048759,0.052555
0.825511,1.084471,0.044944,0.048759
0.966583,0.876997,0.041258,0.044944
0.761269,0.862059,0.038689,0.041258
0.753547,1.040613,0.036595,0.038689
0.933368,0.878569,0.035155,0.036595
0.742967,0.856265,0.035281,0.035155
0.738042,1.014923,0.035889,0.035281
0.915010,0.802273,0.037112,0.035889
0.730337,0.857481,0.038435,0.037112
0.725627,0.988414,0.040096,0.038435
0.912953,0.827696,0.042247,0.040096
0.730444,0.845788,0.043963,0.042247
0.872034,0.982204,0.045849,0.043963
0.909092,0.815300,0.047535,0.045849
0.717522,0.850208,0.048322,0.047535
0.762330,0.988313,0.048856,0.048322
0.902011,0.815766,0.049286,0.048856
0.721943,0.826177,0.049659,0.049286
0.719747,0.992581,0.050253,0.049659
0.902466,0.815102,0.042045,0.050253
0.748006,0.816632,0.018448,0.042045
0.815922,0.967196,0.076685,0.018448
1.082493,0.758886,0.126480,0.076685
0.803649,0.758660,0.141257,0.126480
0.697586,0.793947,0.143529,0.141257
0.725275,0.608000,0.138176,0.143529
0.519643,0.535457,0.130771,0.138176
0.527951,0.595266,0.123098,0.130771
0.490702,0.451869,0.116397,0.123098
0.360313,0.452583,0.113229,0.116397
0.347810,0.441890,0.112627,0.113229
0.365802,0.338313,0.115769,0.112627
0.268989,0.304313,0.121749,0.115769
0.256141,0.384724,0.126812,0.121749
0.260096,0.255832,0.142677,0.126812
0.232828,0.223596,0.176484,0.142677
0.285630,0.258168,0.228605,0.176484
0.372531,0.181753,0.290813,0.228605
0.274149,0.196065,0.293704,0.290813
0.239248,0.251181,0.247605,0.293704
0.468547,0.228131,0.152879,0.247605
0.488442,0.300909,0.136209,0.152879
0.477143,0.351011,0.214445,0.136209
0.242104,0.385879,0.349665,0.214445
0.067648,0.446022,0.502305,0.349665
0.019261,0.446209,0.643719,0.502305
0.115730,0.657983,0.760208,0.643719
0.318194,0.786054,0.902191,0.760208
0.524963,0.748253,1.041932,0.902191
0.886071,0.984802,1.152927,1.041932
1.096203,0.850754,1.260148,1.152927
0.898782,0.873549,1.333179,1.260148
0.898106,1.011462,1.395112,1.333179
0.941237,0.874018,1.454236,1.395112
0.740446,0.853171,1.495567,1.454236
0.712076,0.969721,1.531385,1.495567
0.854921,0.808824,1.564644,1.531385
0.700487,0.859727,1.584411,1.564644
0.714428,0.990994,1.595871,1.584411
0.897021,0.812456,1.597264,1.595871
0.718179,0.850351,1.589421,1.597264
0.743023,0.995427,1.577021,1.589421
0.916692,0.848836,1.563138,1.577021
0.748710,0.856999,1.555248,1.563138
0.911415,1.013590,1.551744,1.555248
0.962239,0.864250,1.552748,1.551744
0.778142,0.878508,1.556019,1.552748
0.818153,1.020714,1.559996,1.556019
0.971986,0.875033,1.563963,1.559996
0.779156,0.860817,1.566065,1.563963
0.774261,0.999587,1.567089,1.566065
0.953058,0.832759,1.567351,1.567089
0.753916,0.855025,1.567328,1.567351
0.748674,1.002630,1.567459,1.567328
0.940499,0.829139,1.568092,1.567459
0.749331,1.046562,1.569060,1.568092
0.928821,1.027080,1.570810,1.569060
0.933593,0.866071,1.572930,1.570810
0.763804,0.961400,1.574798,1.572930
0.940114,0.831683,1.576902,1.574798
0.744374,0.845907,1.578508,1.576902
0.884301,1.006753,1.580006,1.578508
0.787227,0.805146,1.581689,1.580006
0.875371,0.831104,1.583119,1.581689
0.792381,1.003286,1.584722,1.583119
0.880846,0.794653,1.586881,1.584722
0.784517,0.990321,1.589107,1.586881
0.936536,0.972073,1.592054,1.589107
0.982596,0.835354,1.598312,1.592054
0.954157,0.902507,1.606183,1.598312
1.018223,0.732512,1.614122,1.606183
0.704645,0.678304,1.620116,1.614122
0.624836,0.740487,1.626303,1.620116
0.672617,0.554317,1.634173,1.626303
0.490019,0.538716,1.641368,1.634173
0.442320,0.578384,1.649335,1.641368
0.505621,0.421658,1.659368,1.649335
0.363861,0.400864,1.668643,1.659368
0.343729,0.426296,1.679218,1.668643
0.397204,0.329560,1.693248,1.679218
0.292352,0.323763,1.706886,1.693248
0.310162,0.322761,1.723039,1.706886
0.293021,0.264561,1.751668,1.723039
0.242921,0.257021,1.789906,1.751668
0.267005,0.256180,1.845367,1.789906
0.290112,0.219220,1.926979,1.845367
0.254275,0.240692,2.002396,1.926979
0.295520,0.316400,2.078989,2.002396
0.628037,0.300793,2.178946,2.078989
0.608571,0.291995,2.277931,2.178946
0.607443,0.346297,2.392667,2.277931
0.543227,0.328824,2.539886,2.392667
0.273642,0.330654,2.666848,2.539886
0.218151,0.419245,2.790834,2.666848
0.470490,0.448357,2.917793,2.790834
0.546454,0.513518,3.000386,2.917793
0.739420,0.623758,3.060046,3.000386
0.872363,0.648108,3.102164,3.060046
0.806861,0.668149,3.122280,3.102164
0.940082,0.834920,3.135251,3.122280
1.165185,0.716664,3.138354,3.135251
0.936014,0.723734,3.132216,3.138354
0.868398,0.861663,3.131668,3.132216
0.967004,0.834366,3.138206,3.131668
0.922063,0.823728,3.136548,3.138206
0.921316,0.665529,3.129292,3.136548
0.741408,0.698311,3.126424,3.129292
0.739765,0.871808,3.126436,3.126424
0.927579,0.710237,3.129139,3.126436
0.756351,0.733996,3.132387,3.129139
0.766096,0.827198,3.135478,3.132387
0.966950,0.714522,3.137866,3.135478
0.784928,0.735809,3.138675,3.137866
0.779600,0.873133,3.138668,3.138675
1.134657,0.918385,3.138033,3.138668
1.000697,0.891142,3.137404,3.138033
0.854000,0.707606,3.137047,3.137404
0.952965,0.746494,3.137056,3.137047
0.859380,0.882139,3.137407,3.137056
0.961028,0.744477,3.137960,3.137407
0.863194,0.758158,3.138484,3.137960
0.805952,0.896579,3.139163,3.138484
1.007073,0.741538,3.139661,3.139163
0.820246,0.757892,3.140106,3.139661
0.820760,0.882596,3.140861,3.140106
1.037242,0.756740,3.142078,3.140861
0.836731,0.777233,3.141509,3.142078
0.826627,0.884552,3.140396,3.141509
0.981830,0.799618,3.139121,3.140396
0.858813,0.775568,3.137997,3.139121
0.948396,0.886470,3.136663,3.137997
0.876116,0.790560,3.135017,3.136663
1.002246,0.783582,3.133829,3.135017
0.905154,0.905588,3.132844,3.133829
1.003844,0.946299,3.132101,3.132844
1.051131,0.868038,3.131761,3.132101
1.043623,0.755807,3.131536,3.131761
0.831311,0.745539,3.131122,3.131536
0.888576,0.905297,3.130292,3.131122
1.041598,0.750442,3.128075,3.130292
0.881450,0.766384,3.125428,3.128075
0.942110,0.891970,3.122871,3.125428
1.144847,0.670714,3.119507,3.122871
0.830658,0.675179,3.116137,3.119507
0.754334,0.761132,3.112006,3.116137
0.856674,0.566631,3.106151,3.112006
0.651264,0.578508,3.100330,3.106151
0.591465,0.629090,3.093660,3.100330
0.671949,0.475778,3.085135,3.093660
0.518210,0.435202,3.077484,3.085135
0.577764,0.469499,3.069037,3.077484
0.569405,0.411298,3.058521,3.069037
0.441501,0.365752,3.049291,3.058521
0.443910,0.439143,3.039695,3.049291
0.497923,0.335716,3.029053,3.039695
0.372188,0.306069,3.021233,3.029053
0.354477,0.363304,3.014339,3.021233
0.393253,0.265091,3.007009,3.014339
0.300880,0.264864,3.000371,3.007009
0.284860,0.286300,2.992871,3.000371
0.326071,0.178122,2.987512,2.992871
0.245152,0.176317,2.987163,2.987512
0.230002,0.214258,2.989695,2.987163
0.287660,0.197789,2.994115,2.989695
0.201151,0.164442,2.997657,2.994115
0.189257,0.171269,3.000185,2.997657
0.145751,0.116327,3.001289,3.000185
0.110014,0.106352,3.000876,3.001289
0.102154,0.126767,2.999780,3.000876
0.098544,0.131029,2.998340,2.999780
0.070958,0.063704,2.997351,2.998340
0.071409,0.084833,2.996689,2.997351
0.081508,0.079447,2.996388,2.996689
0.063342,0.081477,2.996531,2.996388
0.063969,0.030286,2.996831,2.996531
0.075615,0.066390,2.997231,2.996831
0.060980,0.054095,2.997441,2.997231
0.053964,0.088091,2.997505,2.997441
0.049039,0.053807,2.997423,2.997505
0.035369,0.044579,2.997254,2.997423
0.046417,0.041215,2.997180,2.997254
0.053437,0.045676,2.997030,2.997180
0.035282,0.041566,2.996922,2.997030
0.036161,0.026017,2.996804,2.996922
0.043557,0.023556,2.996687,2.996804
0.036084,0.035465,2.996640,2.996687
0.032944,0.031571,2.996677,2.996640
0.023156,0.022850,2.996802,2.996677
0.019015,0.039092,2.996456,2.996802
0.020724,0.034405,2.996562,2.996456
0.000000,0.035562,2.996835,2.996562
0.000000,0.038449,2.996795,2.996835
0.000000,0.010748,2.996850,2.996795
0.000000,0.000000,0.000000,0.000000
0.000000,0.044858,2.048984,0.000000
0.000000,0.037939,2.042850,2.048984
0.027452,0.043409,2.032086,2.042850
0.028439,0.053595,2.025167,2.032086
0.029043,0.020491,2.022313,2.025167
0.028091,0.025303,2.022954,2.022313
0.000000,0.036214,2.015261,2.022954
0.000000,0.033104,1.981093,2.015261
0.000000,0.008903,1.980315,1.981093
0.000000,0.030510,1.980071,1.980315
0.000000,0.055609,1.979948,1.980071
0.000000,0.025464,1.979630,1.979948
0.000000,0.020993,1.978938,1.979630
0.000000,0.044672,1.978235,1.978938
0.030402,0.015069,1.968133,1.978235
0.031215,0.016810,1.968196,1.968133
0.036351,0.056836,1.968946,1.968196
0.045717,0.023911,1.970488,1.968946
0.018482,0.021392,1.971980,1.970488
0.027657,0.049069,1.974725,1.971980
0.024557,0.028713,1.978386,1.974725
0.043286,0.041095,1.980236,1.978386
0.057649,0.013623,1.980222,1.980236
0.081174,0.026348,1.978494,1.980222
0.065494,0.044248,1.976865,1.978494
0.072235,0.036892,1.976364,1.976865
0.066855,0.027195,1.976809,1.976364
0.070620,0.043615,1.977820,1.976809
0.064851,0.054098,1.979277,1.977820
0.060808,0.012929,1.980833,1.979277
0.049311,0.031202,1.981192,1.980833
0.048566,0.029492,1.980506,1.981192
0.139773,0.027141,1.950351,1.980506
0.149668,0.081366,1.924537,1.950351
0.129253,0.132291,1.871918,1.924537
0.040651,0.195542,1.793263,1.871918
0.144952,0.336563,1.683701,1.793263
0.435344,0.364319,1.550945,1.683701
0.425397,0.476487,1.455868,1.550945
0.467944,0.617174,1.374903,1.455868
0.645434,0.597782,1.285789,1.374903
0.504243,0.721365,1.190316,1.285789
0.670834,0.896851,1.067921,1.190316
0.988638,0.774547,0.899860,1.067921
0.501420,0.808693,0.751550,0.899860
0.802034,0.991996,0.607089,0.751550
1.202138,0.814794,0.454305,0.607089
0.961702,0.797019,0.345675,0.454305
0.916847,0.945218,0.254963,0.345675
1.055518,0.797033,0.174127,0.254963
0.775387,0.806193,0.127002,0.174127
0.724112,0.925315,0.098919,0.127002
0.863717,0.774159,0.086670,0.098919
0.689607,0.777236,0.085949,0.086670
0.686999,0.948986,0.087991,0.085949
0.870142,0.823185,0.088232,0.087991
0.713030,0.804676,0.085210,0.088232
0.865853,0.952424,0.078842,0.085210
0.955417,0.836516,0.069022,0.078842
0.793818,0.833555,0.062316,0.069022
0.864505,0.980998,0.058186,0.062316
1.008846,0.838009,0.055994,0.058186
0.800531,0.860863,0.055839,0.055994
0.801955,0.991597,0.056264,0.055839
1.005460,0.796550,0.057243,0.056264
0.805811,0.796751,0.058072,0.057243
0.800456,0.983575,0.058810,0.058072
0.989357,0.807749,0.059600,0.058810
0.800944,0.882232,0.059929,0.059600
0.802538,0.975231,0.059666,0.059929
0.999482,0.841469,0.058825,0.059666
0.810494,0.842617,0.058063,0.058825
0.963134,0.974684,0.057268,0.058063
1.004770,0.828472,0.056482,0.057268
0.799909,0.816107,0.056351,0.056482
0.847045,0.964609,0.056668,0.056351
0.993702,0.813277,0.057714,0.056668
0.788158,0.833634,0.058868,0.057714
0.776511,0.986060,0.060212,0.058868
0.962231,0.811737,0.062159,0.060212
0.769059,0.861943,0.063593,0.062159
0.763433,0.970657,0.064207,0.063593
0.971407,0.806918,0.059696,0.064207
0.797627,0.831548,0.021765,0.059696
0.873759,0.925784,0.046734,0.021765
1.164900,0.803914,0.105347,0.046734
0.882190,0.765448,0.124301,0.105347
0.936600,0.816709,0.128767,0.124301
0.854947,0.641953,0.124135,0.128767
0.618568,0.591746,0.116082,0.124135
0.592325,0.656311,0.106852,0.116082
0.626601,0.483838,0.097156,0.106852
0.462585,0.480720,0.090848,0.097156
0.433121,0.495708,0.086385,0.090848
0.496951,0.430439,0.083392,0.086385
0.377700,0.349060,0.082305,0.083392
0.346504,0.393250,0.079595,0.082305
0.381967,0.369124,0.048285,0.079595
0.246977,0.346181,0.045986,0.048285
0.334011,0.295219,0.101997,0.045986
0.365150,0.271024,0.181702,0.101997
0.403735,0.310194,0.263167,0.181702
0.411395,0.223730,0.312798,0.263167
0.281819,0.233100,0.300658,0.312798
0.337533,0.307596,0.270316,0.300658
0.422843,0.295698,0.313466,0.270316
0.402136,0.345782,0.400908,0.313466
0.249140,0.431981,0.517280,0.400908
0.299690,0.409590,0.666301,0.517280
0.283133,0.496560,0.790057,0.666301
0.279249,0.699235,0.918712,0.790057
0.425733,0.659014,1.062114,0.918712
0.456434,0.753408,1.170034,1.062114
0.592493,0.919962,1.263059,1.170034
1.000496,0.778800,1.348962,1.263059
0.869470,0.838278,1.406906,1.348962
0.837830,0.955316,1.455698,1.406906
0.936659,0.769119,1.501665,1.455698
0.705169,0.780361,1.532973,1.501665
0.796402,0.943441,1.558985,1.532973
0.703205,0.781454,1.580601,1.558985
0.806620,0.791368,1.590274,1.580601
0.750519,0.957816,1.590897,1.590274
0.865456,0.793101,1.581222,1.590897
0.800852,0.828736,1.569316,1.581222
0.766646,0.954126,1.558181,1.569316
0.970846,0.823108,1.549807,1.558181
0.778945,0.814055,1.547351,1.549807
0.779677,0.942706,1.548412,1.547351
1.001137,0.823203,1.552064,1.548412
0.799380,0.829521,1.555236,1.552064
0.800274,0.971507,1.557655,1.555236
0.988986,0.800129,1.558935,1.557655
0.782842,0.835207,1.558946,1.558935
0.930800,0.982398,1.558487,1.558946
0.842687,0.814019,1.557783,1.558487
0.948190,0.854759,1.557327,1.557783
0.849670,0.969261,1.557107,1.557327
0.962296,0.811942,1.557325,1.557107
0.862804,0.858095,1.557877,1.557325
0.807818,0.978922,1.558699,1.557877
0.999529,0.820662,1.559631,1.558699
0.796999,0.841244,1.560311,1.559631
0.804457,0.989145,1.560738,1.560311
1.004270,0.815296,1.560912,1.560738
0.789364,0.811906,1.560822,1.560912
0.794262,0.988039,1.560570,1.560822
1.009909,0.807933,1.560348,1.560570
0.801542,0.840511,1.560380,1.560348
0.953093,0.994014,1.560678,1.560380
0.860042,0.832323,1.561397,1.560678
0.965647,0.856723,1.562114,1.561397
0.869904,0.986809,1.562108,1.562114
1.033723,0.816219,1.563703,1.562108
1.008100,0.797408,1.566594,1.563703
0.877273,0.887325,1.568240,1.566594
0.945050,0.672683,1.568150,1.568240
0.681632,0.668238,1.567323,1.568150
0.621356,0.694555,1.566653,1.567323
0.702971,0.541905,1.566829,1.566653
0.517037,0.538420,1.567866,1.566829
0.472852,0.542325,1.569661,1.567866
0.529970,0.436453,1.572316,1.569661
0.410848,0.414133,1.574610,1.572316
0.461205,0.445283,1.576768,1.574610
0.386859,0.338735,1.579094,1.576768
0.385162,0.335175,1.580294,1.579094
0.245954,0.349795,1.582564,1.580294
0.302697,0.306397,1.581646,1.582564
0.406653,0.295852,1.573788,1.581646
0.415567,0.313262,1.557084,1.573788
0.471397,0.248820,1.516197,1.557084
0.351941,0.224392,1.461976,1.516197
0.249864,0.336548,1.393282,1.461976
0.377091,0.301859,1.299799,1.393282
0.279857,0.309519,1.215671,1.299799
0.195745,0.399119,1.129445,1.215671
0.282444,0.392516,1.022313,1.129445
0.292543,0.466079,0.914089,1.022313
0.488926,0.644565,0.790672,0.914089
0.633868,0.644904,0.628944,0.790672
0.883391,0.674444,0.492581,0.628944
0.880249,0.894590,0.368401,0.492581
1.036778,0.787740,0.248543,0.368401
0.960085,0.826269,0.175807,0.248543
0.884916,0.947855,0.123149,0.175807
0.979920,0.808089,0.080796,0.123149
0.725671,0.774182,0.064832,0.080796
0.704021,0.954908,0.066077,0.064832
0.845585,0.790746,0.074711,0.066077
0.686500,0.792315,0.079385,0.074711
0.710005,0.933449,0.079631,0.079385
0.922093,0.793393,0.076894,0.079631
0.744362,0.848587,0.074652,0.076894
0.930648,0.959680,0.073291,0.074652
0.852472,0.791323,0.072385,0.073291
0.955244,0.819238,0.071101,0.072385
0.848368,0.973287,0.069516,0.071101
0.950638,0.811742,0.068397,0.069516
0.840997,0.812724,0.067676,0.068397
0.784608,0.976110,0.067321,0.067676
0.969021,0.805292,0.067507,0.067321
0.781763,0.817846,0.067821,0.067507
0.783467,0.963272,0.067952,0.067821
0.983263,0.823807,0.067568,0.067952
0.783817,0.844383,0.066944,0.067568
0.786852,0.972155,0.066226,0.066944
0.974920,0.841626,0.065587,0.066226
0.785208,0.870249,0.065329,0.065587
0.667811,0.986123,0.064968,0.065329
0.650560,0.811828,0.063811,0.064968
0.867211,0.844934,0.062502,0.063811
0.822525,0.981305,0.061236,0.062502
0.942197,0.822380,0.060265,0.061236
0.846307,0.864607,0.059608,0.060265
0.790604,0.976844,0.058945,0.059608
0.975236,0.831230,0.058714,0.058945
0.780967,0.859890,0.058991,0.058714
0.783200,1.007087,0.059397,0.058991
0.984031,0.781641,0.059634,0.059397
0.784607,0.837183,0.059658,0.059634
0.784227,0.962817,0.048583,0.059658
0.988627,0.821330,0.015041,0.048583
0.866895,0.880514,0.075442,0.015041
1.036110,0.998022,0.111908,0.075442
0.878045,0.821981,0.126383,0.111908
0.862877,0.739005,0.127807,0.126383
0.687586,0.813228,0.124477,0.127807
0.692634,0.595422,0.117935,0.124477
0.557414,0.610996,0.111659,0.117935
0.483474,0.650128,0.105708,0.111659
0.551725,0.499113,0.100038,0.105708
0.412165,0.453969,0.096847,0.100038
0.382385,0.477654,0.095337,0.096847
0.434276,0.388590,0.095493,0.095337
0.316568,0.408138,0.085651,0.095493
0.252509,0.351290,0.077101,0.085651
0.316753,0.288538,0.126955,0.077101
0.320858,0.327588,0.190736,0.126955
0.447726,0.218911,0.269162,0.190736
0.312296,0.186004,0.291565,0.269162
0.296750,0.278221,0.264396,0.291565
0.460839,0.235070,0.203331,0.264396
0.484184,0.310748,0.223313,0.203331
0.569290,0.358265,0.308196,0.223313
0.516640,0.365898,0.436276,0.308196
0.384950,0.379783,0.557746,0.436276
0.433073,0.597576,0.679075,0.557746
0.621588,0.603104,0.819758,0.679075
0.620299,0.698978,0.937097,0.819758
0.678814,0.889843,1.056050,0.937097
1.045483,0.788738,1.180735,1.056050
0.929024,0.840012,1.266082,1.180735
0.979737,0.984649,1.338868,1.266082
1.111744,0.824468,1.408993,1.338868
0.824116,0.845602,1.457820,1.408993
0.765702,0.989368,1.500324,1.457820
0.888610,0.806493,1.540452,1.500324
0.680724,0.843864,1.565534,1.540452
0.803877,0.968467,1.583052,1.565534
0.857190,0.810479,1.592752,1.583052
0.728180,1.023300,1.591501,1.592752
0.924577,1.007641,1.580180,1.591501
0.938727,0.852908,1.565628,1.580180
0.796520,1.026646,1.555402,1.565628
0.886333,0.876533,1.548849,1.555402
0.802703,0.855847,1.548086,1.548849
0.768095,1.039955,1.550642,1.548086
0.963895,0.845752,1.555650,1.550642
0.771133,0.883209,1.559894,1.555650
0.772357,1.024597,1.563451,1.559894
0.963298,0.834457,1.565886,1.563451
0.774922,0.888819,1.566730,1.565886
0.769466,1.010301,1.566936,1.566730
0.959085,0.863026,1.567037,1.566936
0.763438,0.870795,1.567316,1.567037
0.897255,1.004345,1.567952,1.567316
0.800029,0.849497,1.569284,1.567952
0.890955,0.875045,1.570751,1.569284
0.791316,1.014661,1.572392,1.570751
0.882563,0.809508,1.574440,1.572392
0.784911,0.869020,1.576131,1.574440
0.734396,1.009433,1.577775,1.576131
0.913461,0.816824,1.579536,1.577775
0.670154,0.842859,1.580912,1.579536
0.538981,0.978630,1.582352,1.580912
0.835267,0.822715,1.584208,1.582352
0.708182,0.850146,1.586215,1.584208
0.725126,0.966228,1.588746,1.586215
0.910680,0.806755,1.591972,1.588746
0.782128,0.854219,1.595708,1.591972
1.023198,0.940033,1.602369,1.595708
0.936889,0.748955,1.610332,1.602369
0.946914,0.716901,1.615670,1.610332
0.724096,0.793104,1.620800,1.615670
0.705755,0.615557,1.627590,1.620800
0.539664,0.538739,1.634509,1.627590
0.443456,0.577318,1.643125,1.634509
0.518367,0.470830,1.655506,1.643125
0.389199,0.434606,1.667962,1.655506
0.356471,0.458853,1.682810,1.667962
0.399394,0.329604,1.702905,1.682810
0.269805,0.327728,1.722186,1.702905
0.252905,0.347403,1.743480,1.722186
0.237534,0.248199,1.770219,1.743480
0.242748,0.262520,1.788525,1.770219
0.360848,0.255946,1.797137,1.788525
0.367507,0.153136,1.789724,1.797137
0.333671,0.185210,1.762738,1.789724
0.254380,0.254585,1.721282,1.762738
0.345696,0.235366,1.658109,1.721282
0.483438,0.285104,1.593086,1.658109
0.409627,0.340086,1.517711,1.593086
0.311670,0.313706,1.427394,1.517711
0.168326,0.401503,1.351492,1.427394
0.159199,0.575192,1.260405,1.351492
0.372929,0.564002,1.133387,1.260405
0.463167,0.651646,1.000260,1.133387
0.708294,0.849547,0.845805,1.000260
1.106896,0.830880,0.662557,0.845805
1.041419,0.860569,0.523384,0.662557
1.297558,1.028685,0.407399,0.523384
1.106484,0.867303,0.299530,0.407399
1.064664,0.841944,0.226367,0.299530
0.842574,1.007438,0.165787,0.226367
0.866606,0.829282,0.113436,0.165787
0.691208,0.852936,0.086233,0.113436
0.633877,0.976054,0.075133,0.086233
0.804389,0.807536,0.077148,0.075133
0.662643,0.852522,0.081993,0.077148
0.692566,1.043678,0.083728,0.081993
0.911287,0.853192,0.079108,0.083728
0.747088,0.891084,0.071778,0.079108
0.766972,1.014960,0.064700,0.071778
0.987979,0.848212,0.059245,0.064700
0.784643,0.887466,0.055890,0.059245
0.931751,1.019665,0.052273,0.055890
0.826051,0.882855,0.047723,0.052273
0.907217,0.885625,0.044275,0.047723
0.804850,1.066586,0.041568,0.044275
0.884151,0.846217,0.039691,0.041568
0.785339,0.855954,0.039186,0.039691
0.734740,0.995614,0.039450,0.039186
0.918121,0.856735,0.040177,0.039450
0.727848,0.862720,0.040598,0.040177
0.730366,1.031690,0.040947,0.040598
0.916803,0.850354,0.041580,0.040947
0.729826,0.849673,0.042279,0.041580
0.724418,0.978277,0.043081,0.042279
0.901316,0.835077,0.044214,0.043081
0.718765,0.846988,0.045082,0.044214
0.858828,0.976831,0.045657,0.045082
0.769995,0.824543,0.045894,0.045657
0.853033,0.851148,0.045735,0.045894
0.766507,0.980120,0.045588,0.045735
0.855543,0.791909,0.045689,0.045588
0.759819,0.826657,0.046129,0.045689
0.477591,0.955370,0.034699,0.046129
0.728463,0.822175,0.028944,0.034699
0.771521,0.807149,0.086683,0.028944
0.816537,0.927332,0.119439,0.086683
0.903122,0.717970,0.133024,0.119439
0.649019,0.624853,0.134423,0.133024
0.569577,0.730106,0.131349,0.134423
0.612568,0.565569,0.125843,0.131349
0.444057,0.507027,0.121782,0.125843
0.494728,0.562616,0.119364,0.121782
0.411709,0.396974,0.119896,0.119364
0.420871,0.411291,0.123032,0.119896
0.347490,0.393466,0.128476,0.123032
0.346197,0.322596,0.137525,0.128476
0.272547,0.308062,0.141111,0.137525
0.193597,0.258142,0.153249,0.141111
0.328111,0.260342,0.189468,0.153249
0.308968,0.191946,0.235968,0.189468
0.333611,0.234473,0.287355,0.235968
0.323409,0.159498,0.291812,0.287355
0.237353,0.213977,0.246078,0.291812
0.323812,0.295119,0.167935,0.246078
0.575216,0.269009,0.151712,0.167935
0.380427,0.292273,0.233567,0.151712
0.223132,0.397429,0.350339,0.233567
0.106763,0.360160,0.496601,0.350339
0.054448,0.432425,0.615873,0.496601
0.159541,0.661411,0.735540,0.615873
0.400068,0.618261,0.874903,0.735540
0.535448,0.731117,0.992874,0.874903
0.820940,0.956001,1.108584,0.992874
1.188782,0.844927,1.223889,1.108584
1.021980,0.867323,1.302693,1.223889
0.938821,1.008273,1.369315,1.302693
1.026431,0.874399,1.432732,1.369315
0.780206,0.854206,1.477115,1.432732
0.753343,0.976091,1.516125,1.477115
0.903869,0.835328,1.553556,1.516125
0.704400,0.830521,1.577245,1.553556
0.845653,1.016891,1.593100,1.577245
0.912262,0.844225,1.599299,1.593100
0.731283,0.843849,1.594486,1.599299
0.776979,0.995425,1.583243,1.594486
0.912443,0.838102,1.568587,1.583243
0.751149,0.869855,1.559151,1.568587
0.762816,1.012130,1.553952,1.559151
0.963132,0.882311,1.553314,1.553952
0.775095,0.892680,1.555844,1.553314
0.784975,1.019333,1.559653,1.555844
0.976224,0.852248,1.563840,1.559653
0.780854,0.866782,1.566231,1.563840
0.780182,0.988721,1.567486,1.566231
0.957446,0.874497,1.567744,1.567486
0.758703,0.891440,1.567479,1.567744
0.901827,1.034744,1.567320,1.567479
0.942344,0.826289,1.567601,1.567320
0.752820,0.853578,1.568340,1.567601
0.795923,0.976344,1.569544,1.568340
0.918995,0.834053,1.571244,1.569544
0.735946,0.841752,1.572820,1.571244
0.738372,0.959722,1.574357,1.572820
0.923619,0.841409,1.575932,1.574357
0.742098,0.841213,1.577069,1.575932
0.740269,0.989371,1.578170,1.577069
0.925656,0.821176,1.579509,1.578170
0.746136,0.844988,1.580683,1.579509
0.745318,0.996293,1.582154,1.580683
0.925530,0.805668,1.584520,1.582154
0.736184,0.853599,1.586886,1.584520
0.899568,0.966612,1.589814,1.586886
1.062100,0.808961,1.596899,1.589814
0.890724,0.753099,1.603915,1.596899
0.852967,0.838962,1.610131,1.603915
0.837096,0.646595,1.616695,1.610131
0.581009,0.632420,1.622541,1.616695
0.512688,0.645339,1.629610,1.622541
0.575398,0.499163,1.639593,1.629610
0.414949,0.503601,1.649455,1.639593
0.376700,0.496850,1.660790,1.649455
0.438112,0.390387,1.675306,1.660790
0.336162,0.359065,1.688609,1.675306
0.317014,0.396926,1.703618,1.688609
0.360336,0.282371,1.722898,1.703618
0.255589,0.286249,1.740857,1.722898
0.266684,0.324241,1.766095,1.740857
0.318413,0.222047,1.810887,1.766095
0.260767,0.217112,1.864557,1.810887
0.269853,0.344588,1.932880,1.864557
0.236486,0.271750,2.021475,1.932880
0.436426,0.322474,2.114492,2.021475
0.566577,0.268405,2.218163,2.114492
0.570077,0.292863,2.320497,2.218163
0.418575,0.350044,2.437924,2.320497
0.295652,0.334947,2.586483,2.437924
0.205077,0.344151,2.711651,2.586483
0.367983,0.462500,2.832914,2.711651
0.643911,0.477798,2.951082,2.832914
0.620085,0.607022,3.024672,2.951082
0.810052,0.722464,3.082824,3.024672
0.993044,0.682066,3.115085,3.082824
0.870066,0.857072,3.131432,3.115085
1.149756,0.670788,3.141075,3.131432
0.952957,0.747026,3.132846,3.141075
0.902192,0.845660,3.130238,3.132846
1.006872,0.698386,3.134904,3.130238
0.754785,0.701145,3.141769,3.134904
0.862319,0.822474,3.134201,3.141769
0.894998,0.724120,3.128408,3.134201
0.711170,0.695794,3.126850,3.128408
0.773648,0.861428,3.127885,3.126850
0.940508,0.866196,3.131144,3.127885
0.965880,0.873513,3.134865,3.131144
0.925151,0.719700,3.137538,3.134865
0.840245,0.828514,3.138616,3.137538
0.972126,0.844999,3.138651,3.138616
0.925064,0.739006,3.137983,3.138651
0.835147,0.859064,3.137322,3.137983
0.987710,0.749901,3.136867,3.137322
0.797480,0.746903,3.136686,3.136867
0.808481,0.902978,3.136789,3.136686
1.007347,0.766947,3.137299,3.136789
0.812261,0.775955,3.137986,3.137299
0.810829,0.876004,3.138670,3.137986
1.016599,0.761045,3.139219,3.138670
0.802320,0.783828,3.139628,3.139219
0.811293,0.909296,3.140146,3.139628
1.024247,0.749374,3.141034,3.140146
0.833350,0.783922,3.141911,3.141034
0.990654,0.906217,3.141901,3.141911
1.036036,0.721596,3.140790,3.141901
0.825256,0.806622,3.139920,3.140790
0.844645,0.898521,3.139066,3.139920
1.002043,0.912465,3.138050,3.139066
1.031560,0.886010,3.136953,3.138050
0.995766,0.770321,3.135569,3.136953
0.892470,0.768546,3.134045,3.135569
0.838721,0.875239,3.132305,3.134045
1.046043,0.750018,3.129967,3.132305
0.837132,0.762023,3.127784,3.129967
0.841020,0.886061,3.125504,3.127784
1.048054,0.773960,3.122504,3.125504
0.866558,0.773268,3.119269,3.122504
0.919696,0.916834,3.116620,3.119269
1.197695,0.705581,3.114690,3.116620
0.887850,0.671618,3.113064,3.114690
0.933144,0.764447,3.110842,3.113064
0.761637,0.591268,3.106909,3.110842
0.779391,0.568232,3.102344,3.106909
0.627920,0.635114,3.096595,3.102344
0.664421,0.466379,3.088938,3.096595
0.568385,0.463526,3.081901,3.088938
0.501720,0.508230,3.074313,3.081901
0.579214,0.439956,3.065215,3.074313
0.444804,0.387040,3.057429,3.065215
0.415648,0.442582,3.049172,3.057429
0.496386,0.347367,3.038834,3.049172
0.380090,0.316776,3.029555,3.038834
0.363553,0.332043,3.019329,3.029555
0.411356,0.346420,3.006921,3.019329
0.366464,0.289583,2.994272,3.006921
0.339727,0.245095,2.982848,2.994272
0.255830,0.225701,2.977885,2.982848
0.245455,0.250821,2.978863,2.977885
0.295133,0.169782,2.984462,2.978863
0.218559,0.171829,2.990223,2.984462
0.228616,0.190065,2.995268,2.990223
0.217325,0.156361,2.998573,2.995268
0.141051,0.099365,2.999174,2.998573
0.131634,0.130248,2.998240,2.999174
0.160722,0.094310,2.996282,2.998240
0.105048,0.128149,2.994633,2.996282
0.079870,0.123163,2.993368,2.994633
0.087695,0.081288,2.992657,2.993368
0.065615,0.077157,2.992568,2.992657
0.062414,0.072368,2.992852,2.992568
0.057579,0.071517,2.993311,2.992852
0.045873,0.030805,2.993648,2.993311
0.044927,0.052811,2.993844,2.993648
0.062269,0.055399,2.993874,2.993844
0.047983,0.034039,2.993812,2.993874
0.057817,0.050550,2.993647,2.993812
0.059519,0.026231,2.993526,2.993647
0.044344,0.062843,2.993505,2.993526
0.041341,0.023049,2.993497,2.993505
0.043680,0.031334,2.993547,2.993497
0.034143,0.041784,2.993429,2.993547
0.030303,0.056739,2.993304,2.993429
0.038983,0.011144,2.993153,2.993304
0.028445,0.005223,2.993165,2.993153
0.022971,0.015555,2.993228,2.993165
0.025605,0.044445,2.993294,2.993228
0.018051,0.051296,2.993075,2.993294
0.021191,0.024729,2.993137,2.993075
0.016473,0.025794,2.993217,2.993137
0.020835,0.029701,2.993310,2.993217
0.000000,0.013171,2.994748,2.993310
0.000000,0.000000,0.000000,0.000000
0.000000,0.030571,2.048898,0.000000
0.024630,0.030868,2.043926,2.048898
0.027639,0.044474,2.035071,2.043926
0.031628,0.045354,2.035673,2.035071
0.027912,0.037003,2.047187,2.035673
0.000000,0.019581,2.056796,2.047187
0.000000,0.003794,2.069930,2.056796
0.000000,0.015535,2.068656,2.069930
0.000000,0.047650,2.068122,2.068656
0.000000,0.010844,2.068651,2.068122
0.000000,0.011625,2.069823,2.068651
0.000000,0.032280,2.071825,2.069823
0.036359,0.032189,2.061315,2.071825
0.028309,0.038604,2.058773,2.061315
0.036256,0.014626,2.058863,2.058773
0.033506,0.038858,2.059121,2.058863
0.039049,0.035299,2.059923,2.059121
0.051604,0.038683,2.061426,2.059923
0.052134,0.038856,2.062147,2.061426
0.068661,0.043317,2.062475,2.062147
0.093395,0.048683,2.062715,2.062475
0.091071,0.014809,2.063047,2.062715
0.105191,0.048362,2.063181,2.063047
0.133790,0.041323,2.064230,2.063181
0.102364,0.023951,2.066678,2.064230
0.095919,0.034968,2.069519,2.066678
0.099267,0.035578,2.073034,2.069519
0.058414,0.025203,2.074010,2.073034
0.055109,0.053624,2.071789,2.074010
0.055782,0.034380,2.067225,2.071789
0.052210,0.029076,2.063153,2.067225
0.058231,0.007075,2.060775,2.063153
0.081414,0.036075,2.060349,2.060775
0.051753,0.033618,2.060978,2.060349
0.182632,0.034398,2.047591,2.060978
0.178144,0.064088,2.018126,2.047591
0.079337,0.157196,1.957353,2.018126
0.038729,0.196370,1.870194,1.957353
0.195192,0.342386,1.755832,1.870194
0.472631,0.383394,1.626039,1.755832
0.430576,0.466520,1.540163,1.626039
0.419527,0.641092,1.472696,1.540163
0.563806,0.608429,1.398530,1.472696
0.466703,0.668581,1.311557,1.398530
0.510868,0.853875,1.186990,1.311557
0.826415,0.750295,1.007626,1.186990
0.497961,0.820067,0.844676,1.007626
0.827949,1.027490,0.687454,0.844676
1.288095,0.777745,0.526714,0.687454
0.997574,0.842536,0.413987,0.526714
1.049669,0.936364,0.319979,0.413987
0.993226,0.775560,0.235078,0.319979
0.743613,0.814727,0.180029,0.235078
0.741212,0.919634,0.137390,0.180029
0.837321,0.813829,0.105439,0.137390
0.667420,0.799794,0.092804,0.105439
0.671762,0.943163,0.089102,0.092804
0.851912,0.760867,0.088053,0.089102
0.703227,0.832706,0.085359,0.088053
0.726939,0.940948,0.079392,0.085359
0.945326,0.782644,0.071004,0.079392
0.777364,0.828086,0.064773,0.071004
0.820813,0.978123,0.060464,0.064773
0.994715,0.809296,0.058899,0.060464
0.791143,0.827411,0.058574,0.058899
0.951541,1.025061,0.058042,0.058574
0.995973,0.806920,0.058479,0.058042
0.796337,0.852363,0.058750,0.058479
0.844331,0.990892,0.059868,0.058750
0.988223,0.798465,0.060708,0.059868
0.790403,0.845105,0.061254,0.060708
0.802906,0.989112,0.060742,0.061254
1.009569,0.829604,0.059454,0.060742
0.807602,0.871690,0.058317,0.059454
0.800233,0.946409,0.057386,0.058317
0.996386,0.833519,0.056509,0.057386
0.794604,0.847182,0.056210,0.056509
0.798544,0.969436,0.056098,0.056210
0.990170,0.823558,0.056051,0.056098
0.789951,0.844680,0.055990,0.056051
0.935473,0.982140,0.056395,0.055990
0.980090,0.846144,0.057620,0.056395
0.778402,0.827758,0.058751,0.057620
0.823233,0.970703,0.059776,0.058751
0.986916,0.840983,0.059044,0.059776
0.804853,0.832755,0.029411,0.059044
0.876307,0.990155,0.035708,0.029411
1.178806,0.787903,0.099763,0.035708
0.897408,0.758734,0.123615,0.099763
0.808303,0.816424,0.132248,0.123615
0.881114,0.623399,0.130938,0.132248
0.639526,0.731915,0.124539,0.130938
0.714672,0.666192,0.113902,0.124539
0.631845,0.490283,0.103620,0.113902
0.470709,0.545541,0.095934,0.103620
0.528892,0.402905,0.089144,0.095934
0.397524,0.405935,0.085293,0.089144
0.438104,0.391091,0.083246,0.085293
0.363006,0.346707,0.079241,0.083246
0.366201,0.305126,0.057123,0.079241
0.225373,0.345911,0.055492,0.057123
0.291860,0.300233,0.100282,0.055492
0.404219,0.312101,0.176356,0.100282
0.488483,0.248849,0.270768,0.176356
0.371638,0.235254,0.310636,0.270768
0.309949,0.278987,0.286863,0.310636
0.406561,0.275726,0.246633,0.286863
0.378087,0.281015,0.287336,0.246633
0.268715,0.386183,0.378590,0.287336
0.219101,0.347040,0.515204,0.378590
0.194795,0.437994,0.638556,0.515204
0.229221,0.595812,0.763393,0.638556
0.524169,0.704391,0.911088,0.763393
0.760735,0.810630,1.054870,0.911088
0.997498,0.721844,1.180339,1.054870
0.912894,0.800350,1.267340,1.180339
0.953483,0.954866,1.339919,1.267340
1.155776,0.785708,1.409497,1.339919
0.809998,0.812504,1.457267,1.409497
0.829792,0.911035,1.498087,1.457267
0.696356,0.793907,1.537146,1.498087
0.749898,0.801745,1.563070,1.537146
0.679269,0.911914,1.582043,1.563070
0.802918,0.770245,1.593055,1.582043
0.749861,0.800989,1.592053,1.593055
0.735474,0.959070,1.583001,1.592053
0.949232,0.808703,1.568040,1.583001
0.777117,0.830792,1.556661,1.568040
0.778466,0.954879,1.549149,1.556661
0.977441,0.806386,1.546334,1.549149
0.792058,0.811908,1.547368,1.546334
0.800780,0.965990,1.550091,1.547368
1.007562,0.824055,1.553674,1.550091
0.802173,0.838543,1.555951,1.553674
0.941462,0.975285,1.557300,1.555951
0.843217,0.827407,1.557756,1.557300
0.946266,0.833212,1.557447,1.557756
0.861627,1.002784,1.556836,1.557447
0.965195,1.020166,1.556048,1.556836
1.031556,0.990499,1.555621,1.556048
1.026138,0.846748,1.555889,1.555621
0.826199,0.990398,1.556416,1.555889
1.021586,0.970719,1.557226,1.556416
1.000442,0.844772,1.557942,1.557226
0.843876,0.969771,1.558423,1.557942
0.945667,0.815979,1.558672,1.558423
0.847494,0.847668,1.558757,1.558672
0.794853,0.962439,1.558778,1.558757
0.987237,0.823366,1.558879,1.558778
0.787118,1.005620,1.559250,1.558879
0.983124,0.997452,1.560002,1.559250
0.975627,0.853078,1.561044,1.560002
0.783878,0.976550,1.562018,1.561044
1.016562,0.806671,1.562302,1.562018
0.879597,0.833946,1.563540,1.562302
0.939688,0.945394,1.566506,1.563540
1.121332,0.748760,1.568103,1.566506
0.793293,0.700670,1.567601,1.568103
0.707122,0.730282,1.566131,1.567601
0.771680,0.586671,1.564216,1.566131
0.561462,0.537524,1.562880,1.564216
0.602145,0.615712,1.562224,1.562880
0.552427,0.470346,1.562794,1.562224
0.410690,0.452796,1.564776,1.562794
0.402286,0.451398,1.568169,1.564776
0.442388,0.364360,1.573710,1.568169
0.334674,0.340040,1.579495,1.573710
0.313046,0.374079,1.585591,1.579495
0.270605,0.304238,1.594736,1.585591
0.233179,0.295043,1.599957,1.594736
0.323631,0.348028,1.598044,1.599957
0.527296,0.259807,1.584170,1.598044
0.380531,0.254831,1.557060,1.584170
0.338900,0.293000,1.508842,1.557060
0.341772,0.229479,1.435569,1.508842
0.301941,0.307433,1.362754,1.435569
0.349941,0.353899,1.282118,1.362754
0.312959,0.338153,1.185812,1.282118
0.311801,0.473175,1.099709,1.185812
0.480193,0.561798,0.972824,1.099709
0.566354,0.548565,0.829840,0.972824
0.554396,0.778071,0.688838,0.829840
0.803433,0.695843,0.520693,0.688838
0.813650,0.775548,0.394703,0.520693
0.872843,0.918142,0.285956,0.394703
1.169713,0.806524,0.192826,0.285956
0.868356,0.819367,0.136756,0.192826
0.772577,0.961735,0.095450,0.136756
0.885575,0.746375,0.070864,0.095450
0.679831,0.798676,0.068932,0.070864
0.666735,0.895262,0.074092,0.068932
0.852901,0.760654,0.080101,0.074092
0.705769,0.821174,0.081794,0.080101
0.864425,0.964250,0.079902,0.081794
0.797091,0.794597,0.076249,0.079902
0.914279,0.811904,0.075236,0.076249
0.835731,0.961244,0.075373,0.075236
0.929927,0.782268,0.075701,0.075373
0.840321,0.849900,0.074834,0.075701
0.783117,0.940272,0.072947,0.074834
0.991696,0.808158,0.070645,0.072947
0.799748,0.842527,0.069240,0.070645
0.793988,0.985799,0.068678,0.069240
0.982014,0.768550,0.068621,0.068678
0.789954,0.862176,0.068440,0.068621
0.786569,0.990922,0.067862,0.068440
0.986485,0.826611,0.066745,0.067862
0.789068,0.850060,0.065163,0.066745
0.933891,0.994663,0.062948,0.065163
0.766283,0.815241,0.060637,0.062948
0.664389,0.845374,0.059649,0.060637
0.757600,0.978141,0.059555,0.059649
0.908541,0.819917,0.060446,0.059555
0.832429,0.852825,0.061488,0.060446
0.784260,0.980181,0.062289,0.061488
0.981642,0.836728,0.062800,0.062289
0.780333,0.840703,0.063119,0.062800
0.775582,0.991422,0.063285,0.063119
0.975187,0.800168,0.063026,0.063285
0.785289,0.857867,0.062480,0.063026
0.782194,1.010020,0.061760,0.062480
0.982964,0.836538,0.061159,0.061760
0.783551,1.006681,0.044267,0.061159
1.056016,0.971879,0.026468,0.044267
1.156291,0.887206,0.094088,0.026468
0.917639,0.976579,0.121646,0.094088
1.037945,0.802737,0.132070,0.121646
0.731669,0.757767,0.131496,0.132070
0.761872,0.777091,0.126349,0.131496
0.716920,0.637907,0.117321,0.126349
0.515843,0.612724,0.109134,0.117321
0.496204,0.584244,0.101644,0.109134
0.534990,0.477672,0.095293,0.101644
0.407604,0.435820,0.092629,0.095293
0.380114,0.448163,0.092741,0.092629
0.436867,0.363899,0.095903,0.092741
0.315644,0.334375,0.083513,0.095903
0.240031,0.377071,0.084202,0.083513
0.333201,0.276173,0.134870,0.084202
0.338499,0.261149,0.196944,0.134870
0.354388,0.250796,0.265195,0.196944
0.407269,0.216672,0.295076,0.265195
0.287062,0.227392,0.263010,0.295076
0.401021,0.299839,0.194676,0.263010
0.585397,0.264147,0.188612,0.194676
0.475149,0.315239,0.264405,0.188612
0.399489,0.434645,0.368646,0.264405
0.338238,0.416949,0.509157,0.368646
0.330941,0.484871,0.622595,0.509157
0.365767,0.657992,0.736633,0.622595
0.667600,0.632491,0.869693,0.736633
0.685801,0.776036,0.984953,0.869693
0.854945,0.920823,1.099163,0.984953
1.179222,0.797373,1.214820,1.099163
0.975548,0.863697,1.295914,1.214820
0.897684,1.013127,1.364870,1.295914
1.055240,0.841543,1.430548,1.364870
0.792684,0.838637,1.476172,1.430548
0.909675,0.968979,1.515519,1.476172
0.912360,0.821425,1.552316,1.515519
0.720834,0.981490,1.575014,1.552316
0.893768,0.999663,1.591630,1.575014
0.915333,0.852661,1.594846,1.591630
0.797770,1.015434,1.587834,1.594846
0.898096,1.022091,1.573510,1.587834
0.954484,1.023031,1.559611,1.573510
0.951423,0.845001,1.551404,1.559611
0.761509,0.882439,1.549401,1.551404
0.828629,1.037667,1.551121,1.549401
0.972053,0.852150,1.555645,1.551121
0.772611,0.871247,1.559885,1.555645
0.766789,1.037539,1.563541,1.559885
0.948618,0.830243,1.566285,1.563541
0.761875,0.877316,1.567335,1.566285
0.760900,0.999961,1.567650,1.567335
0.946096,0.842279,1.567719,1.567650
0.748625,0.861878,1.568081,1.567719
0.747382,1.002348,1.568933,1.568081
0.928834,0.843501,1.570381,1.568933
0.744305,0.859939,1.571889,1.570381
0.878531,0.991218,1.573580,1.571889
0.923208,0.814016,1.575562,1.573580
0.735569,0.857224,1.577175,1.575562
0.773452,0.975636,1.578867,1.577175
0.910415,0.819076,1.580946,1.578867
0.731866,0.886034,1.582901,1.580946
0.734822,0.988274,1.585125,1.582901
0.923927,0.820453,1.587891,1.585125
0.740682,0.830194,1.590228,1.587891
0.737321,0.994118,1.592730,1.590228
0.928299,0.837035,1.595402,1.592730
0.790340,0.833470,1.598649,1.595402
0.860611,0.977103,1.604575,1.598649
1.083554,0.744803,1.610859,1.604575
0.793759,0.722159,1.614913,1.610859
0.801865,0.758579,1.619008,1.614913
0.722610,0.598116,1.625200,1.619008
0.523838,0.554145,1.632196,1.625200
0.494162,0.582518,1.641604,1.632196
0.519505,0.447715,1.655578,1.641604
0.370777,0.426097,1.669633,1.655578
0.336121,0.446317,1.685955,1.669633
0.356715,0.347142,1.707364,1.685955
0.262987,0.311626,1.727344,1.707364
0.248705,0.352772,1.749155,1.727344
0.256331,0.250777,1.776464,1.749155
0.265289,0.252332,1.794231,1.776464
0.332406,0.235265,1.802014,1.794231
0.401122,0.172834,1.792475,1.802014
0.254221,0.210641,1.763804,1.792475
0.261514,0.256955,1.722634,1.763804
0.397205,0.255856,1.657734,1.722634
0.437013,0.249530,1.591220,1.657734
0.412192,0.374824,1.514961,1.591220
0.333691,0.333540,1.422179,1.514961
0.199533,0.375550,1.347599,1.422179
0.213818,0.528166,1.258577,1.347599
0.493936,0.587808,1.130651,1.258577
0.539522,0.715975,0.994813,1.130651
0.749768,0.899023,0.839598,0.994813
1.198559,0.798242,0.657050,0.839598
1.074474,0.852827,0.519212,0.657050
1.132557,1.054260,0.404073,0.519212
1.254948,0.834042,0.296042,0.404073
0.906731,0.844909,0.222766,0.296042
0.985688,1.017007,0.162826,0.222766
0.929936,0.819627,0.111996,0.162826
0.697906,0.975872,0.086507,0.111996
0.850813,0.998821,0.076776,0.086507
0.855613,0.834106,0.080761,0.076776
0.731957,1.003278,0.084640,0.080761
0.843517,0.834253,0.084303,0.084640
0.786733,0.875941,0.079263,0.084303
0.754609,1.043709,0.072457,0.079263
0.952633,0.869454,0.066596,0.072457
0.781058,0.898309,0.063443,0.066596
0.772999,1.051323,0.059872,0.063443
0.971276,0.850898,0.054352,0.059872
0.771147,1.042911,0.048988,0.054352
0.965955,1.040920,0.043265,0.048988
0.958721,0.895368,0.039680,0.043265
0.759572,1.062762,0.038063,0.039680
0.948076,0.847012,0.036813,0.038063
0.749799,0.903430,0.036102,0.036813
0.743599,1.002304,0.035795,0.036102
0.926103,0.862165,0.036302,0.035795
0.731921,0.866807,0.037636,0.036302
0.857405,0.978554,0.039368,0.037636
0.903268,0.815946,0.041220,0.039368
0.720825,1.015261,0.042626,0.041220
0.895558,0.955898,0.044104,0.042626
0.892969,0.980444,0.045523,0.044104
0.890466,0.993858,0.047069,0.045523
0.756162,0.844587,0.048446,0.047069
0.856917,0.945046,0.049268,0.048446
0.899495,0.834547,0.050010,0.049268
0.714778,0.825667,0.050905,0.050010
0.759813,0.984321,0.037030,0.050905
0.998748,0.836014,0.032924,0.037030
0.878268,0.769946,0.093160,0.032924
0.870354,0.912741,0.128005,0.093160
0.932572,0.721763,0.142508,0.128005
0.657941,0.696898,0.143691,0.142508
0.576960,0.669596,0.139958,0.143691
0.615455,0.646090,0.133257,0.139958
0.535663,0.605015,0.126691,0.133257
0.484976,0.448417,0.122346,0.126691
0.356843,0.410113,0.121278,0.122346
0.331616,0.433366,0.123007,0.121278
0.372273,0.314186,0.128392,0.123007
0.277480,0.301522,0.135290,0.128392
0.300191,0.303244,0.142448,0.135290
0.238134,0.256690,0.170363,0.142448
0.311054,0.198271,0.214682,0.170363
0.331318,0.228467,0.271119,0.214682
0.334469,0.196342,0.300423,0.271119
0.219147,0.196242,0.269211,0.300423
0.229368,0.265586,0.196426,0.269211
0.515594,0.283504,0.115454,0.196426
0.417944,0.310702,0.158803,0.115454
0.233390,0.360874,0.261011,0.158803
0.070068,0.341657,0.406790,0.261011
0.066357,0.488203,0.531488,0.406790
0.234578,0.581770,0.673143,0.531488
0.284138,0.594716,0.809274,0.673143
0.263687,0.801580,0.927204,0.809274
0.469208,0.768379,1.064642,0.927204
0.506894,0.837930,1.169134,1.064642
0.690764,1.011720,1.260016,1.169134
1.128099,0.857541,1.347140,1.260016
0.866573,0.891628,1.405969,1.347140
0.882760,1.017002,1.455703,1.405969
0.937845,0.853878,1.504129,1.455703
0.727690,0.838722,1.537987,1.504129
0.781262,0.996828,1.565954,1.537987
0.906281,0.833720,1.588451,1.565954
0.726325,0.848029,1.597636,1.588451
0.726978,1.004471,1.597599,1.597636
0.905672,0.834624,1.587301,1.597599
0.732211,0.846484,1.575056,1.587301
0.733939,1.007901,1.563607,1.575056
0.930632,0.860387,1.555204,1.563607
0.751506,0.877066,1.552953,1.555204
0.749070,0.992641,1.554301,1.552953
0.947629,0.836020,1.558257,1.554301
0.760777,0.867621,1.561927,1.558257
0.912164,1.018246,1.564921,1.561927
0.953504,0.853344,1.566795,1.564921
0.755242,0.824696,1.567129,1.566795
0.788044,1.002789,1.566839,1.567129
0.929807,0.823881,1.566470,1.566839
0.739998,0.850592,1.566593,1.566470
0.741269,1.015940,1.567269,1.566593
0.922855,0.802503,1.568702,1.567269
0.729897,0.834651,1.570263,1.568702
0.731298,0.985574,1.572007,1.570263
0.918763,0.840171,1.573907,1.572007
0.730645,0.846871,1.575189,1.573907
0.727415,0.984966,1.576324,1.575189
0.905266,0.817854,1.577654,1.576324
0.727245,0.852233,1.578879,1.577654
0.862379,0.995942,1.580226,1.578879
0.927243,0.817427,1.582150,1.580226
0.741811,0.814671,1.584195,1.582150
0.781463,0.988792,1.586764,1.584195
0.933743,0.810735,1.589842,1.586764
0.831491,0.833700,1.594390,1.589842
0.889846,0.920478,1.601515,1.594390
1.029006,0.734922,1.608984,1.601515
0.734058,0.828539,1.614617,1.608984
0.795301,0.770829,1.621803,1.614617
0.682413,0.563506,1.630127,1.621803
0.497772,0.607387,1.638561,1.630127
0.553152,0.484207,1.649780,1.638561
0.403172,0.505362,1.660367,1.649780
0.450728,0.481651,1.675081,1.660367
0.415849,0.350948,1.691844,1.675081
0.314660,0.375369,1.708326,1.691844
0.359931,0.269145,1.729638,1.708326
0.251231,0.293360,1.749492,1.729638
0.219965,0.324016,1.776554,1.749492
0.313225,0.232147,1.823106,1.776554
0.288022,0.250908,1.877949,1.823106
0.322498,0.272568,1.947348,1.877949
0.235583,0.229389,2.037736,1.947348
0.301860,0.307687,2.114524,2.037736
0.486360,0.366539,2.219767,2.114524
0.595352,0.327780,2.342344,2.219767
0.370334,0.356053,2.461188,2.342344
0.150135,0.288142,2.610245,2.461188
0.059869,0.342065,2.733560,2.610245
0.112478,0.443400,2.850785,2.733560
0.415243,0.445141,2.965323,2.850785
0.507738,0.518205,3.035122,2.965323
0.595339,0.713836,3.084741,3.035122
0.946007,0.647339,3.118391,3.084741
0.824730,0.703579,3.134355,3.118391
0.896268,0.842157,3.141673,3.134355
1.207796,0.713384,3.131186,3.141673
0.953394,0.736324,3.128709,3.131186
0.863202,0.844425,3.132317,3.128709
0.962461,0.697689,3.142062,3.132317
0.734004,0.715082,3.133936,3.142062
0.862570,0.837302,3.128044,3.133936
0.908637,0.678457,3.125745,3.128044
0.731361,0.720509,3.127149,3.125745
0.790597,0.843327,3.130391,3.127149
0.948831,0.725395,3.134835,3.130391
0.766190,0.711574,3.137855,3.134835
0.774998,0.851022,3.139670,3.137855
0.974066,0.716018,3.140146,3.139670
0.777451,0.710685,3.139570,3.140146
0.787305,0.841961,3.138654,3.139570
0.987789,0.770520,3.137700,3.138654
0.784616,0.754086,3.137230,3.137700
0.786099,0.873379,3.137170,3.137230
1.005178,0.777420,3.137648,3.137170
0.806018,0.781184,3.138265,3.137648
0.957617,0.882080,3.139015,3.138265
1.005669,0.732135,3.139921,3.139015
0.806651,0.784875,3.140783,3.139921
0.857240,0.893980,3.141694,3.140783
1.014777,0.737907,3.142100,3.141694
0.836671,0.745540,3.141402,3.142100
0.852229,0.870137,3.141064,3.141402
1.009512,0.774974,3.140575,3.141064
0.808565,0.774594,3.139997,3.140575
0.804091,0.892268,3.139326,3.139997
1.006803,0.767421,3.138552,3.139326
0.805968,0.787745,3.137990,3.138552
0.816533,0.884877,3.137233,3.137990
1.042674,0.768231,3.135997,3.137233
0.830659,0.771188,3.134957,3.135997
0.993809,0.912993,3.133826,3.134957
1.041569,0.937186,3.132234,3.133826
1.049404,0.871721,3.130348,3.132234
0.888138,0.916602,3.128120,3.130348
1.022977,0.901224,3.124921,3.128120
1.100654,0.734527,3.120921,3.124921
0.937265,0.776707,3.118155,3.120921
1.088238,0.810325,3.115543,3.118155
1.062364,0.624344,3.112173,3.115543
0.778664,0.639746,3.108793,3.112173
0.754592,0.717196,3.104494,3.108793
0.781421,0.507311,3.098258,3.104494
0.582150,0.529081,3.092030,3.098258
0.543475,0.566584,3.085067,3.092030
0.650110,0.474747,3.076464,3.085067
0.491745,0.421056,3.069174,3.076464
0.460440,0.485486,3.061803,3.069174
0.545256,0.372564,3.053510,3.061803
0.412118,0.371111,3.046869,3.053510
0.391536,0.377118,3.040332,3.046869
0.457664,0.305692,3.032898,3.040332
0.341725,0.286154,3.026378,3.032898
0.366393,0.318486,3.018997,3.026378
0.356025,0.224749,3.009026,3.018997
0.259897,0.244340,3.000341,3.009026
0.268667,0.213134,2.994973,3.000341
0.300179,0.214254,2.994771,2.994973
0.231872,0.220363,2.997959,2.994771
0.216774,0.201684,3.002395,2.997959
0.254617,0.169854,3.007278,3.002395
0.170385,0.173304,3.009900,3.007278
0.169124,0.137757,3.010929,3.009900
0.149699,0.084685,3.010156,3.010929
0.109510,0.113996,3.008853,3.010156
0.136642,0.100053,3.007260,3.008853
0.094378,0.082435,3.006228,3.007260
0.076811,0.114799,3.005610,3.006228
0.093845,0.083446,3.005474,3.005610
0.069879,0.063127,3.005652,3.005474
0.065543,0.091224,3.005962,3.005652
0.044101,0.038651,3.006274,3.005962
0.052873,0.069463,3.006412,3.006274
0.056032,0.064733,3.006387,3.006412
0.038202,0.013100,3.006485,3.006387
0.043586,0.045311,3.006610,3.006485
0.044222,0.053552,3.006679,3.006610
0.036504,0.051025,3.006696,3.006679
0.037416,0.043653,3.006614,3.006696
0.036225,0.035808,3.006539,3.006614
0.040124,0.026041,3.006318,3.006539
0.035433,0.064389,3.006169,3.006318
0.031847,0.012473,3.006016,3.006169
0.032546,0.026304,3.005911,3.006016
0.022829,0.025994,3.005934,3.005911
0.025299,0.055196,3.006028,3.005934
0.000000,0.012057,3.006097,3.006028
0.000000,0.033737,3.006090,3.006097
0.021657,0.010561,3.006058,3.006090
0.020991,0.015270,3.006132,3.006058
0.000000,0.010555,3.006056,3.006132
0.000000,0.000000,0.000000,0.000000
0.000000,0.028838,2.044786,0.000000
0.024556,0.036915,2.036663,2.044786
0.026765,0.019682,2.030953,2.036663
0.028042,0.064506,2.037634,2.030953
0.025371,0.025798,2.051061,2.037634
0.000000,0.057684,2.060873,2.051061
0.000000,0.010252,2.066258,2.060873
0.016477,0.026186,2.075472,2.066258
0.000000,0.014722,2.071680,2.075472
0.000000,0.028932,2.068570,2.071680
0.000000,0.051600,2.066578,2.068570
0.000000,0.038246,2.065847,2.066578
0.000000,0.039207,2.065742,2.065847
0.000000,0.022356,2.065967,2.065742
0.000000,0.033832,2.066844,2.065967
0.000000,0.022552,2.067401,2.066844
0.023928,0.010418,2.058571,2.067401
0.017050,0.058979,2.056869,2.058571
0.024255,0.009544,2.054193,2.056869
0.025128,0.039184,2.050839,2.054193
0.021713,0.028059,2.049011,2.050839
0.031199,0.043879,2.050974,2.049011
0.050630,0.040747,2.054304,2.050974
0.084499,0.007001,2.057010,2.054304
0.103175,0.033597,2.058665,2.057010
0.132403,0.044093,2.059070,2.058665
0.118261,0.028918,2.059132,2.059070
0.130104,0.067919,2.059669,2.059132
0.112054,0.034304,2.061764,2.059669
0.104913,0.023998,2.064487,2.061764
0.110218,0.041684,2.066332,2.064487
0.073604,0.045289,2.066334,2.066332
0.057464,0.034997,2.065599,2.066334
0.056990,0.063801,2.063871,2.065599
0.041993,0.036685,2.062280,2.063871
0.036170,0.026486,2.061103,2.062280
0.050457,0.019437,2.060661,2.061103
0.044501,0.016771,2.060596,2.060661
0.079452,0.036868,2.059987,2.060596
0.102105,0.031102,2.055047,2.059987
0.157599,0.026425,2.043253,2.055047
0.184422,0.052942,2.019903,2.043253
0.182671,0.083579,1.967382,2.019903
0.074949,0.247046,1.890176,1.967382
0.152924,0.336891,1.758718,1.890176
0.335127,0.418006,1.629247,1.758718
0.442367,0.540327,1.540737,1.629247
0.605030,0.490015,1.460398,1.540737
0.458925,0.628760,1.395143,1.460398
0.456042,0.767214,1.304363,1.395143
0.702238,0.742489,1.158468,1.304363
0.653592,0.803359,1.009852,1.158468
0.437176,0.949429,0.845834,1.009852
0.690422,0.813328,0.665518,0.845834
0.836864,0.806444,0.531897,0.665518
0.912489,0.965350,0.415764,0.531897
1.114048,0.756722,0.306068,0.415764
0.865837,0.766071,0.232818,0.306068
0.947083,0.959035,0.173769,0.232818
0.914819,0.802283,0.126202,0.173769
0.696444,0.796696,0.103225,0.126202
0.717508,0.964566,0.092277,0.103225
0.843253,0.794734,0.088346,0.092277
0.684167,0.822956,0.086748,0.088346
0.693710,0.949634,0.083730,0.086748
0.872239,0.813238,0.076773,0.083730
0.741569,0.841858,0.069746,0.076773
0.766824,0.966757,0.063440,0.069746
1.003668,0.807316,0.058215,0.063440
0.803258,0.809958,0.057046,0.058215
0.795248,0.973655,0.056932,0.057046
0.988721,0.819795,0.057478,0.056932
0.778177,0.848076,0.058434,0.057478
0.931442,0.995855,0.059451,0.058434
0.985906,0.825489,0.060673,0.059451
0.788426,0.837460,0.061294,0.060673
0.837127,0.971489,0.061487,0.061294
1.009276,0.997653,0.061100,0.061487
1.009732,0.971667,0.059759,0.061100
0.957416,0.811614,0.058564,0.059759
0.845642,0.840178,0.057897,0.058564
0.791828,1.006533,0.057764,0.057897
1.008004,0.796454,0.057774,0.057764
0.798483,0.813371,0.057966,0.057774
0.796776,0.986993,0.058449,0.057966
0.991696,0.832668,0.058746,0.058449
0.791838,0.845781,0.059017,0.058746
0.791050,0.958684,0.059396,0.059017
0.975972,0.838814,0.060337,0.059396
0.774141,0.868114,0.061558,0.060337
0.929876,0.963854,0.059311,0.061558
0.871468,0.863588,0.014617,0.059311
1.043326,0.790202,0.053234,0.014617
0.988126,0.942675,0.101380,0.053234
1.024772,0.729384,0.124369,0.101380
0.823863,0.718054,0.128797,0.124369
0.695122,0.763178,0.126025,0.128797
0.763605,0.568413,0.118028,0.126025
0.561651,0.565898,0.109577,0.118028
0.520527,0.578295,0.100902,0.109577
0.587421,0.475558,0.092164,0.100902
0.436138,0.443465,0.087541,0.092164
0.411145,0.463818,0.084844,0.087541
0.477459,0.428138,0.083558,0.084844
0.427619,0.392372,0.076443,0.083558
0.340514,0.280719,0.044893,0.076443
0.203290,0.304414,0.052739,0.044893
0.242930,0.352574,0.109009,0.052739
0.445500,0.237156,0.201555,0.109009
0.363352,0.215642,0.275499,0.201555
0.357073,0.281358,0.305857,0.275499
0.242976,0.227127,0.279280,0.305857
0.245666,0.289244,0.249439,0.279280
0.324811,0.352917,0.293113,0.249439
0.265321,0.333652,0.398202,0.293113
0.221776,0.373753,0.514290,0.398202
0.212724,0.533863,0.639558,0.514290
0.289331,0.506207,0.783668,0.639558
0.268982,0.577485,0.905326,0.783668
0.351912,0.766233,1.026017,0.905326
0.791103,0.734944,1.155049,1.026017
0.740448,0.808726,1.245844,1.155049
0.824785,0.957822,1.322073,1.245844
1.118316,0.794233,1.395944,1.322073
0.859892,0.824103,1.447103,1.395944
0.890229,0.954114,1.490343,1.447103
0.736198,0.765622,1.530910,1.490343
0.806812,0.786710,1.558082,1.530910
0.694087,0.937368,1.578567,1.558082
0.815909,0.765509,1.591742,1.578567
0.754000,0.816279,1.592729,1.591742
0.731203,0.934331,1.585012,1.592729
0.946642,0.792092,1.570427,1.585012
0.772133,0.792972,1.558722,1.570427
0.777558,0.968739,1.550210,1.558722
0.976262,0.813279,1.546224,1.550210
0.787763,0.856807,1.546763,1.546224
0.794113,0.969546,1.549446,1.546763
1.000776,0.817937,1.553405,1.549446
0.794683,0.838516,1.556060,1.553405
0.940467,0.971675,1.557698,1.556060
0.835172,0.821737,1.558169,1.557698
0.939187,0.827742,1.557790,1.558169
0.844019,1.001561,1.557130,1.557790
0.940835,0.817443,1.556449,1.557130
0.839716,0.832889,1.556184,1.556449
0.804304,0.971069,1.556224,1.556184
1.009554,0.826890,1.556700,1.556224
0.798350,0.865551,1.557287,1.556700
0.789105,0.987719,1.558040,1.557287
0.983047,0.828470,1.558836,1.558040
0.798125,0.826136,1.559307,1.558836
0.800873,0.984611,1.559671,1.559307
0.993753,0.815496,1.559947,1.559671
0.788850,0.848465,1.560026,1.559947
2.140210,0.976148,1.560197,1.560026
0.228119,0.816968,1.560448,1.560197
0.472312,0.844554,1.560736,1.560448
0.674474,1.003805,1.561002,1.560736
0.868054,0.819163,1.561145,1.561002
0.833443,0.805887,1.560614,1.561145
0.868236,0.972773,1.561632,1.560614
1.165023,0.763470,1.564832,1.561632
0.871772,0.756265,1.565980,1.564832
0.780258,0.811015,1.565844,1.565980
0.839447,0.650448,1.565039,1.565844
0.606408,0.591749,1.564586,1.565039
0.566389,0.606266,1.564755,1.564586
0.641559,0.498202,1.565818,1.564755
0.470154,0.489188,1.567390,1.565818
0.509257,0.512662,1.569270,1.567390
0.412892,0.390942,1.571385,1.569270
0.445475,0.371979,1.572717,1.571385
0.372184,0.447681,1.573204,1.572717
0.371108,0.304212,1.571558,1.573204
0.235228,0.299624,1.569890,1.571558
0.260378,0.344636,1.564861,1.569890
0.493126,0.309160,1.551511,1.564861
0.427319,0.257218,1.532255,1.551511
0.388552,0.294900,1.495585,1.532255
0.427572,0.240657,1.429015,1.495585
0.286311,0.269157,1.359030,1.429015
0.268660,0.330481,1.277390,1.359030
0.278372,0.319180,1.176253,1.277390
0.167089,0.375129,1.091415,1.176253
0.242138,0.474151,0.996524,1.091415
0.228397,0.496195,0.862102,0.996524
0.400879,0.669665,0.737943,0.862102
0.649409,0.800984,0.571587,0.737943
0.699864,0.721809,0.417409,0.571587
0.908995,0.915716,0.304326,0.417409
1.065573,0.812281,0.198588,0.304326
0.879848,0.805644,0.138861,0.198588
0.898715,0.929531,0.094787,0.138861
0.953185,0.784960,0.063752,0.094787
0.718725,0.790580,0.058629,0.063752
0.706552,0.931355,0.066511,0.058629
0.887387,0.788802,0.076007,0.066511
0.714533,0.816806,0.078982,0.076007
0.724029,0.921926,0.077888,0.078982
0.928178,0.794195,0.075090,0.077888
0.767083,0.832962,0.074396,0.075090
0.778036,0.981852,0.075301,0.074396
0.988367,0.804083,0.076099,0.075301
0.796968,0.813618,0.075716,0.076099
0.943085,0.970363,0.074758,0.075716
0.993385,0.795311,0.073363,0.074758
0.791953,0.817739,0.071979,0.073363
0.831518,0.981786,0.070686,0.071979
0.948990,0.817499,0.069557,0.070686
0.769993,0.874747,0.068928,0.069557
0.780470,0.966678,0.068150,0.068928
0.979058,0.819285,0.067345,0.068150
0.787669,0.839180,0.066621,0.067345
0.798361,0.995140,0.065392,0.066621
1.007319,0.837336,0.063117,0.065392
0.813024,0.823891,0.061173,0.063117
0.812816,0.954234,0.059625,0.061173
1.012944,0.810853,0.058834,0.059625
0.799935,0.831606,0.059086,0.058834
0.944460,1.016940,0.060071,0.059086
0.989690,0.806485,0.061277,0.060071
0.784621,0.858419,0.061551,0.061277
0.820164,1.007933,0.061401,0.061551
0.973369,0.841500,0.061302,0.061401
0.784966,0.859484,0.060965,0.061302
0.783503,0.950220,0.060186,0.060965
0.972110,0.839567,0.058876,0.060186
0.774451,0.815903,0.057358,0.058876
0.778158,0.997807,0.029292,0.057358
1.092349,0.855953,0.044849,0.029292
0.919156,0.862472,0.096482,0.044849
0.909246,0.969582,0.120626,0.096482
0.984369,0.757381,0.128779,0.120626
0.709117,0.737029,0.127558,0.128779
0.750437,0.801371,0.122687,0.127558
0.695687,0.613073,0.114993,0.122687
0.508611,0.676448,0.108411,0.114993
0.575044,0.590235,0.101750,0.108411
0.524443,0.471159,0.097100,0.101750
0.404498,0.508599,0.095120,0.097100
0.410255,0.335475,0.095519,0.095120
0.340331,0.361744,0.094055,0.095519
0.264108,0.413505,0.075727,0.094055
0.256476,0.259338,0.097000,0.075727
0.325975,0.279790,0.150427,0.097000
0.387572,0.326408,0.217333,0.150427
0.456177,0.215006,0.285756,0.217333
0.300322,0.217824,0.291129,0.285756
0.299690,0.290699,0.247806,0.291129
0.491632,0.297583,0.194116,0.247806
0.498870,0.316537,0.236658,0.194116
0.565440,0.372911,0.332148,0.236658
0.381890,0.357147,0.465665,0.332148
0.422216,0.434529,0.586225,0.465665
0.390948,0.601419,0.706940,0.586225
0.524102,0.602059,0.847696,0.706940
0.629571,0.692575,0.965652,0.847696
0.616026,0.895791,1.083301,0.965652
1.140488,0.811106,1.203003,1.083301
0.946200,0.868378,1.284340,1.203003
0.968414,0.994082,1.353922,1.284340
1.112798,0.834797,1.420976,1.353922
0.832576,0.850527,1.468063,1.420976
0.793164,0.988205,1.508810,1.468063
0.940344,0.818218,1.547075,1.508810
0.730760,0.837305,1.571066,1.547075
0.855349,0.984416,1.587489,1.571066
0.757398,0.816185,1.595147,1.587489
0.860809,0.831984,1.591632,1.595147
0.785540,1.010209,1.580934,1.591632
0.879144,0.871427,1.565949,1.580934
0.783871,0.846396,1.555963,1.565949
0.741392,1.017424,1.550225,1.555963
0.935722,0.876067,1.549350,1.550225
0.769119,0.877481,1.552065,1.549350
0.778586,1.024325,1.556345,1.552065
0.982864,0.864512,1.561378,1.556345
0.772556,0.876778,1.564584,1.561378
0.773796,1.030882,1.566530,1.564584
0.971894,0.854401,1.567376,1.566530
0.771416,0.849876,1.567506,1.567376
0.908278,1.023841,1.567608,1.567506
0.808864,0.846600,1.568123,1.567608
0.898376,0.851367,1.569024,1.568123
0.793712,1.028016,1.570330,1.569024
0.888109,0.849541,1.572309,1.570330
0.794914,0.991964,1.574055,1.572309
0.932633,0.992722,1.576002,1.574055
0.880946,0.856149,1.577750,1.576002
0.784852,0.982420,1.579192,1.577750
0.920204,1.008800,1.580799,1.579192
0.913122,0.999217,1.582573,1.580799
0.875605,0.797118,1.584589,1.582573
0.779845,0.836631,1.586592,1.584589
0.732370,0.981329,1.589110,1.586592
0.926701,0.828739,1.592561,1.589110
0.771129,0.855246,1.595878,1.592561
0.859663,0.940012,1.601808,1.595878
0.466220,0.790173,1.610686,1.601808
0.511404,0.712480,1.616617,1.610686
0.574066,0.796649,1.621793,1.616617
0.627529,0.624121,1.628244,1.621793
0.472881,0.579333,1.634854,1.628244
0.532304,0.628343,1.643245,1.634854
0.445010,0.492539,1.655294,1.643245
0.462448,0.443023,1.667395,1.655294
0.370269,0.489887,1.681615,1.667395
0.369103,0.377760,1.700511,1.681615
0.312303,0.316110,1.718254,1.700511
0.282235,0.355858,1.738086,1.718254
0.303881,0.271665,1.762398,1.738086
0.235398,0.275370,1.782256,1.762398
0.310959,0.291107,1.794970,1.782256
0.428000,0.194816,1.794656,1.794970
0.310302,0.213123,1.776832,1.794656
0.305557,0.207962,1.731569,1.776832
0.355329,0.231473,1.671027,1.731569
0.397071,0.312642,1.605720,1.671027
0.541644,0.333394,1.517548,1.605720
0.351008,0.350538,1.421240,1.517548
0.252647,0.391543,1.329689,1.421240
0.199402,0.482714,1.240392,1.329689
0.268425,0.663703,1.132714,1.240392
0.605847,0.665658,0.973735,1.132714
0.740030,0.720339,0.821266,0.973735
1.055033,0.947366,0.663717,0.821266
1.114228,0.855620,0.497831,0.663717
1.313301,0.885663,0.387146,0.497831
1.082600,1.010252,0.296172,0.387146
1.075301,1.014424,0.211596,0.296172
0.968170,1.006865,0.146195,0.211596
0.896529,0.786423,0.102635,0.146195
0.699727,1.015401,0.083143,0.102635
0.881037,0.993714,0.078280,0.083143
0.899698,0.868694,0.082808,0.078280
0.772090,1.010210,0.085118,0.082808
0.871383,0.866752,0.081404,0.085118
0.792386,0.885859,0.074061,0.081404
0.758217,1.056718,0.066572,0.074061
0.972826,0.861598,0.060384,0.066572
0.791681,0.920317,0.056332,0.060384
0.794583,1.020391,0.051932,0.056332
0.984502,0.864108,0.046393,0.051932
0.777127,1.076166,0.041904,0.046393
0.952843,1.023186,0.038126,0.041904
0.936895,0.900196,0.036314,0.038126
0.743871,1.010001,0.035994,0.036314
0.921575,0.852633,0.036792,0.035994
0.732476,0.837260,0.038335,0.036792
0.719401,1.022670,0.040407,0.038335
0.895923,0.839921,0.042975,0.040407
0.729549,0.859166,0.044908,0.042975
0.862539,1.001644,0.046110,0.044908
0.908412,0.996859,0.046580,0.046110
0.909658,0.967621,0.046051,0.046580
0.778054,0.842991,0.045471,0.046051
0.868382,0.850066,0.045490,0.045471
0.773286,0.974508,0.045691,0.045490
0.855576,0.830817,0.045966,0.045691
0.760594,0.857887,0.046407,0.045966
0.716232,0.973225,0.047110,0.046407
0.889820,0.807810,0.048124,0.047110
0.502629,0.851940,0.036849,0.048124
0.213244,0.957293,0.023149,0.036849
0.487845,0.793920,0.091616,0.023149
0.643247,0.790561,0.124952,0.091616
0.672470,0.826685,0.138293,0.124952
0.782336,0.660826,0.139940,0.138293
0.563119,0.586786,0.136039,0.139940
0.589158,0.692829,0.130023,0.136039
0.463789,0.467789,0.122834,0.130023
0.469345,0.480994,0.118364,0.122834
0.379057,0.514072,0.116399,0.118364
0.389188,0.365650,0.117650,0.116399
0.316582,0.345841,0.121388,0.117650
0.280585,0.355520,0.128021,0.121388
0.324120,0.296768,0.134510,0.128021
0.224689,0.292065,0.149947,0.134510
0.264988,0.283135,0.184794,0.149947
0.381548,0.179672,0.246262,0.184794
0.307656,0.187157,0.294291,0.246262
0.265840,0.225898,0.292672,0.294291
0.300382,0.236459,0.229619,0.292672
0.345904,0.251113,0.150118,0.229619
0.539410,0.325338,0.135752,0.150118
0.373893,0.301749,0.233567,0.135752
0.194849,0.299069,0.348693,0.233567
0.056917,0.461502,0.479102,0.348693
0.045891,0.399737,0.624313,0.479102
0.306172,0.520951,0.739831,0.624313
0.391685,0.745556,0.859307,0.739831
0.627966,0.711626,0.999722,0.859307
0.626672,0.784733,1.112433,0.999722
0.775016,1.014126,1.212770,1.112433
1.052795,1.019619,1.307293,1.212770
1.044504,1.030791,1.384367,1.307293
0.944604,0.821616,1.445319,1.384367
0.731923,0.890127,1.488129,1.445319
0.729581,0.981352,1.525427,1.488129
0.893935,1.002769,1.560322,1.525427
0.713755,0.984678,1.585394,1.560322
0.720969,0.816299,1.597608,1.585394
0.671164,0.852510,1.597745,1.597608
0.719878,0.974271,1.589537,1.597745
0.933129,0.852053,1.575013,1.589537
0.763059,0.871825,1.563687,1.575013
0.909449,1.038894,1.555783,1.563687
0.815917,0.867890,1.552485,1.555783
0.911359,0.892913,1.553812,1.552485
0.822807,1.045306,1.557310,1.553812
0.918079,0.830815,1.562198,1.557310
0.820211,0.854233,1.565605,1.562198
0.764356,0.999905,1.567804,1.565605
0.953428,0.859940,1.568750,1.567804
0.753027,0.872223,1.568619,1.568750
0.746071,0.997424,1.568118,1.568619
0.924287,0.833624,1.567617,1.568118
0.737155,0.841916,1.567615,1.567617
0.733420,1.001130,1.568151,1.567615
0.914542,0.816003,1.569315,1.568151
0.728738,0.862559,1.570585,1.569315
0.875132,0.955034,1.571998,1.570585
0.774665,0.800040,1.573814,1.571998
0.861455,0.836014,1.575446,1.573814
0.777274,0.986086,1.577340,1.575446
0.868855,0.821019,1.579853,1.577340
0.772662,0.869929,1.582176,1.579853
0.537063,0.991468,1.584888,1.582176
0.235244,0.814065,1.588252,1.584888
0.090705,0.850684,1.591263,1.588252
0.347274,0.987419,1.594212,1.591263
0.834155,0.813892,1.598359,1.594212
0.813155,0.821682,1.604602,1.598359
0.855753,0.909357,1.611150,1.604602
0.969187,0.717656,1.617757,1.611150
0.689114,0.673335,1.623139,1.617757
0.717814,0.747294,1.629289,1.623139
0.563808,0.546234,1.638081,1.629289
0.565663,0.526658,1.647131,1.638081
0.445978,0.560097,1.658267,1.647131
0.452278,0.413285,1.673515,1.658267
0.367891,0.392122,1.687963,1.673515
0.309982,0.414355,1.703728,1.687963
0.367698,0.293503,1.723166,1.703728
0.263714,0.296939,1.739417,1.723166
0.200394,0.309286,1.758738,1.739417
0.292693,0.255417,1.792585,1.758738
0.245041,0.191498,1.836283,1.792585
0.243378,0.230549,1.896950,1.836283
0.273846,0.222579,1.981074,1.896950
0.223775,0.276353,2.053967,1.981074
0.404644,0.343605,2.132820,2.053967
0.573186,0.330130,2.242033,2.132820
0.761251,0.287538,2.348372,2.242033
0.491177,0.361051,2.468829,2.348372
0.273522,0.287366,2.618677,2.468829
0.202663,0.363768,2.741737,2.618677
0.298310,0.489864,2.858184,2.741737
0.569746,0.456462,2.970392,2.858184
0.582399,0.545859,3.039094,2.970392
0.643180,0.709958,3.085117,3.039094
0.975744,0.671497,3.116268,3.085117
0.849778,0.812017,3.131884,3.116268
1.166025,0.875138,3.140212,3.131884
1.198556,0.727057,3.131034,3.140212
0.889469,0.855202,3.129962,3.131034
0.994327,0.686991,3.136549,3.129962
0.749491,0.721397,3.139082,3.136549
0.731807,0.835703,3.131349,3.139082
0.899032,0.665016,3.126117,3.131349
0.731314,0.685066,3.125415,3.126117
0.880645,0.853781,3.127300,3.125415
0.946130,0.747175,3.131126,3.127300
0.765712,0.778938,3.134391,3.131126
0.814783,0.816947,3.137022,3.134391
0.963704,0.713583,3.138809,3.137022
0.785897,0.771188,3.139253,3.138809
0.798867,0.877852,3.139067,3.139253
1.006454,0.720959,3.138419,3.139067
0.805876,0.763459,3.137875,3.138419
0.800341,0.892045,3.137594,3.137875
0.999213,0.727703,3.137501,3.137594
0.801407,0.780767,3.137686,3.137501
0.799879,0.865405,3.138225,3.137686
1.005568,0.735800,3.139075,3.138225
0.800273,0.736231,3.139838,3.139075
0.954700,0.883759,3.140746,3.139838
1.007292,0.738141,3.141847,3.140746
0.823653,0.785259,3.142150,3.141847
0.893639,0.890467,3.141433,3.142150
1.055974,0.770013,3.140808,3.141433
0.829988,0.798796,3.140522,3.140808
0.821978,0.885077,3.140141,3.140522
1.025821,0.730787,3.139541,3.140141
0.820610,0.777887,3.138957,3.139541
0.817177,0.922738,3.138332,3.138957
1.024153,0.747720,3.137561,3.138332
0.833310,0.772101,3.136863,3.137561
0.835251,0.909857,3.135838,3.136863
1.034296,0.753171,3.134092,3.135838
0.834541,0.800591,3.132403,3.134092
1.001283,0.891765,3.130463,3.132403
1.039514,0.720373,3.128086,3.130463
0.824666,0.948674,3.125171,3.128086
1.114310,0.878182,3.121311,3.125171
1.179438,0.751164,3.118359,3.121311
0.937254,0.829654,3.115899,3.118359
0.950141,0.636121,3.112534,3.115899
0.769423,0.650361,3.108816,3.112534
0.674765,0.669309,3.103826,3.108816
0.786283,0.536486,3.096374,3.103826
0.572119,0.589420,3.088816,3.096374
0.656461,0.545539,3.078629,3.088816
0.614495,0.425428,3.068353,3.078629
0.464985,0.478252,3.059746,3.068353
0.539109,0.408196,3.050095,3.059746
0.418086,0.351964,3.042260,3.050095
0.404758,0.382414,3.034215,3.042260
0.458631,0.309195,3.024582,3.034215
0.350917,0.331469,3.015897,3.024582
0.330067,0.328367,3.006054,3.015897
0.380223,0.235767,2.992874,3.006054
0.280431,0.216358,2.980679,2.992874
0.300306,0.268725,2.970667,2.980679
0.289216,0.190518,2.968548,2.970667
0.230908,0.209969,2.973445,2.968548
0.246122,0.212091,2.980888,2.973445
0.235460,0.162030,2.989207,2.980888
0.157135,0.157179,2.993918,2.989207
0.132725,0.182932,2.995926,2.993918
0.135087,0.108885,2.995181,2.995926
0.101919,0.139257,2.993161,2.995181
0.097958,0.118482,2.990787,2.993161
0.104630,0.135542,2.988575,2.990787
0.092241,0.083165,2.987383,2.988575
0.075753,0.054178,2.987239,2.987383
0.054930,0.080085,2.987646,2.987239
0.049218,0.066364,2.988327,2.987646
0.054498,0.049553,2.988960,2.988327
0.035509,0.046514,2.989268,2.988960
0.051146,0.057605,2.989308,2.989268
0.052677,0.048761,2.989163,2.989308
0.058735,0.095105,2.988887,2.989163
0.045276,0.024189,2.988692,2.988887
0.047876,0.030711,2.988528,2.988692
0.038361,0.013740,2.988433,2.988528
0.029401,0.069945,2.988458,2.988433
0.022854,0.019303,2.988534,2.988458
0.000000,0.027809,2.988584,2.988534
0.000000,0.042190,2.988565,2.988584
0.000000,0.018428,2.988597,2.988565
0.000000,0.031424,2.988676,2.988597
0.000000,0.019082,2.991530,2.988676
0.000000,0.000000,0.000000,0.000000
0.000000,0.004654,2.043848,0.000000
0.022586,0.049254,2.035857,2.043848
0.038111,0.054290,2.032854,2.035857
0.032575,0.046135,2.025158,2.032854
0.022484,0.040692,2.021104,2.025158
0.000000,0.015121,2.021616,2.021104
0.000000,0.019332,2.028188,2.021616
0.000000,0.008422,2.025998,2.028188
0.000000,0.025798,2.024785,2.025998
0.000000,0.060476,2.024541,2.024785
0.000000,0.048854,2.025446,2.024541
0.000000,0.021667,2.026419,2.025446
0.000000,0.046635,2.027266,2.026419
0.000000,0.029788,2.027750,2.027266
0.000000,0.021010,2.026849,2.027750
0.023586,0.022757,2.017535,2.026849
0.029908,0.021531,2.016736,2.017535
0.036240,0.006955,2.015961,2.016736
0.035704,0.043072,2.015804,2.015961
0.046273,0.016279,2.016055,2.015804
0.028767,0.041990,2.017058,2.016055
0.055011,0.015887,2.018553,2.017058
0.062757,0.050070,2.019641,2.018553
0.061189,0.027899,2.020457,2.019641
0.077425,0.021334,2.020841,2.020457
0.077605,0.042000,2.021130,2.020841
0.089592,0.049559,2.021573,2.021130
0.081334,0.055440,2.022300,2.021573
0.071481,0.021672,2.022844,2.022300
0.060477,0.021955,2.023718,2.022844
0.054410,0.064356,2.024898,2.023718
0.063915,0.045368,2.025748,2.024898
0.045028,0.033111,2.025298,2.025748
0.038553,0.037014,2.023939,2.025298
0.055052,0.029072,2.020428,2.023939
0.048982,0.041347,2.016828,2.020428
0.085924,0.028650,2.011094,2.016828
0.180763,0.021510,1.997063,2.011094
0.156200,0.027764,1.975121,1.997063
0.161998,0.136287,1.935673,1.975121
0.080631,0.196963,1.850720,1.935673
0.163076,0.296605,1.744284,1.850720
0.326446,0.436276,1.627018,1.744284
0.468514,0.457210,1.514220,1.627018
0.497467,0.542027,1.439469,1.514220
0.537911,0.708798,1.370113,1.439469
0.595784,0.643991,1.268156,1.370113
0.504459,0.721072,1.152081,1.268156
0.639387,0.945545,1.007068,1.152081
0.552014,0.803255,0.819057,1.007068
0.502103,0.861387,0.667265,0.819057
0.783559,0.932610,0.526871,0.667265
1.124996,0.796671,0.389794,0.526871
0.890519,0.814045,0.298347,0.389794
1.009318,0.945434,0.224190,0.298347
0.841214,0.773131,0.158959,0.224190
0.872124,0.775827,0.121551,0.158959
0.745980,0.923425,0.097886,0.121551
0.824073,0.784256,0.084932,0.097886
0.733481,0.836629,0.082709,0.084932
0.693083,0.949947,0.083902,0.082709
0.878059,0.777901,0.084262,0.083902
0.723362,0.823252,0.080592,0.084262
0.762903,0.954027,0.072795,0.080592
0.999031,0.791651,0.064000,0.072795
0.817681,0.886395,0.058997,0.064000
0.808723,0.980246,0.056689,0.058997
1.009172,0.828932,0.057123,0.056689
0.797606,0.834793,0.057430,0.057123
0.946593,0.963824,0.057345,0.057430
0.845285,0.830154,0.057203,0.057345
0.939340,0.858459,0.057251,0.057203
0.835896,0.977606,0.057337,0.057251
0.934545,0.833319,0.057731,0.057337
0.845735,0.839783,0.058189,0.057731
0.800482,0.974736,0.058329,0.058189
0.999864,0.803111,0.058392,0.058329
0.800115,0.816230,0.058453,0.058392
0.789850,0.956130,0.058883,0.058453
0.980807,0.826469,0.059409,0.058883
0.796308,0.862781,0.060089,0.059409
0.799950,0.948536,0.061100,0.060089
0.986477,0.853609,0.062265,0.061100
0.788936,0.992688,0.063156,0.062265
0.980018,0.967591,0.063444,0.063156
0.987896,0.813381,0.063218,0.063444
0.786656,0.983783,0.062728,0.063218
0.983290,0.799701,0.059805,0.062728
0.807448,0.859848,0.026242,0.059805
1.029653,0.972189,0.040153,0.026242
1.163379,0.770782,0.103462,0.040153
0.902508,0.772395,0.125557,0.103462
0.863698,0.797311,0.132016,0.125557
0.797507,0.647136,0.129235,0.132016
0.595666,0.637335,0.122718,0.129235
0.565026,0.666646,0.114118,0.122718
0.642771,0.518814,0.104052,0.114118
0.466034,0.460549,0.096773,0.104052
0.428431,0.538029,0.090563,0.096773
0.490787,0.410296,0.085430,0.090563
0.376508,0.337679,0.083546,0.085430
0.354249,0.424154,0.082479,0.083546
0.400607,0.292147,0.058248,0.082479
0.226690,0.279348,0.057288,0.058248
0.270785,0.339731,0.093669,0.057288
0.432994,0.249273,0.180277,0.093669
0.382548,0.235867,0.256400,0.180277
0.381406,0.280709,0.301636,0.256400
0.334057,0.240824,0.282689,0.301636
0.245526,0.274016,0.235231,0.282689
0.351814,0.324313,0.243726,0.235231
0.347078,0.298567,0.332364,0.243726
0.219165,0.355032,0.436762,0.332364
0.203320,0.488207,0.558371,0.436762
0.280506,0.516203,0.696307,0.558371
0.249080,0.580817,0.813837,0.696307
0.294375,0.758997,0.933432,0.813837
0.520662,0.697126,1.070108,0.933432
0.551704,0.773501,1.174167,1.070108
0.848114,0.944827,1.264655,1.174167
1.047913,0.794144,1.350495,1.264655
0.825885,0.805163,1.408959,1.350495
0.857931,0.947102,1.458577,1.408959
0.944334,0.930274,1.505764,1.458577
0.848033,0.932516,1.543696,1.505764
0.787233,0.772607,1.570997,1.543696
0.719071,0.802068,1.585537,1.570997
0.712576,0.944411,1.591604,1.585537
0.938910,0.798606,1.586670,1.591604
0.769620,0.833732,1.575726,1.586670
0.782182,0.945911,1.563199,1.575726
0.987796,0.793924,1.551854,1.563199
0.788257,0.859274,1.546702,1.551854
0.795281,0.975546,1.545640,1.546702
0.999271,0.810146,1.548152,1.545640
0.798109,0.844476,1.551533,1.548152
0.952057,0.982246,1.554954,1.551533
0.848924,0.804201,1.557698,1.554954
0.937089,0.823444,1.558528,1.557698
0.838470,0.975073,1.558436,1.558528
0.945328,0.827862,1.557646,1.558436
0.854699,0.814636,1.556749,1.557646
0.806883,0.983797,1.556041,1.556749
1.015387,0.822225,1.555678,1.556041
0.817965,0.838220,1.555702,1.555678
0.814426,0.968129,1.555906,1.555702
1.014764,0.807705,1.556329,1.555906
0.794822,0.852756,1.556617,1.556329
0.794002,0.984341,1.556947,1.556617
0.971090,0.855182,1.557523,1.556947
0.799021,0.850472,1.558126,1.557523
0.952819,0.983659,1.558830,1.558126
0.847039,0.813022,1.559690,1.558830
0.951320,0.852811,1.560411,1.559690
0.846206,0.979672,1.561060,1.560411
0.953856,0.852235,1.561632,1.561060
0.852121,0.867169,1.561773,1.561632
0.822641,0.971538,1.560981,1.561773
1.134065,0.812368,1.561881,1.560981
0.958474,0.804612,1.564093,1.561881
0.910461,0.875958,1.564948,1.564093
0.796935,0.692447,1.564457,1.564948
0.632329,0.658135,1.563769,1.564457
0.604410,0.708704,1.563682,1.563769
0.694422,0.521185,1.564891,1.563682
0.507847,0.521788,1.567158,1.564891
0.535109,0.557472,1.570325,1.567158
0.444535,0.412682,1.574674,1.570325
0.466383,0.482409,1.578511,1.574674
0.450095,0.434900,1.583150,1.578511
0.360059,0.328713,1.586643,1.583150
0.357745,0.368278,1.588082,1.586643
0.272002,0.285378,1.588604,1.588082
0.263455,0.309397,1.583015,1.588604
0.421070,0.325964,1.569671,1.583015
0.478107,0.227856,1.542373,1.569671
0.333189,0.245031,1.499055,1.542373
0.310149,0.314900,1.439273,1.499055
0.450023,0.273373,1.352896,1.439273
0.459527,0.284948,1.271770,1.352896
0.327680,0.356148,1.185142,1.271770
0.345058,0.348308,1.083347,1.185142
0.319038,0.437176,0.985520,1.083347
0.386302,0.584433,0.868098,0.985520
0.620053,0.565912,0.716665,0.868098
0.569481,0.681665,0.578161,0.716665
0.864623,0.870139,0.443674,0.578161
1.055063,0.766710,0.309506,0.443674
0.891560,0.807110,0.219153,0.309506
0.973084,0.954735,0.153760,0.219153
1.050247,0.814374,0.099407,0.153760
0.777337,0.783098,0.070563,0.099407
0.726527,0.939852,0.061409,0.070563
0.880234,0.788752,0.069487,0.061409
0.689912,0.824733,0.077250,0.069487
0.708902,0.922803,0.081118,0.077250
0.935264,0.767143,0.079733,0.081118
0.758614,0.970646,0.076835,0.079733
0.967862,0.939131,0.075096,0.076835
0.979286,0.835546,0.075403,0.075096
0.792686,0.972438,0.075453,0.075403
1.001243,0.801568,0.073488,0.075453
0.800901,0.818258,0.071316,0.073488
0.956763,0.970602,0.068965,0.071316
0.847560,0.843994,0.066844,0.068965
0.934393,0.846607,0.065224,0.066844
0.827901,0.945986,0.064199,0.065224
0.909895,0.821823,0.064066,0.064199
0.832278,0.832355,0.064502,0.064066
0.798194,0.969196,0.064592,0.064502
0.993554,0.826040,0.064543,0.064592
0.800081,0.824292,0.064660,0.064543
0.811081,0.989295,0.064908,0.064660
1.002391,0.827748,0.064894,0.064908
0.797943,0.882429,0.065051,0.064894
0.799977,1.012098,0.064883,0.065051
0.997472,0.991649,0.063817,0.064883
0.994355,0.944019,0.062592,0.063817
0.995932,0.820346,0.061778,0.062592
0.792470,0.841756,0.061714,0.061778
0.792119,0.984881,0.061725,0.061714
0.985132,0.811307,0.061518,0.061725
0.787467,0.852513,0.060921,0.061518
0.936811,1.005381,0.060528,0.060921
0.979550,0.825796,0.060104,0.060528
0.784211,0.855935,0.053513,0.060104
0.832684,0.971614,0.014920,0.053513
1.105137,1.063426,0.068883,0.014920
1.032648,0.989522,0.115669,0.068883
0.578888,0.804957,0.130125,0.115669
0.242386,0.767366,0.131784,0.130125
0.089351,0.785621,0.127805,0.131784
0.104702,0.638772,0.116796,0.127805
0.088983,0.632847,0.105947,0.116796
0.141278,0.623739,0.096487,0.105947
0.409212,0.505403,0.089998,0.096487
0.368685,0.456183,0.089005,0.089998
0.378686,0.507826,0.091830,0.089005
0.463654,0.359298,0.098737,0.091830
0.360077,0.373404,0.093902,0.098737
0.326574,0.358808,0.104008,0.093902
0.330100,0.285085,0.152812,0.104008
0.392571,0.267260,0.212998,0.152812
0.364706,0.259402,0.276784,0.212998
0.329662,0.214651,0.293379,0.276784
0.303289,0.269150,0.255484,0.293379
0.507618,0.307657,0.177473,0.255484
0.618075,0.308040,0.199865,0.177473
0.482009,0.350049,0.291555,0.199865
0.405364,0.361683,0.424904,0.291555
0.252952,0.442836,0.540306,0.424904
0.321752,0.584777,0.655587,0.540306
0.533312,0.567572,0.790463,0.655587
0.547293,0.694110,0.904969,0.790463
0.668030,0.912920,1.024039,0.904969
1.199729,0.799399,1.151724,1.024039
1.002521,0.853293,1.241987,1.151724
0.972083,1.025016,1.320441,1.241987
1.104200,0.824535,1.396062,1.320441
0.795359,0.848991,1.448102,1.396062
0.925995,0.972149,1.492544,1.448102
0.901427,0.793210,1.534133,1.492544
0.680403,0.852223,1.560243,1.534133
0.715567,0.990218,1.578720,1.560243
0.872050,0.815612,1.589800,1.578720
0.717411,0.831084,1.590196,1.589800
0.739325,1.003009,1.582772,1.590196
0.940275,0.830260,1.569263,1.582772
0.755892,0.884624,1.558641,1.569263
0.756416,1.026852,1.551307,1.558641
0.949855,1.045406,1.548225,1.551307
0.963636,1.026118,1.550032,1.548225
0.984020,0.844077,1.554309,1.550032
0.784783,0.887343,1.558246,1.554309
0.779168,1.031554,1.561531,1.558246
0.969678,0.857220,1.564033,1.561531
0.773592,0.869143,1.565026,1.564033
0.909337,1.037139,1.565412,1.565026
0.808421,0.844316,1.565695,1.565412
0.898197,0.859129,1.566200,1.565695
0.803550,1.023882,1.567095,1.566200
0.897762,0.825895,1.568777,1.567095
0.800106,1.019074,1.570572,1.568777
0.944928,0.984967,1.573082,1.570572
0.890561,0.848758,1.575640,1.573082
0.792985,1.006230,1.577744,1.575640
0.919361,0.807655,1.580068,1.577744
0.733978,0.865218,1.581841,1.580068
0.749791,0.987365,1.583523,1.581841
0.927620,0.845230,1.585629,1.583523
0.752896,0.857396,1.587543,1.585629
0.750338,0.987169,1.589929,1.587543
0.935606,0.994412,1.593183,1.589929
0.981970,0.980673,1.596930,1.593183
1.086932,0.782285,1.604079,1.596930
0.904411,0.783113,1.610636,1.604079
0.842271,0.854015,1.615978,1.610636
0.903436,0.650297,1.621474,1.615978
0.638993,0.645745,1.626557,1.621474
0.662355,0.664011,1.632972,1.626557
0.508065,0.517701,1.642588,1.632972
0.501298,0.466252,1.652682,1.642588
0.403479,0.491039,1.664973,1.652682
0.408935,0.372684,1.681838,1.664973
0.328941,0.442795,1.698040,1.681838
0.347616,0.370752,1.720455,1.698040
0.287404,0.303703,1.744653,1.720455
0.200445,0.317507,1.767260,1.744653
0.316112,0.272042,1.789998,1.767260
0.441979,0.268110,1.799126,1.789998
0.397836,0.200678,1.788688,1.799126
0.286272,0.212243,1.759180,1.788688
0.251217,0.234281,1.716420,1.759180
0.415811,0.227561,1.650970,1.716420
0.418733,0.272635,1.584173,1.650970
0.365767,0.359284,1.507594,1.584173
0.281189,0.299590,1.417253,1.507594
0.185305,0.395734,1.340504,1.417253
0.255332,0.568074,1.247816,1.340504
0.499943,0.580484,1.117823,1.247816
0.612816,0.678354,0.981222,1.117823
0.986913,0.874092,0.825267,0.981222
1.044071,0.799539,0.643182,0.825267
1.231672,0.883163,0.506677,0.643182
1.204111,1.015870,0.393427,0.506677
1.208536,0.857417,0.287679,0.393427
0.929057,0.855759,0.216547,0.287679
0.790564,1.006921,0.158803,0.216547
0.868024,0.786082,0.110297,0.158803
0.650564,0.902100,0.086685,0.110297
0.622469,0.972530,0.077816,0.086685
0.798077,0.819179,0.079353,0.077816
0.662088,0.848729,0.082825,0.079353
0.710788,1.018202,0.083603,0.082825
0.932069,0.839380,0.078428,0.083603
0.768814,0.883177,0.071022,0.078428
0.922989,1.024483,0.064333,0.071022
0.845382,0.871583,0.059436,0.064333
0.932650,0.881503,0.056292,0.059436
0.834314,1.034334,0.052129,0.056292
0.918788,0.881782,0.046657,0.052129
0.813189,1.055720,0.042608,0.046657
0.949013,1.029735,0.039643,0.042608
0.890669,1.047247,0.038770,0.039643
0.934327,1.013848,0.039011,0.038770
0.919819,0.874282,0.040243,0.039011
0.775512,1.006581,0.041647,0.040243
0.872505,0.840566,0.042876,0.041647
0.778953,0.873459,0.043435,0.042876
0.733783,0.999954,0.043770,0.043435
0.917086,0.859704,0.043841,0.043770
0.729740,0.837135,0.043918,0.043841
0.730152,0.996762,0.044216,0.043918
0.911868,0.820099,0.044724,0.044216
0.728038,0.989825,0.045395,0.044724
0.903850,0.977157,0.046444,0.045395
0.906800,0.844250,0.047425,0.046444
0.724385,1.007927,0.047997,0.047425
0.900077,0.806065,0.048332,0.047997
0.719619,0.856918,0.041136,0.048332
0.733265,0.967360,0.011190,0.041136
1.033297,0.796295,0.083982,0.011190
0.896648,0.796065,0.126629,0.083982
0.951985,0.869498,0.144182,0.126629
0.847795,0.632563,0.147389,0.144182
0.575582,0.604657,0.143109,0.147389
0.526524,0.678019,0.135750,0.143109
0.535992,0.504196,0.126714,0.135750
0.391589,0.439811,0.121179,0.126714
0.363519,0.511964,0.118508,0.121179
0.401919,0.379752,0.119852,0.118508
0.295157,0.366496,0.124773,0.119852
0.278577,0.349781,0.132724,0.124773
0.326671,0.244620,0.139982,0.132724
0.218666,0.287644,0.151536,0.139982
0.238049,0.287397,0.179599,0.151536
0.376049,0.224674,0.233364,0.179599
0.327910,0.186574,0.285555,0.233364
0.357184,0.234358,0.298042,0.285555
0.314910,0.205286,0.251791,0.298042
0.332829,0.255622,0.175249,0.251791
0.505726,0.339275,0.138078,0.175249
0.487452,0.276102,0.219809,0.138078
0.199958,0.342796,0.330402,0.219809
0.076145,0.414274,0.454251,0.330402
0.034978,0.424587,0.594789,0.454251
0.107610,0.545263,0.710342,0.594789
0.210360,0.763978,0.827930,0.710342
0.531746,0.698411,0.967836,0.827930
0.567714,0.781711,1.082696,0.967836
0.766141,1.006168,1.187397,1.082696
1.198350,0.851608,1.288555,1.187397
0.990669,0.841427,1.357360,1.288555
1.075301,1.021225,1.414953,1.357360
1.025368,0.849984,1.469898,1.414953
0.793705,0.837306,1.508254,1.469898
0.824377,0.975936,1.541475,1.508254
0.947339,0.832380,1.571931,1.541475
0.741344,0.844150,1.589198,1.571931
0.728947,0.983744,1.597825,1.589198
0.895721,0.832777,1.595508,1.597825
0.723870,0.866404,1.585604,1.595508
0.740711,1.016299,1.572919,1.585604
0.931695,0.863836,1.560586,1.572919
0.759591,0.882906,1.554648,1.560586
0.781508,1.015022,1.553079,1.554648
0.991523,0.876952,1.555354,1.553079
0.794690,0.885354,1.558910,1.555354
0.940591,1.016695,1.562701,1.558910
0.973163,0.849545,1.566165,1.562701
0.768853,0.864073,1.567959,1.566165
0.807111,1.010087,1.568873,1.567959
0.946106,1.029323,1.569137,1.568873
0.943539,1.007759,1.569199,1.569137
0.894874,0.855507,1.569497,1.569199
0.795260,0.829409,1.570098,1.569497
0.747140,1.003521,1.571049,1.570098
0.929843,0.820667,1.572522,1.571049
0.755621,0.850743,1.573990,1.572522
0.749704,1.022445,1.575613,1.573990
0.931021,0.826384,1.577520,1.575613
0.737317,0.836773,1.579091,1.577520
0.734432,0.974249,1.580723,1.579091
0.909791,0.822270,1.582829,1.580723
0.734223,0.842773,1.584820,1.582829
0.876091,0.975010,1.587048,1.584820
0.781151,0.825256,1.589990,1.587048
0.874871,0.992314,1.592565,1.589990
1.003630,0.962156,1.596586,1.592565
0.926031,0.818780,1.604132,1.596586
1.008603,0.911380,1.610378,1.604132
0.939138,0.688558,1.616325,1.610378
0.669331,0.634457,1.621109,1.616325
0.630675,0.686474,1.626640,1.621109
0.638661,0.525909,1.634550,1.626640
0.459228,0.509725,1.642606,1.634550
0.408703,0.537552,1.652192,1.642606
0.453023,0.405214,1.665265,1.652192
0.342284,0.382093,1.677743,1.665265
0.323451,0.391434,1.691978,1.677743
0.375074,0.336188,1.710882,1.691978
0.292303,0.287217,1.728196,1.710882
0.222790,0.306647,1.750119,1.728196
0.314256,0.240638,1.788229,1.750119
0.290824,0.249549,1.834933,1.788229
0.341069,0.279923,1.898059,1.834933
0.322258,0.223495,1.985225,1.898059
0.214378,0.274266,2.063861,1.985225
0.368664,0.352846,2.145387,2.063861
0.730686,0.396150,2.253833,2.145387
0.849062,0.349603,2.384017,2.253833
0.668386,0.313371,2.527752,2.384017
0.387594,0.328922,2.652927,2.527752
0.312905,0.435508,2.776613,2.652927
0.546943,0.404327,2.905886,2.776613
0.530474,0.476631,2.991872,2.905886
0.635426,0.621138,3.055397,2.991872
0.880194,0.592568,3.100549,3.055397
0.816631,0.685975,3.122416,3.100549
0.859013,0.814041,3.136696,3.122416
1.172908,0.749068,3.136669,3.136696
0.950632,0.729317,3.130340,3.136669
1.038562,0.828860,3.130081,3.130340
0.836757,0.699634,3.136930,3.130081
0.865774,0.707601,3.139466,3.136930
0.749418,0.811396,3.132556,3.139466
0.838168,0.715213,3.128296,3.132556
0.762167,0.719993,3.128038,3.128296
0.726215,0.820993,3.130048,3.128038
0.941793,0.721189,3.133668,3.130048
0.762803,0.729092,3.136643,3.133668
0.769752,0.838176,3.138951,3.136643
0.971807,0.739730,3.140236,3.138951
0.774884,0.862527,3.140361,3.140236
0.977934,0.866438,3.139741,3.140361
0.986204,0.758840,3.139050,3.139741
0.787320,0.897740,3.138637,3.139050
0.992700,0.718299,3.138567,3.138637
0.805233,0.768434,3.138804,3.138567
0.811467,0.870091,3.139244,3.138804
1.007721,0.726237,3.139953,3.139244
0.809640,0.775013,3.140637,3.139953
0.954222,0.919182,3.141350,3.140637
1.003605,0.740639,3.142220,3.141350
0.814420,0.774567,3.141863,3.142220
0.891950,0.898219,3.141484,3.141863
1.037009,0.739895,3.141133,3.141484
0.833048,0.769741,3.140757,3.141133
0.836069,0.899227,3.140450,3.140757
1.005789,0.755158,3.140243,3.140450
0.807510,0.756474,3.140057,3.140243
0.805467,0.930084,3.139582,3.140057
1.017495,0.765589,3.138470,3.139582
0.836981,0.772366,3.137222,3.138470
0.835778,0.895606,3.135715,3.137222
1.055208,0.719410,3.133845,3.135715
0.841455,0.803518,3.132225,3.133845
0.991000,0.894971,3.130592,3.132225
1.034522,0.751261,3.128644,3.130592
0.823868,0.775590,3.126865,3.128644
0.884390,0.894543,3.124121,3.126865
1.128775,0.781265,3.120376,3.124121
0.952666,0.733149,3.118009,3.120376
0.924822,0.823123,3.115682,3.118009
1.016219,0.654038,3.112240,3.115682
0.750968,0.616725,3.108373,3.112240
0.685695,0.656047,3.103072,3.108373
0.751419,0.542770,3.095439,3.103072
0.563594,0.549579,3.088215,3.095439
0.543074,0.563300,3.080574,3.088215
0.625286,0.439155,3.071997,3.080574
0.475375,0.424992,3.065497,3.071997
0.534886,0.460113,3.059249,3.065497
0.534945,0.386137,3.051787,3.059249
0.408804,0.344242,3.044932,3.051787
0.408966,0.367255,3.037066,3.044932
0.448031,0.307987,3.026912,3.037066
0.333213,0.282291,3.017565,3.026912
0.301656,0.342434,3.007204,3.017565
0.339137,0.226041,2.994001,3.007204
0.257979,0.198093,2.983588,2.994001
0.254979,0.269618,2.978135,2.983588
0.293039,0.189878,2.979976,2.978135
0.229137,0.225677,2.985186,2.979976
0.257404,0.186471,2.992661,2.985186
0.227795,0.136514,2.998405,2.992661
0.157956,0.158390,3.000847,2.998405
0.161015,0.146619,3.000914,3.000847
0.123549,0.102282,2.999466,3.000914
0.115365,0.133438,2.997503,2.999466
0.090998,0.097194,2.995443,2.997503
0.090844,0.095472,2.994336,2.995443
0.071927,0.087948,2.993906,2.994336
0.068508,0.098901,2.994109,2.993906
0.054236,0.085176,2.994586,2.994109
0.058610,0.075515,2.995198,2.994586
0.049627,0.061933,2.995537,2.995198
0.039225,0.030240,2.995641,2.995537
0.055014,0.039330,2.995590,2.995641
0.035558,0.015128,2.995498,2.995590
0.029712,0.048781,2.995367,2.995498
0.039974,0.021720,2.995184,2.995367
0.028797,0.028920,2.995077,2.995184
0.031736,0.040485,2.995017,2.995077
0.036705,0.059316,2.994922,2.995017
0.028546,0.018887,2.994793,2.994922
0.022122,0.009347,2.994661,2.994793
0.033043,0.067613,2.994522,2.994661
0.032460,0.033636,2.994477,2.994522
0.040497,0.059758,2.994561,2.994477
0.000000,0.026366,2.994688,2.994561
0.000000,0.000000,0.000000,0.000000
0.000000,0.010512,2.039942,0.000000
0.021727,0.045389,2.011688,2.039942
0.027687,0.019529,1.988295,2.011688
0.029847,0.060276,1.994619,1.988295
0.000000,0.045809,2.010392,1.994619
0.000000,0.012387,2.026662,2.010392
0.000000,0.014188,2.033101,2.026662
0.000000,0.038969,2.033837,2.033101
0.000000,0.023161,2.033427,2.033837
0.000000,0.057528,2.033411,2.033427
0.000000,0.045822,2.033483,2.033411
0.000000,0.019910,2.033839,2.033483
0.000000,0.082261,2.034432,2.033839
0.000000,0.034228,2.035122,2.034432
0.030244,0.024918,2.024774,2.035122
0.038053,0.043956,2.023556,2.024774
0.043916,0.029869,2.022279,2.023556
0.048242,0.030895,2.021457,2.022279
0.065672,0.039622,2.022074,2.021457
0.064848,0.024172,2.023560,2.022074
0.054869,0.022471,2.025407,2.023560
0.060207,0.048603,2.027457,2.025407
0.055633,0.031773,2.028672,2.027457
0.065702,0.065350,2.029263,2.028672
0.085476,0.008402,2.030461,2.029263
0.077056,0.025355,2.031865,2.030461
0.088052,0.041984,2.033494,2.031865
0.086094,0.035105,2.035099,2.033494
0.058121,0.054516,2.035213,2.035099
0.079936,0.050253,2.033759,2.035213
0.106188,0.026226,2.029640,2.033759
0.065243,0.038517,2.026399,2.029640
0.047812,0.037001,2.025545,2.026399
0.067609,0.050542,2.027028,2.025545
0.059271,0.039960,2.027650,2.027028
0.195443,0.013416,2.003392,2.027650
0.142786,0.063228,1.971769,2.003392
0.131130,0.157292,1.915344,1.971769
0.074138,0.217763,1.807820,1.915344
0.191225,0.312541,1.696299,1.807820
0.398582,0.450273,1.592438,1.696299
0.486994,0.455917,1.498750,1.592438
0.429549,0.536797,1.431308,1.498750
0.473628,0.715150,1.357115,1.431308
0.516631,0.678055,1.237178,1.357115
0.563050,0.784599,1.105954,1.237178
0.673786,0.898215,0.951301,1.105954
0.752254,0.826664,0.763269,0.951301
0.801868,0.855530,0.617905,0.763269
0.953414,0.936111,0.485640,0.617905
1.136974,0.781856,0.359098,0.485640
0.853641,0.825569,0.276806,0.359098
0.789813,0.941036,0.210551,0.276806
0.929802,0.751434,0.151933,0.210551
0.701559,0.827516,0.117639,0.151933
0.815111,0.940986,0.095971,0.117639
0.848118,0.780620,0.085920,0.095971
0.679934,0.824840,0.085399,0.085920
0.740431,0.940312,0.085876,0.085399
0.895315,0.809990,0.083471,0.085876
0.736947,0.815548,0.077432,0.083471
0.763780,0.934061,0.069444,0.077432
0.989592,0.829284,0.062822,0.069444
0.796003,0.851250,0.059991,0.062822
0.791426,0.940384,0.058564,0.059991
0.962762,1.019247,0.058369,0.058564
0.998198,1.017404,0.058823,0.058369
1.004891,0.823697,0.059166,0.058823
0.806784,0.842383,0.058708,0.059166
0.789366,0.979025,0.057731,0.058708
0.980428,0.826456,0.056686,0.057731
0.785041,0.830448,0.056015,0.056686
0.934397,0.982383,0.055678,0.056015
0.836972,0.831938,0.056471,0.055678
0.937850,0.814127,0.057457,0.056471
0.836007,0.980147,0.058439,0.057457
0.941967,0.824051,0.059698,0.058439
0.855947,0.951091,0.060724,0.059698
0.997031,1.015983,0.061551,0.060724
0.941585,0.832702,0.062372,0.061551
0.837883,0.985570,0.063255,0.062372
0.980460,0.826224,0.063916,0.063255
0.775202,0.813706,0.063710,0.063916
0.787804,0.980628,0.062838,0.063710
0.985680,0.807527,0.061338,0.062838
0.791051,0.845769,0.042971,0.061338
0.838933,0.990778,0.013522,0.042971
1.156062,0.801930,0.086713,0.013522
0.909882,0.780449,0.118379,0.086713
0.843364,0.862215,0.130131,0.118379
0.914944,0.678073,0.130447,0.130131
0.656848,0.634736,0.124771,0.130447
0.708467,0.654658,0.116161,0.124771
0.669526,0.503921,0.105239,0.116161
0.495315,0.495465,0.097017,0.105239
0.481696,0.513271,0.090351,0.097017
0.522294,0.409726,0.085255,0.090351
0.391556,0.402872,0.083181,0.085255
0.362937,0.410453,0.083038,0.083181
0.404598,0.321184,0.071239,0.083038
0.262278,0.294235,0.057182,0.071239
0.202844,0.341149,0.070940,0.057182
0.392569,0.305963,0.141712,0.070940
0.399530,0.275735,0.217924,0.141712
0.404064,0.282443,0.287403,0.217924
0.433827,0.216681,0.304065,0.287403
0.299536,0.264554,0.267648,0.304065
0.398996,0.337808,0.235818,0.267648
0.408143,0.284030,0.295498,0.235818
0.262888,0.341200,0.387880,0.295498
0.286492,0.465279,0.503853,0.387880
0.451644,0.446854,0.642938,0.503853
0.466507,0.525643,0.759600,0.642938
0.596708,0.726913,0.881140,0.759600
0.934539,0.701566,1.021945,0.881140
0.881224,0.770281,1.132109,1.021945
0.954356,0.900567,1.230178,1.132109
1.229089,0.775892,1.325181,1.230178
0.918798,0.783746,1.389899,1.325181
0.844022,0.940722,1.443191,1.389899
0.943977,0.755615,1.492200,1.443191
0.721026,0.790359,1.525129,1.492200
0.817685,0.901692,1.552822,1.525129
0.829076,0.765834,1.576954,1.552822
0.682748,0.784899,1.588849,1.576954
0.762582,0.941977,1.591611,1.588849
0.937062,0.804299,1.583215,1.591611
0.769079,0.838848,1.571070,1.583215
0.780922,0.936124,1.558661,1.571070
0.976560,0.837779,1.548531,1.558661
0.796212,0.828915,1.544951,1.548531
0.742868,0.987291,1.545141,1.544951
0.979725,0.794359,1.548212,1.545141
0.792297,0.823017,1.551556,1.548212
0.799052,0.996855,1.554696,1.551556
1.000990,0.819066,1.557102,1.554696
0.794900,0.836297,1.557865,1.557102
0.947815,0.971727,1.557640,1.557865
1.003623,0.826492,1.556618,1.557640
0.810860,0.837653,1.555644,1.556618
0.866397,0.994065,1.555075,1.555644
1.010918,1.006316,1.555086,1.555075
1.023238,0.988843,1.555905,1.555086
0.956152,0.828009,1.556974,1.555905
0.858014,0.815328,1.557826,1.556974
0.803820,1.009650,1.558547,1.557826
1.010316,0.847717,1.558981,1.558547
0.807966,1.010990,1.559087,1.558981
1.013194,0.990052,1.558933,1.559087
1.010110,0.847339,1.558619,1.558933
0.801470,0.977725,1.558546,1.558619
0.989638,0.819082,1.558538,1.558546
0.789629,0.837131,1.558727,1.558538
0.791664,0.948789,1.559182,1.558727
0.995830,0.809100,1.559235,1.559182
0.841706,0.826151,1.560168,1.559235
0.917928,0.955501,1.563494,1.560168
1.118049,0.750686,1.566778,1.563494
0.803211,0.721936,1.568222,1.566778
0.842208,0.787065,1.569307,1.568222
0.787793,0.620153,1.570830,1.569307
0.571080,0.558029,1.572562,1.570830
0.546689,0.617893,1.574602,1.572562
0.580133,0.472372,1.576961,1.574602
0.436424,0.470447,1.578529,1.576961
0.415603,0.478196,1.579614,1.578529
0.472676,0.381041,1.580189,1.579614
0.359381,0.359735,1.580070,1.580189
0.340061,0.395263,1.578822,1.580070
0.307822,0.297064,1.577621,1.578822
0.215901,0.317465,1.575553,1.577621
0.309634,0.326890,1.567953,1.575553
0.507915,0.268565,1.550004,1.567953
0.392140,0.232820,1.522881,1.550004
0.385144,0.294769,1.472916,1.522881
0.382254,0.256166,1.396904,1.472916
0.314965,0.324062,1.319874,1.396904
0.442905,0.382944,1.217852,1.319874
0.318868,0.344824,1.116018,1.217852
0.282465,0.462098,1.024037,1.116018
0.189548,0.471489,0.894362,1.024037
0.387154,0.524904,0.772529,0.894362
0.507094,0.737974,0.634506,0.772529
0.894949,0.689345,0.473577,0.634506
0.810476,0.774051,0.358560,0.473577
0.863403,0.958044,0.257128,0.358560
1.134052,0.784133,0.168720,0.257128
0.863923,0.803174,0.117070,0.168720
0.800076,0.947274,0.079032,0.117070
0.930881,0.782402,0.059497,0.079032
0.705616,0.780969,0.063276,0.059497
0.705974,0.921676,0.072535,0.063276
0.880132,0.786825,0.079195,0.072535
0.715113,0.803388,0.079624,0.079195
0.868412,0.959968,0.077417,0.079624
0.929341,0.778174,0.075594,0.077417
0.753674,0.842812,0.075501,0.075594
0.807989,0.955607,0.076196,0.075501
0.972675,0.819085,0.075785,0.076196
0.799613,0.828966,0.073842,0.075785
0.803064,0.960162,0.071224,0.073842
1.000458,0.810155,0.068336,0.071224
0.804187,0.831427,0.066635,0.068336
0.792153,0.978001,0.065513,0.066635
0.965239,0.818719,0.064997,0.065513
0.779742,0.822874,0.065447,0.064997
0.793754,1.017429,0.066002,0.065447
0.989856,0.820223,0.066250,0.066002
0.789497,0.820410,0.066147,0.066250
0.944745,0.994126,0.066084,0.066147
0.992462,0.833357,0.065843,0.066084
0.808243,0.849898,0.065287,0.065843
0.859076,1.005497,0.064193,0.065287
1.006712,0.788623,0.062276,0.064193
0.809380,0.837038,0.060411,0.062276
0.801513,0.967488,0.058857,0.060411
0.998297,0.849832,0.058229,0.058857
0.786819,0.880300,0.058641,0.058229
0.783118,0.960226,0.059832,0.058641
0.976191,0.809045,0.060760,0.059832
0.783382,0.835171,0.061277,0.060760
0.783356,0.977992,0.061848,0.061277
0.992681,0.834367,0.062236,0.061848
0.787460,0.849641,0.053440,0.062236
0.940719,0.946854,0.012571,0.053440
1.113201,1.114635,0.073462,0.012571
1.156366,0.995176,0.117274,0.073462
0.899775,0.824420,0.129822,0.117274
0.857999,0.752262,0.130297,0.129822
0.690259,0.804671,0.126276,0.130297
0.700284,0.591695,0.119188,0.126276
0.565418,0.608117,0.112953,0.119188
0.496993,0.626616,0.107495,0.112953
0.560207,0.489189,0.103260,0.107495
0.420911,0.428217,0.101799,0.103260
0.387830,0.499880,0.102335,0.101799
0.442731,0.344895,0.105948,0.102335
0.315192,0.311872,0.099279,0.105948
0.222582,0.336267,0.099309,0.099279
0.292624,0.261818,0.142907,0.099309
0.326138,0.245261,0.199855,0.142907
0.398404,0.283934,0.264986,0.199855
0.342203,0.188690,0.297113,0.264986
0.322156,0.214633,0.266615,0.297113
0.386927,0.287347,0.195068,0.266615
0.567927,0.278377,0.172602,0.195068
0.485151,0.315941,0.243873,0.172602
0.345702,0.415771,0.347943,0.243873
0.304400,0.404703,0.488434,0.347943
0.291626,0.589908,0.601080,0.488434
0.541705,0.700526,0.734358,0.601080
0.748267,0.684665,0.865551,0.734358
0.723660,0.870923,0.983122,0.865551
1.204625,0.786649,1.114309,0.983122
0.934673,0.864803,1.209567,1.114309
0.950007,1.017214,1.293413,1.209567
1.073888,0.808862,1.374622,1.293413
0.803264,0.834473,1.430313,1.374622
0.789951,0.972600,1.477499,1.430313
0.916955,0.811333,1.522151,1.477499
0.700548,0.813118,1.551892,1.522151
0.824890,0.993294,1.574964,1.551892
0.869905,1.042035,1.591252,1.574964
0.912197,1.002083,1.595037,1.591252
0.792961,0.817237,1.586447,1.595037
0.895458,0.868060,1.574290,1.586447
0.802916,1.003893,1.562233,1.574290
0.896783,0.851783,1.552826,1.562233
0.798908,0.865216,1.549758,1.552826
0.766875,1.019627,1.550490,1.549758
0.974474,1.049550,1.554496,1.550490
0.974677,1.034744,1.559659,1.554496
0.962651,0.864422,1.564021,1.559659
0.760867,0.891981,1.566280,1.564021
0.764984,1.011290,1.567364,1.566280
0.955189,1.011926,1.567564,1.567364
0.950851,1.023222,1.567337,1.567564
0.951739,0.858319,1.567513,1.567337
0.759040,0.853354,1.568096,1.567513
0.757159,1.002528,1.569138,1.568096
0.937629,0.844665,1.570869,1.569138
0.749307,0.848442,1.572581,1.570869
0.743096,0.987623,1.574534,1.572581
0.928353,0.839922,1.576822,1.574534
0.735649,0.840217,1.578755,1.576822
0.872805,0.972736,1.580760,1.578755
0.786183,0.819796,1.583112,1.580760
0.875945,0.836648,1.585124,1.583112
0.782858,1.003003,1.587507,1.585124
0.877991,0.852941,1.590902,1.587507
0.792287,0.848635,1.594099,1.590902
0.771793,0.971043,1.597348,1.594099
1.072508,0.797133,1.604034,1.597348
0.898473,0.782409,1.611269,1.604034
0.858400,0.885740,1.617241,1.611269
0.916032,0.647031,1.623048,1.617241
0.648380,0.666296,1.627866,1.623048
0.574370,0.664523,1.633713,1.627866
0.610942,0.509130,1.642434,1.633713
0.437842,0.490101,1.651671,1.642434
0.456325,0.527783,1.663066,1.651671
0.359469,0.375643,1.678901,1.663066
0.364269,0.433096,1.694181,1.678901
0.346374,0.416056,1.715263,1.694181
0.288098,0.297735,1.738163,1.715263
0.274838,0.304308,1.758925,1.738163
0.280322,0.270209,1.781317,1.758925
0.327236,0.246611,1.791144,1.781317
0.402250,0.256451,1.789039,1.791144
0.407099,0.208419,1.765229,1.789039
0.253057,0.199208,1.726468,1.765229
0.273716,0.251546,1.676008,1.726468
0.528602,0.263099,1.601550,1.676008
0.438628,0.269105,1.529016,1.601550
0.363716,0.392516,1.449731,1.529016
0.355751,0.378101,1.359793,1.449731
0.292048,0.440943,1.272956,1.359793
0.403590,0.669202,1.167672,1.272956
0.739007,0.666738,1.013387,1.167672
0.798136,0.730097,0.863522,1.013387
1.154622,0.964950,0.705601,0.863522
1.366525,0.862332,0.535411,0.705601
1.157733,0.867468,0.419198,0.535411
1.158278,0.998634,0.322591,0.419198
1.160416,0.805259,0.231112,0.322591
0.793533,0.874375,0.170711,0.231112
0.717671,0.986902,0.123930,0.170711
0.857413,0.825855,0.090449,0.123930
0.673922,0.824400,0.080730,0.090449
0.683395,1.005326,0.082727,0.080730
0.880754,0.813304,0.088189,0.082727
0.708887,0.874748,0.087913,0.088189
0.719537,1.008720,0.082969,0.087913
0.933563,0.846968,0.073584,0.082969
0.764959,0.879980,0.066409,0.073584
0.922738,1.095494,0.061681,0.066409
0.982993,0.908174,0.057690,0.061681
0.789606,0.874044,0.053584,0.057690
0.834817,1.045094,0.048339,0.053584
0.965983,0.913245,0.042175,0.048339
0.772308,0.842580,0.038299,0.042175
0.764846,1.017471,0.035802,0.038299
0.942422,0.834185,0.034901,0.035802
0.752227,1.043259,0.035487,0.034901
0.921102,1.005089,0.037167,0.035487
0.909767,0.874230,0.038786,0.037167
0.725659,0.986216,0.039609,0.038786
0.906444,0.855362,0.040547,0.039609
0.728580,0.859439,0.041363,0.040547
0.731053,1.009942,0.042283,0.041363
0.900474,0.812196,0.043396,0.042283
0.719080,0.834497,0.044304,0.043396
0.855867,0.977195,0.045258,0.044304
0.767160,0.826510,0.046700,0.045258
0.857794,0.857600,0.048177,0.046700
0.767198,0.979617,0.049434,0.048177
0.857822,0.803379,0.050467,0.049434
0.768570,0.832408,0.050823,0.050467
0.724582,0.995851,0.041836,0.050823
0.979298,0.841215,0.020171,0.041836
0.866095,0.793272,0.084801,0.020171
0.893790,0.901623,0.126238,0.084801
0.973295,0.708543,0.143717,0.126238
0.684456,0.669386,0.145213,0.143717
0.591393,0.674672,0.140567,0.145213
0.615513,0.558204,0.132133,0.140567
0.438360,0.528743,0.124946,0.132133
0.474003,0.562507,0.119345,0.124946
0.394675,0.417661,0.116288,0.119345
0.396897,0.339357,0.117358,0.116288
0.321027,0.372128,0.121825,0.117358
0.331806,0.337671,0.131071,0.121825
0.267554,0.289149,0.135872,0.131071
0.208141,0.332515,0.149703,0.135872
0.359762,0.227228,0.189392,0.149703
0.330565,0.221637,0.239780,0.189392
0.314845,0.218143,0.293535,0.239780
0.350424,0.196809,0.296549,0.293535
0.247210,0.217448,0.248604,0.296549
0.290329,0.317066,0.166854,0.248604
0.544129,0.288332,0.143988,0.166854
0.334095,0.291731,0.223309,0.143988
0.168459,0.407953,0.339039,0.223309
0.034467,0.365974,0.484043,0.339039
0.146940,0.464336,0.599693,0.484043
0.193614,0.627685,0.715620,0.599693
0.253816,0.673695,0.850030,0.715620
0.429213,0.715367,0.966567,0.850030
0.643295,0.962493,1.083846,0.966567
1.020019,0.837218,1.203530,1.083846
0.883859,1.045865,1.286741,1.203530
1.014629,1.033218,1.370012,1.286741
0.887439,0.850305,1.435257,1.370012
0.684413,1.000284,1.481231,1.435257
0.865565,1.003542,1.525559,1.481231
0.869745,0.995145,1.561025,1.525559
0.889216,0.809138,1.585449,1.561025
0.725164,0.866756,1.596663,1.585449
0.731087,0.993673,1.598505,1.596663
0.910596,0.823836,1.589286,1.598505
0.734351,0.875600,1.576722,1.589286
0.732921,1.008470,1.564138,1.576722
0.942302,0.865590,1.554140,1.564138
0.761822,0.874105,1.550922,1.554140
0.915990,1.011073,1.551780,1.550922
0.826593,0.857404,1.555929,1.551780
0.922790,0.888713,1.560251,1.555929
0.821614,1.038596,1.564114,1.560251
0.913924,0.856458,1.567112,1.564114
0.817941,0.854040,1.568254,1.567112
0.760930,1.020921,1.568345,1.568254
0.953551,0.822897,1.567725,1.568345
0.755214,0.865786,1.567207,1.567725
0.751858,0.979557,1.567053,1.567207
0.937315,0.824001,1.567541,1.567053
0.748526,0.857023,1.568564,1.567541
0.743784,0.998389,1.570149,1.568564
0.925284,0.825414,1.572492,1.570149
0.732101,0.820885,1.574727,1.572492
0.868442,0.986244,1.577172,1.574727
0.781987,0.993226,1.580028,1.577172
0.922850,0.989909,1.582638,1.580028
0.924025,0.797635,1.584743,1.582638
0.752138,0.831149,1.586251,1.584743
0.885644,0.976589,1.587852,1.586251
0.923216,0.820880,1.589779,1.587852
0.748061,0.834206,1.591280,1.589779
0.890968,0.944711,1.595295,1.591280
1.108408,0.757736,1.602987,1.595295
0.823507,0.763488,1.608770,1.602987
0.721933,0.798930,1.614343,1.608770
0.746802,0.732134,1.621418,1.614343
0.647477,0.656843,1.630509,1.621418
0.578531,0.512466,1.641697,1.630509
0.428679,0.493707,1.652829,1.641697
0.396973,0.496737,1.665610,1.652829
0.460153,0.373722,1.681902,1.665610
0.348749,0.366868,1.696188,1.681902
0.323166,0.391722,1.711117,1.696188
0.383983,0.321034,1.728462,1.711117
0.259886,0.281431,1.742555,1.728462
0.259312,0.294093,1.761601,1.742555
0.293591,0.239478,1.797293,1.761601
0.317365,0.228778,1.842771,1.797293
0.275862,0.270645,1.904124,1.842771
0.279112,0.226756,1.986261,1.904124
0.293008,0.262533,2.056657,1.986261
0.303441,0.354623,2.135724,2.056657
0.558892,0.311933,2.247488,2.135724
0.428537,0.332963,2.355562,2.247488
0.345833,0.370949,2.477563,2.355562
0.284863,0.397207,2.628189,2.477563
0.385811,0.459900,2.780632,2.628189
0.528288,0.454071,2.910844,2.780632
0.571285,0.540167,2.994871,2.910844
0.642773,0.686273,3.054250,2.994871
0.952998,0.627232,3.095990,3.054250
0.871723,0.701413,3.117157,3.095990
0.929453,0.865048,3.132271,3.117157
1.218090,0.704490,3.137655,3.132271
0.944216,0.734967,3.130278,3.137655
0.998576,0.833840,3.128859,3.130278
0.952111,0.832767,3.134799,3.128859
0.906238,0.840247,3.140453,3.134799
0.749152,0.702668,3.132809,3.140453
0.851658,0.844969,3.129531,3.132809
0.908215,0.865614,3.129448,3.129531
0.806285,0.711827,3.132174,3.129448
0.922471,0.843485,3.135301,3.132174
0.979284,0.727949,3.138419,3.135301
0.796650,0.737379,3.140013,3.138419
0.849654,0.832988,3.140678,3.140013
0.944244,0.727433,3.140533,3.140678
0.842433,0.730561,3.140060,3.140533
0.783728,0.882061,3.139634,3.140060
0.987241,0.731779,3.139475,3.139634
0.804933,0.779185,3.139654,3.139475
0.809098,0.895336,3.140109,3.139654
1.019018,0.711596,3.140815,3.140109
0.816629,0.793513,3.141451,3.140815
0.971600,0.909803,3.141941,3.141451
0.865668,0.750438,3.142352,3.141941
0.973133,0.777007,3.142181,3.142352
0.882871,0.899919,3.142096,3.142181
0.975832,0.757648,3.142034,3.142096
0.878330,0.763179,3.141803,3.142034
0.824102,0.880023,3.141380,3.141803
0.998035,0.788933,3.140595,3.141380
0.791867,0.772566,3.139797,3.140595
0.788959,0.880415,3.138977,3.139797
1.023093,0.752923,3.138112,3.138977
0.833233,0.783840,3.137443,3.138112
0.840375,0.882847,3.136632,3.137443
1.045657,0.748485,3.135263,3.136632
0.838053,0.768151,3.133791,3.135263
0.998653,0.914947,3.131901,3.133791
0.891979,0.760376,3.129430,3.131901
0.991262,0.746208,3.126954,3.129430
0.879784,0.906488,3.123496,3.126954
1.033140,0.752151,3.118589,3.123496
1.007866,0.773555,3.115483,3.118589
0.931384,0.832060,3.112850,3.115483
1.053752,0.675497,3.109470,3.112850
0.780760,0.594002,3.105892,3.109470
0.704943,0.703341,3.101226,3.105892
0.795276,0.544880,3.094390,3.101226
0.591292,0.552673,3.087722,3.094390
0.555103,0.532056,3.080216,3.087722
0.656838,0.458914,3.071131,3.080216
0.491019,0.430534,3.063686,3.071131
0.546382,0.481843,3.056460,3.063686
0.447260,0.368995,3.048478,3.056460
0.479656,0.322132,3.041707,3.048478
0.407144,0.403741,3.034215,3.041707
0.428357,0.295447,3.024272,3.034215
0.348503,0.320813,3.014740,3.024272
0.388086,0.294201,3.001686,3.014740
0.336018,0.233358,2.987571,3.001686
0.270137,0.277456,2.976410,2.987571
0.301427,0.201202,2.970937,2.976410
0.232252,0.186800,2.973360,2.970937
0.232144,0.225088,2.979256,2.973360
0.266246,0.164550,2.987081,2.979256
0.188297,0.169362,2.992288,2.987081
0.169394,0.186518,2.995315,2.992288
0.174686,0.099884,2.995819,2.995315
0.126345,0.133155,2.994511,2.995819
0.110270,0.146315,2.992408,2.994511
0.119946,0.067833,2.990111,2.992408
0.088005,0.106725,2.988787,2.990111
0.088723,0.098654,2.988153,2.988787
0.070844,0.083390,2.988260,2.988153
0.065545,0.092519,2.988741,2.988260
0.063676,0.047304,2.989296,2.988741
0.051503,0.027704,2.989755,2.989296
0.038342,0.057111,2.989893,2.989755
0.034977,0.089337,2.989889,2.989893
0.038167,0.032048,2.989760,2.989889
0.026016,0.019323,2.989655,2.989760
0.029518,0.055192,2.989552,2.989655
0.040572,0.049991,2.989403,2.989552
0.032800,0.022522,2.989302,2.989403
0.032076,0.027772,2.989280,2.989302
0.042268,0.031411,2.989280,2.989280
0.031512,0.020691,2.989238,2.989280
0.028435,0.025109,2.989203,2.989238
0.000000,0.023019,2.989138,2.989203
0.000000,0.007852,2.989139,2.989138
0.000000,0.013329,2.988968,2.989139
0.000000,0.036632,2.990293,2.988968
0.000000,0.000000,0.000000,0.000000
0.000000,0.067076,2.043559,0.000000
0.019820,0.046376,2.036346,2.043559
0.033892,0.033242,2.029620,2.036346
0.027490,0.034633,2.026218,2.029620
0.019184,0.023897,2.029747,2.026218
0.000000,0.036441,2.044697,2.029747
0.000000,0.023327,2.042121,2.044697
0.000000,0.009206,2.040264,2.042121
0.000000,0.049371,2.039752,2.040264
0.000000,0.029651,2.040550,2.039752
0.000000,0.037860,2.041332,2.040550
0.000000,0.013733,2.041623,2.041332
0.000000,0.020834,2.041680,2.041623
0.000000,0.026058,2.039907,2.041680
0.022051,0.007417,2.036410,2.039907
0.033375,0.010182,2.027996,2.036410
0.035853,0.018977,2.029795,2.027996
0.063867,0.034554,2.031246,2.029795
0.061704,0.029096,2.031830,2.031246
0.069202,0.036611,2.032419,2.031830
0.079327,0.035178,2.032974,2.032419
0.060641,0.040009,2.034081,2.032974
0.069046,0.027455,2.035094,2.034081
0.090349,0.056579,2.036469,2.035094
0.070667,0.029252,2.038208,2.036469
0.070436,0.050827,2.040910,2.038208
0.093421,0.025518,2.043500,2.040910
0.064255,0.029859,2.044550,2.043500
0.062534,0.041197,2.044707,2.044550
0.082348,0.008113,2.043952,2.044707
0.059400,0.064173,2.041914,2.043952
0.064789,0.046301,2.038967,2.041914
0.074374,0.018991,2.035870,2.038967
0.064496,0.023597,2.034316,2.035870
0.069428,0.020607,2.034517,2.034316
0.132802,0.009913,2.020572,2.034517
0.188553,0.050481,1.989730,2.020572
0.119934,0.091434,1.941510,1.989730
0.041931,0.237423,1.862274,1.941510
0.163779,0.284218,1.732032,1.862274
0.297886,0.353460,1.620421,1.732032
0.321489,0.492516,1.528865,1.620421
0.456561,0.532054,1.446989,1.528865
0.469463,0.608196,1.380955,1.446989
0.496105,0.762922,1.290920,1.380955
0.646168,0.711514,1.148135,1.290920
0.606570,0.810824,1.003620,1.148135
0.450648,0.975226,0.844433,1.003620
0.595512,0.812990,0.667798,0.844433
0.797056,0.842776,0.533855,0.667798
0.927346,0.978521,0.414299,0.533855
1.112938,0.802038,0.302822,0.414299
0.851125,0.842543,0.230364,0.302822
0.804374,0.939182,0.171764,0.230364
0.923787,0.791574,0.122291,0.171764
0.704805,0.790888,0.097737,0.122291
0.689892,0.943047,0.086803,0.097737
0.848294,0.757558,0.084552,0.086803
0.681615,0.988170,0.085340,0.084552
0.863548,0.923893,0.084899,0.085340
0.885727,0.827919,0.079336,0.084899
0.883153,0.978792,0.072121,0.079336
0.835270,0.837347,0.064565,0.072121
0.953384,0.811596,0.059811,0.064565
0.828766,0.966513,0.057904,0.059811
0.936143,0.806884,0.058140,0.057904
0.849372,0.872400,0.058659,0.058140
0.798490,0.967384,0.059195,0.058659
0.997443,0.821477,0.059535,0.059195
0.801052,0.829863,0.059408,0.059535
0.800676,0.987934,0.059087,0.059408
1.011951,0.841984,0.058449,0.059087
0.813478,0.843827,0.057685,0.058449
0.817571,0.963415,0.056961,0.057685
1.015876,0.806055,0.056667,0.056961
0.805940,0.841872,0.056640,0.056667
0.943758,1.026985,0.057169,0.056640
0.839517,0.820983,0.058033,0.057169
0.934969,0.815969,0.058578,0.058033
0.851689,0.984983,0.058951,0.058578
0.941869,0.817685,0.058836,0.058951
0.842189,0.993310,0.058485,0.058836
0.985998,0.943267,0.057666,0.058485
0.927135,0.807037,0.057366,0.057666
0.823351,0.987593,0.057632,0.057366
0.986133,0.815518,0.049766,0.057632
0.821959,0.838952,0.009516,0.049766
0.892762,0.945108,0.061102,0.009516
1.143819,0.771593,0.111778,0.061102
0.852242,0.742120,0.126354,0.111778
0.766098,0.803888,0.128493,0.126354
0.841001,0.652633,0.123134,0.128493
0.604495,0.575786,0.115682,0.123134
0.550931,0.635825,0.107213,0.115682
0.623867,0.473126,0.097881,0.107213
0.461114,0.467435,0.091615,0.097881
0.501655,0.473744,0.086813,0.091615
0.484619,0.406555,0.083216,0.086813
0.356752,0.377616,0.082174,0.083216
0.357856,0.397978,0.078095,0.082174
0.338235,0.345533,0.058443,0.078095
0.198660,0.331652,0.066185,0.058443
0.261244,0.323394,0.106265,0.066185
0.503050,0.261033,0.193722,0.106265
0.420271,0.236493,0.268431,0.193722
0.374754,0.255914,0.306278,0.268431
0.333349,0.229034,0.279014,0.306278
0.225664,0.265826,0.231676,0.279014
0.293712,0.334868,0.251529,0.231676
0.348599,0.288696,0.345628,0.251529
0.253710,0.361619,0.453515,0.345628
0.343388,0.487823,0.577466,0.453515
0.427898,0.502291,0.717772,0.577466
0.417336,0.569044,0.837452,0.717772
0.545676,0.757016,0.958791,0.837452
0.844746,0.715535,1.094171,0.958791
0.761255,0.758538,1.193942,1.094171
0.812900,0.936001,1.279612,1.193942
1.051116,0.815561,1.362051,1.279612
0.828330,0.788330,1.418855,1.362051
0.740800,0.947493,1.467012,1.418855
0.860398,0.773507,1.512565,1.467012
0.669072,0.793077,1.543450,1.512565
0.653815,0.929603,1.568257,1.543450
0.840101,0.775054,1.587238,1.568257
0.693819,0.942369,1.593783,1.587238
0.901858,0.933253,1.589311,1.593783
0.942827,0.798405,1.576082,1.589311
0.911045,0.954634,1.563667,1.576082
0.823467,0.817892,1.552977,1.563667
0.926013,0.837404,1.548695,1.552977
0.830987,0.972131,1.548224,1.548695
0.942469,0.810121,1.551003,1.548224
0.845628,0.834539,1.554386,1.551003
0.794364,1.000649,1.557516,1.554386
0.997538,0.805309,1.559794,1.557516
0.797147,0.805433,1.560373,1.559794
0.803167,1.009163,1.559959,1.560373
1.002403,0.790692,1.558687,1.559959
0.802737,0.837230,1.557676,1.558687
0.813823,0.956904,1.556984,1.557676
1.028884,0.830469,1.556665,1.556984
0.824049,0.886307,1.556744,1.556665
0.974310,0.971612,1.557068,1.556744
0.863868,0.832138,1.557630,1.557068
0.951030,0.846559,1.558160,1.557630
0.847241,0.987380,1.558739,1.558160
0.951869,0.831822,1.559364,1.558739
0.853309,0.833695,1.559681,1.559364
0.805193,0.951852,1.559878,1.559681
0.948981,0.838562,1.560082,1.559878
0.778523,0.853878,1.560256,1.560082
0.790474,1.001366,1.560414,1.560256
0.982562,0.778691,1.560653,1.560414
0.794274,0.837733,1.560766,1.560653
0.797749,0.966424,1.560037,1.560766
1.097824,0.795130,1.560953,1.560037
0.936361,0.814551,1.563670,1.560953
0.909581,0.900904,1.565278,1.563670
0.974054,0.686077,1.565326,1.565278
0.700306,0.640998,1.564659,1.565326
0.744224,0.703294,1.563896,1.564659
0.697106,0.550986,1.563853,1.563896
0.506427,0.518851,1.564769,1.563853
0.492207,0.573855,1.566779,1.564769
0.532883,0.517124,1.570031,1.566779
0.495103,0.448703,1.573742,1.570031
0.434345,0.434281,1.577162,1.573742
0.439362,0.396372,1.579722,1.577162
0.350547,0.298954,1.582083,1.579722
0.223473,0.299946,1.584035,1.582083
0.350916,0.347406,1.581147,1.584035
0.501314,0.261927,1.568281,1.581147
0.385889,0.234092,1.544699,1.568281
0.335583,0.284600,1.498133,1.544699
0.327367,0.245036,1.426376,1.498133
0.281259,0.271332,1.352935,1.426376
0.289630,0.348137,1.270205,1.352935
0.167792,0.416732,1.170835,1.270205
0.109561,0.460666,1.066403,1.170835
0.095325,0.473177,0.941949,1.066403
0.221124,0.536061,0.822428,0.941949
0.379196,0.754038,0.683993,0.822428
0.673810,0.714843,0.515490,0.683993
0.683760,0.751908,0.388709,0.515490
0.940198,0.938395,0.279348,0.388709
0.964311,0.785721,0.185443,0.279348
1.039346,0.790850,0.132620,0.185443
0.850947,0.957340,0.092411,0.132620
0.873174,0.763460,0.066695,0.092411
0.746987,0.890822,0.065217,0.066695
0.843125,0.939194,0.073749,0.065217
0.818537,0.796097,0.079898,0.073749
0.742878,0.940753,0.080978,0.079898
0.927899,0.802067,0.078484,0.080978
0.760210,0.783542,0.076890,0.078484
0.780366,0.966052,0.076892,0.076890
0.974098,0.792346,0.077782,0.076892
0.791144,0.821086,0.077577,0.077782
0.793515,0.960806,0.076059,0.077577
0.994572,0.841735,0.073317,0.076059
0.800165,0.798553,0.070956,0.073317
0.795882,0.979315,0.068855,0.070956
0.982866,0.837466,0.066872,0.068855
0.782936,0.807154,0.066040,0.066872
0.932887,0.965351,0.065711,0.066040
0.987749,0.832413,0.065937,0.065711
0.785610,0.826535,0.066580,0.065937
0.692820,0.994946,0.066915,0.066580
0.938546,0.825344,0.066792,0.066915
0.781963,0.859722,0.066185,0.066792
0.797192,0.957583,0.065378,0.066185
1.004676,0.819559,0.064252,0.065378
0.796485,0.850292,0.063708,0.064252
0.795490,0.973534,0.063575,0.063708
0.993046,0.836154,0.063434,0.063575
0.792734,0.869725,0.063570,0.063434
0.786858,0.966366,0.063791,0.063570
0.983510,0.826130,0.063628,0.063791
0.785964,0.877180,0.062952,0.063628
0.941337,0.988378,0.062029,0.062952
1.001227,1.032318,0.061168,0.062029
0.983696,0.986992,0.060232,0.061168
0.842851,0.816168,0.027687,0.060232
1.021321,0.845572,0.038371,0.027687
1.015895,1.069504,0.097608,0.038371
1.085536,0.841855,0.129099,0.097608
0.858094,0.794338,0.137647,0.129099
0.717668,0.866070,0.138000,0.137647
0.801215,0.647692,0.132039,0.138000
0.574415,0.630195,0.124419,0.132039
0.513076,0.635262,0.115729,0.124419
0.567650,0.500931,0.106069,0.115729
0.423900,0.453317,0.099135,0.106069
0.397178,0.499668,0.093498,0.099135
0.446019,0.360796,0.089392,0.093498
0.327938,0.333645,0.087529,0.089392
0.352936,0.380817,0.066906,0.087529
0.226050,0.337128,0.075926,0.066906
0.337115,0.306873,0.128520,0.075926
0.416265,0.308799,0.211896,0.128520
0.357938,0.210113,0.283855,0.211896
0.326980,0.279053,0.289360,0.283855
0.396013,0.262552,0.236580,0.289360
0.409391,0.319875,0.202314,0.236580
0.655922,0.364640,0.269159,0.202314
0.334857,0.332665,0.388867,0.269159
0.098671,0.456003,0.509544,0.388867
0.220150,0.453040,0.653916,0.509544
0.348602,0.543910,0.772224,0.653916
0.454108,0.774545,0.892844,0.772224
0.843146,0.712971,1.033172,0.892844
0.803194,0.816481,1.143129,1.033172
0.919318,0.974714,1.238869,1.143129
1.174834,0.840726,1.328286,1.238869
0.903267,0.881784,1.389202,1.328286
0.793353,0.984681,1.441126,1.389202
0.881574,0.833797,1.490850,1.441126
0.656514,0.846672,1.525034,1.490850
0.766957,0.979044,1.553476,1.525034
0.689686,0.796326,1.578278,1.553476
0.782565,0.858258,1.590802,1.578278
0.746722,0.983319,1.594540,1.590802
0.873829,0.839102,1.587296,1.594540
0.797949,0.845664,1.575466,1.587296
0.758178,1.017145,1.563063,1.575466
0.950575,0.853023,1.552789,1.563063
0.755088,0.872896,1.548992,1.552789
0.761772,1.038098,1.549242,1.548992
0.964619,0.862170,1.553130,1.549242
0.772393,0.885559,1.557546,1.553130
0.773677,1.026510,1.561873,1.557546
0.955308,0.837948,1.565519,1.561873
0.764835,0.883342,1.567060,1.565519
0.908370,1.026134,1.567686,1.567060
0.811152,0.836947,1.567734,1.567686
0.900162,0.887128,1.567742,1.567734
0.801975,1.025882,1.568142,1.567742
0.893458,0.832148,1.569045,1.568142
0.800908,0.986783,1.570183,1.569045
0.939143,0.996520,1.571826,1.570183
0.887486,0.842996,1.573433,1.571826
0.789008,1.003760,1.574755,1.573433
0.918437,0.812832,1.576141,1.574755
0.729534,0.865092,1.577312,1.576141
0.729106,0.990477,1.578645,1.577312
0.918835,0.827881,1.580437,1.578645
0.735870,0.844969,1.582230,1.580437
0.734036,0.974557,1.584528,1.582230
0.918651,0.993957,1.587877,1.584528
0.923160,0.977191,1.591802,1.587877
0.993140,0.835559,1.596840,1.591802
0.854634,0.796580,1.604234,1.596840
0.874020,0.914944,1.611990,1.604234
0.992639,0.700779,1.618848,1.611990
0.684881,0.646819,1.623891,1.618848
0.698492,0.704888,1.629442,1.623891
0.539173,0.556419,1.637202,1.629442
0.526425,0.526859,1.645630,1.637202
0.420624,0.563220,1.656343,1.645630
0.423040,0.391159,1.671696,1.656343
0.349130,0.383412,1.686827,1.671696
0.309249,0.431081,1.704246,1.686827
0.337505,0.325558,1.726997,1.704246
0.259206,0.295350,1.747108,1.726997
0.205570,0.321243,1.769070,1.747108
0.343630,0.258071,1.791835,1.769070
0.340982,0.288575,1.801578,1.791835
0.464598,0.232890,1.796455,1.801578
0.369624,0.186259,1.764834,1.796455
0.245728,0.237440,1.723001,1.764834
0.400229,0.264883,1.658703,1.723001
0.444952,0.284108,1.592988,1.658703
0.417148,0.361756,1.517235,1.592988
0.397686,0.318308,1.427504,1.517235
0.281423,0.420387,1.350978,1.427504
0.369236,0.597243,1.257532,1.350978
0.527530,0.573057,1.126285,1.257532
0.580459,0.797230,0.989540,1.126285
1.038447,0.922948,0.804471,0.989540
1.281187,0.840458,0.625434,0.804471
1.194336,1.011051,0.490690,0.625434
1.300443,0.872098,0.364842,0.490690
1.012947,0.872831,0.278941,0.364842
0.834554,0.980276,0.207216,0.278941
0.909038,0.843385,0.144305,0.207216
0.694243,0.848540,0.109073,0.144305
0.686536,0.979376,0.089404,0.109073
0.863249,0.818906,0.083463,0.089404
0.726856,0.873848,0.084980,0.083463
0.733745,1.008411,0.084298,0.084980
0.934864,0.875175,0.079993,0.084298
0.750170,0.902919,0.072826,0.079993
0.895825,0.992548,0.064711,0.072826
0.827028,0.896979,0.058356,0.064711
0.936755,0.885035,0.055566,0.058356
0.830440,1.059288,0.053088,0.055566
0.922167,0.851875,0.049194,0.053088
0.818977,0.883566,0.045384,0.049194
0.762894,1.021860,0.041826,0.045384
0.947689,0.888434,0.038633,0.041826
0.746553,0.892072,0.037267,0.038633
0.742530,1.035252,0.036986,0.037267
0.924647,0.838112,0.037391,0.036986
0.668649,0.853886,0.038137,0.037391
0.701562,0.984602,0.039205,0.038137
0.901214,0.844678,0.040483,0.039205
0.722770,0.843658,0.041782,0.040483
0.861243,0.983910,0.043128,0.041782
0.766738,0.845678,0.044924,0.043128
0.847535,0.842528,0.046396,0.044924
0.762839,0.980277,0.047409,0.046396
0.856511,0.841764,0.047927,0.047409
0.769083,0.844908,0.047746,0.047927
0.724396,0.990488,0.047249,0.047746
0.903670,0.807115,0.046898,0.047249
0.713055,0.836410,0.047445,0.046898
0.711001,0.998891,0.048297,0.047445
0.897644,0.783766,0.023630,0.048297
0.770264,0.819023,0.043983,0.023630
0.842243,0.932710,0.105000,0.043983
1.025734,0.741869,0.137230,0.105000
0.742931,0.695591,0.143869,0.137230
0.755947,0.755915,0.141836,0.143869
0.571324,0.553432,0.134047,0.141836
0.573583,0.551844,0.125920,0.134047
0.450766,0.585668,0.118147,0.125920
0.462583,0.425856,0.111361,0.118147
0.382627,0.407639,0.108418,0.111361
0.337898,0.396853,0.108840,0.108418
0.378093,0.366760,0.114339,0.108840
0.266476,0.278875,0.122930,0.114339
0.256437,0.312152,0.129706,0.122930
0.292773,0.224986,0.159308,0.129706
0.267137,0.255680,0.204794,0.159308
0.418042,0.219204,0.273551,0.204794
0.372642,0.206373,0.299235,0.273551
0.300737,0.263340,0.252736,0.299235
0.450595,0.250197,0.155352,0.252736
0.499308,0.336105,0.124500,0.155352
0.445948,0.299248,0.214641,0.124500
0.183542,0.391735,0.328328,0.214641
0.037509,0.450399,0.475503,0.328328
0.043090,0.487531,0.609068,0.475503
0.120655,0.699522,0.720479,0.609068
0.370868,0.657756,0.850724,0.720479
0.468316,0.771471,0.965909,0.850724
0.548084,0.971388,1.082618,0.965909
1.091554,0.853476,1.202826,1.082618
0.997635,0.857783,1.287107,1.202826
1.095835,0.985604,1.358647,1.287107
0.988049,0.833623,1.426387,1.358647
0.736664,0.856648,1.472843,1.426387
0.733434,1.016653,1.512713,1.472843
0.841726,0.821442,1.550500,1.512713
0.681092,0.816985,1.574575,1.550500
0.692574,0.976586,1.591061,1.574575
0.896564,0.857495,1.598290,1.591061
0.729170,0.844177,1.594453,1.598290
0.747567,1.020113,1.583699,1.594453
0.945890,0.840680,1.568691,1.583699
0.776558,0.835758,1.558485,1.568691
0.782894,1.043977,1.552401,1.558485
0.977646,0.871055,1.551048,1.552401
0.777015,0.839913,1.553420,1.551048
0.921278,1.019947,1.557464,1.553420
0.971680,0.870546,1.562196,1.557464
0.775058,0.872332,1.565269,1.562196
0.821177,1.028843,1.567232,1.565269
0.960077,0.824841,1.568291,1.567232
0.765106,0.867569,1.568570,1.568291
0.758219,1.015240,1.568669,1.568570
0.937437,0.836592,1.568944,1.568669
0.745658,0.878891,1.569554,1.568944
0.744490,0.988094,1.570531,1.569554
0.941139,0.819434,1.571929,1.570531
0.759672,0.829198,1.573187,1.571929
0.743535,0.983976,1.574392,1.573187
0.711580,0.824813,1.575673,1.574392
0.571713,0.863231,1.576801,1.575673
0.802902,0.984669,1.578015,1.576801
0.892531,0.802309,1.579656,1.578015
0.729475,0.829595,1.581348,1.579656
0.779631,0.986863,1.583493,1.581348
0.918741,0.824594,1.586619,1.583493
0.741411,0.830360,1.589583,1.586619
0.805999,0.977829,1.593682,1.589583
1.116926,0.808278,1.602128,1.593682
0.883410,0.932110,1.609081,1.602128
0.950522,0.824569,1.615892,1.609081
0.817672,0.652593,1.622265,1.615892
0.577835,0.696352,1.628503,1.622265
0.614284,0.509398,1.637444,1.628503
0.437747,0.458151,1.646638,1.637444
0.407238,0.517195,1.657930,1.646638
0.449126,0.396360,1.673437,1.657930
0.336477,0.357630,1.688209,1.673437
0.388242,0.385023,1.704983,1.688209
0.328165,0.359612,1.726624,1.704983
0.336997,0.272622,1.745435,1.726624
0.221269,0.339841,1.767694,1.745435
0.285309,0.251963,1.804116,1.767694
0.299008,0.236824,1.848108,1.804116
0.277702,0.282060,1.908187,1.848108
0.300708,0.233916,1.992768,1.908187
0.300720,0.271629,2.069473,1.992768
0.388055,0.325825,2.149783,2.069473
0.694107,0.330649,2.257688,2.149783
0.633641,0.323093,2.363046,2.257688
0.456125,0.370893,2.483168,2.363046
0.411960,0.324583,2.632576,2.483168
0.267639,0.347180,2.756068,2.632576
0.411240,0.485703,2.873068,2.756068
0.539834,0.467144,2.983396,2.873068
0.758287,0.542662,3.048967,2.983396
0.774715,0.711948,3.091469,3.048967
0.974192,0.663218,3.119588,3.091469
0.966923,0.723580,3.133775,3.119588
0.959363,0.851351,3.140406,3.133775
1.215086,0.716360,3.130867,3.140406
0.889864,0.865505,3.128992,3.130867
0.984141,0.809230,3.134421,3.128992
0.915542,0.722284,3.140260,3.134421
0.712707,0.831061,3.132905,3.140260
0.890145,0.726868,3.128061,3.132905
0.719360,0.722153,3.127562,3.128061
0.735613,0.849631,3.129670,3.127562
0.941891,0.698247,3.133743,3.129670
0.763624,0.708826,3.137249,3.133743
0.774614,0.849302,3.139907,3.137249
0.982032,0.721291,3.141456,3.139907
0.784342,0.727245,3.141581,3.141456
0.938038,0.854749,3.141011,3.141581
0.998586,0.730527,3.139972,3.141011
0.802283,0.891338,3.139075,3.139972
0.995865,0.899949,3.138383,3.139075
0.996454,0.729137,3.138344,3.138383
0.849100,0.898785,3.138782,3.138344
0.945062,0.762797,3.139630,3.138782
0.858336,0.788198,3.140490,3.139630
0.808064,0.888300,3.141439,3.140490
1.039858,0.742296,3.142340,3.141439
0.817769,0.755937,3.141762,3.142340
0.831469,0.883679,3.141391,3.141762
1.054707,0.764253,3.141040,3.141391
0.840039,0.791447,3.140844,3.141040
0.811223,0.894833,3.140726,3.140844
0.987825,0.801205,3.140511,3.140726
0.787018,0.907629,3.140369,3.140511
1.001018,0.903265,3.139924,3.140369
1.019804,0.751196,3.139232,3.139924
0.826866,0.899684,3.138297,3.139232
1.041339,0.711475,3.136734,3.138297
0.835074,0.761472,3.135083,3.136734
1.006604,0.930811,3.133186,3.135083
1.061011,0.770041,3.130921,3.133186
0.852128,0.787358,3.128909,3.130921
0.894952,0.928486,3.126492,3.128909
1.105656,0.749643,3.122779,3.126492
0.938226,0.745394,3.120222,3.122779
0.951374,0.840415,3.118259,3.120222
1.106146,0.694868,3.115273,3.118259
0.804926,0.761768,3.111876,3.115273
0.904287,0.700747,3.106389,3.111876
0.807794,0.543343,3.099350,3.106389
0.598732,0.615189,3.092223,3.099350
0.688098,0.504727,3.082835,3.092223
0.524580,0.450248,3.074479,3.082835
0.493404,0.517803,3.065581,3.074479
0.574522,0.395327,3.054915,3.065581
0.436012,0.385054,3.045800,3.054915
0.489924,0.470772,3.036199,3.045800
0.407213,0.325663,3.024691,3.036199
0.436666,0.318497,3.014912,3.024691
0.369763,0.298551,3.004699,3.014912
0.390625,0.267240,2.992492,3.004699
0.321233,0.272494,2.981753,2.992492
0.272114,0.273044,2.971017,2.981753
0.325183,0.217092,2.964066,2.971017
0.239793,0.189955,2.965495,2.964066
0.228916,0.209146,2.970930,2.965495
0.275004,0.167239,2.978727,2.970930
0.193757,0.163185,2.984230,2.978727
0.194809,0.197529,2.987962,2.984230
0.169538,0.118911,2.988420,2.987962
0.124208,0.132460,2.986988,2.988420
0.134344,0.137828,2.984567,2.986988
0.121364,0.101004,2.982322,2.984567
0.110704,0.126318,2.981022,2.982322
0.077129,0.080316,2.980732,2.981022
0.067046,0.075794,2.980941,2.980732
0.063657,0.042807,2.981506,2.980941
0.041384,0.034931,2.982020,2.981506
0.041711,0.050939,2.982413,2.982020
0.031591,0.050367,2.982651,2.982413
0.030598,0.049606,2.982653,2.982651
0.025128,0.083972,2.982550,2.982653
0.032698,0.022681,2.982271,2.982550
0.027811,0.037119,2.982026,2.982271
0.026320,0.023828,2.981912,2.982026
0.024179,0.039410,2.981879,2.981912
0.019320,0.040592,2.981869,2.981879
0.023953,0.011406,2.981894,2.981869
0.034962,0.009402,2.981833,2.981894
0.024198,0.053261,2.981700,2.981833
0.019537,0.018649,2.981570,2.981700
0.025017,0.047261,2.981575,2.981570
0.019855,0.014302,2.981688,2.981575
0.024536,0.039621,2.981795,2.981688
0.000000,0.015591,2.981672,2.981795
